comment_text,toxic,lang,toxicity_prob,toxicity_label
"Haber verdiğiniz için teşekkürler. Onları siz aday gösterebilir misiniz? Azericeden madde çevirebilirsiniz, yeter ki en az 1500 karakterlik düz yazıdan oluşsun ve aday gösterdiğiniz cümle kaynaklandırılmış olsun. Teşekkürler. İnfoCan ▀ ",0,tr,0.35734487,0
"İlk elde sinek ikili ters dağıtılır, diğer oyunlarda sırası gelen kağıtlar dağıtılmadan cezasını söyler. Tüm cezalar bittikten sonra kozlar oynanır. Oyuncu söylediğinde yediği cezaların ve kozun iki katı yazılır. Oksijen (mesaj) ",0,tr,0.45935497,0
desene eski İskeçelilerden..memlekete falan uğradınız mı hiç..öyle bir niyet varsa bakarsın ben de orada olur misafir ederim. - Krkzn ,0,tr,0.4281624,0
left|150px hey meraba bana bi konuda yardımcı olabilir misin çalışmalarını çok beğendim Tuanium (mesaj)  Merahab Tuanium. Size tabikide yardımcı olurum. Ömer Berkaymesaj ,0,tr,0.45234212,0
"içimi rahatlattın, sağol. buralardan hiç gitme e mi? hep vikide kal. hatta burda yaşlan. razıyım sd de karşılaşmalara. ama bak unutma, bi gün torununu getirip bana tanıştırırsın umarım;  bu senin büyük büyük deden, o eski bi vikipedist, sen yenisin vs..  falan gibi. acaba o zamanlarda da hala  kukla  gibi iletiler dolaşıyor olacak mı? acaba 1.000.000. maddeye yetişebilecekmiyiz, senin torunla? neyse bu kadar geyik yeter, yeni kategori açıcam,seni de meşgul etmiyeyim.. kolay gelsin. Levent Abi ",0,tr,0.40865085,0
Çok teşekkür ederim.Tek başına birşeyler yapmaya çalışmak sıkıcı olmaya başlamıştı.Sizle birlikte daha iyi çalışabileceğimi düşünüyorum.Hemen çalışmalara başlıyorum.Kolay gelsin.Sağlamcı ,0,tr,0.24491857,0
    Ekip Çalışması Yıldızı    Türk filmleri ile ilgili maddeleri oluşturma konulu iş birliğine katıldığınız için teşekkür ederim. Bu iş birliği haftasında hedefimizi (100 birim) aşarak 142 birimlik üretim gerçekleştirdik. Bu haftanın iş birliği konusu ise Antik Mısır maddesini seçkin madde yapma ve kırmızılık giderme çalışması. Aynı zamanda henüz işleri bitmemiş olan Nobel ödüllüler listesi ve İsviçre maddesinin kırmızılıklarının giderilmesine de yardımcı olabilirsiniz. Projeye katkılarınız için şimdiden teşekkür ederim.    Mukaddime   ileti ,0,tr,0.31936598,0
" Ben size sormak istiyorum. Niye taraflı bilgiler, gereksiz bilgiler eklemekle bu kadar ısrarlı davranıyorsunuz ? Mesela savaşın gelişmileri anlatan başka maddeler var. Hasan Tahsin katliamın kurbanı mıdır ? Maddeleri tarafsızlaştırmaya ve tarafsız kaynaklara başvurarak zenginleştirmeye çalışırsanız sevineceğim. Takabeg ",0,tr,0.45551,0
"Maddelerde değişiklik yaparken, lütfen    tarafsız bir bakış açısıyla    ve ansiklopedik bir dilde yazmaya özen gösterin. Maddelere imza atmayınız, maddelerde reklam yapmayınız, e-posta ve telefon numarası gibi özel bilgilerinizi paylaşmayınız. Kendinizi tanıtabilmek için kullanıcı sayfanızda    Babil    şablonlarını kullanabilirsiniz. Kullanıcılarla mesajlaşırken lütfen nezaket kurallarını unutmayın, herkesin aynen sizin gibi Vikipedi yi geliştirmek amacıyla katkıda bulunduğunu ve iyi niyetli olduğunu varsayın.    Beş temel taş   ,    imza kullanımı   ,    cesur ol   ,    engelleme politikası   ,    oy kullanımı    politika ve yönergelerini mutlaka okuyun. Aynı kişiye ait birden fazla hesabın ya da farklı kişilere ait olsa bile birden fazla hesabın tartışmalarda avantaj sağlamak amacıyla birlikte hareket etmesinin    kuklacılık    olarak değerlendirileceğini ve bunun yasak olduğunu unutmayın. Politika ve yönergeleri okuduysanız, değişiklik yapmayı ve Vikipedi de neler yapabileceğinizi artık biliyorsanız    cesur olun    ve değişiklik yapmaya başlayın!...    Haydi kolay gelsin!    Boyalikus (mesaj) ",0,tr,0.29018122,0
LAN OROSPUNUN EVLADI SENİN GELMİŞİNİ+GEÇMİŞİNİ - ANANI+AVRADINI - SOYUNU+SOPUNU SİKERİM. LAN KANCIK NİYE ENGELLEDİN LAN BENİ KULLANICI SAYFAMA İSTEDİĞİMİ YAPARIM LAN OROSPU ÇOCUĞU. GAVAT PEZEVENK BAK SENİ BULUR GÖTÜNE SALATALIK MONTE EDERİM. KAPİŞ?LAN OROSPUNUN EVLADI SENİN GELMİŞİNİ+GEÇMİŞİNİ - ANANI+AVRADINI - SOYUNU+SOPUNU SİKERİM. LAN KANCIK NİYE ENGELLEDİN LAN BENİ KULLANICI SAYFAMA İSTEDİĞİMİ YAPARIM LAN OROSPU ÇOCUĞU. GAVAT PEZEVENK BAK SENİ BULUR GÖTÜNE SALATALIK MONTE EDERİM. KAPİŞ?,1,tr,0.48361567,0
"Estağfurullah hocam, biz çırak sayışırız, sizin deneyiminizin yanında, teşekkürler, bol sabırlar.. Levent Abi ileti            ",0,tr,0.28562608,0
 Tekrar selam. Şimdi çıkmam lazım yani eve döneceğim. Sonra inceleyeceğim. Birde şunu soracaktım: Moğol istilası (Japonya) nın başlığının Japonya nın Moğol istilası olarak değiştirildiğini gördüm ve tuhafıma geldi. Vikiçizer e de sormuştum... Vikiçizer denilince aklıma geldi kendisi kategori konusuna hakimdir. Ona da sorarsanız yardımcı olacaktır. Takabeg ,0,tr,0.38066736,0
Pardon karıştırmışım. Yalnız Hazarca da olması lazım.Reality  Ilginc... bana sorsalar Hazarca yla Karayca nin ayni dil oldugunu dusundugumu soylerdim... bir sey daha ogrendim ) ,0,tr,0.48468336,0
"left|50pxBilgilenmeyle doğrudan ilgisi olmayan, ansiklopedik değer taşımayan içerikler    reklam    olarak algılanabilir. Vikipedi’de reklam yapmak yasaktır. Israrla bu tip maddeler eklemeye devam ederseniz, bu davranışınız    vandalizm    olarak algılanabilir ve    engellenebilirsiniz   . Lütfen bu tür içerik eklemeyiniz. Levent Abi ",0,tr,0.1975744,0
"Tekrar merhaba Remataklan, Aslına bakarsan üstteki cevabı verirken ben de Özgür e sorup söylemiştim, dolayısıyla net bir şey söylemem mümkün değil. Ona veya Uğur a sorarsan sana daha kesin bir şey söyleyebilirler sanırım. Zira ben de kullanıcı sayfamı bulamıyorum aramada hala daha. 1,5 ay oldu, ortada yok daha ) Öğrenirsen bana da öğret / Sevgiler    Vito Genovese    ",0,tr,0.4486067,0
"Yukarıdaki mesajımı görmedin sanırım.... Bu arada Şablon:Uluslararası Futbol güzel olmuş eline sağlık ama, kapalıyken beyaz bir çizgi görünüyor ve sadece açıldığı zaman o çizgi kapanıyor. Bunu düzeltebilir misin? Düzeltemeyeceksen eski hâline dönelim diyeceğim ama, o da tam kapanmıyor... ",0,tr,0.26756778,0
"Dün biraz kendimi kaptırdım evet... Resmi hangi alt başlığa yerleştireyim? Bir de bağlantısı bozulmuş bir resim var, onun yerine ne önerirsin? İnfoCan ▀  Bence buraya eklenirse uygundur. Silinmiş resim kaldırılsın. Yerine Bunu mu koysak ))) Yok yok o olmaz. Şu an önerim yok. Daha sorna bakacağım. Takabeg ",0,tr,0.38549453,0
latin olunmaz doğulur ) olacam diye yırtınıp durmayın tek kaş ırkı mensupları )Türklerin hayvanlaralemindeki yeri (mesaj) ,1,tr,0.5024296,1
Merhaba Levent Abi. Biraz Önce 88.***.**.14 ip adresli şahsiyet bendim. Bana mesaj atmıştınız. Biraz önce giriş yapmadığım için özür dilerim.,0,tr,0.3107774,0
Merhaba değerli anonim kullanıcısı. Lütfen burada bir konuda bilgi sahibi olacağım diye binlerce insanın emek sarfederek geliştirmeye çalıştıkları bu sayfaya yazdığınız mesaj kabul edilebilecek türden değil. Sizi    nazik    olmaya davet ediyorum. Sorunuzu sorduğunuz an hemen cevap almanız bazen mümkün değil.,0,tr,0.2887025,0
"Merhaba 78.185.229.4, Oluşturmuş olduğunuz Canlıların özellikleri adlı sayfa, Vikipedi nin hızlı silme kriterlerinden m1 uyarınca silinmeye aday gösterilmiştir. Sayfanın silinmeye neden aday gösterildiği ile ilgili daha fazla bilgi almak için, ilgili kriterde verilen açıklamaları okumanız önerilir. Bu uyarıyı gördüğünüzde sayfa silinmiş olabilir. Eğer sayfanızı bulamıyorsanız silme kayıtlarını kontrol edebilir ve sayfayı silen hizmetli ile irtibata geçebilirsiniz.    a[.]med     »»ileti   ",0,tr,0.36476332,0
" 50px|left    Lütfen çok kısa içerikli maddeler oluşturmayınız   , bu tür sayfalar taslak kriterlerini sağlamadığı için silinir ya da silinmek üzere işaretlenir. Yarattığınız maddelerin silinmesini önlemek için biraz daha kapsamlı bilgi yazmanız uygun olacaktır. Taslaklar hakkında daha fazla bilgiye Vikipedi:Taslak sayfasından ulaşabilirsiniz.    Ancak    zengin içerikli madde eklemek adına da    telif ihlalinde    bulunmamalı ve eklediğiniz içeriğin    ansiklopedik    ve kayda değer olup olmadığına dikkat etmelisiniz. Bu hassas konuyla ilgili olarak Telif hakları sayfasını inceleyebilirsiniz. Teşekkürler, iyi çalışmalar.Takabeg ",0,tr,0.16121805,0
" Selamlar ahzar, nasılsınız? Vikipedi:Seçkin madde adayları/Eskişehirspor 2008-2009 sezonu ile ilgili sayfalar halen duruyormuş da naçizane hatırlatmak istedim. Müsade ederseniz isterseniz ben de geçmişlerini düzenleyebilirim. Saygılar, sevgiler   Merube 89        msj       Merhaba Merube. Size havale etsem kusura bakmazsınız değil mi? Zira çok kısıtlı vaktimde GSR leri ve seçkin maddeleri güncelleyip çıkıyorum. Çok teşekkürler.   ahzaryamed     ileti   ",0,tr,0.22950646,0
"Selam Fagus, önceleri hep köpeğimsiler, tavşanımsılar diye isimleri kurarken, kısa süre evvel köpeksi maymunlar ismine raslamıştım. Şimdi artık pek emin değilim. Acaba yunussular mı yoksa yunusumsular mı daha doğru? Yakında kemiricilere başlayınca sıçanımsılar, sincabımsılar, kunduzumsular da gelecek, yoksa sıçansılar, sincapsılar ve kunduzsular mı daha iyi? Köpeğimsiler ve tavşanımsıların adını köpeksiler ve tavşansılar olarak değiştirmeye gerek varmı sence? selamlar    Erdall    ",0,tr,0.4921395,0
left|150px JCI Istanbul Crossroads maddesinde şablon düzenleme ve düzeltmelerini bitirdim -) Ancak şablon uyarı yazısı nasıl kaldırılıyor bilmiyorum yardımcı olursanız çok sevinirim. Umarım güzel olmuştur. Çok teşekkür ederim. Sevgiler. Öznur -) Oznurkazanci (mesaj) ,0,tr,0.20311919,0
"Babası tahttan indirilince (1877), Dolmabahçe sarayı n-dan Çırağan sarayı na götürüldü. Abdülhamit II tarafından Ali Galip Bey le (1901) evlendirildi ve iki Oğlanlar oluyor H üseyin ile Mustafa . Eşinden ayrılarak bir mesire yerinde tanıştığı ve âşık olduğu subaylıktan ayrılma ve evli bir kişi olan Mahmud Bey le evlendi (1910) istanbul un işgalinden sonra evini İngilizler e açtı ve bir kızı oluyor, Nemzâde Hanimsultan (1911-2000). Osmanlı hanedanı üyeleri Türkiye den çıkartılınca Fransa  ya gitti. Nice e yerleşti, orada öldü.",0,tr,0.45905507,0
"Nal.png kaynak ve lisans sorunu    64px|left|Dosya telif sorunu       Nal.png    adlı dosyayı yüklediğiniz için teşekkürler. Dosyanın tanım sayfasında içeriğin kimin tarafından yapıldığı ve telif statüsü hakkında yeterli bilgi bulunmamaktadır. Eğer dosyayı kendiniz yapmadıysanız, içeriğin sahibini belirtmelisiniz. Bir internet sitesinden elde ettiyseniz nereden aldığınızı net şekilde gösteren bir bağlantı veriniz. Eğer dosyanın lisansını biliyorsanız    telif etiketini ekleyiniz   . Yüklediğiniz diğer resimleri kontrol etmek için bu bağlantıyı tıklayınız.    Hızlı silme kriterleri gereğince kaynak ve lisans bilgisi eksik olan dosyalar işaretlendikten bir hafta sonra silinirler   . Sorularınız için Vikipedi:Medya telif soruları sayfasını kullanabilirsiniz. Teşekkürler.    Merube 89        msj      ",0,tr,0.17033626,0
   ... o kısımlarda çeviremediğim yerler oldu ve internetteki çeviri siteleri de bildiğiniz gibi oldukça kötü çeviriyor onlardan da yardım alamadım.    diye yazmışsın Katy Perry nin Kaliteli Madde adaylığı tartışma sayfasında. Eğer zorlandığın bölümleri söylersen yardımcı olabilirim. Ermangg İletişin!... ,0,tr,0.36600783,0
Bana kalsa o Almanca adların da ya etimoloji başlığında ya da tarihçe başlığında ilgili yerlere dağıtılması lazım. Sırf tarihî bağ kurulacaksa İstanbul da neden kurulamasın mesela? Üstelik tarihî bağı da geçtim güncel olarak birçok dilde eski adı kullanılırken. Cobija (mesaj) ,0,tr,0.4640759,0
"Eheheh )) Çok teşekkür ederim, beni mutlu ettin. Şablonu iyiki kaldırmışım bak bir yıldızım oldu )    Berm@nya    ",0,tr,0.46197987,0
"Sırp-Hırvatça yı anlattığını düşünmüyorum. Harika bir   systemic bias   örneği. Ekleme yapan olursa, iyi olur. - Noumenon ",0,tr,0.42177385,0
"Sözlüğün mesajını sözlükten, haberin mesajını haberden göndermezsen nunçakamı çıkarıcam bi dahaki sefere! Çok pis kullanırım, arkasından asuuuuuuaaaaa diye naramı da atarım!    Vito Genovese    ",1,tr,0.49617967,0
bir kaç gün bekleyelim terminolojiye daha hakim biri görüş beyan etmezse degistirelim. (murat ulubay) Ulubay ,0,tr,0.47547126,0
Enver Paşa gibi abide bir şahsiyete beyinsiz yazan aşağılık kişiyi kınıyorum. Lütfen gereksiz yere islamcı ve keamlist tayfa makaleyi silip ortamı germesin.,1,tr,0.50122553,1
    Yorulmaz Katılımcı Yıldızı    Katkılarınız için teşekkürler.Biriken bekleyen değişiklikler sayenizde azalıyor. Vikipedimize vermiş olduğunuz hizmetlerden dolayı kendi adıma teşekkür ederim. Uranyum97 (mesaj) ,0,tr,0.22529432,0
Kayda değerlik kriterlerini sağlamayan içerikler Vikipedi de yer alamazlar. İngilizce sürümde var olması burada da olabileceği anlamına gelmez. Son olarak üslubunuza dikkat etmenizi öneririm zira nezaket bir Vikipedi politikasıdır. Eldarion ,0,tr,0.3640482,0
"Selam Vito. Halledemediğim bir problem var: Hangi sayfaya girsem de, mesaj olmadığı halde    Yeni mesajınız var. (son değişiklik)    [Turuncu şerit] bildirisi görülüyor. Önbelleği boşalttım, olmadı. Bunun sebebi nedir, nasıl çözeceğim? İyi vikilemeler, sevgiler...    Berm@nya    ",0,tr,0.15996385,0
ya arkadaş uyduruk bi gazete haberine bakarak hakan şükür ün rekorunu bitirmişsin. o 9 saniye hangi dünya kupasında ve hangi yaş kategorisinde kırılmış? bunu sormak lazım. büyükler kategorisi dünya kupası finallerinde daha hızlı bir gol atılmadıkça hakan şükür ün rekoru kırılmış olmaz... metinemre,0,tr,0.46384647,0
"Selamlar Saygıner. Dün aklıma bir şey geldi de, şimdi sen bir stadyum maddesini taşıyınca aklıma geldi. Estádio da Luz şimdi stadyumun Portekizce adı ya. Hemen hemen tüm stadyum adlarını Türkçe yazıyorsak, bunu da Türkçeleştirmek gerek. Luz Stadyumu mu olmalı yoksa Işık Stadyumu mu? Burada özel adları çevirmedeki sınır nedir?RapsarEfendim?  Merhaba Rapsar. en.wiki de karşılaştığım şekliyle genelde Fransızca ve İspanyolca dan orijinal halleriyle yerleşen isimlendirmeler var. Örneğin BBC Fener maçı haberinde Estádio da Luz olarak kullanıyor; Luz Stadium diye çevirmiyor. Bizde ise ntvspor maç raporu  Stad: Luz  derken tr.eurosport ta Estádio da Luz Stadı gibi komedi bir ifadeye rastlamak mümkün. Şahsen İngilizce den geçip Türkçe de  Stadium  ifadesiyle birlikte yerleşmiş bir stadyum görmedim ve bu yüzden İngilizce gördüklerimi direkt taşıyorum. İspanyolca ve Fransızcalar da (Estádio da Luz, Estádio Nacional vs.) Türkçe kaynaklarda (habercilerimiz bu konuda çok sabıkalı maalesef) çevrilmişse o ada taşınabilir diyorum. Çok net bir sınır göremiyorum bu konuda.Sayginerv-posta ",0,tr,0.40525538,0
"Sayın Fikir Mühandisi. Denetçi olarak kontrol ettiğiniz bu değişikliği geri alamıyoruz. Data kaybı çok fazla!!! Lütfen daha dikkatli olalım. -28.000 küsürlük bir bilgi kaybını daha iyi incelemek gerektiğini düşünüyorum. Saygılarımla, Fenerli1978Buyrun beniiiim? ",0,tr,0.2595437,0
"Merhaba 88.243.117.206, Oluşturmuş olduğunuz Kutsal Kert (Kutsal Roma İmparatoru) adlı sayfa, Vikipedi nin hızlı silme kriterlerinden g2 uyarınca silinmeye aday gösterilmiştir. Sayfanın silinmeye neden aday gösterildiği ile ilgili daha fazla bilgi almak için, ilgili kriterde verilen açıklamaları okumanız önerilir. Bu uyarıyı gördüğünüzde sayfa silinmiş olabilir. Eğer sayfanızı bulamıyorsanız silme kayıtlarını kontrol edebilir ve sayfayı silen hizmetli ile irtibata geçebilirsiniz. 82 ~145 ileti ",0,tr,0.31990254,0
" Pardon, özür dilerim. Maddede  M8, düzene uygunsuz  yapacaktım ama ona tıklamışım. Düzenlenmesi/Geliştirilmesi gerektiğini düşünüyorum.    Berm@nya    ",0,tr,0.2012547,0
"babail şablon nasıl oluşturuluyor delirmiş bi şekıld eonu arıyorum lütfen yardım ben sanırım vikipedia da kayboldum:) Merhaba Brandy84. Babil şablonlarına bu sayfadan ulaşabilirsin. Örnekler için kullanıcı sayfama bakabilirsin. Kolay gelsin. Dreamer  dostum, azra akın fotografı için tesekkurler. bir de yılmaz buyukerşene el atarsan menun olurum..",0,tr,0.29763088,0
kiralık konak kitabi yakup kadri karaosmanoglunun milii mücadele döneminden bahsettiği bir kitaptır .agır bir dili olmasına ragmen okumanızı tavsiye ederim..,0,tr,0.43434948,0
lütfen önceki kullanıcıların katkılarını yoketmeden eklemeler yapınız. yukardaki sayfalarda yapacağınız bir gezinti size yardımcı olacaktır. kolay gelsin. kibele ,0,tr,0.21422651,0
"Tamamdır. Formaları ilgili arkadaşa yazdım. O en kısa süre içerisinde ilgili formaları değiştirir. Siz muhtemelen takipte olursunuz. Değiştiğinde haber verirseniz sevnirim. Çünkü ben arada kaçırabilirm. Selamlar ve iyi vikiler, Fenerli1978Buyrun beniiiim? ",0,tr,0.3703036,0
Merhabalar. Aynı durumdan ben de muzdaribim. Geçici bir durum olduğunu düşündüğüm için çok ilgilenmemiştim ancak şu an çok zaman kaybettirdiğini düşünüyorum. ,0,tr,0.34170157,0
Merhaba. İngilizce vikideki w:en:Icelandic name maddesini tercüme edeceğim. Türkçe maddenin adı ne olmalıdır? Maniaqq  İzlanda da adlar mı? İzlandalıların adları mı? Mebule89 veya Vikiçizer e de sorarsanız iyi olur. İyi çalışmalar. Takabeg ,0,tr,0.21950115,0
"Yeşil Cami olması gerekmez mi? Camii, camisi manasına geliyor benim bildiğim. Yeşil Camisi anlamsız durmakta.RapsarEfendim? ",0,tr,0.37799186,0
"Merhaba, Orduspor maddesindeki yazinin hemen hemen hepsini kaldirmissin. telef hakki diyeceksinde. belki sayfa vikipediden almis olabilir. ben son zamanlar vikipediden futbol takimlarinin maddelerinden alindigi cok yerde gördüm. yani önce kim kimden almis onu cikartalim sonra madde silinip silinmemesini tartisalim. böylesi dahadogru benceXberger  Orduspor resmi sitesindeki metini bende gördüm. fakat söyledigim gibi bazi sayfalarin vikipeden kopyaladigina birkac kez rastgeldim. bunun icin olabilmedi ihtimali var. örnek mesela Caykur Rizespor resmi sitesi. Adamlar tarihi bölümünde (Tikla). Birebir Vikipediden almislar []. Kullanican source code bile aynisi. baska örneklerde var. Bunun icin Orduspor dada böyle olabilir.Xberger  Onlar bizden almış, biz de  muhtemelen  maddenin ilk kaynağından...Rapsarbi diyeceğin mi vardı? ",0,tr,0.45563853,0
"Merhaba, Evet, fark ettim. Çok teşekkürler. Zaten bölümün bir tek liste kısmı kaldı. Ancak diğer çevirdiğim yerlerin yazımında veya anlamında kaymalar bulursan düzeltebilir misin? Harry için de evet. Aslında ihmalim var ve bunu görmen kompliman gibi oldu ) Sayfanın sonundaki kaynak kısmında sorun vardı onu Rapsar ile hallettik. Artık sayfanın adaylığına bir engel kalmadı. Açıldığı zaman görüş bildirirsen ayrıca makbule geçer. Schindler kendi başıma acaba denersem nasıl yapabilirim diye giriştiğim bir deneme. Çok zormuş. Bundan sonra eğer çevireceğin bir sayfa olursa desteğe şimdiden hazırım. Filmler konusunda senin eline su dökülmez. Katkıların ve desteğin için çok teşekkürler. İyi akşamlar, esenlikler.Narsilien (mesaj) ",0,tr,0.17365351,0
"selamlar, istanbul bienali maddesine kaynak eklemişsiniz; ancak bu madde içeriğinde bu kaynak kullanılarak yazılmış bir yan cümlecik bile yok. kaynağın amacı maddedeki bilgiyi doğrulamaktır, referans göstermektir. eklemiş olduğunuz kitap çok kapsamlı, çok güzel, çok yararlı vs. olabilir ama bu ancak bu  kaynaktan  yararlanarak az da olsa bir bilgi girerseniz işe yarar. sopnuçya herkes her maddeye konuyla ilgili yararlı bulduğu kitapları sıralarsa işler sarpa sarar. keşke maddeye 1-2 cümle ekleme yapıp katkıda bulunsaydınız da kitap reklamı yapıyor durumuna düşmeseydiniz. umarım reklam amaçlı bir ekleme olduğu konusunda beni yanıltırsınız, buna gerçekten sevinirim. spAs ",0,tr,0.27404952,0
" Çok sağ ol, faydan çok dokundu ama başına iş açtın. Rica etsem, onları benim user.js imin herhengi bir yerine ekleyebilir misin? Benim bilgisayarım büyük sayfaları değiştirmiyor da. Zaten doğru düzgün bir bilgisayar bulup monobook şeylerimi yenilemem lazım. Bu sefer sizinkilerden kopya çekeceğim, ses etme...    →    Brk ileti            ",0,tr,0.3647148,0
bencede kaldırılmalı çok saçma birşey resmen saçmalıyolar böyle bir konunun vikipedide yer almaması gerekiyor böyle bir şey yok bu sadece kürtlerin eeen saçma hayali,1,tr,0.52115893,1
"Merhaba 78.188.36.204, Oluşturmuş olduğunuz Sekeratta adlı sayfa, Vikipedi nin hızlı silme kriterlerinden g2 uyarınca silinmeye aday gösterilmiştir. Sayfanın silinmeye neden aday gösterildiği ile ilgili daha fazla bilgi almak için, ilgili kriterde verilen açıklamaları okumanız önerilir. Bu uyarıyı gördüğünüzde sayfa silinmiş olabilir. Eğer sayfanızı bulamıyorsanız silme kayıtlarını kontrol edebilir ve sayfayı silen hizmetli ile irtibata geçebilirsiniz. Alp (m) ~ (k) ",0,tr,0.3676474,0
"Merhaba, bu tartışma maddesini madde içerisindeki başlıklar ve diğer genel konular için açmış bulunmaktayım. Maddeyi önümüzdeki günlerde güncellemeye devam edeceğim. Bu esnada madde içerisinde geçen bazı konular için de birer madde oluşturmayı düşünüyorum. Konu hakkında görüş sahibi iseniz, lütfen tartışmak istediğiniz konular hakkında çekinmeyin. Anilcan06 (mesaj) ",0,tr,0.38134342,0
"1- en güzeliniz en çirkin rus karısından daha çirkin 2- sevişmekle sevmeyi bi türlü birbirinden ayıramadığınız için her orgazm sonrası kürek cümleler kurmak zorunda kalıyoruz 3- evlenmeden olmaz cümlesi yüzünden çoğumuzu sapık düşüncelere itiyorsunuz 4- kendi aranızda her türlü muhabbeti yapıyorsunuz ama erkeklerle konuşurken bakire meryem gibi davranıyorsunuz 5- çoğunuz içki içmeyi beceremiyorsunuz,iki bardak birayla amı götü dağıtıyorsunuz 6- dişiliğinizi kullanmayı tanga jartiyer giymek sanıyorsunuz.bir bakışla sikmeyi beceremiyorsunuz 7- birilerine zor bağlanıyorsunuz ama bağlanınca da adamın anasını sikene kadar bırakmıyorsunuz 8- götünüzün hizasında etek giyiyorsunuz, dekolte açıyorsunuz ama birileri bakınca rahatsız oluyorusunuz.bu ne çelişki aq 9- kapalı giyinenleriniz de naz yaparken heidiye benziyo aq istisnasız",1,tr,0.50131476,1
"Gençlerbirliği Spor Kulübü sayfasını tüm branşlar hakkında bilgi veren bir madde haline getirmeyi planlıyorum. Futbol kulübü ise Trabzonspor da olduğu gibi ayrı bir maddede topladım. Çünkü Gençlerbirliği SK maddesi futbol kulübünü anlatmıyor, genel olarak tüm branşları içermesi lazım. Var olan madde de bu atlanmış ve direk futbol kulübünün kadrosu, başarıları ele alınmış. Bunu ortadan kaldırıyorum çalışma sayfamda. SK maddesinde gerek bilgi kutusu gerekse içerik olarak kulübün genel bilgileri yer alacak. Tabi futbol kulübü olarak kurulduğu için futbol ağırlıklı olabilir ancak sadece futbol olmaması lazım. Onur isminde bir taraftar var Gençlerbirlikli. O her maça gidiyor. İletişime geçtim resim konusunda falan. Böyle özellikle müze tarzında, kulübün tarihini anlatan fotolar olursa çok iyi olur. Birde kulüpte geçmişten günümüze kullanılan logolar varsa, hangi tarihte hangi logo kullanılmış onunda aydınlatılması iyi olacaktır. futbollogo sitesinde şuanki logo ile birlikte 4 farklı logo-arma görünüyor. Kısacası her türlü bilgi işimizi görür. Zamanımız var. Ben yavaştan toparlıyorum, fırsat buldukça katkılarını beklemekteyim ) Sait71yaz ",0,tr,0.4282988,0
" Arapların Berberileri katliamı iddiaları diye madde aç o zaman, itirazım olmaz. Şu ana kadar benim eklediklerime yaptığın gibi 3 kişi buldum, adamlar aynı feryadı etmişler, sen ise aynı tavırla cevap vermişsin, tarafsız v.s..",0,tr,0.46021846,0
"turkiye nin en yavsak taraftar grubu. hepsi ya ibnedir ya da orospu cocuklaridir. Hayvanlar gibi suru halinde yasarlar, saga sola satasirlar, yalniz kalinca donlarina sicarlar.",1,tr,0.50942636,1
tabgaçlar bir türk devletidir!budizmi benimseyince çin adetlerine teslim oldular daha sonra ortadan kalktılar!Bu site gerçekten tarihsel değerlerimizi yok etmeye başladı!ve avrupa hunlarına türk tarihi bölümü eklenmemiş!bu site tarihi değerlerimizi yok edecek artık yeter!selahattin eyyubiyi bile kürt gösteriyorsunuz!yeter!,0,tr,0.48713392,0
İçerik sanki fi tarihindeki bilim teknik dergisinden alınmış gibi... BAzı bilgiler çoktan anlamsızlaşmış. Maddede yeralmaması gerekiyor.Apolas Lermi ,0,tr,0.40510595,0
"Merhaba açıkçası taslak şablonu koymaya elim alışmadı. Tercih etmememin çok açık bir nedeni yok. Ancak tanıttığım siyasiler genelde bakanlık yada milletvekilliği yapmış sonra siyaset sahnesinden ayrılmış kişiler, bu anlamda onlara daha fazla ne katkı yapılır, bilmiyorum. Ama sonuç olarak siz değişiklik yapabilirsiniz. Selamlar ve iyi çalışmalar,Yzkoc ",0,tr,0.40206042,0
"Kusura bakmayın, vize haftaları şu sıralar malum. Fazlasıyla yoğunum. Vikipedi de pek bulamadım şu son 7-8 ay da. İP katkılı bir kullanıcı olmanız şahsen beni şaşırttı. Ayrıca teşekkürlerimi sunuyorum ilginizden ötürü.  ) Belirttiğiniz cümleli içerik başlığa eklenmesi halinde direk alıntı bir içerik olacağından telif sıkıntısı yaratabilir. Alıntı kaynağı belirtirseniz sevinirim. Bu arada üç-beş içerik oynaması ve yeni katkılı içerik eklenmesi halinde içerik ansiklopedik değer kazanacaktır. Yani eklenmesi kaçınılmaz olacaktır. Sevgiyle... -    Neb   eviye ",0,tr,0.37735903,0
"Balkan ülkelerinde, Balkanlılar arasında oldukça meşhur olan bu yiyeceğin Türkçedeki adı ve imlası    Ayvar   dır. Latinik bazı Slav dillerinin yanıltıcı etkisi ile    Ajvar    şeklinde Türkçede yazılması yanlıştır.    taglıgalp      ileti    ",0,tr,0.4711592,0
"Merhaba Takbeg, bu maddenin geçmişini birleştireceğim ama hangi isim altında birleştirmem gerektiğine karar veremedim. Yorum alabilir miyim? Manco Capac ⇨   ⌨     Kubadın ı aradığımda güvenilir kaynakları bulamadım. Loznitsa ise bir tane bulabildim. Şimdilik Loznitsa olarak birleştirilse sorun yoktur ve daha sonra güvenilir kaynak bulan Kubadın olarak değiştirebilir, bence. Şu an yapmakta olduğunuz iş (geçmiş birleştirme) çok faydalıdır. Teşekkür ederiz. İyi çalışmalar. Takabeg  Aşk çeşmesi olarak geçiyorsa öyle kalmalı bence. Geçmiyorsa değiştirmenizde sorun yok.   Gökçє Yörük     Aşk çeşmesi sadece  lakap tır. Takabeg ",0,tr,0.21318157,0
"Dosyaları şimdi siliyorum. Bildiğim kadarıyla SR ler çift kopya dosya olarak görünmüyor. Superyetkin        O resim SR değil. Superyetkin        Sanırım sorunun nedeni dosyanın Türkçe Vikipedi de yüklü olması. Yalnızca Commons ta olanlar doğal olarak normal çalışıyor. Superyetkin        Dosyalar silindi, kolay gelsin. Superyetkin       ",0,tr,0.3797629,0
"Estağfurullah, sağduyulu yaklaştığın için ben teşekkür ederim. Firma yalnızca  yaz mevsimi  ibaresini kullanırken küçük yazıyor ama tam sezon adını belirtirken tamamını büyük yazıyor.  Meclis başkanı  ve  Meclis Başkanı Şentop  arasındaki fark gibi. 𐰇𐱅𐰚𐰤 (mesaj) 17.56, 10 Haziran 2019 (UTC)",0,tr,0.31283122,0
" Merhaba, öncelikle yaptıklarınız için teşekkürlerimi sunmak istiyorum ve şunuda belirtmem lazım. Vikipedinin bir serbest kürsü olmadığını biliyorum. Oradaki maddeleri okudum. Vikipedinin işleyişini tamamen biliyorum ve buna göre katkı yapıyorum. Dün de bir deneyimim oldu, Wilson Hastalığı ile ilgili madde için dışardan yardım alınamazmış bunuda öğrendim ve vikipedide kendimi eksik hissetmiyıorum. Ama gelgelelim Vikisöz ün işleyişine, orada ne bir propaganda yaptım, ne kendi reklamımı yaptım, bir insan olarak yaşayan bir insan olarak herkesin söz söyleme hakkı olduğu için benimde bu konuda böyle bir söz söyleme hakkımın olduğunu belirttim ve maddeye ekledim ama anlaşılıyorki sanırım bu maddenin kabul görmesi için tanınmış olmak gerekiyor. Bununla ilgili herhangi bir fikrim yoktu ve şok oldum açıkçası, bana göre bir ayrım var burada. Ama bu sayfanın işeyişi böyle olduğu için bu uygulamayı kabul görmek durumundayım, Tekrardan ilginizi eksik etmediğiniz için sonsuz şükranlarımı iletiyorum,",0,tr,0.35345086,0
"   İddia:   Arkadaşlar burada bir iddia yok görüleceği üzere; Bu bağlantı konusunda yeterli veri bulunmamaktadır. Ancak kişinin diğer şüphelilerle aynı konularda katkı sağlaması, son katkısının Metal Militia nın oylamasına olumlu oy verdiği günde oluşu ve hoş geldin mesajlarının yoğunluğu şüphe uyandıran unsurlar arasındadır. Kullanıcının katkılarında yine çakışma bulunamamıştır, ancak veri yetersizliği nedeniyle denetçi kontrolü yerinde olacaktır. 2007 içinde yaptığı katkılardan bir netice alınması mümkündür.    Cevap:    Allah aşkına, Noumenon un sevdiği ve burada yazdığı   ad hominem   yani saçmalık, bu bağlantı için doğru bir mantık yürütmesidir bence. Ortada bir iddia bile yokken nasıl savunma yapılır ve işin garibi Noumenon tarafından nasıl kuklam ilan edilir.    Bu iddia bir Argumentum ad ignorantiam dır.    Argumentum ad ignorantiam:     ispatlama mecburiyeti safsatası     ",0,tr,0.44811633,0
"Sayın Çelik Adam ın tespitlerine katılıyorum. Oğuzlar özellikle Selçuklular ve Hazar Denizi çevresi ile Anadolu da kurulan Türk Devletlerinin asli ve ana unusurudur. Ancak Oğuz Yabguluğu olarak adlandırılan dönem ve mekanda tüm unsurları ile devlet denilebilecek bir teşkilatlı siyasi yapı oluşturdukları söylenemez.  Oğuz Yabguluğu  devleti, tarihi gerçeklere aykırı oldukça zorlama bir iddia olmuş.",0,tr,0.43528226,0
   ALT-2:     İzlanda daki Eyjafjallajökull volkanının patlaması yüzünden Işın Karaca nın albümü    Arabesque    planlanandan 2 gün geç yayınlanmıştır.  İnfoCan ▀ ,0,tr,0.48095217,0
"Üyeleri arasında hintli yani indo-aryan kızları, kürt kızı sanan gerizekalı mongol faşisti yazarlar vardır ) Entry numarası http://www.uludagsozluk.com/e/13828560/ linklediği kızda şu, http://galeri.uludagsozluk.com/r/adriana-lima-ya-%C3%B6zenip-k%C4%B1llar%C4%B1n%C4%B1-almayan-k%C3%BCrt-k%C4%B1z%C4%B1-188236/ hakikaten aklende kusurlu oluyor bu zavallılar )88.232.143.111 ",1,tr,0.5049521,1
Günün seçkin resmi  biraz  fazla mı büyük?.. Utku Tanrıveremesaj   Oldukça  büyük.–   h.çağrı   msj  Düzelttim. Düzelmediyse ctrl+F5 yapın.   Khutuc      k   msj ,0,tr,0.38932964,0
Ermeni Tehciri ni reddeden de kabul eden de kullanıyor. Resmi ağızların bu adlandırmayı kullanmaları bunun taraflı bir tanım olduğu anlamını doğurmuyor. Lise kitaplarına bak deyip kestirip atmak hoş olmamış. Yanlış bildiğimiz konular hakkında yorum yapıyoruz. Soykırımı kabul edenlerin  Ermeni Tehciri ve soykırımı  tanımını kullanabiliyor olmaları biraz garip değil mi? İsterseniz bir aratın. esc2003 (mesaj) ,0,tr,0.43293905,0
"Hayal gücü maddesinin interwiki bağı ingilizce en:Imagination maddesine gidiyor. imajinasyon ve hayal gücü farklı anlamlara mı, aynı anlama mı sahip. bilgisi olan biri yazabilir mi? ",0,tr,0.34714246,0
 Münih Başkonsolosluğu. Bu da tek başına kesin kaynak değildir. Yine de Türkiye Türkçesindeki resmî adının Münih olduğunu gösteren kaynaklardan biridir. Takabeg ,0,tr,0.37238142,0
Yeni alfabesinin kabulünden sonra yenilenmiş nüfus cüzdanlarından  993.814-B seri ve 51 sıra numaralı  bu satır değiştirilmeli. Türk dili sözlüğü’ne uygun sözcükler kullanılmalıdır. Yeni Abece Yasasından sonra yenilenmiş nüfus cüzdanlarından  993.814-B seri ve 51 sıra numaralı  bu biçimde olmalıdır. 85.107.175.83  Mustafa Kemal OYMAN 85.107.175.83 ,0,tr,0.47102693,0
-Kayda değer bulmuyorum. Bunun bir ölçütü var: Google aramasında ilk çıkan isimler; facebook ve benzeri    kayda değer olmayan    siteler. 78.177.172.247 ,0,tr,0.3810927,0
Kaynak seçme ve aktarmada büyük hata yapılan bir madde haline geldi. Lejyon = tabur olmadığı halde ısrarla ikisinin eşit olduğu savunuldu. Şimdi de lejyonun Dro nun gönüllü başkanlığı altında oluşturulmadığı ortadayken yine ısrarla gerçekler deforme edilmeye çalışılmaktadır. Biz okuyucularımıza yanlış bilgileri aktarmayı önlemeye çalışıyoruz. Dolayısıyla yanlış şablonunu eklemek görevimizdir. Takabeg ,0,tr,0.46476233,0
Selam Khutuck Kullanıcı adımı değiştirmek istiyorum. Ancak politika değişmiş. Metada bir şeyler yazıyordu ancak ingilizcem olmadığı için anlayamadım. İstediğim kullanıcı adı (Kullanıcı:Zaitsev) Almanca wikide kayıtlı olan 23 değişikliğe sahip inaktif biri. Türkçe wikide izi yok. Ben bu kullanıcı adını trwiki de kullanabilir miyim? Yoxa başka bir kullanıcı adı mı alayım? Hacitalha ,0,tr,0.33389845,0
" Bilinç ayrışması  olarak adlandırılan ikinci yöntem ise, ne olup bittiğini tarafsız bir gözlemle izleme yöntemi olarak açıklanabilir. Bu yöntemin en tanınmış şekli Zen deki zazen uygulamasıdır. Bu ikinci yöntemin Uzakdoğu da kullanılan bir başka biçimi de şöyle açıklanır: Önceden kararlaştırılmış, konsantre olunacak herhangi bir konu yoktur,    zihnin düşüncesiz kalması, boş tutulması gerekir. Meditasyon ilerledikçe zihni boş tutabilme süresi de uzar. Bu boşluk sırasında zihne ilham gelmesi söz konusu olur. Zihne gelen tesir bazen ruhsal tekâmül düzeyi yüksek varlıklardan gelir. Zihnin sükunetle boş bırakılmasının amacı içte sezgisel olarak belirebilecek bu tesirlere yer ayırmaktır.    Bu tür sezgiler insana diğer zamanlarda da gelmekle birlikte, meditasyon halinde daha kolay, daha açık, daha güçlü ve daha özgün halde gelirler. Fakat zihni boş tutmaya dayalı yöntemin yeterince bilgi ve görgüye sahip olmadan yapılması obsesyon denilen büyük bir tehlikeyi davet edebilir.",0,tr,0.45309907,0
MEN AZERIYEM AMMA TURK DIZILERINE COX XOSUM GELIR VE BURDA AZERBAYCANDA BU DIZIYE COXXX BAXILIR YENI IZLENIR AYAZLA OYKUYU COK SEVIYORUZ BEN AYAZIN OYKUYLE SEVGILI OLMASINI COOOKKKK ISTIYORUM,0,tr,0.51931345,1
"Rapsar, Utku nun aday sayfasında Esc2003 bazı bağlantılar verdi, soru sordu. Mesaj sayfamda da devamı var. Bakıp bilgi verirsen sevinirim...Kolay gelsin...Vikiçizer (mesaj) ",0,tr,0.25965837,0
Hiç göndermene gerek yok Takabeg. Çünkü hiç katkı yapamadığım zaman bile olsa izleme listemden vs kontol ediyorum.   Captain Bradley   İyi Vikilemeler.  OK. İyi değerlendirmeler. Takabeg ,0,tr,0.3223223,0
" 45x45px|left Vikipedi kurallarına aykırı hareketleriniz nedeniyle, değişiklik yapmanıza geçici bir süre için izin veremiyoruz. Eğer yararlı katkılarda bulunmak isterseniz, engellenme sürenizin sonunda tekrar geri gelebilirsiniz. ",0,tr,0.24450886,0
"AWB ile değişiklik yaptığınızı gördüm. O indirilebilen bir program mı? Öyleyse nereden indirebilirim? Zebraacıkmesaj  Merhabalar Zebraacık, bana Mavrikant rehberlik etti sağolsun. Şimdi nereden indirdiğimi bende hatırlamıyorum ama mavrikant ın sizi yönlendirmesi daha doğru olur çünkü kendisi bu konuda çok deneyimli bir kullanıcı ve AWB ile yapılan değişiklikler bazen yanlışlıklar da içerebiliyoru. Bu nedenle bir bilene danışmak her zaman iyi olacaktır. Selamlarımla, iyi vikiler, Fenerli1978Buyrun beniiiim? ",0,tr,0.40032986,0
Daha 4 madde tamam. 50 oldu. 1 safir puan kazanma hakkım varmı? İlk safir puanları Ğaaw kazanmış. Bence Tiqra′ya da düşüyor.    Cek Li Taran   mesaj ,0,tr,0.44866294,0
"Selam, HTML dersimi bulmuş olmana şaşırdım ) Ben de çok aradım ama iyi bir kitap bulamadım. Seviyen nedir? Yeni mi öğreniyorsun, yoksa benim gibi biraz biliyor musun? Ona göre birkaç link önerebilirim. denisutkumesaj  Estağfurullah. Yalnız dizayn ve HTML farklı şeyler. Şu sitelerde senin işine yarayacak HTML ile ilgili güzel bilgiler bulabilirsin; , , . denisutkumesaj ",0,tr,0.28733265,0
"Rica ederim. Canınızı sıkmayın; verimli bir SDD lik için her şeyden önce soğukkanlılık ve sabır gerekli . Görüşmek dileğiyle, kolaylıklar...    Ds      Murat      ileti    ",0,tr,0.26191136,0
"Merhaba, ben daha cok bilimsel anlamda benzer çalışmaları yapacak kişilerle iletişimimi hızlandırmak amaçlı burada basit bir özgeçmiş ve bilgilendirme sayfası açmak istemiştim. Belirttiğiniz kriterlere uymak için sanırım akademik anlamda daha cok çalışma yapmam gerek ). İlginiz ve cevabınız için teşekkür ederim. Bu haliyle kalması mumkun değilse şimdilik sağlık olsun demekle yetinelim. iyi çalışmalar diliyorum. Büyük ihtimalle silinir  kaydadeğer kişiler  kriterini taşımadığı gerekçesiyle. Maalesef her akademisyenin sayfası açılamyor, vikipedi politikaları gereği. Tekrar hoş geldiniz. Sorunuz olursa her zaman mesaj sayfama yazabilirsiniz. Kmoksy (mesaj) ",0,tr,0.3284671,0
Selam Uğur. Biliyorsun kırmızı maddeler meselesi. O yüzden hep o tarafta kaldım -) Konu konuyu açıyor misali kırmızı kırmızıyı açıyor:-) ,0,tr,0.35446206,0
 Tamam onlardan cümle alırım. Çok birikmiş. Cümlelere oy kullanırsın ) Ben de bugün kullanacağım. Sonra koyalım cümleleri depoya. Aylardır bekleyenler var...    Emperyan-ileti    ,0,tr,0.3961706,0
"40px|alt=|link=Değişiklik yaptığınız bir sayfa (Ah mine l-Aşk) Vikipedi:Silinmeye aday sayfalar/Ah mine l-Aşk sayfasında silinmeye aday gösterildi. Bir fikir birliği oluşana dek tartışma sayfası açık kalacaktır. Tartışmaya herkesin katılımını bekliyoruz. Maddede düzenlemeler yapabilirsiniz, ancak sayfanın üst kısmındaki silinmeye adaylık etiketini çıkarmayın. Teşekkürler.     Nushirevan11         ☾★    ",0,tr,0.17047027,0
Absar nikli arkadaşımız  Bey  kelimesini yerine  Beğ  demiş. Eskiden Beğ diyor idiysek bile şu anda demiyoruz. Vikipedi de içinde bulunduğumuz zamanın ansiklopedisi. O yüzden Beğ kelimesini VikiSözlük kısmına yazarsak daha uygun olur kanaatindeyim.,0,tr,0.43894953,0
 Yeni şeyler çıkaran yok. Siz bilmiyorsunuz. Google Translate size gerekli bilgiyi aktarır. Arapça    الأسد    yazdığınız zaman nasıl telaffuz edildiğini görürsünüz. Gerekçemi üstte yazdım ancak anlamamakta ısrar ediyorsunuz. Yıllardır bilinen bir yanlışı düzeltmek benim görevimdir. Biz    Esed    ile    Esad    ın farklı şeyler olduğunu adamın gerçek soyadının Esed olduğunu çünkü Türkçe de alfabesi farklı olan dillerin özel kelimelerini yazarken Türkçe kurallara göre yazıldığını söylüyoruz. TDK bunu söylüyor.    Esad    kelimesi Beşşar ın soyadını karşılamıyor. Bir Çinli İsmet İnönü nün soyadını Çince    İpönü]] yazsa bu da yerleşse bunu sürdürmek ilim ahlakıyla bağdaşır mı? Bu durumun arkasında siyasi durum aramak suizandan öteye gitmez ve siyasilerin Esad a veya Esed e yüklediği manalar da beni ilgilendirmez.      Nushirevan11        ☾★    ,0,tr,0.48186564,0
bennnnnnnnnnn aslında hiçççç böylee değilldim ama sen beni böyle yaptın bilge kösebalaban sana aşığım sana hastayım ben yaa lüüütffffffeeeeeeeeeeeeeeennnnnnnnnnnnnn denizliye gel nolur tatlım:-),1,tr,0.524269,1
" Pekala o zaman. Ben şimdilik, var olan haritalarınızla devam ediyim, projeniz meyvelerini vermeye başladığında, ben de seçim haritalarını daha iyi bir şekilde sürdürürüm. Gerekirse, seri bakımından, renk temasının uyumlu olması için, var olan haritalarıda renk bakımından güncelleyerek, yeni sürümlerini yüklerim. İhtiyacınız olduğunda, her zaman yardım etmeye hazırım. Teşekkürler, ve yeni projenizde bol şans. İyi vikiler. ~   Berkay        Mesaj     ~ 15 Eylül 2012, 14:56 (UTC)",0,tr,0.32126614,0
" Takabeg kürt milliyetçiligi yapma. Beni Aniogelin kuklasi olarak gostermek istedin, ba$aramadin, beni engellemek için $imdi vandal olarak gostermek istiyorsun. Ba$aramican Ozgurcan86 ",0,tr,0.49866307,0
"Vikipedi hareketleri yorumlamaz, güvenilir kaynaklarca konu edilmiş, doğrulanabilir bilgiyi aktarır. Aksi halde her kullanıcının maddelere kendi yorumunu katması mümkündür. Bu da Vikipedi resmi politikalarına aykırıdır. Söylediklerim yukarıdaki mesajlarda da vurgulanıyor zaten.    Yabancı     msj   ",0,tr,0.22273143,0
"Kaynakçadaki kitabı bana Samsun Valisi hediye etti, satın almama gerek yok. Sizinle tartışmayı da gereksiz bulmaya başladım. E4024 (mesaj) ",0,tr,0.3666501,0
Kullanıcı:Chansey Tartışmayı ben çoktan başlattım sizin yapmanız gereken bana tartışmada destek vermenizdir. İnşallah sayfanın adını   15 Temmuz Şehitler Köprüsü   olarak değiştirebilir şehitlerin ruhunu ihya edebiliriz. II. Niveles (mesaj) ,0,tr,0.34066945,0
"Siz ne hakla Nurbanu Sultan ın sayfasına yaptığım değişiklikleri hiçbir neden göstermeden çıkarabiliyorsunuz??!!!!! Bu kaçıncı, canıma tak etti!!!!! Yaptığım değişiklere kaynak istediniz, verdim; siz yine de değiştirme cüretinde bulunuyorsunuz!!!!! Bir daha böyle bir rezalet gerçekleşirse sizi şikâyet edeceğim!!!!! Unutmayın ki Rachel ismi Yahudi, Cecilia ismi ise Hıristiyan olduğunu kabul eden tarihçilerin kaynaklarında belirtilir, siz iki ismi de Hıristiyan mış gibi gösteremezsiniz!!!!! - Kullanıcı:Gerçek tarih Merhaba. Neden söz ettiğiniz tam olarak anlaşılamadı. Lütfen şu sayfayı gözden geçirin ve hangi değişikliğinizin tarafımdan geri alındığını bana bildirin. Teşekkürler, iyi çalışmalar. Superyetkin       ",0,tr,0.4000219,0
Çabanız iyi niyetli olabilir fakat Vikipedi nin Türkçeye yön verme gibi bir misyonunun olmadığını bilmenizde fayda var. Bilim adamı adlandırmasının Vikipedi den atılması söz konusu edilemez. esc2003 (mesaj) ,0,tr,0.43526435,0
Gökhan şu an maddeyi göremiyorum sanırım silinmiş ancak tek gerekçe o değildi. Twinkle dan dolayı sadece bir gerekçe işaretlenebiliyor. O maddede çok büyük ihtimalle telif ihlali de vardı. Ayrıca kayda değerliği de sorgulanmalı. Reality ,0,tr,0.41606137,0
Merhaba Superyetkin ) Özellikle sürekli benim sayfam üzerine vandalizm yapan kullanıcının kimliği hakkında bilginiz var mı? Sürekli IP adreslerini değiştirerek giriş yapıyor ve Vikipediye her giriş yaptığım da mesaj sayfam üzerine saçma sapan anlamsız şeyler yazmış olduğunu görüyorum. Esen kalın ),0,tr,0.4642721,0
"Böyle bir kural yok, yazabiliriz. Tanınmayan ülkelerin vatandaşları için Vikipedi de var olan bir sorun yok. Gayet de KKTC li, Dağlık Karabağlı diye yazıyoruz. Yazamamak için bir neden bulunmuyor zaten. Resmiyette çıkan sorunlar da burayı ilgilendirmez. Kategorilere bakalım biri için Rus kadın şarkıcılar, diğeri için de Türk kadın şarkıcılar yazıyor. esc2003 (mesaj) ",0,tr,0.43786952,0
Yavuz Harani - 11 Yarış Erhan Arıkan - 7 Yarış Bora Arabacı - 7 Yarış Kemal Çetinkaya - 4 Yarış Soner Ömürlü - 2 Yarış Ersin Tunç - 1 Yarış Kenan Engin - 1 Yarış,0,tr,0.49195933,0
" 45x45px|left Vikipedi kurallarına aykırı hareketleriniz nedeniyle, değişiklik yapmanıza bir süre için izin verilmiyor. Eğer yararlı katkılarda bulunmak isterseniz, engellenme sürenizin sonunda tekrar geri gelebilirsiniz. Eldarion ",0,tr,0.23543586,0
"Sayfa geçmişinde sadece senin adını görünce sen çıkarrtın sandım. Çok aşağıdaymış,resmin değiştiği sürüm kusura bakma.   E-92 yi İzlemeye Devam Edin!    20:34, 14 Ağustos",0,tr,0.40887436,0
Son yaptığınız değişiklik maddenin bütünselliğini bozmuş bence   %80 Türktür (ki kaynak gösterilmeli) dendikten sonra doğuda da Kürtçe konuşan bir nüfus vardır  ...Mach ,0,tr,0.46805963,0
Sevgili Superyetkin; bu değişiklik için yapılması gereken geri almak mı? Ortak bir görüşe varıldı mı?Ayrıntılı Bilgimesaj  Değişiklik geri alındı ve kullanıcı ilgili tartışma sayfasına yönlendirildi. İyi vikiler. Superyetkin       ,0,tr,0.16985115,0
Demografi Bu başlık altında Konulmuş tarihlere göre nüfüs gösterilmiştir.Ancak 2007 nüfüs sayımı başlığı gösterilen 73.586.256 luk nüfüs gerçek dışılığını korumakta olan bir bilgi olduğunu düşünüyorum. Konunun bir daha araştırılarak düzenlenmesini arz ederim.,0,tr,0.41754216,0
 Kurkumin (Madde öncelikle Organik Kimya terimi olup Antioksidanlar grubuna aittir ve sayfada veriliş biçimi magazinvari ve spekülatiftir. Kimyadan adamakıllı anlayan birisinin ilgilenmesi gereken sayfadır. Zerdeçal bitkisinden elde edilyor diye benim çözmem biraz zor. Kmoksy ,0,tr,0.48197815,0
"Sayın Ruzigar, sayfanın sağ üst köşesinde   Taşı   opsiyonu bulunmakta. Bu opsiyonu kullanarak sayfayıyeni ismine taşıyabilirsiniz. Ben sizin yapmanız için bırakıyorum. Eğer yapamaz iseniz bir mesaj atmanız yeterli bende taşıyabilirim. Saygılarımla,   Eski KA Fenerli1978   SakhalinioBuyrun beniiiim? ",0,tr,0.2954702,0
" Merhaba, Ben . Bilmeni isterim ki az önce senin birini geri aldım. Örneğin Boğaz enfeksiyonu maddesinde yaptığın bu değişiklik bana yapıcı gibi gelmedi. Eğer bir hata yaptığımı düşünüyorsan ya da herhangi bir sorun varsa üzerinden bana ulaşabilirsin. Teşekkürler. Mavrikantmsj ",0,tr,0.1787792,0
"Kişilere yorum yapma, kişileri etnik kökenlerine göre, milliyetlerine göre ayırıp durma. Mesaj sayfalarında bile sürekli suçlamalarda bulunuyorsun. Seni son kez uyarıyorum. Boyalikus ",0,tr,0.39035946,0
"Said Nursi, eserlerini Türkçe yazdı ve hayatının büyük kısmı da Türkiye de geçti. Etnik kökeni ne olursa olsun, TC vatandaşı olan herkes Türktür. Biyografilerde etnik köken belirtilmesinde yarar olsa da, bunun çoğu kez ve Said Nursi örneğinde giriş cümlesine girmesini doğru bulmuyorum. Saygılar, Filanca ",0,tr,0.46251854,0
"Bu maddenin adının    Mesihbilim    olarak değiştirilmesini öneriyorum. Batı dillerindeki Christ, Khristós, Christus vs. olarak bilinen ismi Arapça dan ya da belki İbranice den Mesih şeklinde almışız. Kristoloji kelimesi yerine Mesihbilim dememiz, konunun içeriğine de uygun. Hristos Türkçe de, Mesih olarak biliniyor.Tuleytula ",0,tr,0.45598975,0
"Sevgili Özgür, bu Rgulerdem denen adamdan bıktım. Dün M. Fethullah Gülen makalesini Muhammed Fethullah Gülen makalesine yönlendirip kitledim. Hocaefendi başlığını sildim. Bugün de Gulen yazarak yeni bir başlık açmış. Şimdi o başlığı Muhammed Fethullah Gülen e yönlendireceğim. Bu adam Herkesi huzursuz ve rahatsız ediyor. Bir şeyler yapılamaz mı?Zeynep ",1,tr,0.41876996,0
"40px|alt=|link=Değişiklik yaptığınız bir sayfa (Ahmet Toprak) Vikipedi:Silinmeye aday sayfalar/Ahmet Toprak sayfasında silinmeye aday gösterildi. Bir fikir birliği oluşana dek tartışma sayfası açık kalacaktır. Tartışmaya herkesin katılımını bekliyoruz. Maddede düzenlemeler yapabilirsiniz, ancak sayfanın üst kısmındaki silinmeye adaylık etiketini çıkarmayın. Teşekkürler.SakhalinioBuyrun beniiiim? 05.52, 1 Ağustos 2018 (UTC)",0,tr,0.220253,0
"53px|left|Öncelikle    hoşgeldiniz   . Vikipedi sayfalarında    deneme    yapıyor gibisiniz. Yaptığınız değişiklik geri alınacak ya da silinecektir. İsterseniz denemelerinizi    deneme tahtasında    keyfinizce yapabilirsiniz. Vikipedi de herkes değişiklik yapabilir. Vikipedi yi tanımak isterseniz, Vikipedi:Hakkında sayfasına bakabilirsiniz.    Mızrak   msj ",0,tr,0.19709441,0
 Citrat denen arkadas izin verirse kalkacak tabi. Adam habire kilitleyip duruyor bu sayfayi. Bir de utanmadan boy fotografini yuklemisler. Siz adam olmazsiniz ya. GITSIN!,1,tr,0.49405497,0
Öncelikle bayramınız kutlu olsun. VikiProje Kafkasya ve Konulu Aylarda bu ayki projeler Erivan ve Hint Okyanusu ndaki küçük adalar. Erivan maddeside SM olmaya çok yakın. Sadece maddede kırmızıların mavileştirilmesi kaldı. Yani anlayacağınız çok basit bir iş. Ondan sonra maddeyi Mİ ye denetlettireceğim. Teşekkürler iyi vikiler. ,0,tr,0.26075286,0
"Selamlar kibele. Hazır aktif görmüşken bir konuda danışmak istedim anlayışınıza sığınarak. Ben ifade edemiyor, anlatamıyorum galiba da. Şuraya bir bakablir misin? Nerede hata yapıyorum anlamadım da, var bende bir sorun ama hayırlısı   Merube 89        msj       anlatmışsın gayet güzel. belki biraz daha ekonomik davranabilirsin. uzun uzun anlatmanın kimi zaman işi zorlaştırdığını düşünüyorum. bir de mesele konuyu anlamamak değil, konuda anlaşamamak daha çok. kolay gelsin diyorum sonuç olarak..    ki      bl   ",0,tr,0.30550352,0
"Tabi ki, elimden geldigince yardimci olurum. Yeter ki bana ornek madde taslagi gosterin ben gerisini getiririm ) Can benim? 20.18, 17 Temmuz 2019 (UTC)",0,tr,0.4597741,0
Başlattığın maddelere kategori de eklersen daha iyi olur. Böylece; örnek olarak Libya kategorisinde konuyla ilgili maddeler görülecektir. HotCat kullanarak kolaylıkla yapabilirsin. Supermæn (mesaj)  Birdaha madde açarsam kategori koyarım. ~~      Cano        58   ileti ,0,tr,0.26018828,0
" 50px|left    Lütfen çok kısa içerikli maddeler oluşturmayınız   , bu tür sayfalar taslak kriterlerini sağlamadığı için silinir ya da silinmek üzere işaretlenir. Yarattığınız maddelerin silinmesini önlemek için biraz daha kapsamlı bilgi yazmanız uygun olacaktır. Taslaklar hakkında daha fazla bilgiye Vikipedi:Taslak sayfasından ulaşabilirsiniz.    Ancak    zengin içerikli madde eklemek adına da    telif ihlalinde    bulunmamalı ve eklediğiniz içeriğin    ansiklopedik    ve kayda değer olup olmadığına dikkat etmelisiniz. Bu hassas konuyla ilgili olarak Telif hakları sayfasını inceleyebilirsiniz. Teşekkürler, iyi çalışmalar.M.M. ",0,tr,0.16207205,0
"Merhaba, Dikanda isimli maddede şöyle bir değişikliği onaylamışsınız. Lütfen değişiklikleri onaylamadan önce yapılan değişikleri inceleyin. Polonyalı müzik grubu olan Dikanda nın şu kaynakta da belirtebileceğim gibi Czas Kultury adlı bir albümü bulunmamakta. 2000 yılında Czas Kultury dergisinde Dikandanın ilk albümü olan Muzyka czterech stron wschodu adlı albüm isim olarak yer verildi. Yani bir albüm değil. Ayrıca gözle görülür diğer olaylarda (Dış bağlantıların silinip sadece dış yazılması gibi) daha dikkatli davranacağınızı ümit ediyorum. Unutmayalım ki bizim amacımız vikipedinin gelişmesi ve vandalizmden korunmasıdır. Sevgiler,    ऐ๑ Süleyman Onur    (    buyrun benim?    ) ",0,tr,0.4190475,0
"Bu şekilde değişiklik özetinde İngilizce Vikipedi den yararlanıldığı belirterek sayfa da oluşturulabilir mi? —   Bu imzasız yazı Tmavy (mesaj • katkılar) tarafından eklenmiştir.    Evet, oluşturulabilir. Bunun için  İçerik Çevirmeni  aracını kullanabilirsiniz. Etkinleştirmek için: Üst tarafta  Tercihlerim  butonu yanındaki  Beta  bölümüne tıklayın. Oradan  İçerik Çevirmeni  aracını etkinleştirin. ,  Kaynak göstermeye gerek kalmıyor yani o vakit.Tmavy (mesaj)  Bu aracı kullanırsanız kaynaklar otomatik olarak sayfaya eklenecek zaten. Size sadece çeviri yapmak kalacak. , ",0,tr,0.14872116,0
İlk olarak yanlışlığımdan dolayı özür diliyorum. En kısa zamanda düzenlerim. Yanlış listelediğim diğer şeyleri yazabilirseniz onları da düzeltebilirim.   Batuhan    ,0,tr,0.36180544,0
"Selam Takabeg. Şablon gayet iyi çalışıyor, faydası da olacaktır. Yalnız şablondan bağımsız olarak, Türkiye de books.google engellendiği için o kısım çalışmıyor. Eline sağlık, teşekkürler.  Sağol. google.books da mı yasaklandı ? Takabeg ",0,tr,0.28424326,0
"Bu arada  Son uyarı  şablonundaki el resmi çıkmıyor.Madem şablonlarla ilgileniyorsunuz, bir de ona gözatar mısınız?Levent Abi ",0,tr,0.327705,0
"Merhaba Demircimehmed. VP:KET sayfasında anonim kullanıcıyı uyaramadığınızı yazmışsınız. Tercihlerim den  Küçük araçlar a girer ve    Sol tabloya düzenleme yaparken eklenebilecek şablonların kısayollarını yerleştirin  .  kutucuğunu işaretlerseniz, sol menüde uyarı şablonları belirecektir. Ayrıca Twinkle da sayfanın üst kısmında göreceğiniz  Uyar  menüsünü kullanarak da kayıtlı olsun olmasın kullanıcılara uyarı mesajları göndermeniz mümkün. Kolay gelsin. yabancım  Merhabalar yabancı, o araçları bilyorum ama kullanıcının IP sine tıkladığımda değişiklikleri sayfası geliyor. Yani kullanıcı sayfası gibi birşey gelmiyor. Onu nasıl yapabilirim.  DemirciMehmed    İleti    Açılan o katkılar sayfasında  Kullanıcının katkıları , onun altında da  Vikipedi, özgür ansiklopedi  yazıyor. İşte o satırın altına bakarsanız, IP adresinin hemen altında    mesaj    bağlantısını görürsünüz. Kullanıcıya önceden hiç mesaj yollanmamışsa kırmızı, önceden mesaj yollanmışsa mavi görünür. Görebildiniz mi acaba? yabancım  Gördüm yabancı. Teşekkür ederim.   DemirciMehmed    İleti    Rica ederim, kolay gelsin. yabancım ",0,tr,0.30128205,0
"Merhaba, Ben bu makaleyi genişletmek için çalıştı. Siz düzeltmek yardımcı olabilir?. Teşekkür Ederim: San Cristóbal de La Laguna Katedrali.CanaryIslands (mesaj) ",0,tr,0.19289912,0
Çok çalışkanım vikipedi için gecemi gündüzüme katıyorum imajı vermeye çalışıyorsun galiba:) 10 saniyede bir edit gözlerimi yaşatıyor doğrusu. 95.10.172.72 ,0,tr,0.46656772,0
"İyi çalışmalar, VP:KD kriteri ansiklopedi maddesinin içeriği ile ilgili bir kriter değildir. Herhangi bir konunun ansiklopedi maddesi olup olamayacağı ile ilgili bir kriterdir. Dolayısıyla inceleme yapılırken değişiklikler  KD değildir  gerekçesiyle değil de daha çok  ansiklopedik değil  veya  yorum içeriyor  veya  kaynaksız bilgi  şeklinde reddedilmelidir. Alperen (mesaj) ",0,tr,0.3013789,0
"maddenin adı ile tam bir sonuca varılmamışken (ki Etiyopya dır) maddeyle ilgili şablonlar, kategorilein değiştirilmesi doğru değil.   c3mâL    ",0,tr,0.39909804,0
- ii de bu adam orospu cocugunun onde gideni nie bunu da yazmamışlar? onu destekliyenler de anca analarını bacılarını dagda pislik hayvanlara ziktirtmiyolar mı ben anlamadım?,1,tr,0.5175604,1
"{{#ifeq:100pik|yok | | {{#if:100pik | 100pik }} }}    Haftanın İş Birliği Projesinde 1. oldunuz!    Merhaba Superyetkin, Bu haftanın iş birliği projesine katılımınız için çok teşekkürler! Kategorisi eksik maddelerin kategorilendirilmesi konulu projedeki başarılı performansınız ile bu haftaki projede    1.    oldunuz. Katılımınızın devamını umuyorum. Sevgiler... İyi Vikiler.   Ayrıntılı Bilgi   #   ileti    ",0,tr,0.16125554,0
"25px|alt=Bilgilendirme simgesi Merhaba, ben . Bilmeni isterim ki :Yavuz Bingöl adlı maddeye yaptığın dan birini ya da birkaçını geri aldım. Çünkü yapıcı değişiklikler değillerdi. Eğer deneme yapmak istiyorsan, lütfen Deneme tahtasını kullan. Eğer hatalı olduğumu düşünüyorsan veya sormak istediğin bir soru varsa aracılığıyla benimle iletişime geçebilirsin. Teşekkürler!      Okanfan          Evet benim?      ",0,tr,0.15248376,0
"Bağırganlı köyü hk. Bilgileri ne diye kırpıyosun maksad maddeyi zenginlestirmek mi fakirleştirmek mi? Köy halkı coğrafi olarak batıda Ağva yakınlarında bulunan Pınarlı Köyü sınırında yerleşiktir. Mahallenin doğusunda kalan kısmında yerleşik yazlıkçıların mesken tuttuğu kayalıklarla örtülü, Taflan Koyu   (Köylü arasındaki adı KOKURDAN)   mevcuttur,Kayalıkların Arasında Doğal Oluşan Havuzlarvardır.Limanı Bulunmaktadır kismini geri koyarmisiniz? ~~",0,tr,0.4463941,0
"sevgili m.m o kullanıcı da benim benim diğer sayfam yani... kolay gelsin. Tf-2000  Peki, o halde iki hesabınızın kullanıcı sayfalarında bu durumu, şu şablonu kullanarak belirtmenizi rica edeceğim sizden. İyi çalışmalar. M. M. ",0,tr,0.33254346,0
Düzenli Ordu nun harekata başlamasına kadar olan Kuva-yı Milliye mücadelesi çok mevzi bir mücadeledir. Zaten dediğim gibi mevcut düzenli orduyla da (TBMM kurulmadan önceki mevcut birlikler) çok iç içedir. Misal Batı cephesinde Kuva-yı Milliye ilk kurulur kurulmaz bütün silah ve techizatını el altından o bölgedeki 57. Tümen den alır. Aynı şekilde buradaki bir çok Kuva-yı Milliye Müfrezesi konutanı da bu tümenden gönderilen subaylardır. Kuva-yı Milliye nin kullandığı bayrak o gün halen kullanımda olan Türk Bayrağı ndan başka bir şey değildir. Ayrıca zaman zaman sancaklar da kullanılıyordu. Demirci Mehmet Efe ve Yörük Ali Efe nin ayrı ayrı sancakları vardı mesela. O dönemde Ankara Hükümeti ve İstanbul Hükümeti vardı evet. Fakat bu zaferin bir Türk zaferi olduğunu inkar etmez. İkincisi ise mücadelenin başlangıcı ile sonu arasındaki mevcut değişiklikler bu savaşın sonucu ile ilgili artık bir Ankara-İstanbul Hükümeti ayrımına imkan vermez. Savaş sona erdiği sırada TBMM hkümeti ülkenin gerçek temsilcisi sıfatıyla bir çok devlet tarafından tanınmış haldedir.Erarslan ,0,tr,0.4786591,0
"Ayyyy ama lütfen! Kendi mesaj sayfamda bir yanıt yazdım zaten, hadi oku . Oh BambiI cried so hard when those hunters shot your mommy ",1,tr,0.46530837,0
"Merhaba Metal Militia, aklıma ufak bir soru takıldı onu sormak istiyorum.Seçkin maddelerde tek bir kırmızı link bile olmaması şart mı?Bazı dillerdeki seçkin maddelerde kırmızı linkler görüyorum, hatta İngilizce deki maddelerde bile bir-iki tane oluyor. Saygılar, iyi akşamlar...   Çağatay     ileti    Merhaba Çağatay67, arzu edilir ki olmasın tabii, ama bir şekilde tek-tük de olsa kırmızı link kalabiliyor. Mümkün olduğunca, taslak aşamasında da olsa (kırmızıları bertaraf etme adına) daha sonra geliştirmek üzere maddeleri açmakta fayda var aslında. Ama bir zorunluluk değil elbette. Teşekkürler, iyi çalışmalar. Metal Militia ",0,tr,0.23571779,0
"right|link= Vikiproje:Sovyetler Birliği/İşbirliği Projesi|150px Bu ayın VikiProje Sovyetler Birliği İşbirliği Projesi olan     şablonunu Sovyetler Birliği alanındaki maddelerin tartışma sayfalarına yerleştirme    projesine son    2 gün   . Bu kapsamda      şablon kodu proje kapsamında ilgili maddelerin tartışma sayfalarına eklenecektir. Proje bitim tarihi olan      15 Haziran 2017      gününe kadar katılımınızı ve katkılarınızı bekliyoruz. Bununla birlikte gelecek döneme dair yapılacak projelerde fikirlerinize ihtiyacımız var. Şablonlarda yer alan eksiklikleri giderme, çeşitli konulara dair maddeleri açma, eksik maddeleri geliştirme, seçkin madde üretme gibi pek çok konuda proje önerileri mevcut. Lütfen fikirlerinizi ve yeni proje önerilerinizi    anket ve oylamalar    sayfasına yazın, işbirliği ile Vikipedi yi geliştirelim. Bu mesaj proje toplu mesaj listesindeki kişilere gönderilmiştir. MediaWiki message delivery (mesaj) ",0,tr,0.23534928,0
bakın siz belki farkında degilsiniz ama gercekten o herifin öyle seviyesiz cevap vermesi yüzünden bugün moralim cok bozuldu..ayrıca o mesaj halen onun profilinde duruyor.buna müdahele etmeyi düşünmüyormusunuz?Qarapapaq ,0,tr,0.4431247,0
Kafanıza göre madde adlarını değiştirmeyin. Rusya da İngilizce değil Rusça konuşulur ve biraz önce yaptığınız değişiklik doğru değildir. Kmoksy (mesaj) ,0,tr,0.34297118,0
"Yakışır, harika yap o zaman. Bende bir internet sitesi için hazırlanıorum. ) Vuu biraz pahalı olsada sanırım açacaım. -    Neb   eviye ",0,tr,0.40399474,0
"Vikipedi:Köy çeşmesi (ilginize)#Viki şablonlarında manga karakterleri konusunda bir tartışma açtım. Katılabilirseniz sevinirim, saygılar.Abuk SABUK♫ ♫ ",0,tr,0.16036886,0
Kesinlikle madde adi Washington olmalı.Bilinirlik açısından ve diğer dillerdende anlayacağınız gibi özel isimler okunuşlarına göre değil yazılışlarına göre isimlendirilir.Üstelik Washington kelimesini tüm diller Washington diye yazıyor.,0,tr,0.45551226,0
"Merhabalar, öncelikle vikipediye hoş geldiniz. Oluşturduğunuz maddede şeklen herhangi bir engel yoktu. Ancak vikipedi bir ansiklopedi ve buradaki maddelerin VP:KD ye uygun olması bekleniyor. Zaten silme işlemi de bu nedenle gerçekleşmiş gördüğüm kadarıyla. Eğer oluşturduğunuz maddenin kayda değer olduğunu düşünüyorsanız, içeriğinizi kaynaklarla desteklerseniz bu konudaki şüpheler giderilebilir. Umarım ilk maddenizin silinmiş olması sizi yeni katkılar yapmaktan alıkoymaz. Ayrıca mesajlarınız sonuna ~~~~ koyarak imza atabilirseniz çok iyi olur. Tekrar hoş gediniz ).",0,tr,0.20923546,0
" 45x45px|left Madde ile doğrudan ilgisi olmayan, ansiklopedik değer taşımayan dış bağlantılar    reklam    olarak algılanabilir. Lütfen Vikipedi maddelerine    ticarî amaca yönelik    bağlantılar eklemeyin. Vikipedi ayrıca, sahibi veya üyesi olduğunuz    blog, forum veya hayran sitelerini    tanıtabileceğiniz bir platform da değildir. Bu tür eklemeler yapmanız Vikipedi kurallarına aykırıdır. Detaylı bilgi için lütfen  Vikipedi ne değildir?  sayfalarına bakınız. Israrla bu tür dış bağlantılar eklemeniz halinde bu davranışınız    vandalizm    olarak algılanabilir ve    engellenebilirsiniz   . Teşekkürler, iyi çalışmalar.muratsahin ",0,tr,0.19286026,0
Vikipedi kullanıcı adları sayfasında belirtilmiş olduğu üzere aldığınız kullanıcı adı Vikipedi ilke ve kuralları gereği uygunsuz bulunmaktadır. Bu sebeple VP:EP Kural 9 gereği kullanıcı hesabınız süresiz olarak engellenmiştir. ,0,tr,0.28005385,0
"Söz ettiğiniz konu  saygı ihmali  değil, bilinçli bir seçenektir; Vikipedi topluluğunun, uzun süren tartışmalar sonucunda aldığı karara göre; isimlerin başına ya da sonuna   Hz., Paşa, Ağa, Lord, Sir, vb..   tanımlamalar getirilmemektedir. Bilginize. Levent Abi ileti            ",0,tr,0.290747,0
Nihan hanım verdiğiniz örnekler kurum veya yer adlarıdır. Yerlerin adı öyleyse nasıl ve neden değiştirelim?  Hz. Muhammed Mahallesi  olursa bir yerin adı elbette Vikipedi`ye de olduğu gibi girilir. Lütfen yukarda yazılanları anlamaya ve okumaya gayret edin. 16 ,0,tr,0.27838033,0
"İlk olarak madde hala taraflı.Örn:    Dost uçaklar bizleri en kötü anlarında   ,    sanal hava kuvvetleri ülkemizde ki kullanıcılarında     artık ülkemizde de uygulanabilir olacağı   ... tek tek açıklamak isterdim neden taraflı olduklarını ama kısaca mantığı anlatayım Vikipedi Türkiye nin değil Türkçe nin vikipedisidir, yani ülkemiz gibi ifadeler kullanılamaz.Buna benzer bir çok cümle bulunmakta.İkinci olarak kayda değerliği aşabilmiş değil sorun isim değil Vikipedi:Kayda değerlik (internet) sayfasındaki kriterleri karşılamaması.Fazla vaktim olmadığı için uzun açıklama yapamıyorum kusura bakmayın VP:TBA yı da okumanızda fayda var, tabi içindeki bağlantılarla birlikte.İyi çalışmalar.   Mach   iavelli msj ",0,tr,0.3498214,0
"Maddenin içeriğine ve geçmişine dikkatini çekerim. Maddede oyu hakkında 1-2 cümle yazarken maddeye katkıda bulunmuşsun... CM de yıldız olup şimdi as oyuncuların kramponlarını toplamakta olan futbolculara biraz bakayım dedim de, ilginçtir bu forum içeriğinin gözden kaçması... CM 03-04 hayranı olarak böyle maddelerin artmasını diliyorum(!) Kolay gelsin... NOT: Eğer bu oyunu oynuyorsan (ki mutlaka oynamışsındır) kendisi Morten Gamst Pedersen, Yury Tsigalko, de la Cuesta, Hamit Altıntop, Fatih Sonkaya, Serkan Balcı, Servet Çetin, Temur Altunhan (Yalovaspor dan Türk futboluna armağan) ve Leonardo Pisculichi ile takımın mükemmel olur. Şu an 4. sezondayım ve Iğdırspor la Süper Lig deyim. En ciddi rakiplerim Gençlerbirliği (UEFA da başarılı olan sağlam kadrosundan ötürü), Elazığspor, Diyarbakırspor ve Trabzonspor... Galatasaray küme düştü, Fener le Beşiktaş da düşme hattının hemen yukarısında... Türkiye Avrupa şampiyonu oldu gibi birçok terslikler oyunda mevcut. Ha bir de unutmadan Rüştü Barcelona da ilk onbirin değişmezlerinden olup Liverpool a gitti ve yaşı ilerlese de hala orada ilk tercih olan kaleci... Bu oyun zevkli ya  Mrb. Ne yazık ki oynayamadım 03-04 ü ( Bu oyunlarla geçmişim köklü değil, 2008 de başladım, halen devam ediyorum yenisi çıktıkça ) Maddeye de bir el atayım bari ) İyi günler...Rapsar ",0,tr,0.4484578,0
"Hayır canım, elbette öyle bir şey yok,    Nerden     x ya da y siteyle ilgili panel düzenleyin  dediğim anlamını çıkardığınız ayrı bir merak konusu? Ha bu arada belki bilirsiniz Vikipedi de sanal ortamda anlık -ya da programlı- paneller düzenlenmiyor. Bilmiyorsanız da şimdi öğrenmişsinizdir sanırım.    Daha ne yapmamı bekliyorsunuz?    sorunuza yanıt vermek zorundayım: Karşınıza çıkan her itirazı, her değişikliği KSY gibi algılamayın kardeşim! Geçmişteki KSY nin yazarlarından biri de benim tr-vp de, herhalde kendi çizdiğim sınırları aşacak değilim? 78.177.169.189 ",0,tr,0.4175465,0
"google  nakışı  mı demek istediniz? diye düzeltiyor. nakşı diye aratınca nakşibendi çıkıyor. böyle durumlarda tdk ve dil derneğini değil yaygın kullanımları gözetmek durumundayız. hem nakışı yazılıyor, hem de nakışı diye okunuyor kaynaklarda. diğeri viki icadıdır.    kibele    ",0,tr,0.4167073,0
"Vikipedi:Kayda_değerlik_(video_oyunları) için verilmiş olan yönerge teklifinin yürürlüğe girebilmesi için topluluğun ilgisine ihtiyaç vardır. Zaman ayırıp, tartışma sayfasında bir değerlendirmede bulunursanız müteşekkir olurum. 85.107.92.38 ",0,tr,0.25974014,0
" Merhaba [[Kullanıcı:Seksen iki yüz kırk beş|seksen]. Bende kendi [Aydıncık, Cide|köyüm] için birşeyler yapmak amacıyla kolları sıvadım. Köyümün şablonuda eski şablondanmış onu gördüm. Bugün bütün gün üzerinde değişiklikler yaptım aslında. Şimdi şablonu değiştirmem gerekecek ) Kaynaklarda güzel oldu benim açımdan. Ancak sorun şurdaki kendi köyümün bazı özelliklerini sadece ben biliyorum. Bunları herhangi bir kaynaktan bulmak imkansız düzeyde. Çünkü köyümle ilgili kaynak çok kısıtlı Onlarda zaten belli başlı şeyler. İlçesi, muhtarı, nüfusu vs. gibi. Bunlar dışında kendi bildiklerimi maddeye nasıl ekleyeceğim. Yani kaynak yok belge yok. Örneğin köyün şivesi, gelenek ve görenekleri, yedikleri içtikleri, kültürleri vs. bunlarla ilgi hiçbir yerde hiçbir kaynak yok. Bende istiyorum ki diğer köy maddelerinde gördüğüm gibi olsun. Ben bu şekilde kaynağı tam bilinmeyen ama köyün yaşayanı olarak ekleyeceğim konuların onaylanma ve yayınlanma durumu nasıl olacak. Gördüğüm kadarıyla da muhakkak resmi kaynak bekleniyor maddeler için. Olmasıda gereken bu tabiki. Ama dediğim gibi kaynağı olmayan ancak doğru olan bilgiler ne olacak?",0,tr,0.42490852,0
"Ortada uzun zamandır vandalizm, deneme ve yorum maksatlı olmanın dışında içerik girilmemiş bir madde var.. Bizim bu durumda ne yapmamız bekleniyor ben anlayamadım.. Bu acımasız yorumlar neden onu hiç anlamadım... Garbino ileti ",0,tr,0.45067915,0
 Tarafımızdan gebertilip leşleri toplu mezarlara atılan Kıbrıs türkleri. ) Çok keyiflidir lan türk öldürmek. keşke o dönem yaşasam grivasın örgütüne katılıp sizi öldürebilsem birazcık.85.110.80.85 ,1,tr,0.4802983,0
Ahıska türkleri osmanlıya bağlı bir halktı bir devlet değildi dolayısıyla bayrağı hiç bir zaman olmamıştır.Ahıska yı bir devletmiş gibi göstermek kişi ve toplum haklarına zarar verecek bir davranıştır.Lütfen bayrağı KALDIRIN!!!!(Ahıska Türkleri Türk tür fazladan bayrak çıkararak ortalığı bulandırmayın.Sencerik (mesaj) ,0,tr,0.48054814,0
Her yaptığım değişikliği hiç bir açıklama zahmetine bile katlanmadan [almanız] kişisel düşmanlık yaptığınızı düşündürüyor. Lütfen Siyasi bir partiye olan illiyetiniz katkılarınıza etki etmesin.|    zoɯɐʞɐʎ |    ,0,tr,0.4534827,0
"Orada sebebini belirtmişim zaten. Kötü bir yönlendirme. Bağlantı verilmemiş, kimse bunu yazıp da arama yapmaz vs.RapsarEfendim? ",0,tr,0.28675482,0
"Kraliyet Sarayı, ikamet ve imparatorluğun yönetim merkezi de dahil olmak üzere 150 m, 250 m kayalık bir tepe üzerine inşa edilmiştir.",0,tr,0.46722868,0
" Gereksiz yere suçlama yapmak çok kötüdür ve bu suçlamanın altında kalan insan olmakda çok kötüdür. Maddenin geçmişine bakıldığında, 18 Mart tarihinde sil şablonu koyulmuş ve ne şablonu kaldırmışsınız nede geliştirmişsiniz, fakat benim sil şablonu bulunan ve uzun süre silinmeyen tüm maddelerdeki sil şablonlarını sam şablonu ile değiştirmemi ve not olarak nedenini belirtmeme rağmen bu olayı benim yöneticilik fonksiyonlarımı aşmakla suçluyorsunuz. Gerçekten aştığımı düşünüyorsanız, bir şekilde köy çeşmesi veya benzeri bir yerde nedenleri ile suçlayabilirsiniz ama sadece bu şekilde suçlamanız sadece suçlama olarak kalır. Karşılıklı olarak yapıcı olmayı bekliyorum Ugur Basak     mesaj      ",0,tr,0.46724114,0
"Bu arada futbolla ilgileniyorsan bir SL projem vardı. Bana yardımcı olmanı gerçekten isterim, eğer kabul edersen.Rapsar ",0,tr,0.25525156,0
Merhaba; Eklediğiniz bilgiye kaynak gösterebilir misiniz? Aksi durumda maddedeki değişikliği geri almak zorunda kalacağım. İyi geceler. Levent Abi ,0,tr,0.19006936,0
Merhaba.. Sizden bir ricam olacak. Şuanda üzerinde çalıştığım Evkur adında bir madde var. Madde için şurada tartışılıyor. Diğer perakende şirket maddelerinden daha kapsamlı ve geliştirilebilir olmasına rağmen silinsin diye oy veriliyor. İstedikleri kriterler hiç bir perakende şirketinde yok. Bu konuda bana yardımcı olabilir misiniz ? Teşekkürler..Alçekalestanı (mesaj) ,0,tr,0.16356961,0
"   Hoş Geldin !    Merhaba, tamamen gönüllü katılımcıların çabalarıyla 250 dilde oluşturulmaya çalışılan ansiklopedinin Türkçe bölümü    Vikipedi    ye hoş geldin! Bu ansiklopedi beş ana madde üzerinde şekillenir, katkıda bulunmadan önce okumanızda yarar vardır. Katkıda bulunmaktan lütfen çekinmeyin. Vikipedi nin yazım kuralları basittir. Ne şekilde madde yazabileceğiniz biçem el kitabında ayrıntılı olarak açıklanıyor. Herhangi bir sorun olursa, yardım sayfalarına bakabilirsin. Diğer kullanıcılardan yardım istemekten çekinmeyin; yeni bir katılımcıya yardım etmekten mutluluk duyacaklardır. Tartışma ve kullanıcı mesaj sayfalarındaki yazılarınıza,   ansiklopedi maddeleri hariç  , lütfen imza atmayı   (   ~~~~   )   ihmal etmeyin. İletişim için Köy çeşmesiOrtak çalışma alanı Topluluk portaliTelif hakkı kaybolmuş bir eseri eklemek istiyorsanız VikiKaynakBir terimin sözlük açıklamasını yapmak istiyorsanız VikiSözlükBir şeyin nasıl yapıldığını tarif etmek istiyorsanız VikiKitapÖzlü sözleri eklemek istiyorsanız VikiSöz En çok sorulan...Burada Bulmak istediğim konuya nasıl erişirim? Gezinti Bir madde için ekleme yapacağım ama telif hakları sorunu ne olacak? Kaynaklar Madde hakkında nasıl tartışırım? Tartışma sayfasını kullanın Bir madde için yapıcı eleştiri nasıl yapılır? Tavsiye Bir kullanıcı ile sorunum var. Ne yapmalıyım? Nezaket   (saldırı yasaktır)   ve Sorun çözümü Kolay gelsin... i.e. msj ",0,tr,0.2261586,0
"Merhaba Kasimdiril, Oluşturmuş olduğunuz Dosya:Histidine resonant1.png adlı sayfa, Vikipedi nin hızlı silme kriterlerinden d1 uyarınca silinmeye aday gösterilmiştir. Sayfanın silinmeye neden aday gösterildiği ile ilgili daha fazla bilgi almak için, ilgili kriterde verilen açıklamaları okumanız önerilir. Bu uyarıyı gördüğünüzde sayfa silinmiş olabilir. Eğer sayfanızı bulamıyorsanız silme kayıtlarını kontrol edebilir ve sayfayı silen hizmetli ile irtibata geçebilirsiniz. Reality ",0,tr,0.1872766,0
Anonim kullanıcılara verilen engellerin kısa olmasının nedeni IP adreslerinin değişkenlik göstermesi. Sözkonusu durum ise bunun tam tersini gösterdiğinden kullanıcı süresiz engellenmiştir. Superyetkin       ,0,tr,0.44865492,0
Yani onlar her iki (ezoterik ve ezoterik olmayan) baglamda aynı soczugu kullanmayi yeterli goruyorken bize gelenek yetmiyor mu? - Erhan ,0,tr,0.48658717,0
" 50x50px|left   19 Mayıs Atatürk ü Anma, Gençlik ve Spor Bayramı    gibi maddelere yaptığınız    katkılar    için teşekkürler. Eğer bir kullanıcı adı alıp katkılarınıza devam ederseniz, yaptığınız değişikliklerin değerlendirilmesi daha hızlı ve rahat olur. Ayrıca size yapılan uyarıları ve yönlendirmeleri de bu şekilde görebilirsiniz. Kullanıcı adı almak için    bu    bağlantıya tıklayabilirsiniz. Kolay gelsin.   MEOGLOBAL      Bana mesaj atın    ",0,tr,0.23033325,0
"Merhabalar, şu sayfaya gözatıp yardımcı olabilirseniz sevinirim. Ayrıca buradaki bilgilere bakılırsa daha önce de benzer girişimleri olmuş. Saygılar:) Codecesim ",0,tr,0.25663462,0
 Genelkurmay başkanlığı bir görevdir ve orgeneraller arasından sırayla görev alırlar yaş haddinden emekli olana kadar. Yanisi genelkurmay başkanı olabilmek için önce olabilecek en üst düzey general olmak gerekir ki bu da genelkurmay başkanlarına orgeneral denmesini sebebidir daha basiti o görevi alacak insanın (özellikle insan diyorum senin için) zaten orgeneral olaması lazım. Devlet memurlarını alacakları unvanlar ve özellikle askeri rütbeler kanunlarla düzenlenir ve çok ciddi işlerdir kimse durduk yere bir devlet kadrosunda sıfırdan yüksek bir mevki elde elemez.,0,tr,0.50600857,1
"Merhaba. şurada gerçek olmayan ve trollük amaçlı bir madde açılmış: Pink Shemales of Florida bu başlığı nasıl silebilirim? teşekkürler Depakin 17:35, 19 Eylül 2012 selam, sildim maddeyi. gerekçenizi de yazarak etiketi ekleyebilirsiniz bu durumlarda. teşekkürler, kolay gelsin.    kibele    ",0,tr,0.24944243,0
"Merhaba Mhpli yusuf, Oluşturmuş olduğunuz Yusuf Çoşgun adlı sayfa, Vikipedi nin hızlı silme kriterlerinden g1 uyarınca silinmeye aday gösterilmiştir. Sayfanın silinmeye neden aday gösterildiği ile ilgili daha fazla bilgi almak için, ilgili kriterde verilen açıklamaları okumanız önerilir. Bu uyarıyı gördüğünüzde sayfa silinmiş olabilir. Eğer sayfanızı bulamıyorsanız silme kayıtlarını kontrol edebilir ve sayfayı silen hizmetli ile irtibata geçebilirsiniz. Reality ",0,tr,0.31968448,0
"Teşekkür ederim Nebeviye. İyi bir tank komutanı mıyım, bilmem ) İyi çalışmalar dilerim. Makedon  Rica ederim tank komutanı. =) İyi Çalışmalar    Neb      eviye    ",0,tr,0.44025648,0
"Almanya Kürtleri‎ maddesindeki PKK ile ilgili kısım TBA ihlal ediyor. Maddeyi okuyan düşünebilir,   Almanya da ikamet eden Kürtler ya da Kürt asıllı Almanların tamamı PKK ya bağlı...   diye. PKK maddesine aktarılması uygun değil mi ? Görüşünüzü de almak istiyorum. Takabeg ",0,tr,0.43093905,0
"Örnek: şu katkınız left|50px|Uyarı Lütfen Vikipedi nin  kişisel saldırı yasaktır  politikasına bir göz atın. Bireyler, kurum-kuruluş ya da oluşumlar üzerine değil,    içerik    üzerine yorum yapın. Hakaret ve kişisel saldırılar sadece topluluğa zarar vermekle kalmaz katılımcıları da caydırır. Unutmayınız ki, kişisel saldırılar, toplulukta yaratabileceği rahatsızlık sebebiyle engellenmeye yol açabilir. Lütfen soğukkanlı olunuz ve değişiklik yaparken bunu aklınızdan çıkarmayınız. - Ahmet Turhan (mesaj) ",0,tr,0.2149895,0
 Türkiye İstanbul 2008 King Boks Ağır Readler 1.si: Yarı Finalist    Galatasaray    Türkiye 2009 King Boks Ağır Readler 3.sü: (2009-2010) Şampiyonluğu Türkiye Gümüş Kemer: (2010) Şampiyonluğu,0,tr,0.45437422,0
"Merhaba, maddesini oluşturduğum 2012 Afrika Uluslar Kupası nda Uluslararası futbol turnuvası bilgi kutusu nda anlayamadığım bir problem var. Tabloda hata var. Düzeltemedim. Bilginiz varsa yardımcı olabilirmisiniz. İyi çalışmalar. Totenkopf division  Merhaba. Bilgi kutusundaki o parametreye ülke adı yazınca otomatikman bayrak ile iç bağlantı ekliyor.  Gabon  yazınca sorun yok, ancak  Gabon ve Ekvator Ginesi  yazınca  Gabon ve Ekvator Ginesi  adında bir ülke arıyor, bayrak arıyor eklemek için. Sorun buradan kaynaklanıyordu. Bunun önüne geçmek için bilgi kutusuna eklenmiş başka bir parametre vardı, onu kullanınca sorun çözüldü. İyi çalışmalar.RapsarEfendim?  Çok teşekkür ederim ilginiz için. Tekrar İyi çalışmalar Totenkopf division ",0,tr,0.20453914,0
"merhaba Ertly, buradaki kaynakta görüleceği üzerine bu döneme Türkçede de Interregnum denmiş. Fetret devri dendiğine dair bir Türkçe kaynak bulamadım. Adlandırma için kullandığın kaynak nedir acaba? Selamlar Mskyrider   ileti    Merhaba Mskyrider, senin gösterdiğin gibi çevirmeden de bırakabiliriz, şu kitapta da şöyle bir ifade var:   1649- 60 arasında Cromwell öncülüğünde yaşanan fetret devrinde  . Selamlar...эртлй ილეტი იაზ ",0,tr,0.30839393,0
"2009 yılında bıyıklı kız arkadaşlarıyla arabalarında cinsel ilişkiye girip kullandıkları prezervatifleri hayasızca çoluk çocuğunda yürüdüğü kaldırıma atan mundar kemalistlerin an.sını bellediğimiz sene. Bizim intikamımız ağır oldu, onlar bir saldırdıysa biz binle karşılık verdik 12 eylül referandumundan sonra. )88.232.135.86 ",1,tr,0.51199,1
"kötü değil eziksiniz. kıçınızı yırtmayın kötü olabilmek için. kötü olan benim aslında ) siz eziksiniz, ondan böyle olumsuz tavırlara triplere giriyorsunuz.78.160.45.189 ",1,tr,0.49340388,0
"Karışma lan maddelerime adi eraser siliciler batıyormu lan maddeler sana ve Sabriye aid taraf tutan lavuklar benim açtığım maddelerin nesi var hırbolar satınmı aldınız Vikipediyi babanızdanmı miras kaldı şeref ypsunu kendini bir kalıba sokup insanların emeği sömüren lavuklar siziŞaP, şUP şARALOP 2 (mesaj) 14.24, 23 Şubat 2018 (UTC)ŞaP, şUP şARALOP 2 (mesaj) 14.24, 23 Şubat 2018 (UTC)",1,tr,0.4744113,0
"Ne aptalım (( subst:kad varmış zaten, şimdi buldum nereden c-p yaptığımı.. Neyse, bunu silsem iyi olacak galiba. Metal Militia ",1,tr,0.4452363,0
":Anadolu nun türkleşmesi için yapılan savaşlar sayfasında yaptığınız deneme için teşekkür ederiz. Denemeniz çalıştı, fakat ya geri alındı ya da silindi. Lütfen diğer testleriniz için deneme tahtasını kullanın. Eğer nasıl katkı yapabileceğiniz konusunda daha fazla bilgi edinmek istiyorsanız, lütfen Vikipedi`ye hoş geldiniz sayfasına bir göz atın. Teşekkürler.M. Yalçın Yalhı ",0,tr,0.1682842,0
"Sonuna kadar haklısınız. İMKB ile TOBB un organik bağı yoktur:). Yeni bir kategori oluşturup, değiştirdim, teşekkürler.TOBB ETÜ ",0,tr,0.19771929,0
"Yine aynı senaryo aynı durumlar bu nedir, neden bir türlü toparlanmıyo bu politikalar? Nasıl gelişmesini ilerlemesini bekliyorsunuz vikipediyanın bu şekilde anlamıyorum anlamıyoruz. herkese engel veriliyo. millet uyarılmıyo bile. inciymiş bilmemneymiş, şaka yapıyo işte millet zaten geri alınıyo değişiklikler bu kadar zor mu? önüne geleni engelle çözüm mü bu? kazansanıza milleti defetmek yerine? her allahınkuluna bu kadar kolay engel vermeyin, levent gibi bir adamı nasıl yolladınız anlamak mümkün değil. 88.234.200.74 ",1,tr,0.49029854,0
"Diyarbakır kürdü olan bir kız cinsel anlamda türk kızından farklı değil benim için. yani geçmişte Diyarbakırlı bir kızla yatmış olsam şu an bana fena girerdi bunun acısı )88.85.161.14  a.med miydi adı neydi lan )182.19.37.67  kalaşnikofla düğün yaparlar bunlar, Hizbullah örgütü bunlardan çıkmıştır koduğumun psikopat .rospu çocukları.182.19.37.67 ",1,tr,0.49985078,0
"Ayrıca; bu kullanıcı, kullanıcı sayfamı kendi kullanıcı sayfasına taşımış, devriyelik ve vikipedi ye kayıtlı olunan zamanı gösteren babil kutularını çıkartmasını rica etmiştim. Bana anlamlandıramadığım bu mesajı attı ve içerikten bu iki babil kutusunu da kaldırmadı. Yukarıda diğer mesajımda, bahse konu kullanıcı adını alan kişi, bu kullanıcı mıdır bilemiyorum. Ama içerikten ilgili iki babil kutusunu çıkartmanızı da rica ederim.. Garbino ileti ",0,tr,0.4310433,0
"40px|alt=|link=Değişiklik yaptığınız bir sayfa (Semerkand Yayınları) Vikipedi:Silinmeye aday sayfalar/Semerkand Yayınları sayfasında silinmeye aday gösterildi. Bir fikir birliği oluşana dek tartışma sayfası açık kalacaktır. Tartışmaya herkesin katılımını bekliyoruz. Maddede düzenlemeler yapabilirsiniz, ancak sayfanın üst kısmındaki silinmeye adaylık etiketini çıkarmayın. Teşekkürler.     Nushirevan11         ☾★    ",0,tr,0.18734896,0
"Vikipedia bir ansiklopedidir. Genel olarak içerisinde ingilizce terimler geçebilir ancak , ingilizce türkçe bir sözlük değildir. Bunun Yeri ise wiki sözlük olmalıdır ki. Zaten buranın işleyişi de bu şekildedir.",0,tr,0.27555445,0
 Selamlar. Eurovision için tebrik ederim. Nigar Camal ın Türk bayrağıyla sahneye koşması gerçekten bizi duygulandırdı. Bir anlamda biz de kazanmış olarak kabul ediyoruz ) Tebrikler tekrardan...Rapsar  Teşekkürler! Ama bu ne ya? Neden böyle yapmışsınız? Böyle kardeşlik olurmu? Böyle bir zamanda Ermenistan bayrağı Ana Sayfa′da Haftanın seçkin maddesi!? Şok oldum ya!    Cek Li Taran   mesaj ,0,tr,0.29106995,0
"Selam, Yukarıda adı geçen maddenin silme gerekçesini incelediğimde   madde kayıtlı bir kullanıcı tarafından yazılmışsa o kullanıcıya silme hakkında bilgi verilir   diye bir ibare gördüm. Bu konu hakkında ne diyeceksiniz acaba? Çünkü bana bu konuda uyarı/bilgi mesajı göndermediniz. Buranın işleyişini bilmiyorsunuz herhalde?Işık Yakın (mesaj) ",0,tr,0.2318047,0
"karademir mardin sayfasında ne oluyor anlamadım.Garip garip yazılar.Bi bakarsan sevinirim.İyi çalışmalar (Bu arada aziz nesinin kitabındaki değişikliklerin için sonsuz teşekkürlerimi sunarım)$elim Hoca  Sağ ol ya, bir an önce seçilmesini garantileyip 2009 ÖSS için vikitatile çıkmayı planlıyorum25pxSαвяι¢αи76 ",0,tr,0.45522225,0
"Türkiye Cumhuriyeti Devlet Protokolü başlığında yaptığım düzeltme sonucu  Yüksek Planlama Kurulu  kısmı kırmızı ile kaldı. Bunun nedeni bu konuda bir bilginin olmamasıdır. Bende bu eksikliği gidermek için ilgili web sayfasındaki bilgileri aktardım. Bunlar kamu malı olup telif hakkıyla korunan bilgiler değildir. Kamunun menfaatine aydınlatıcı bilgilerdir. alıntıyı nereden yaptığımı da bildirdim. Saygılarımla. İlgili sitede GÖBL lisansı olduğuna dair bir ibare yok. Farzedelim ki var, bu durumda dahi bire bir kopyala-yapıştır suretiyle madde ekleyemezsiniz. Kendi cümlelerinizle maddeyi oluşturmanız gerek. Sizden ricam, şu sayfaları okumanız. Vikipedi telif ihlali konusunda son derecede titizdir. Teşekkürler, iyi çalışmalar. Metal Militia ",0,tr,0.27912712,0
" 50x50px|left   Vikipedi    ye hoş geldiniz. Herkesi ansiklopedimizin gelişmesine katkıda bulunmaya davet ediyoruz. Katkıda bulunma hakkında daha fazla bilgi almak için hoş geldiniz sayfasına göz atabilirsiniz. Bununla birlikte, gelişmeye katkıda bulunmayan, sayfa boşaltma, hakaret vb. değişiklikler    vandalizm    olarak tanımlanır ve eğer bu tavrınızı sürdürürseniz daha fazla uyarılmadan    engellenebilirsiniz   . Lütfen, diğerlerinin emeklerine zarar vermek yerine ansiklopedimizin gelişmesine yardımcı olun. Teşekkürler. ",0,tr,0.20992172,0
"Selamlar Şablon:Türk tarihi, Şablon:İran Tarihi gibi şablonların sayfa düzeninin gene bozulduğunu farkettim. Ben o şablonların en başına class= infobox  koymuştum. O class kullanıldığında şablonların sayfa düzeni düzeliyordu. O class kaldırılınca gene bozulmuş. Eğer başka bir neden yoksa şablonların başına tekrar class= infobox  koymanızı tavsiye ederim. O zaman sayfa düzeni düzelecektir. -Vikiyazar  Size de kolay gele...    maderibeyza   ileti ",0,tr,0.39132917,0
imzası ingiliz herif diye cıkan ama adı runingfridsrule olan arkadas sana sorabilcegimi soyledi: neden madde ismi degistiremiyorum. (belki birkac gun sonra) dedi. neden birkac gun sonra??? yeni bir uye olarak haklarim nelerdir. bilgi verilecekmi???,0,tr,0.46258372,0
"Yetkin selam, Sİbot VP:SRİA sayfasındaki adaylıkları VH ya eklemiyor sanıyorum. Fark ettiğinden emin olamadığım için buraya yazmak istedim. Kolay gelsin. Coriolis ",0,tr,0.37197074,0
"Sophio Gurieli.jpg kaynak ve lisans sorunu    64px|left|Dosya telif sorunu       Sophio Gurieli.jpg    adlı dosyayı yüklediğiniz için teşekkürler. Dosyanın tanım sayfasında içeriğin kimin tarafından yapıldığı ve telif statüsü hakkında yeterli bilgi bulunmamaktadır. Eğer dosyayı kendiniz yapmadıysanız, içeriğin sahibini belirtmelisiniz. Bir internet sitesinden elde ettiyseniz nereden aldığınızı net şekilde gösteren bir bağlantı veriniz. Eğer dosyanın lisansını biliyorsanız    telif etiketini ekleyiniz   . Yüklediğiniz diğer resimleri kontrol etmek için bu bağlantıyı tıklayınız.    Hızlı silme kriterleri gereğince kaynak ve lisans bilgisi eksik olan dosyalar işaretlendikten bir hafta sonra silinirler   . Sorularınız için Vikipedi:Medya telif soruları sayfasını kullanabilirsiniz. Teşekkürler. Deniz (mesaj) ",0,tr,0.1641058,0
"Selamlar. Özet kısmına yazdıklarını da gördüm. Biraz daha sağduyulu davranıp sorunu tartışma sayfasında yazarak çözmeye çalışabilir misiniz acaba Takabeg le? VP:3GD kuralı gereğince böyle birbirinin değişikliklerini geri almalar yasaktır. Bunun yerine tartışma sayfasında sorun çözülmeye çalışılır, başka kullanıcılar da tartışmaya davet edilebilir vs. ",0,tr,0.33591443,0
Abdullah Çatlı Türkiye topraklarında hiç bir şekilde uyuşturcu tüccarlığından veya kullanıcılığından yargılanmamıştır.Hakkında hiç bi hüküm yoktur.Peki türkiye tabanlı sitenizde niye   uyusturucu kacakcısı   diye geçmektedir?Tarafsız olun dürüst olun.İnsanlar sizin yüzünüzden yanlış bilgiler ön yargılar edinebiliyor bunları düşünün.Yoksa reisi insanlara yanlış tanıtmayı görev mi edindiniz kendinize? Mertsahin9595 (mesaj) ,0,tr,0.4748378,0
"Herhalde okuduğum sen saçma yorumdu.Bu yazdıklarının ardından senin mürid olmadığına da inanmamızı mı bekliyorsun ? Yok artık mı denir ne denir bilemedim,yani  kendi adını taşıyan  we sitesinin, meta taglarında yer alan (keywords)sözcüklerin aslında onu tanıtmadığını!?,onu bulmak için kullanılması gereken sözcüklerin ,aslında onun bulunmaması için yazıldığını (ne de olsa mesih ve benzeri kelimeler onu anlatmıyor değilmi?)mı söylemeye çalışıyorsun ? Bunda mantık hatası diyorsun, bende seni tebrik ediyorum.",1,tr,0.39603555,0
Yelkenkanat makalesi aynı konuyu işliyor. Bu iki başlıktan bir tanesi gereksiz. Bu yüzden bu başlığı değiştiriyorum. Kendim ,0,tr,0.4187664,0
"Merhaba, evet ya o konuyu bende düşünüyordum ancak diğer yılların kaynaklarını eklemek çok zamanımı alır diye es geçip olduğu gibi yapmaya karar vermiştim bundan sonrakilere kaynak eklerim artık. Zaten 2016 yılı Türkçe Top 20 bir numara parçaların listesi ve 2015 yılı Türkçe Top 20 bir numara parçaların listesi sayfalarını hazırlarken tüm kaynakları ekledim )Alptns90 (mesaj) ",0,tr,0.43141565,0
" 50px|left    Lütfen çok kısa içerikli maddeler oluşturmayınız   , bu tür sayfalar taslak kriterlerini sağlamadığı için silinir ya da silinmek üzere işaretlenir. Yarattığınız maddelerin silinmesini önlemek için biraz daha kapsamlı bilgi yazmanız uygun olacaktır. Taslaklar hakkında daha fazla bilgiye Vikipedi:Taslak sayfasından ulaşabilirsiniz.    Ancak    zengin içerikli madde eklemek adına da    telif ihlalinde    bulunmamaya çalışmalı ve eklediğiniz içeriğin    ansiklopedik    ve kayda değer olup olmadığına dikkat etmelisiniz. Bu hassas konuyla ilgili olarak Telif hakları sayfasını da inceleyebilirsiniz. Teşekkürler, iyi çalışmalar. - Eftal GEZER ",0,tr,0.17492582,0
"(Sırasıyla) Omuz örtüsü gri Küçük kaplama telekleri kahverengi (omuzun altında, en az görünen) Ortanca kaplama telekleri beyaz Büyük kaplama telekleri kahverengi Alula kızıl (bunlara  piç  ya da  melez  telekler de deniyor; ne kaplama, ne uçma telekleri) Birincil kaplama telekleri gri (alulanın hemen altı) Üçüncül uçma telekleri açık kahverengi (en üst sıra) İkincil uçma telekleri açık gri Birincil uçma telekleri kahverengi",0,tr,0.49014488,0
"merhaba , Benim de yeni tanıştığım bir ifade. Örneğin son açtığım  Ölüm Hastalığı  masddesi için  novella  tanımının doğru olduğu teyidini aldım. Frock~trwiki (mesaj) ",0,tr,0.17147768,0
"iyi günler ben Buyruk,Buyruk Kümesi Mimarisi başlığı altında bir sayfa açmıştım fakat sonuncusu sizden olmak üzere iki telif ihlali açısından engelleme verildi.Sadece resimleri kopyala/yapıştır yapmıştım onları kaldırdım yine engelleme geldi.Düzeltmek için ne yapabilirim. —   Bu imzasız yorum Kubilay Sezgin (mesaj•katkılar) tarafından eklenmiştir.   Merhaba, şu an üzerinden belli bir süre geçtiği için ayrıntılı bir cevap veremeyeceğim fakat silindiği zamanlarda ben de kontrolünü yapmıştım ve bir sitedeki içerikle 1-1 aynı içeriğe sahip olmasından dolayı silinmişlerdi. Yapabileceğiniz en iyi şey herhangi bir kaynaktan bu şekilde kopyalama yapıştırma yoluna gitmemenizdir ve şayet bir madde yazmak istiyorsanız bunu farklı şekillerde yazarak yapmanızdır. Bir tavsiye olarak, o metni alarak onu özet halinde yazmanızdır. İyi çalışmalar Ugur Basak     mesaj      ",0,tr,0.29248336,0
"Merhabalar. Böyle durumlar şablonunu maddeye ekleyerek aktif çalışma olduğu belirtebilirsiniz. Aksi takdirde çalışmanızın devam edip etmediği bilinemeyeceğinden, son hali kabul edilip işlem uygulanabilir. Çalışmanız devam ettiğine göre maddeyi hemen geri getiriyorum, üzerinden çalışmaya devam edebilirsiniz. Bu arada imza için 4 tilde ~~~~ atmanız kafi. İyi vikiler, iyi çalışmalar   Merube 89        msj      ",0,tr,0.15995747,0
Bir türlü koymayı beceremediğim SAM şablonu hakkında yardımcı olur musunuz? Öğrenci Kolektifleri diye bir madde ye SAM şablonu ekledim ve kayıt yaptım ama koyduğum madde görünmüyor Silinmeye aday maddelerin arasında şimdiden teşekkür ederimLinuxman ,0,tr,0.4841299,0
Selam E4024. Onur Anıtı maddesinin adını Atatürk Anıtı (Samsun) olarak değiştirmişsin fakat anıtın resmî adı bahsettiğin gibi değil. Valiliğin sitesini kaynak olarak göstermene rağmen valiliğin sitesinde Onur Anıtı kullanımı da mevcut. Yine valiliğin tanıtım broşüründe Onur Anıtı olarak bahsedilmiştir heykelden. Samsun Büyükşehir Belediyesi de yine Onur Anıtı demekte. Samsun Kent Müzesi nde de yine aynı kullanım mevcut. T.C. Kültür ve Turizm Bakanlığı da Onur Anıtı demekte. Ancak her ne kadar resmî adı Onur Anıtı olsa da anlaşılabilir sebeplerden ötürü halk arasında daha çok Atatürk Anıtı/Heykeli isminin kullanımı yaygındır. Hatta çoğu Samsunlu dahi Onur Anıtı ismini bilmez. cobija₰  Teşekkür ediyorum bilgiler için. Selamlar. E4024 (mesaj) ,0,tr,0.4165855,0
 Beyaz Zenci senin ne siiikimden ismin var öle? Hem beyaz hemide Zenci. Aynı pragdon yani a*mcığa DON gibi yada bambinin a*mcığı gibi hem ermeni hemide top yani topitop da diyemiyoruz senin içün. ermeni ile top yani tekerlek–yumuşak aynı şeyler emme zenci ilen beyaz zıt.kafa garıştırıyo en iyisi sen BU s*i*k*i*mden ismiin deyiştir.Ayrıca saksoyu üzme. O saksoyu güzel çekiyo gibime geliyoooo. Hehhehheeeeeee....İstersen burada bi sakso atabilir hepimiz için. Eğer ermeni toplardan malzemeyi gurtarabilirse hehhehheeeeeee. 400px 5.47.218.152 ,1,tr,0.5034576,1
"Merhaba Vikiçizer, Farklı bir konu için rahatsız ediyorum. Vikipedi:VikiProje Taslak sınıflandırma altsayfalarını vakit bulabilir de güncelleyebilirsen gireceğin sevabı haddi hesabı yok ) Arada bir taslak şablonu ekleyecek oluyorum ama fena halde eski kalmış bu alt sayfalar. Taslak yardımcısı kapsamı dışında kalmış yeni etiketler de dolayısıyla. Mümkünatı ya da senin eaktin, isteğin var mıdır? Sevgiler    Vito Genovese     Hep aklımda onlar. Bir başlasam devamı gelir. Bakayım. İyi çalışmalar...Vikiçizer (mesaj) ",0,tr,0.26610073,0
"Bu haftanın seçkin maddesi olan akciğer kanseri maddesinin yanındaki resim pek iç açıcı değil; onun yerine insanlara ruhsal yönden zarar vermeyece3k ve daha iç açıcı bir resim koysak daha iyi olabilir. Bunlar hayatın gerçekleri olsa da, insanların bunlardan olumsuz etkilenebileceklerini de göz önüne almalıyız. Görüşü olan?    Ds      Murat      ileti    ",0,tr,0.47687072,0
Ekleme: 2004 te yapılan yarısmada Güney Kıbrıs haritası bilerek gosterilmedi.Hatta TRT  Cyprus  yerine  Greek Part of Southern Cyprus  u kullanmak istedi ama EBU tabiki de izin vermedi.,0,tr,0.33487222,0
"Maddenin 31. satırında ki Fenerbahçe Kariyeri, bir kullanıcı tarafından  Topspor  adıyla vandallık yapılmıştır.Sorunu hallettim ve kullanıcıya uyarı yolladım ancak, bu sayfayı da koruma altına aldım...-memo44- ",0,tr,0.3892803,0
"Amuca kabilesinden olduğumdan dolayı hep bu bilgilerle iç içe büyüdüm. O yüzden asıl kaynak kulağımdır demem gerek. Kabile, Evrenosların aksine kayıt bakımından çok kötü durumda sayılır. Ancak kabile, köylerinin özellikle kendi arasında kız alıp vermeleriyle karışmamış ve birleştirici unsuru olan kökenini unutmamıştır. Amucalar, kendilerinin Osman Gazinin ağabeyi olan Gündüz ün kabilesi olduklarına inanır. Osmanoğullarıyla Gündüz ün akrabalık ilişkisinden dolayı kendilerine Amucalar demektedirler, Yani Osmanoğullarının amucasının kabilesi. Amuca köylerinden bazılarının adları Gündüzler, Gaybılar/Kayıbi, Ertuğrul dur. Bu inanışın üstüne bir de Hayme Ananın kocası Ertuğrul un babası olan Gündüz e dair inanışı eklerseniz Ertuğrul un oğluna babasının ismini verdiği ve soyda birden fazla Gündüz bulunduğu akla gelmektedir. İki tane farklı olasılığın bulunması, ikisinden yanlızca birinin doğru olmasını gerektirmez. İkisi de doğru olabilir.",0,tr,0.49178818,0
Kolay gelsin. Silinen maddeyi düzenleyip tekrar kaydettim neden yeniden etiketlendi ve nasıl düzeltebilirim öğrenebilirmiyim ? Alçekalestanı (mesaj)  HS etiketi yerine SAS ile değiştirdim. Bu tek başına bir kullanıcının karar vermesi ile değerlendirilecek bir husus değil. Tartışma ve görüşlere göre kalır veya silinir. Maurice Flesier msj ,0,tr,0.33814538,0
"Sovyet kozmonotlar|Sovyet kozmonotlar kategorisine]] ait maddeler oluşturulmasıdır.     Her ay bir planlı bir şekilde Sovyetler Birliği ile ilişkin farklı bir hedefe odaklanan işbirliği projesinin dönemki ki ayağına siz de katılım sağlayın. Projeye katılmak için proje sayfasının en altında yer alan katılımcılar bölümüne isminizi eklemeniz ve katkı sunmanız yeterli. Proje kapsamında verilen pek çok ödül sizi bekliyor. Ayrıca anket ve oylamalara katılarak gelecek işbirliği projeleri için öneri ve görüş bildirebilirsiniz. Şimdiden iyi çalışmalar, bol Vikiler! |} Bu mesaj proje toplu mesaj listesindeki kişilere gönderilmiştir. MediaWiki message delivery (mesaj) 13.44, 17 Şubat 2018 (UTC)",0,tr,0.31162718,0
"Arkadaşlar bu ne saşmalık yahu! Tamam diğer bölümler doğru olabilir de Windows ile ilgili bölüm cahillikten ,teknoloji bilmezlikten başka bir şey değil. com1 ,com2,lpt1,.... vs. hepsi port isimleridir. Ne izotopu yahu??? COM seri port ,lpt ise paralel porta verilen isim. Kafayı yiyeceğim artık.Berkaycevherercan (mesaj) ",1,tr,0.40095037,0
"Merhaba, Bu sayfada olduğu gibi bazı parametreler kullanılmış olmasına rağmen kırmızı renkte ve hatalıymış gibi uyarı vermekte. Bakabilir misin? Hedda Gabler (mesaj) 12.47, 17 Ağustos 2018 (UTC)",0,tr,0.22792564,0
/////////////ZAZALAT KÜRT DEĞİLDİR!!! BENİM ANNE TARAFI ZAZALARA DAYANIR VE GEREK ANNEMİN KÖYÜNDEKİ GEREKSE DİĞER ZAZA KÖYLERİNDEKİ İHTİYAR ZAZALAR KENDİLERİNİN HORASAN TÜRKMENLERİNDEN GELDİKLERİNİ SÖYLERLER Kİİ BÖYLEDİR ZATEN. BİZİM KUŞAĞIMIZ İSE ÜST KİMLİK OLARAK KENDİLERİNİ KÜRT OLARAK KABUL EDERLER. BUNUN SORUMLULARI HÜKÜMETİMİZİN BAŞIBOŞLUĞU VE BATI FİŞEKLİ KÜRT ŞOVENİSTLER. ŞAYET ZAZALAR KÜRT OLARAK KABUL EDİLİR VE ZAZALAR DA BÖYLE OLDUĞUNA İNANIRLARSA SÖZDE KÜRDİSTAN IN SINIRLARI 2 KATINA ÇIKAR. YOKSA KÜRTLER ZAZALARI ÇOK SEVDİĞİNDEN BÖYLE YAPMIYORLAR. ZAZACA İSE BİR YEREL DİLDİR. NE TÜRKÇEYLE NE FARSÇAYLA NE DE KÜRTÇEYLE BİR ALAKASI VARDIR. ZAZA TÜRKTÜR FAKAT ZAZACA TÜRK DEĞİL BİR YEREL DİLDİR. BUGÜN İSPANYA NIN KATALAYANYA BÖLGESİNDE OTURAN İSPANYOLLAR İSPANYOLCA DAN TAMAMEN FARKLI KATALANCA YI YEREL DİL OLARAK KONUŞURLAR. ZAZALAR TÜRKTÜR BUNU HER PLATFORMDA BELGELERLE AÇIKLAMAYA VE İSPATLAMAYA HAZIRIM. SAYGILAR (EMREHAN)/////////,1,tr,0.5031675,1
"Homonihilis e katılıyorum, değişiklik sayısı kullanıcının şartlarını incelemek açısından önemli ve bu sebeple 1000 değişiklik anormal değil...Editör olanın editörlüğünü zaten aşağı yukarı 1000 değişiklik sonrası daha sağlıklı inceleyebiliriz. Editör olanın katkı barajı konmadan hizmetliliğe aday olmasının; gerek aday gerek topluluk açısından sadece bir zaman kaybı olacağını düşünüyorum...Vikiçizer ",0,tr,0.4545459,0
"Merhaba Math. Prof., Oluşturmuş olduğunuz Madde döngüsü adlı sayfa, Vikipedi nin hızlı silme kriterlerinden m1 uyarınca silinmeye aday gösterilmiştir. Sayfanın silinmeye neden aday gösterildiği ile ilgili daha fazla bilgi almak için, ilgili kriterde verilen açıklamaları okumanız önerilir. Bu uyarıyı gördüğünüzde sayfa silinmiş olabilir. Eğer sayfanızı bulamıyorsanız silme kayıtlarını kontrol edebilir ve sayfayı silen hizmetli ile irtibata geçebilirsiniz.    Captain Bradley    ",0,tr,0.24876888,0
"Merhaba değerli , neden inat ettiğinizi çözemedim.  VP:OY gereğince yoruma çevrildi.  yazıyor ısrarla geri aldığınız bölümde. Bende bu görüntü kirliliğini kaldırmak için  yorum  şablonunu kullandım aynı kapıya çıkıyor ve daha biçimli bir görüntü oluyor. Neden ısrar ettiğinizi çözememekle birlikte şimdi geri alıyorum. Umarım konuyu anlatabilmişimdir. İyi çalışmalar.    Güray    (İleti) ",0,tr,0.21589503,0
"Bir de şöyle bir kaynak var, İngilizce orda da Hunlar diye geçiyor: http://www.hyperhistory.com/online_n2/people_n2/ppersons2_n2/maotun.html saygılar, Bruno Giordano ",0,tr,0.48192647,0
"Cuchulainn-Marvel-1.png dosyası kullanılmıyor           Cuchulainn-Marvel-1.png    adlı dosyayı yüklediğiniz için teşekkürler. Dosya tanım sayfasında belirtildiği üzere, dosya adil kullanım dosyasıdır ve Vikipedi de adil kullanım politikası kriterlerini sağlamak zorundadır. Şu anda bu dosya hiçbir maddede kullanılmamaktadır. Eğer dosya maddeden çıkarıldıysa, neden çıkarıldığını kontrol ediniz. Eğer kullanılabilir olduğunu düşünüyorsanız yeniden ekleyebilirsiniz. Ancak resmin adil kullanım politikasına kesin olarak uyduğundan emin olunuz. Yüklediğiniz diğer dosyaları kontrol etmek için bu bağlantıyı tıklayınız.    Hızlı silme kriterleri gereğince hiçbir maddede kullanılmayan adil kullanım resimleri işaretlendikten bir hafta sonra silinirler   . Sorularınız için Vikipedi:Medya telif soruları sayfasını kullanabilirsiniz. Teşekkürler. Deniz (mesaj) ",0,tr,0.19238493,0
" ...manalı dörtlükler halinde    namzederek   ...  ifadesini yeniden değiştiriyorum. Çünkü Türkçede  Namz  diye bir kelime yok ki,  namzetmek  olsun. Muhtemelen maddede bu kelime  m  ile  z nin yanlışlıkla yer değiştirmesi neticesinde yer almıştır. Kelimenin  nazmedilerek  yazılması doğru olabilir ki bugün bu kelimenin tam karşılığı  Nizama sokmak  yani  düzenlemek tir. Maddeyi(daha doğrusu kelimeyi) bu şekilde düzeltiyorum:         ...manalı dörtlükler halinde    düzenleyerek   ...        Hasan Sami ",0,tr,0.3170524,0
" , Merakımı mazur görün lütfen,   Doruk455 in gerekçesine katılıyorum   derken? Bahsettiğiniz kullanıcının gerekçesini göremiyorum da.... )   Eğitmen     msj    Merhaba, Doruk455 in yorumuna katılıyorum derken Dr.Coal ın da gerekçesini görmedim yalnız SAS talebinde gerekçesini belirtmiş bence   Dr.Coal a katılıyorum   demek gerekiyor    İnternion   msj  @ , O halde orada/yerinde belirtirseniz, bu durum daha anlaşılır olacaktır..   Eğitmen     msj   ",0,tr,0.38955495,0
" 100px   CEE Bahar 2015 Uluslararası VikiProjesi davetiyesi    Merhaba, Mutlutopuz   Orta ve Doğu Avrupa    ile ilgili maddeleri belirli standartlara ulaştırmayı, çoğaltmayı, geliştirmeyi ve düzenlemeyi hedefleyen    Uluslararası VikiProjesi    ile ilgilenebileceğinizi düşündüm. Ayrıntılı bilgi için    proje sayfasına bakabilirsiniz   . Projede değerli katkılarınızı görmek dileğiyle şimdiden teşekkürler, iyi çalışmalar. Mavrikantmsj ",0,tr,0.16106349,0
"Allah ın evleri diye en değerli,manzaralı,suyu bol yerlere sorgusuz sualsiz Camii ler yaptırılır.Zamanla belediye işleri kılıfına uydurulur. Sonra da özellikle bayram namazlarından cemaat ten camii ye yardım mı camii için dini gasp mı desem; hani camii ye girmeden hela haracı vermeyenlerden istense!.. Uzatmayalım kendi yaptırdığımız camii lerin helalarını bedava kullandırtmıyor Diyanetçiler,belediyeciler,vakıflar,....öte yanda kiliselerde hatta uçaklarda bedava olunca hele hele Hindistan da inek ler istedikleri yerlerde bedava yapınca gel de inekliğe özenme!!! Hepimiz inek olalım ki camii ve diğer umumi helaları paralı işlettiren etkili ve yetkilileri uyaralım,sagılarımla Nefer Zurnacı (bugünden itibaren İnek Nefer olarak yazacağım,çizeceğim.)",1,tr,0.5009496,1
"Siyasi pozisyon referansı olarak verdiğiniz linkte  üçüncü yol  kavramına dair herhangi bir eleştiri yok. Üçüncü yol, kendisini sağ ve sol dışında tanımlayan oluşumları tanımlamak için kullanılmaktadır. Lütfen değişiklik yapmadan önce ilgili maddenin tartışma sayfasında fikrinizi beyan ediniz. -Ostique- (mesaj) ",0,tr,0.38709724,0
"O yorumu yazarken aklımda tek isim vardı ve o ismi siz biliyorsunuz. Sizin isminiz aklımın ucundan değil yanından bile geçmedi. Katkılarınızı izliyorum, pankürdizm ile suçlanamazsınız. Benim  asla kabul edemediğim  şey silinmesi için aday gösterilen o şablonlar Kürt şablonunu açan tarafından bilinmiyor mu? Burnuma iyi kokular gelmiyor; kastım budur. Saygılarımla, kaleminiz kırılmasın. Kmoksy ",0,tr,0.4726169,0
"Bence KM öncesi, ama az bir çalışmayla KM olabilecek maddeler aday olmalı, maddenin yazar(lar)ı ne ekleyeceklerini bilemediklerinde aday gösterebilmeliler. Ona bir ince ayar çekeriz duruma göre, iyice sıradan maddeler için aday gösterilirse adaylıklarını düşürme prosedürü hazırlayalım bir ara. Kolay gele.    Khutuc      k   msj ",0,tr,0.44978514,0
"Maddelerde değişiklik yaparken, lütfen    tarafsız bakış açısıyla    ve ansiklopedik bir dilde yazmaya özen gösterin. Maddelere sakın imza atmayınız, maddelerde reklam yapmayınız, e-posta ve telefon numarası gibi özel bilgilerinizi paylaşmayınız. Kendinizi tanıtabilmek için kullanıcı sayfanızda    Babil    şablonlarını kullanabilirsiniz. Kullanıcılarla mesajlaşırken lütfen nezaket kurallarını unutmayın, herkesin aynen sizin gibi Vikipediyi geliştirmek amacıyla katkıda bulunduğunu ve iyi niyetli olduğunu varsayın.    Beş temel taş   ,    imza kullanımı   ,    Cesur ol   ,    Engelleme politikası   ,    oy kullanımı    politika ve yönergelerini mutlaka okuyun. Aynı kişiye ait birden fazla hesabın ya da farklı kişilere ait olsa bile birden fazla hesabın tartışmalarda avantaj sağlamak amacıyla birlikte hareket etmesinin    Kuklacılık    olarak değerlendirileceğini ve bunun yasak olduğunu unutmayın. Politika ve yönergeleri okuduysanız, değişiklik yapmayı ve Vikipedide neler yapabileceğinizi artık biliyorsanız    cesur olun    ve değişiklik yapmaya başlayın!... Haydi kolay gelsin!    Berm@nya    ",0,tr,0.29586357,0
"Maddelerde değişiklik yaparken, lütfen    tarafsız bir bakış açısıyla    ve ansiklopedik bir dilde yazmaya özen gösterin. Maddelere imza atmayınız, maddelerde reklam yapmayınız, e-posta ve telefon numarası gibi özel bilgilerinizi paylaşmayınız. Kendinizi tanıtabilmek için kullanıcı sayfanızda    Babil    şablonlarını kullanabilirsiniz. Kullanıcılarla mesajlaşırken lütfen nezaket kurallarını unutmayın, herkesin aynen sizin gibi Vikipedi yi geliştirmek amacıyla katkıda bulunduğunu ve iyi niyetli olduğunu varsayın.    Beş temel taş   ,    imza kullanımı   ,    cesur ol   ,    engelleme politikası   ,    oy kullanımı    politika ve yönergelerini mutlaka okuyun. Aynı kişiye ait birden fazla hesabın ya da farklı kişilere ait olsa bile birden fazla hesabın tartışmalarda avantaj sağlamak amacıyla birlikte hareket etmesinin    kuklacılık    olarak değerlendirileceğini ve bunun yasak olduğunu unutmayın. Politika ve yönergeleri okuduysanız, değişiklik yapmayı ve Vikipedi de neler yapabileceğinizi artık biliyorsanız    cesur olun    ve değişiklik yapmaya başlayın!...    Haydi kolay gelsin!    Superyetkin       ",0,tr,0.3093244,0
"  bölücülük  ve  terör  kavramları bakılan yere göre değişir. biz burada nesnel ve tarafsız açıdan bilgi depolamaya çalışıyoruz, siyaset yapmıyoruz. bu isim değişikliğini bir kez daha tekrarlamayın lütfen.    kibele     mesaj   ",0,tr,0.43680075,0
" Merhaba. Nasılsın? Herşey yolundadır umarım. Şurdaki küfürlü ifadeyi silebilir misin? Kolay gelsin. Mimar77  Merhaba Mimar77, siz nasılsınız:) Vandalizm temizlendi, vandallar engellendi. Hoşcakalın...Vikiçizer ",0,tr,0.1956732,0
"Konuyu fazla uzatmak istemiyorum. Birincisi burada eksik bir yer gördüm tamamlama gayreti içine giriştim, internette bir web sitesinden kopyala-yapıştır yaparak eksik olanı tamamlamak istedim ve diğerlerinide bu yöntem ile tamamlayacaktım. En azından boş kalacağına bu yöntem çok daha mantıklı olacaktı. Sizde altına burada yazılanlar şüpheli gibi bir not düşebilirdiniz. Ama silmeyi tercih ettiniz. Ben her ne kadar kopyala yapıştır yapsam bile, bu kopyalama yaptığım sitenin telif haklarını çaldığım anlamına gelmez, çünkü tarihi yazılarda telif hakkı yoktur. Herkes belirli kaynaklardan aktararak internete taşımışlardır. Benim yapmak istediğimde wikide boş kalacağına en azından bir bilgi olarak burada böyle bir verinin girilmesinin mantıklı olacağı düşüncesiydi. Ama demekki boş kalması sizin için daha mantıklıymış. Boş kalsın problem yok. )",0,tr,0.4259174,0
"Merhaba, rica etsem Aday olduğum hizmetli adaylık sayfamda oy kullanıp görüşünüzü belirtir misiniz? İyi vikiler. Bu kullanıcı şu sıralar bir hizmetli adayıdır. İlgili başvuruya göz atmak ve fikrinizi belirtmek için lütfen On 15 sayfasını ziyaret ediniz. On 15 (mesaj) 08.56, 23 Şubat 2018 (UTC)",0,tr,0.32285607,0
Bunu kim istedi bilmiyorum ama diğer bütün sayfalarda az bir bilgi olmasına rağmen kişisel yaşam ile Kariyeri ayrılmış.Kariyeri içinde kişisel bilgilerin verilmesi çok saçma olur.Zaten sayfaya bakınca birbiriyle karışmış gözüküyor.Bende KM adayı olduğu için böyle bir düzeltme yapmıştım.İsterseniz ben tekrar o başlığı ekleyim bir problem olacağını sanmıyorum.Neomaniaamesaj ,0,tr,0.45859742,0
"Vikipedi de deneme yaptığınız için teşekkürler. Denemeniz çalıştı, ancak şu anda ya    geri alındı    ya da    silindi   . Başka bir deneme yapmak istiyorsanız lütfen    deneme tahtasını    kullanın. Ansiklopedimize nasıl katkıda bulunabileceğiniz hakkında daha fazla bilgi edinmek istiyorsanız    hoşgeldin    sayfasına bir göz atın. Teşekkürler. Düşünenadam ",0,tr,0.16767076,0
zaten inceledim senin ismin en son gözüküyordu    SBM      ileti    tekrar incelemenizi öneririm çünkü en son değişiklik yapan maddedeki tüm değişiklikleri yapan kişi değildir. Size bağlantı olarak verdiğim değişiklik geçmişine bakmamışsınız.  Kerizov  değişikliğini benim yapmadığımı kanıtlamama rağmen hâlâ itham etmenizi doğal karşılamıyorum. Mskyrider   ileti   ,0,tr,0.44020462,0
"Merhaba Vito, Kullanıcı:Ugurdede04 adlı kullanıcı defalarca İslam Ansiklopedisi nden kopyala yapıştır yaptı. Geri almama ve uyarmama rağmen hâlâ devam etmektedir. Bir de sen uyarır mısın rica etsem. İyi vikiler.     Nushirevan11         ☾★    ",0,tr,0.32679424,0
 Bir daha dönmemek üzere mankenliği bıraktı  denmiş. Yalnızca  mankenliği bıraktı  sözü daha uygun.  Bir daha dönmemek üzere  bölümü yorum oluyor. Kişilerin biyografisini yazarken ansiklopedide geleceği yazamayız. (Bucalı),0,tr,0.33515286,0
"   Eser örneklerinin ve eser isimlerinin orijinallerine gerek olmadığını düşünüyorum. Parantez içindekiler kafa karıştırıcı, dikkat dağıtıcı olabiliyor bazen.   Bu düşünceniz bence kalıplaşmış bir düşüncelerin yansıması, bazı örnekler okuyanlara ayrı bir bilgi kaynağı da olabilir, ayrıca burası Encyclopædia Britannica veya Encyclopedia Iranica değildir, tabiki bu benim düşüncem isterseniz siz bir düzenleme yapın ve ekleyin.İyi çalışmalar.Tevfik1958 ",0,tr,0.3271795,0
"Buranın kızları güzel olur diyorlar. Nesi güzel anlamadım amk. Ortalama bir iç anadolu Türk ünden bile daha mongoloid tipe sahipler. Sıçanlarınki gibi çekik bir çift göz, sıfatsız ve iğrenç bir surat, kaba iskelet yapısına sahipler. Sanki uzaydan ışınlanmışlar a.nasını satayım. ) Bir de modern geçiniyorlar, biz buna modernite yobazlığı diyoruz. Çünkü Türkiye de modernizm tepeden inmecidir, Avrupadaki gibi tabandan gelişen, kendi iç dinamiği ile ortaya çıkmış bir durum değil. Yani modern felan değiller, bildiğin Lamerler ) Özentiler. Zaten doğuştan o tiple değil modern olsa olsa ezik olunur. )88.231.11.132 ",1,tr,0.4759266,0
"Belgelemeyi yazarken aynı zamanda deneme de yapıyorum, yine bir şey çıktı.  arma_altyazısı  parametresini kullandığımda yazılan metin görünüyor ama otomatik oluşturulan arma bağlantısı iptal oluyor. Aynı şeyi  arma_maddesi nde de yaşıyorum. Bu parametre istenen sayfaya bağlantı vermesi gerekirken, vermiyor bir de üstüne otomatik bağlantıyı da iptal ediyor. Hem çalıyor hem çalışmıyor anlayacağın. Çok uğraştım, düzeltemedim. Bir göz atar mısın: 𐰇𐱅𐰚𐰤 (mesaj) 15.29, 25 Ağustos 2019 (UTC)",0,tr,0.30680442,0
kani bozuklardan hersey beklerim. Istedigin maddenin silinmesi icin sablon koyarsin demek. Ben turk maddelerini mi sildirsem acaba? Hosuna gider mi? Adam ol adam. Gelistirilmelidir ama silinmedir maddesi nerden cikti fasist herif.,1,tr,0.45877534,0
"Şu Wikipedi türk tayfası bedrettin dalan i.t.i.n.i.n. d.ö.l.ü. galiba. Adamı resmen Sütten çıkmış ak kaşık gibi tanıtmışlar. A.n.a.s.ı.n.ı. a.v.r.a.d.ı.n.ı...A.M.K.... pezzoları.... 1990lı yıllarda içinde Dalan Tarkanı nın da kanlı ellerinin bulunduğu kaç FAİLİ MEÇHUL cinayet işlendi bu ülkede biliyor musunuz? Demek oluyor ki siz Faili meçhulleri tavsip ediyorsunuz. Yemin billah ederim hepinizi, gözünüzün yaşına bakmadan, kör testere ile k.e.s.e.r.i.m. ve de gün gelir k.e.s.e.r.l.e.r., bilesiniz... Sadece zaman meselesi......A.M.K. k.u.r.t. sürüsü dölleri.... https://tr.wikisource.org/wiki/2._Ergenekon_%C4%B0ddianamesi/III._B%C3%96L%C3%9CM_%C3%96RG%C3%9CT%C3%9CN_%C4%B0%C5%9ELED%C4%B0%C4%9E%C4%B0_SU%C3%87LAR KurtDüdükleyen (mesaj) ",1,tr,0.4956846,0
Selam Haklısin bencede Kundağı Motorlu Topçu Sistemi daha uygun. Erk  Ben demin bazi değişikliklerde bulundum. Kundağı Motorlu Topçu Sistemi Erk ,0,tr,0.47324193,0
"Tartışmanızın arasına daldığım için özür dilerim. Ama tam yeriyken merak ettiğim bir şeyi sormak istiyorum. Vikipedi nin diğer Wiki versiyonlarıyla kıyaslandığında sıralamadaki yerin (şu an 27.lik), bu sıralamadaki yerin nasıl yükseltilebileceğinin ve bu konudaki projelerin konuşulduğu, tartışıldığı bir yer var mıdır? Varsa bana gösteren olur mu? Teşekkürler, verimli teatiler... Vito Genovese ",0,tr,0.30008942,0
Bilgilendirme için teşekkür ederim. Vikipediye günde birkaç dakikamı ayırabilecek kadar vaktim var ve buraya yararlı olmaya çalışıyorum. Bir daha böyle bir işaretleme işlemine girişirsen söylediklerinizi dikkate alacağım. Teşekkürler.Zemlya Kruglıy ,0,tr,0.3120653,0
Satır başlıklarında paragraf boşluğu bırakmayın. Hatta daha da iyisi bu bağlantıya bir göz atın. Sormak istediğiniz bir şey olursa son değişiklikler sayfasında aktif gördüğünüz bir kullanıcıya ya da bana danışmaktan çekinmeyiniz. ,0,tr,0.36914238,0
"53px|left|Öncelikle    hoşgeldiniz   . Vikipedi sayfalarında    deneme    yapıyor gibisiniz. Yaptığınız değişiklik geri alınacak ya da silinecektir. İsterseniz denemelerinizi    deneme tahtasında    keyfinizce yapabilirsiniz. Vikipedi de herkes değişiklik yapabilir. Vikipedi yi tanımak isterseniz, Vikipedi:Hakkında sayfasına bakabilirsiniz. tema  ileti   ",0,tr,0.19224694,0
"Merhaba Berfu. Biyografilerde film karelerini ancak    film ve içeriği ile ilgili tanıtım ve eleştirel yorum yapmak amacıyla    kullanabiliyoruz. Yani kitap kapaklarındaki gibi kesinlikle kullanılmaz diyemeyiz. Konunun yeterli uzunlukta anlatılmış olması gerek. Buna dikkat edilmemişse, resim maddeden kaldırılabilir. yabancım ",0,tr,0.30551255,0
"Bahçeşehir üniversitesinin yapmış olduğu geniş kapsamlı araştırmada çıkan önemli gerçekler vardır [] Bu araştırmaya göre Türkiye nüfusunun % 78 Türk , % 13 Kürt-zaza belirlenmiştir. 1990 yılı verilerine göre kürt-zaza nüfus oranı % 12.60 seviyesinden,% 13.40 seviyesine çıktığı gözlemlenmiştir. Bölgeler olarak ayrıldığında En çok kürt nüfus yoğunluğu Güneydoğu anadolu bölgesinde nüfusun % 64 Kürt kökenlilerden Geri Kalan nüfus % 36 Türkmen ve Araplardan oluşmaktadır. Doğu anadolu bölgesi Nüfus yapısı ise % 57-58 Türk Kökenlilerden,% 41 Kürtlerden, % 1-2 diğer unsurlardan oluşmakta. Karadeniz bölgesi Kürtlerin en az yaşadığı bölgedir burada her 200 kişiden sadece bir kişi kürt kökenlidir. Kürtlerin hane halkı ortalaması 6.1 kişiden oluşmakta iken Türklerin hana halkı ortalaması % 4.3 kişiden oluştuğu belirlenmiştir.—   Bu imzasız yazı 78.160.102.169 (mesaj • katkılar) tarafından eklenmiştir. 16:37, 13 Haziran 2012  ",0,tr,0.46522945,0
"Şimdiye kadar düzenlemeye çalıştım ama burada birçok iş yapıyoruz ve bunlar çok vaktimizi alıyor. Dediğim gibi böyle maddeler açarsanız hızlı silinecektir. Saygılarımla, SakhalinioBuyrun beniiiim? 16.12, 27 Ocak 2019 (UTC)",0,tr,0.398623,0
"Selam Hakan, Şablon:Yazar bilgi kutusu na  eşi  ve  çoçukları  parametreleri eklenebilir mi? SeyitA biraz uğraştı ama yapamadı. Bir önemli husus ise yazar bilgi kutusunun kişi bilgi kutusu gibi sade olması, bu maddelere görsellik açısından bir şey katmıyor. Yazar bilgi kutusuna Google logosundaki biraz koyu olan sarı renk eklenebilir mi? Yoksa var olan sayfalarda bunu özel bir renk koduyla mı yapmak gerekiyor? Yazar bilgi kutusuna dair 3 öneri yapılabilirse güzel bir görünüm olabilir. İyi bayramlar.Kingbjelica (mesaj)  Merhaba Kullanıcı:Kingbjelica, şablonlarla ilgili çok fazla tecrübem yok. bir gözatacağım.    H   akan·IST ",0,tr,0.27088645,0
Bu haritada cok buyuk eksliklikler var. Neye gore duzenlenmis belli degil. Sirf Ingilizce sayfada var diye buraya da eklemek zorunda miyiz? Gunumuzde Silifke-Gulnar-Ermenek-Konya arasinda da buyuk nufuslu Yoruk guruplari yasamaktadir. Hatta Yoruk deyince haberlerde vs en cok bunlar cikar. Fakat haritada yoklar. Bu haritayi kaldirabilir miyiz? Okuyuculari yaniltiyor. Fish2015 (mesaj) ,0,tr,0.45785722,0
"217.248.174.129 anonim kullanıcıyı şikayet ederken benimle ilişkili bir hesap olduğunu söylemişşiniz. O kullanici beni de tehtit etti ve hakaretlerde bulundu. Ayrıca çalışmalarım engelleyip maddelere yaptığım değişiklerle verdiğim kaynaklari farklı hesaplar kullanarak değiştirdi (sünnetliyim, . Ayrıca mesaj sayfama yazmasi gereken şeyleri kullanici sayfama yazdı. Kendi kendime bunlari yapmış olamam değil mi? Şikayetinisi düzeltirseniz memnun olurum. Teşekkürler. Saba i nihavend (mesaj) ",0,tr,0.39194366,0
" Merhaba, maddeyi açan kullanıcıyla bir yazışmamız oldu, mesaj sayfalarından göz atabilirsiniz. Maddenin ciddi olarak kaynaklandırılması gerekiyor, kullanıcının bunu gerçekleştirimesini kendisinden talep ediyorum. Silinen diğerlerini geri getirme işini kaynaklandırma çözümlenmeden tavsiye etmem...Hoşcakalın...Vikiçizer ",0,tr,0.20021477,0
"Selamlar. Sizden bir isteğim olacaktı. Şu İngilizce metni çevirebilir misiniz? Cadılar Bayramı III maddesi için kullanılacak. Ben çeviremedim.    We didn t exactly have a whole lot of money for things like props, so we asked Post, who had provided the shape mask for the earlier  Halloween [II] ..., if we could work out a deal.    İyi çalışmalar.   Gökçє Yörük    ",0,tr,0.25718367,0
" tamamdır, ben Minerva McGonagall dan başlayayım yazmaya, sen de istersen yine okul içinden birisiyle veya direk sihir bakanlığı ile başla ilk aklıma gelenler bunlar ",0,tr,0.50194484,1
Merhaba zamanında şablona  haber  kısmı eklenmiş ama içerik güncellenmediği için içeriğin kanımca kaldırılmasından yanayım. —    heddagabler    ,0,tr,0.46793312,0
Ffeyza362 (mesaj) 1 nisan şaka günün kutlu olsun sevgili kumul bunu tekrar etmek istyorum tarihte bugün okudum guncelle,0,tr,0.5031499,1
ilginç olarak hemen hepsi benim apo dayımdır dediğim 15 şubat tarihinden sonra ilginç bir ülkeyi ziyaret ediyrlar ) sanki prgramlanmış gibi hepsi aynı şeyi yapmış mk.185.58.19.238 ,0,tr,0.5000578,1
"tıpkı sizin; siz bana şu anda diyorsunuz ki tüm güncellediğini maddeleri, sayfaya çıkardığınız biyografileri, filmleri unutun çünkü portalı önce ben yapmıştım  demenizdeki ni eksikliğini göreneyen gözleriniz ben nı harfini eksik yazdığımda görüyor hayret... sözel bölümde misiniz acaba, isterseniz dilbilim ile ilgili yazdığım maddeleri okuyabilirsiniz. kolay gelsin. Tegiiin ",0,tr,0.43883717,0
Merhaba. Sorunları hallederim şimdi. Oluşturduğun bilgi kutusu tam olarak ne için bu arada? Vardır belki bizde )Rapsar da ne ki? ,0,tr,0.2892427,0
"25px|alt=Bilgilendirme simgesi Merhaba, ben . Bilmeni isterim ki :Kahve maddesindekidan bir kısmını tanıtım amacı taşıdığı için geri aldım. Tanıtım yapmak ve Vikipedi yi  özgür kürsü  olarak kullanmak Vikipedi politikalarına aykırıdır ve bu davranışa izin verilmez. Vikipedi hakkında daha fazla bilgi almak için karşılama sayfasına göz atabilirsin. Teşekkürler! ",0,tr,0.16127814,0
Merhaba. Konuyu maddenin tartışma sayfasında dile getirip topluluğun görüşünü aldıktan sonra gerekli değişiklikleri yapabilirsiniz. Superyetkin       ,0,tr,0.36072147,0
Ben bu telif saçmalığından sıkıldım. İnternetin genel mantığı tamamiyle telif anlayışına ters. Hiç kimsenin umurunda olmayacak bir takım yazıları telif diye tutturup boşu boşuna siliyorsunuz. Bu yaptığınız harcanmış emeğe daha fazla boşuna emek harcayıp onu sıfırlamaktan başka bir şey değil. Lütfen  aman mahkemeye verirler  deyip gülünç olmayın. Türkiye de bir dava açmanın tutarının ne olduğunu biliyor musunuz? Hele böyle masum bir amaçlı ansiklopedi için insanların işi yok da dava açacaklar! Şimdi de izin alınmış sitelerde de kopyalama yapılamaz demek çıktı. Burada turkcebilgi ve rehber ansiklopedisinden kopyalanmış binden fazla makale var. Hepsini silin o zaman. Bu böyle sürecekse ben yöneticiliği de katkıcılığı da bırakıyorum. Prosure ,1,tr,0.48464614,0
"40px|alt=|link=Değişiklik yaptığınız bir sayfa (Ali Öztürk (Danıştay Üyesi)) Vikipedi:Silinmeye aday sayfalar/Ali Öztürk (Danıştay Üyesi) sayfasında silinmeye aday gösterildi. Bir fikir birliği oluşana dek tartışma sayfası açık kalacaktır. Tartışmaya herkesin katılımını bekliyoruz. Maddede düzenlemeler yapabilirsiniz, ancak sayfanın üst kısmındaki silinmeye adaylık etiketini çıkarmayın. Teşekkürler.     Nushirevan11         Ⓜ    10.53, 27 Mart 2018 (UTC)",0,tr,0.2530845,0
"Mildred Davis sayfasını boşalttım, şimdi maddeyi doldurabilirsiniz. Mildrde B. Davis sayfasına yönlendirme yok şu anda, ama siz maddeye içerik doldurana kadar bir yönetici Mildred Davis sayfasını silse bile siz yeni baştan ekleyebilirsiniz. İyi çalışmalar...Hoşcakalın...Vikipedist ",0,tr,0.36267817,0
"Merhaba, ben Diyapazon. Oluşturduğun Berk URAL maddesini Vikipedi nin hızlı silme kriterlerinden  M6. Kayda değer olmayan kurgusal veya gerçek kişi, grup, kurum, ürün, eser veya internet içerikleri ile ilgili sayfalar silinebilir.  kriterine uyduğuna inandığımdan silinmesi için işaretledim. Hizmetliler maddeyi ve tartışma sayfasını inceledikten sonra karar verecekler. Eğer bir hata yaptığımı düşünüyorsan ya da herhangi bir sorun varsa üzerinden bana ulaşabilirsin. Teşekkürler.    Diyapazon    ",0,tr,0.16464166,0
   Kullanıcı sayfanızı    veya kullanıcı mesaj sayfanızı  adını değiştir  sekmesine basarak değiştirmemeniz önemle rica olunur. Bu işlem gerçek anlamda    kullanıcı adınızı    değiştiremez; sadece kullanıcı sayfanızı başka bir sayfaya    yönlendirir   . Kullanıcı adınızı değiştirmek istiyorsanız    bu sayfaya    gözatabilirsiniz. Teşekkürler.Levent Abi ,0,tr,0.27814198,0
Ben düzenlerim. Daha sonra siz parametrelerde ufak düzenlemeler yaparsınız. Birkaç saat içinde yaparım yeni şablonu. Tamam? ,0,tr,0.36402094,0
Ama beyefendi dediğim gibi    lehçenin lehçesi    gibi bir deli saçmalığına sebebiyet veriyor bu namlanmalar.İngilizce vikipediye bakınzıen:Turkic languages bunun Türkçesini de belirttim size.Türkler mevzuunda ısrarla abartı yapılıyor.Ben mevzu bahis ülkelerdeki son nüfus kayıtlarını ekliyorum.Ancak milliyetçi sanrılarla bunlar kat be kat yapılmaya çalışılıyor.Lütfen eklediğim linklere bakın inanmaz iseniz.Saygılar.,0,tr,0.4609374,0
Benimle uğraşma defol git. Sen kimsin de yorum yapıyorsun. Bir de utanmadan herkese mesaj göndermişsin. Sen millete yalakalık yaparak devriye ol. Bir daha devriyelik başvurusunun altına yorum yapma.Orhan 1917 ,1,tr,0.39945912,0
"İş Birliği Projesi Haftanın 1. si|100pik    İş Birliği Projesi Haftanın 1. si ödülünün sahibi oldunuz!    Merhaba Ali Haydar, Bu haftaki İş Birliği Projesi ne katılımınız için çok teşekkürler. Coldplay diskografisindeki albüm ve single maddelerinin oluşturulması konulu projedeki performansınız sonrasında    İş Birliği Projesi Haftanın 1. si    ödülünün sahibi oldunuz. Proje kapsamında verilen ödüllere    buradan   , geçmiş kazananlara    buradan   , kullanıcıların ödül koleksiyonlarına ise    buradan    bakabilirsiniz. Sonraki haftalarda da katılımınızın devamını umuyorum. Sevgiler...~ Z (m) 23.10, 29 Nisan 2018 (UTC)",0,tr,0.24259986,0
"Merhaba İloşda, bir başka kullanıcıya mesaj atarken lütfen mesaj sayfalarının en üstünde bulunan    +    (   değiştir   in yanındaki    +   ) sekmesini tıkla. Ayrıca birine mesaj yazarken, yazı yazdığın bölümdeki üstte bulunan 29 küçük kutucuğun onuncu sekmesine tıkla. Böylece mesajının yanında adın belirecektir. Bu da sana ulaşımı kolaylaştıracaktır. Msn adresime gelince ben Msn Messenger kullanmayı sevmiyorum. Yardıma ihtiyacın olursa bana veya diğer Vikipedist arkadaşlarımıza danışabilirsin. Teşekkürler ve iyi çalışmalar.    Mızrak   msj ",0,tr,0.29642949,0
" nedir açıklama? kısmen olunca şuraya, tam olunca buraya ekliyoruz kısmının açıklamasını soruyorum. nerede yazıyor bu?    kibele    ",0,tr,0.27402136,0
Bu mesajı bana mı yazdınız yetkilerinizi kötüye kullanıyorsunuz diye anlayamadım ? Şimdi biri vikipedi mizah sayfasında POMA ya değinirse ne yapacaksınız ? VOMA (Vikipedi Olaylarına Müdahale Aracı) ? Bence siz de sadece etiket koymanız gereken yerdeki yazıları silerek iyi etmiyorsunuz. Neden silinmesini istediğini görmek için geriye gidip bakmak gerekiyor. Hoşgörü hoşgörü hoşgörü. Boyalikus (mesaj) ,0,tr,0.44116575,0
"Böyle sacma sapan seyler yazmadan, Ilk önce elinizde olan bir delil gösterin, kaynaginizi bildirin! Her gelen sacma sapan seyler yazmasin lütfen, AKP ye hem laf atiyorsunuz, hemde kendiniz istediginiz yalanlari uyduruyorsunuz! Dunpeal ",1,tr,0.50500804,1
Öncelikle Erozyon maddesinin kaliteli madde olabilmesi için vermiş olduğunuz destek için teşekkür ederim. Bu madde hala gelişmesini sürdürmektedir. Bu maddeye bulunacağınız katkılarda beni çok mutlu eder. Bunun dışındada sizinle birlikte ortak çalışma yapmayı çok isterim. Saygılarımla.Arjety ,0,tr,0.34063396,0
mesajlaşma aynen bu yaptığımız gibi oluyor. ) Tabiki biraz Vikipedi yi tanımanda fayda var. Sonrasında soruların olursa Vikipedist lerin mesaj sayfasına sorunu yazabilirsin. Benim sayfama mesaj yazdığın gibi. ,0,tr,0.37864235,0
Bence de sayfa İngilizceye çevrilmeli.Çünkü tarihe tarafsız bakılmalı.Sonuçta bunlar da gerçekten yaşandı ve tüm dünyanında bunnları bilmeye hakkı var diye düşünüyorum.81.214.221.39 ,0,tr,0.48660737,0
Yarattım. Sence tamam mı? Oh BambiI cried so hard when those hunters shot your mommy ,1,tr,0.48966262,0
Bu arada aklıma geldi. Vikipedi yi ne kadar tanıdığını bilmiyorum ama bu ansiklopediyi senin benim gibi herhangi insanlar oluşturuyor. Yani herhangi bir editör üst kurul falan yok. Makale tartışmalarında yaptığın yorumlardan biraz sanki yapıyı yanlış anladığını düşündüm. Mesela Küreselleşme makalesini hiç yokken herhangi biri gelip yazmış. (Ya da kopyalamış). Yine herhangi biri değiştirecek. Eldeki metin sadece bu o yüzden onu kullanıyoruz gibi bir mantık yok. Sadece en son hali o olduğu için öyle. Biri gelip (sen ben dahil) makalenin kısımlarını silebilir. Ekleyebilir. Bu durum Vikipedi de gördüğün tüm sayfalar için geçerli. O yüzden bir kaynaktan komple bir metin ile değişikliği yerine hataların ufak ufak düzeltilmesi şeklinde ilerliyor makaleler genelde. Bir yanlış anlaşılma olmasın istedim. ,0,tr,0.40360233,0
" merhaba, açtığınız Büyülü fener maddesini daha önce açılmış olan Büyülü Fener (aygıt) maddesine yönlendirdim. bilgileri bu maddeye ekleyebilirsiniz. kolay gelsin.    kibele     mesaj   ",0,tr,0.18528728,0
"Kösem Sultan sayfasinda, ogullari arasinda 2. Osman(genc Osman) tarafindan idam ettirilen Sehzade Mehmet i göremedim 188.100.230.127 ",0,tr,0.5078248,1
