comment_text,y_true,y_prob,y_pred,lang
"Cyrax, no hagas caso a los mensajes de , pues es un títere obvio de . Mira esto. ",0,0.600266695022583,1,es
"El artículo que nominaste como artículo bueno, Historia del Palacio Real de Madrid, ha sido aprobado 18px, ve a Discusión:Historia del Palacio Real de Madrid para los eventuales comentarios sobre el artículo. Si además eres el redactor o traductor principal, ahora que ya sabes bien qué es un artículo bueno, puedes evaluar algún artículo nominado en el cual no hayas trabajado en forma significativa, para aprobarlo o reprobarlo según corresponda tal como lo indican los procedimientos. Gracias por tu participación. Alelapenya (vamos lá falar) (discusión) 17:03 28 ene 2012 (UTC)",0,0.00035812699934467673,0,es
"He estado intentado inscribirme en varios proyectos, pere no se como firmar; ¿me ayudas? Alvaro Perez Perez (discusión) 18/01/2013 (UTC)",0,0.0011010224698111415,0,es
"Estimada Linuxmanía, efectivamente cuando se habla de un mundo como el de los conferenciantes hay que hacer referencia a ciertos individuos que son referente internacional y nacional. Es como hablar de Historia Medieval Andaluza y no citar a Ladero Quesada. Pero mi interés está en el mundo de las conferencias ya que me parece apasionante y en continúo crecimiento creando una gran riqueza como nuevo sector influyente. Respecto a Kombucha, creo que tu obsesión contra este empresario te ha llevado a confundirte. Mi única edición en ese artículo era la inclusión de una referencia solicitada respecto al momento en el que esa bebida ha entrado en España (y la referencia hablaba de su entrada en la casa real, nada más, de una revista de tendencias).",0,0.00028473749989643693,0,es
" qué pesados sois todos, yo lo tengo claro, el pp y psoe manipularon para ganar las elecciones, y ahora ni pp ni psoe saben cómo salir de este berenjenal. ¿que eta tuvo que ver en el 11-m? puede que sí, desde luego no lo lamentaron. Al psoe y acólitos les viene bien relacionarlo con la guerra de irak, y al pp y acólitos les viene bien relacionarlo con eta. En cualquier caso, lo único cierto de todo este asunto es que no sabemos casi nada de ese asesinato, y en lugar de tratar de hacer justicia nos tiramos mierda entre todos. y luego dicen que los americanos son gilipollas, anda que...",1,0.9256797432899475,1,es
"No me interesa nada Soraya Arnelas, pero este artículo es tremendamente tendencioso. Debería haber sido enfocado de una manera más seria y objetiva. Ejemplos:  Es una cantante de música asquerosa - un tanto subjetivo, ¿no?  Aún no ha llegado al disco de oro - por favor, enlaces que confirmen este punto. Y así, un sinfín más de datos.",1,0.06537400186061859,0,es
"No creo que la legislatura sea de Andalucía, me parece más poner que la legislatura es del Parlamento de Andalucía y no de Andalucía a secas. ",0,0.0025719075929373503,0,es
Que paséis tu y los tuyos unas muy felices fiestas y tengáis un maravilloso año nuevo. Díjolo LMLM > ¡Contáimelo! 18:03 24 dic 2013 (UTC). PD La foto me ha encantado,0,0.0024608958046883345,0,es
"Hola! veo que fuiste el último en votar en WP:CS, te invito a ayudarme con la creación de el Proyecto Colaborativo Región de la Semana, muchas gracias, ",0,0.00047939777141436934,0,es
"Me gustaría que aňadiéseis a Juanjo Huesca, actual presidente del Burjassot quien a logrado que el Burjassot obtenga su mejor temporada histórica y a ayudado a reducir en gran número la deuda del Burjasot ",0,0.0006102601182647049,0,es
"Hola, le escribo para comentarle que por políticas del proyecto no debe borrar su página de discusión, a no ser que sean clara violación de la etiqueta, cosa que no ha sucedido; las puede archivar en todo caso.Gracias por su comprensión y saludos cordiales.",0,0.0005089007900096476,0,es
"Alguien podría mejorar esta entrada?? la verdad es triste y patético que para conocer más de esta empresa me tenga que ir, una vez más, a la versión en inglés. Saludos",0,0.05143336206674576,0,es
"-al pan,pan y al vino,vino YO HABLO CASTELLANO. si al ingles no le llamas britanico ¿por que llamas español al castellano? reconocimiento como denominacion a la lengua CASTELLANA!!!!!",0,0.006295722909271717,0,es
"A mi me parece que ese artículo es promocional y de borrado directo, pero si tú sabes algo que amerite su permanencia en la enciclopedia, házmelo saber (es muy posible que yo ignore algo importante al respecto). Con más antecedentes veré si es necesaria una consulta de borrado o no. Salud ",0,0.0008199590374715626,0,es
"Siempre que se me acuse de parcialidad y/o arbitrariedad no demostrada por el simple objetivismo de alguien cuyo desconocimiento queda entre cubierto en las brumas de su magnificencia, responderé de manera similar; No así como aquellos que han borrado mis contribuciones por su propio capricho, sin mediar palabra ni hablar justificación alguna. A más, respetado Pichu Sexto, este tonto juego de deshacer y deshacer lo deshecho creo que nos está llevando a alguna parte..",0,0.17452318966388702,0,es
"He puesto el enlace de un sindicato ultranacionalista, fascista, neonazi y racista de España (que no es el único). No entiendo bien por qué hay enlaces a partidos políticos. ",0,0.3785070478916168,0,es
"Hola, sí, eso de  la Argentina  siempre lo he encontrado algo raro, aunque ambas formas con correctas, quizá simplemente  Argentina  es más aceptada, Me parece que necesitamos un espacio común para conversar estos temas de categorías, veré que hago al respecto, Saludos ",0,0.0006774860667064786,0,es
"El primero le falta desarrollarse, pero se ajusta al objetivo del proyecto, el segundo no; además de que es una copia del francés, es más para Wikinews o para un artículo enciclopédico que para El Noticiero.    Miguu         ¡Parlamenta!      05:00 13 abr 2019 (UTC) Ah, y la próxima vez crea tus propuestas bajo una subpágina de tu usuario, no bajo subpáginas del Noticiero.    Miguu         ¡Parlamenta!      05:00 13 abr 2019 (UTC)",0,0.00044773839181289077,0,es
"Hola Alelapenya, ¿Tendrás un minuto para ver si le retiramos la plantilla al artículo? Saludos ",0,0.002864980837330222,0,es
"Hola. Respecto a tu edición en «Anexo:Hechizos en Harry Potter», yo estaba cambiando los enlaces a esas plantillas inexistentes para que se vean igual que antes de que dichas plantillas fueran eliminadas. No sé si estás de acuerdo con esto que tenía planeado hacer, pero si lo estás, avisame que lo hago y listo. Si no, avisame también y vemos. Un saludo, Facu-",0,0.0005456306971609592,0,es
" Esa lectura esta errada, Trevor esta cargado de errores, te recomiendo Hitler por Ian Kershaw, por tu ignorancia estas dañando un articulo historico importante, no lo dañes ni vandalices por favor, el partido nazi no era ni de extrema derecha ni fascista son cosas totalmente distintas . ",0,0.447103887796402,0,es
"no borres la página  Gregory Materán , soy suntío y comienzo a hacerle su registro biográfico, soy Abogado y politólogo de la Universidad de Los Andes- Mérida, Venezuela",0,0.0018968749791383743,0,es
"Es solo una enumeración de los deseos imperialistas de un grupo de acomplejados. Es absurda la división que se usa, es absurdo hablar de Leon, La Mancha, La Rioja... como partes de esta cosa, cuando lo único que fueron es parte de la Corona, al igual que Galicia, Asturias, Extremadura, Andalucía, Murcia... a las que no colocan aquí, porque ya saben lo que les van a responder. Que envidia tienen algunos, que como no pueden ser nacionalistas periféricos, y les da cosa ser nacionalistas centralistas, se inventan la mayor chorrada de la política española del siglo pasado: la conciencia nacional castellana, es que da risa hasta escribirlo. En fin, al viento banderas imperiales...",0,0.007915142923593521,0,es
NO MAMEN NO VOY A LEER ESTO NI EN PINCHES 4 AÑOS APRENDE A RESUMIR. REGRESA A LA PRIMARIA KVRON!!,1,0.29324501752853394,0,es
"Esto ya está hecho (te aviso porque no figura en la lista de seguimiento). Saludos, Marcelo 12px   (Mensajes aquí)   00:39 14 ago 2018 (UTC)",0,0.000555595092009753,0,es
"Si finalmente decides abrir a los premiados en ediciones anteriores la participación en la votación te sugiero lo siguiente: Si sólo eres tú el que eliges, podrías parecer como un poco  autoritario  y algún miembro del jurado podría sentirse molesto, te sugiero que des a conocer, entre el jurado, el resultado de las votaciones y como al fin y al cabo sólo tú las conoces... pues es lo mismo que si en las elecciones a un parlamento tú eres el único que tiene acceso al recuento de votos de la urna... Cuando decidas dar el paso nos tienes que explicar exactamente qué debemos votar, en qué consiste cada categoría, cuántos candidatos podemos presentar, plazos para presentar candidaturas, etc. Un fuerte abrazo y gracias por tus comentarios. Claro, ahora que lo pienso, las votaciones, al hacerlas en tu página de discursión serían publicas... Bueno, decide tú, siempre podrás ir mejorando el sistema en ediciones de años posteriores.",0,0.00031698463135398924,0,es
" puertas abiertas a la imaginación , q bonita forma de decirlo. Aunque también podríamos decir: “puertas abiertas a la frustración”, sabiendo q no somos eternos y q no nos encontramos como esos dos personajes todos los días, dejar escapar una ocasión así, es un PECADO por no decir una COLOSAL IDIOTEZ.",0,0.9835553765296936,1,es
 400px|center   Siempre con el cambio de año y solsticio se produce una Renovatio que es el refuerzo de la esperanza       ¡¡¡ FELICES FIESTAS y PALINGENESIA PARA TI MARISA y PARA TODOS TUS SERES QUERIDOS         José  ¿y usted qué opina?  01:31 24 dic 2013 (UTC),0,0.029513821005821228,0,es
"Que tal Luicheto, he buscado un poco sobre la fecha de nacimiento de  Récord ; como bien mencionas, hay fuentes que ubican su nacimiento en 1896 como el libro del 95 aniversario del América y algunas de Televisa, sin embargo, también hay otras que lo ubican después, como Carlos Calderón o Héctor Hernández que mantienen que fue en 1904. Algo que también no me parece lógico es que estudiara en el Colegio Mascarones a los 20 años de edad y junto a por ejemplo Germán Núñez que se dice nació en 1903; o también la foto del equipo en 1916 donde me parece evidente que no tenía 20 años de edad. Si no crees adecuado que se ponga que tenía 13 años, te propongo que quitemos la frase  quien contaba con solo 20 años de edad  (que a su vez no me parece algo tan relevante) por lo menos en lo que pudieramos constatar más datos. Trataré de ponerme en contacto con Carlos Calderón y Héctor Hernández para ver si pudieran apoyarnos con más información. Saludos. ",0,0.0003091083199251443,0,es
"Hola, qué tal. Estoy trabajando en un proyecto y necesito que me dibujes un monigote. Sería un monigote que tuviera cara de subnormal, como tú, para ilustrar una página del proyecto donde hablo de ti. 88.3.182.",1,0.10028699040412903,0,es
Salve Iosephvs! Esta es la consulta de borrado que te recomiendo para hoy o para mañana o para cuando buenamente puedas. Y ya me contarás. Tató monamí. ,0,0.015486887656152248,0,es
"en el messenger... chateando, mi cartel dice salí a comer pero no le hagas caso.Laura ",0,0.015017900615930557,0,es
"eso de la humildad... como nunca pueden salir de ella superándose, se lo tienen que creer... religión de pobres, decía Nietzche.   El hombre superior es superior, sabe que es superior, y dice que es superior   (Confucio). Se llama objetividad, honestidad, franqueza, etc.    DamiFB   , todavía en un país donde se permite la libre expresión, no gobernado por capataces esclavos y minihitleritos.",0,0.060249704867601395,0,es
"Los objetivos de las empresas que contratan a estas personas pueden ser: Favorecer el desarrollo intelectual, físico y psíquico de estas personas Ofrecerles una oportunidad para experimentar el trabajo con otras personas asimismo integrarse. Crear conciencia de que todas las personas pueden realizar un trabajo y que pueden integrarse en el mundo laboral como todas las personas que no tienen las dificultades que tienen estos. Otro de los objetivos es hacer conciencia de que estos programas no solo ayudan a las personas a conseguir su independencia económica sino que también ayudan a crecer y a encontrar el apoyo de otros ámbitos que no sean sólo los de la vida familiar Otro objetivo importantes es que todas las personas con discapacidad tengan los mismos derechos, asimismo de iguales beneficios que tienen los demás empleados El recurso más importante de estos programas es el ser humano. Son programas que ayudan al aprendizaje tanto de la empresa que lleva a cabo estos programas, como también para sus empleados, instituciones, y los propios jóvenes que tienen dicha capacidad y lo más importante es que ayudan a que estas personas se sientan útiles y a que sean felices.",0,0.00023867182608228177,0,es
yo dijo q esto no es lo q buscamos y yo tambien dijo q esto es para los locos y locas q len esto va q les quede bin pero bien claro................... mua bye,0,0.7400106191635132,1,es
"¿Abierto al diálogo, Salvaeditor, después de revertir cinco veces seguidas en menos de 24 horas las ediciones de varios usuarios distintos sin siquiera debatir el tema? No se trata de quien tiene razón en el contenido de las ediciones sino de la forma en que te estás moviendo, sin escuchar a los otros, imponiendo a la fuerza tus convicciones, acusando a los demás de mentir y victimizándote cuando nadie te ataca. En este proyecto se trabaja por consensos, no por imposiciones.    JALU         ♀      13:05 24 ago 2014 (UTC)",0,0.0029539847746491432,0,es
"Bueno, creo que lo más básico ya está. Si puedes, retoca Jesús de Nazaret para cuadrar bien la información y añadir un párrafo justo debajo del . Te lo digo porque probablemente tú sepas mejor que yo cuál es la forma ideal de presentar el tema, habida cuenta de que yo estoy pez en la materia X-(. También te recomendaría enlazar el artículo específico con el general, de manera que en Contexto social de Jesús de Nazaret aparezca una sección tipo  véase también , metiendo ahí un link hacia Jesús de Nazaret. Por cierto, que me estoy fijando que este último artículo es realmente grande. Voy a ver si termino de leerlo, que lo mismo hay otra forma mejor de meter el AP. Nos vemos! Gaeddal ",0,0.0007296979892998934,0,es
Que te voy a decir que tú no sepas ) Nabracetes. Ensada Pulse por su cuenta y ,0,0.2766936123371124,0,es
Pedazo de trabajo te estas metiendo con la historia de la evolucion de los equipajes desde aqui y de parte de todos(creo)gracias queda guapo de cojones...,0,0.845805287361145,1,es
"No es mala idea. De hecho, yo estaba pensando descolgarme ya del reto mensual, pero esto vuelve a ilusionarme. El problema es que contabilizar los artículos a mano es muy tedioso, así que habría que disponer de una herramienta tipo escaladix que lo hiciera automáticamente. Y tampoco estaría mal disponer de resultados parciales cada tres meses o similar. Yo me apunto ) . Saludos de ",0,0.0005218014121055603,0,es
"PORQUE NO ENSEÑAN LA VERDAD PORQUE NO SE APEGAN A LA BILIA ACOMO MANDA EL CRISTIANISMO???   EL UNICO MEDIADOR ES CRISTO ENTIENDANLO, NINGUN SANTO LES PUEDE SALVAR. ADEMAS GUARDEN LOS MANDAMIENTOS",0,0.12260672450065613,0,es
"...con el comentario que le has hecho a la señora catalana diciendo que en 1948 ya te fijabas, por instrucción de tu profesora, los culitos que pintaba Rubens. Y es que siempre pensé que si estabas en el asilo no era por acumulación de calendarios sino por el desgaste que resulta después de deambular por esta Casa. Un abrazo. ",0,0.06624048948287964,0,es
"entre los indigenas americanos tambien existian personas con canas, eso de que es raro ver personas con canas es mentira y esta sugeriendo que viracocha no era amerindio, esperemos pues que no sigan metiendo estupideces los racistas (sobre todo los blancos europeos, que son los que mas mierda hablan junto a varios blancos del continente americano)",1,0.9389485716819763,1,es
"Hola: La página la creé yo, que soy argentino. En mi país, se le dice  clásico  a este tipo de partidos entre dos equipos rivales de siempre, pero sé que en España se le llama Derby, aunque no sé si es con  i  o con  y  final. Yo la llamaría  Clásico madrileño  pero habría que llegar a un consenso para ello. Saludos Lancha ",0,0.0004082071245647967,0,es
"Resulta que no soy adivino. La imagen en cuestión fue marcada y borrada por no tener ninguna información que acreditara su origen y licencia. Por favor, lee lo que viene a continuación.",0,0.00047408745740540326,0,es
"se afirma de manera tajante que  La asistencia logística y financiera de la inteligencia alemana vía su agente clave, Alexander Parvus, fue una pieza fundamental.  esto, siendo un tema tan altamente discutido (lo que no quiere decir que sea falso) necesita referencias precisas. sino debe ser borrado.190.249.0.",0,0.00043034699046984315,0,es
"En cierta ocasión oí en una tertulia televisiva a Santiago Carrillo contar que a un primo hermano suyo le hicieron lo mismo en Asturias durante la guerra los militares insurrectos. Y cierto, el tal Ramón Sales fue un mal bicho que llevó la muerte y el luto a muchos hogares obreros de Cataluña; alguien que en mi opinión no merece que nadie derrame una lágrima por él.",0,0.030305203050374985,0,es
me cago en dios37.15.186.37.15.186.37.15.186.37.15.186.37.15.186.37.15.186.37.15.186.37.15.186.37.15.186.37.15.186.,1,0.9389495253562927,1,es
"Desde luego, esto es increíble. ¿No tienes otras cosas mejores que hacer, en vez de molestar? Estoy ya harto de esa tontería. Ya he sustituido  sevillanos  por  gobernantes . Espero que no me molestes más, y consultes lo que quieras conmigo, pero sin agobiar. Gracias.",0,0.22458158433437347,0,es
"Hijo de puta solo eso sabes decir la concha de tu madre  Pedazo de puto, acusas de civismo y vos sos un incompetente la concha de tu madre pedazo de caca  Que mied que tengo la nenita me bloqueó jajajajaja pedazo de PUTO ESO ES LO QUE SOS TROLO PUTO  Cagon te escondés detras de una pantalla porque en persona te orinarías cagon  Anda nenita anda a follarte a tarawa MARICON ",1,0.9974537491798401,1,es
Ni en pedo. Clarín Miente pero el IndeK da Cátedra de engaño. P ,0,0.07633133232593536,0,es
"Cuánto lo siento, has ido a preguntar a la más ignorante de la comunidad en estos temas -( No sé ayudarte, perdona. Saludos Lourdes, mensajes ",0,0.2521858513355255,0,es
"interpreté cambiar mierda por porquería en el   >    en él interpreté otra vez ¿porque chat está en mayúscula? y incluso... agrego, le falta tilde  en el  de nuevo Mientras que... quitar eso, al menos que unas las oraciones con una coma de Billboard, dijo ... la coma está de sobra sería mejor cambiar extended play por EP, para agilizar la lectura Como parte de su promoción, dos extended play con remezclas de «XXXO» fueron publicados el 15 y el 29 de junio de 2010, titulados XXXO (The Remixes) y XXXO (The Remixes, vol. 2), respectivamente. Esta parte funcionaría mejor en la descripción, a la par del primer lanzamiento, ya que la sección habla sobre las presentaciones en directo ¿que es el Sound Academy? «XXXO burka», lo mismo de la intro",1,0.8471236228942871,1,es
"Estudias comunicación social, mi profesión favorita, crees que podamos intercambiar sobre este y otros temas? Saludos, en estos dias te dejo mi nuevo correo, que lo estoy actualizando.",0,0.0010790701489895582,0,es
"Quien osa amenazarte a ti? Lo retare a duelo, y nada de a primera sangre, florete veneciano y muerte. Habrase visto descaro. Ensada ! ¿Digamelón? 19:04 27 nov 2007 (CET)   Me voy a apatrullar la city.  ",0,0.5961271524429321,1,es
"Hola, que tal. No hemos tenido trato anteriormente, aunque aprovecho la ocasión para felicitarlo por una estupenda labor en esta discusión, su diligencia en argumentar válida y eficazmente los puntos discutidos, son dignos de reconocimiento. También, quisiera expresar mi desagrado con respecto a su reciente bloqueo, al cual considero totalmente injusto y sin ningún tipo de sustento, mas allá de WP:R3R. Sinceramente, lamento que por haber abierto la boca en niños tienen pene, y las niñas vagina vuestra discusión, usted haya tenido que   pagar por los platos rotos  . Saludos.    Aibdescalzo      (mailbox)   - 01:27 2 jun 2009 (UTC)",0,0.08103208988904953,0,es
"Gracias Taichí, ahora si ya no tendré que revertir mas payasadas ni nada por el estilo, y además estoy casi seguro de que ese bromista es el mismo AndresUTZ, es increible que alguien tenga tiempo para escribir tonterías como esas.",0,0.3704613745212555,0,es
"Hola, Südlich.Por favor, no te ofendas, ¿sí? Pero de verdad tu ignorancia es muy atrevida. Me parece impropio que reclames de esa forma, como si se estuviese cometiendo una injusticia, cuando así son los hechos.Jurídicamente hablando, y usando los nombres de la época, el Imperio del Perú (tanto como el Imperio de la Nueva España), como unidad política, era uno de los territorios sobre los cuales el Rey de todas las Españas ejercía soberanía como Emperador. Más claro, el agua, ¿no?    Porque el Imperio Español siempre    fue (más aún durante los Austrias) una federación de imperios y reinos.¿Cómo así llegó a suceder esto? Porque, después del período histórico conocido como Pacificación del Perú (capítulo de la Historia que todos los países que formaron parte del Perú deberían enseñar en sus escuelas) y la derrota de la Casa de Pizarro, que gobernó brevemente el Perú en nombre de España pero sin reconocer los derechos del Rey como Emperador, se proclamó el gobierno del Rey",0,0.3851999044418335,0,es
Lo dice un HINCHA DE BOCA de debido a que esta incompleto se le pone  otra copas  si queres pone una nota que diga eso pero tus ediciones son claramente arbitrarias    Luca Herrera    | (Mensajes) 00:01 15 oct 2014 (UTC),0,0.2686188220977783,0,es
Nadie se suicida por lo que pone en el artículo. El suicida es un enfermo mental. Es seguro que tendría una depresión mayor.,0,0.2914416790008545,0,es
Es que estaba en el msn y recibo notificaciones via mail de cambios en mi pagina . Dios te Bendiga a ti y los tuyos los guarde de todo mal . 24px|    UnCatolico    18px| Hablemos ,0,0.017902985215187073,0,es
"Ok, Andrea. Si piensas considerar mi observación en el futuro, me dejas conforme. Saludos.   Penquista    ",0,0.0014755354495719075,0,es
"Emulando a Matias Prats ¿Pero esto (y esto, unos cuantos diff más) qué es????? Ay, ay, ay, ¡cómo está el patio!. Esto es  jolibú , cada día es llegar y ...  ¡A ver que hay hoy!  , ya no me sorprende (casi) nada. Habrá que decirle algo ¿o pasando directamente? P.d. Te voy a bloquear    ad eternum   , cagate lorito ;)",1,0.9506814479827881,1,es
"Muchas gracias por tu aportación ;). Pero, lo que te dije, tú a lo tuyo, y solamente cuando puedas... aunque te echemos de menos. Un fuerte abrazo. ",0,0.0034150031860917807,0,es
"left|35px Hola , vengo a avisarte que tu edición de blanqueo en una página de discusión ha sido revertida. Por favor no elimines los mensajes en tu página de discusión, todos se deben mantener a menos que sean insultos. Un saludo    Emiduronte    ( Discusión ) 22:43 12 jun 2011 (UTC)",0,0.000990330008789897,0,es
OLa terricolas en 5 años los patos dominaran el mundo Como se puede evitar? Matando a los patos con cola veerde   Jajajajajjaa    Buena suerte ;(,0,0.3000681400299072,0,es
Y LOS DE TUS COMPINCHES REVERTIDORES TAMBIÉN. VIVA LA CREACIÓN. SE TE VA A ACABAR TU HOBBY. ¿Y AHORA A QUÉ TE VAS A DEDICAR?.2.137.172.,0,0.921251118183136,1,es
"Sigo creyendo en la relevancia separada de los artículos, sin embargo no quiero que este asunto siga alargándose ni estar en malos términos con nadie, así que los uniré en un sólo artículo en que se describa la cadena de centros comerciales como tal, del modo que habían recomendado los otros usuarios. Podrías pasarme la información de los artículos borrados? Podrías ponerla en Usuario:Freddy eduardo/Incubadora/El Paseo Shopping hasta encargarme del artículo. No quiero molestarte, así que no te preocupes si tardas. Gracias por tu tiempo, en serio. Saludos. Freddy ",0,0.0004965998814441264,0,es
"Idea:   Aunque las divisiones administrativas están muy claras en la práctica, en los pueblos adyacentes persiste un sentimiento de unidad hacia la comarca   ¿Qué te parece? Era lo que me decías?? Algo de este estilo sería muy sutil y no creo que te diese problemas... Chuck Norris Cuéntamelo ",0,0.0010233090724796057,0,es
"eres una maldita desgraciada, bloqueame aquí también igual no te podrás deshacer de mi con un pinche bloqueo espero que este feliz, por fin lo lograste incluso ya me expulsaron ya te complasi pedaso de p***ta.",1,0.9958747029304504,1,es
"Cabe decir que este articulo es algo sexista ya que nos dice que los niños resuelven sus problemas a los golpes y las niñas a los chismes, esto es totalmente machista y sexista, deberia cambiarse, lo digo por experiencia propia, los niños pueden ser tan chismosos como las niñas.",0,0.3023952543735504,0,es
"Buenas noches Manrique: Oye ¡Como nuevos! ¡qué bárbaro, que bien te han quedado, me has dejado, los artículos. Muchísimas gracias.",0,0.0010737685952335596,0,es
En  Los judíos y sus mentiras  (1543) de Martín Lutero se dice que este tal Kojba fue considerado como el mesías por cuanto sus astrólogos vaticinaban que en tiempos de Jesucristo debía venir un guerrero liberador del pueblo de Israel. 201.210.60.,1,0.04117653891444206,0,es
"Gracias por la nota. Si uno mira lo positivo, es hasta el momento la votación con más votos positivos. Supongo que no hay impedimento para nominarlo a SAB ahora. Un abrazo. 02:27 19 abr 2015 (UTC)",0,0.0003606417740229517,0,es
Me gustaría saber si aquí hay algún moderador que sea neutral y aséptico a las mentiras y mediocridades de los ya conocidos. Saludos. Nigredo98,0,0.20710158348083496,0,es
"La próxima vez que tengas tantas quejas y te sientas tan agraviado, me lo dices en vez de ir llorando como niño chico por los rincones. Hale, a seguir   boteando  . ",1,0.108822301030159,0,es
"  Las definiciones de  jalar  que da el DRAE son las siguientes: . tr. coloq. halar (ǁ tirar de un cabo). . tr. coloq. tirar (ǁ hacer fuerza para traer). . tr. coloq. Comer con mucho apetito. . tr. coloq. Cuba y Hond. Aspirar con fuerza el humo del cigarro. . tr. Cuba. emborrachar (ǁ causar embriaguez). . tr. Perú. esnifar. . tr. Perú. suspender (ǁ negar la aprobación a un examinando). . intr. And. y Am. Correr o andar muy de prisa. . intr. Am. Cen. Mantener relaciones amorosas. . intr. coloq. Col. Realizar el coito. . intr. coloq. Hond. Ingerir bebidas alcohólicas. . intr. coloq. Hond. Dirigirse a un lugar. . prnl. Col., Cuba y Méx. emborracharse (ǁ beber hasta trastornarse los sentidos). A mi entender, ninguna encaja en lo de apretar el gatillo, pero no afirmo nada que luego se enfadan conmigo y me acusan de  etnocentrismo . Saludos ",0,0.0040496159344911575,0,es
"ha si, Jcarballo, se me olvida deciros que eres una persona con calabaza en el cerebro, mejor chupamela 189.253.71.",1,0.9940087795257568,1,es
"Mira el historial de este pobre. Me le vandalizan cada día. ¿Qué tal si lo semibloqueamos un par de días, a ver si se aburren los vándalos?. Un saludo, Hispa ...las quejas ",0,0.17389070987701416,0,es
"De verdad que alucino con los iluminados que aquí dejais vuestros estensos conocimientos, por que hay que ser listo para poner que literatos baleares y valencianos o almenos eso creían ellos, decis que eran de un pueblo que no tiene cultura y que se apropia de la que más le gusta, vease els castellers, plagio de la muxaranga, paro aquí por que hay ejemplos de todos los colores. La repoblación excusa recurrente en estos temas, ignorante hay que ser para pensar que catalunya no sucumbió a manos de los árabes. Me despido sabiendo que esto que escribo no sirve para absolutamente nada, pero por lo menos digo lo que pienso por que eso no me lo puede quitar nadie, VISCA VALÈNCIA LLIURE de catalans i espanyols",0,0.042117711156606674,0,es
"¿Se podría ampliar el portal con una pequeña sección de noticias antiguas y curiosas? Yo me haría responsable en parte. Lourdes, mensajes ",0,0.0004081306396983564,0,es
"Se trata de esta página, pues en el aviso que te dejó Siger no aparece el enlace correctamente. Saludos, ",0,0.00047797689330764115,0,es
"CÓMO ES POSIBLE QUE EN LOS GRUPOS ÉTNICOS NO SE HAGA NINGUNA ALUSIÓN A LOS AMERINDIOS (EL ÚNICO GRUPO OMITIDO), SIENDO QUE CONSTITUYEN LA MAYORÍA EN DOS PAÍSES SUDAMERICANOS: PERÚ Y BOLIVIA. ESO ES DESPRECIO HACIA ELLOS? VERGÜENZA? SHAME ON YOU PEOPLE...",1,0.32459762692451477,0,es
"Hola Antonio si me escribes a mi correo feliciano53(arroba)gmail.com, te daré mi número de teléfono y podremos concretar la forma de colaborar juntos en el proceso de crear la seccion de Wikimedia Andalucía. Estoy prejubilado, vivo en Sevilla capital, y tengo la mayoría de las tardes y noches libres para realizar actividades de reuniones u otras cosas que sean necearias realizar, también puedo desplazarme a otros lugares sin excesivos problemas. Saludos. ",0,0.0005369638092815876,0,es
"¿ Está considerado el juego de envite o apuestas por excelencia ? ¿Por quién? Que sí, que el mus es cojonudo, pero... El juego de apuestas por excelencia no debería ser el póker?",0,0.37731727957725525,0,es
tu madre es fea mourad y un niño es distinto que una niña igual que el catalan y el valenciano ¡ole chichi ñañañañaña!,1,0.9801211357116699,1,es
"Esta parte del artículo es totalmente errada, especialmente cuando afirma que el mestizaje  blanco  es el predominante en el país. No se establece cual es el caracter predominante ni tampoco hay datos que confirmen el hecho. Tampoco es plausible la tesis de que haya un grupo importante de  blancos caucásicos . La única parte totalmente cierta del artículo es en relación a la absoluta mayoría de población que existe en la clase alta. Da risa cuando sostienen que somos los  ingleses de sudamérica  o que  somos blancos ; de partida es imposible medir el mestizaje puesto que habría que tomar el adn de cada persona, pero si se está ante las apariencias, claramente el mestizaje predominante en chile es de origen indígena. O dicho de otra forma, en cuanto a la composición física y aparente, la mayoría de los mestizos son morenos o tiene más de indígenas que de europeos.",0,0.016328100115060806,0,es
"En verdad es llamativa la hipocresía de quienes se abrogan la potestad del planeta, y hacen y deshacen, destruyendo vidas, destruyendo ciudades enteras, culturas, saqueando pueblos y provocando toda clase de muerte y destrucción. En esta sección por ejemplo se ve muy claro el proceder cobarde de  tirar la piedra y esconder la mano . Aparentemente no hay nadie que se responsabilice por esta porquería de escrito. Los japoneses de Hiroshima y Nagasaki, los irakíes, los salvadoreños, vietnamitas, afganos, en fin tantos ciudadanos del mundo que han muerto o están mutilados de alguna forma por la hipocresía criminal de los e.e.u.u. (¿Por qué esta basura de nombre se escribe así? ¿¡Ah!? Los cobardes que defienden y apoyan esta m... y no dan la cara son unos apátridas, cobardes, muy ligeritos para escribir cosas en esta m... Pero correlones, hijitos de apá a la hora de la verdad. Muy lamentable.",0,0.9318324327468872,1,es
" Este Clausura 2011 va a ser el encargado de cogerse a Palmapul, a FeniC, a penadoy y a naciomal.  WTF!?",1,0.5892221927642822,1,es
" No insistas vos en cagarte en mi trabajo. Ya borraste correcciones gramaticales que no afectaban en nada a la  neutralidad  que mencionás. Informate y leé bien: dice  premio , no sé de donde sacaste lo de las becas.",0,0.9070691466331482,1,es
"Estoy arto de que la gente que no tiene ni ... idea. Edite sin saber de lo que habla, que co.. es eso de CPU mutmedia, porfavor el que editase el ultimo este articulo que no vuelva a escribir porque no tiene ni pu.. de lo que habla.",1,0.559177815914154,1,es
"Creo que Don Sergio Livingstone mas que uno de los Arqueros de futbol mas destacados de la historia del deporte chileno es y ha sido un ejemplo para todos por su destacada incursion en el periodismo deportivo , sus atinadisimos comentarios cuando la cuestion era dificil,como en el caso de la guerra del pais hermano en las Malvinas y la infortunada participacion de algunos compatriotas nuestros en Argentina, en que se noto la inmensa calidad humana y la hombria de bien de nuestro querido  Sapito , lo hacen merecedor de nuestro respeto y cariño que dia a dia le demuestra la gente ligada al deporte y el equipo de periodistas que el formo en Television Nacional de Chile.No me extraña que cuando juega la Seleccion y no transmite TVN ni esta Don Sergio. muchos amigos mios optan por desconectar el audio y ver el partido en silencio para no escuchar los de-satinos de sus colegas, asi de Grande es nuestro  Sapo  para la mayoria de los chilenos. Ramon Ruiz . Osorno. Chile",0,0.0010259222472086549,0,es
"Pero los maquis aparecieron porque había una guerra en la cual, más allá de las ideas políticas de cada uno, la finalidad era luchar contra el ejército invasor. Expulsado el enemigo dejaron las armas y se incorporaron -los que quisieron- a la acción política. Aquí la guerrilla nació luchando contra sus compatriotas, sea bajo gobiernos constitucionales como de facto, para acceder al poder. Son dos casos totalmente diferentes. Héctor Guido ",0,0.0004265218158252537,0,es
"Este artículo debería llamarse  Mujeres que venden su útero por el dinero de unos pijos que deberían gastarlo en el psiquiatra . ¿Más neutralidad, queréis? No, más ocultación, más engaño, más mentiras, más comercio de carne femenina -e infantil; no olvidemos que hablamos de compra-venta de bebés-, más basura mercantilista, más esclavitud. A las cosas por su nombre: Hay quien tiene hijos, los quiera o no, porque lo manda el Estado o lo manda el cura o lo manda el macho. Hay quien no tiene hijos, porque no puede o no quiere, y se dedica a vivir su vida con otras perspectivas. Y hay quien tiene pasta y se los compra, aunque no tenga útero o no le funcione. Y toda esta discusión, que se enreda en estupideces acerca de la neutralidad de un solo término, aleja el foco de lo más importante, que es este nuevo episodio en la explotación sexual de la mujer. Es un asunto de trascendencia ética, y por lo tanto nunca, nunca puede ser neutral.",0,0.608038604259491,1,es
"En varios sitios del artículo había cosas ambiadas, borradas o estúpidas añadidas, algún troll se aburría y nos ha jodido el artículo. El apartado de  cómo cambiar la MAC en MacOS  ahora está prácticamente vacío: hay que rellenarlo. También el sujeto ha borrado la cabecera del artículo.",1,0.3031767010688782,0,es
"He procurado hacer un refrito de diversas fuentes en el artículo Manuel Pedregal Cañedo, pero si tanto se ve el plumero de la fuente más importante podéis borrarlo o ponerlo de bibliografía, qué se le va a hacer. Aromera @ 4-VI-2006",0,0.0003898468567058444,0,es
Yo traté que decir  is . Inglés is mi primera idioma. Sé que mi español no es bien (. ,0,0.002243806142359972,0,es
"Tienes razón, son calificativos algo  flojos , y los borro... y reemplazo por:   ... son, simple y llanamente, unos ignorantes crasos -o sea victimas de la LOGSE- o una pandilla malintencionada...  . Ver todo el comentario en: ",0,0.8842827677726746,1,es
"Ya y otros hablan de   alguien   como de un  joputa  y se quedan tan sanchos ;) Y aquí no ha pasado nada... No sé si eso sea capital o mortal pero sí es falta a la etiqueta. Solo que como no dice exactamente a quién se refiere ahí queda ) Otro abrazo, Roy ",1,0.3013303875923157,0,es
"probablemente a vos no te guste, te parezca aburrida. a tu mamà tampoco, por que a vos te parecerà aburrida pero en realidad no es que sean aburridos como spinetta, por ejemplo, sino que no sabes absolutamente nada de mùsica ni de nada y estas al re pedo y cargas comentarios por que son gratis y sos tan ñoño que ni siquiera sabès tocar ni el timbre y no tenès alma elmostro-.",1,0.783180296421051,1,es
"Santa Fe tampoco se encuentra a orillas del Paraná, sino sobre las márgenes de la laguna Setubal y el río Salado.",0,0.000635721196886152,0,es
" El artículo parece ser una traducción primaria de alguna obra del investigador Tore Gannholm. No he podido encontrar referencias al respecto. Ante la posibilidad de que se trate de un copyvio, me abstengo de trabajar en él, a pesar de su interés. .",0,0.00035117153311148286,0,es
"PAra la persona que menciona el kornnography y otro discos: Esos son solamente BOOTLEGS! hay que ser muy idiota para creer que el Kornography o el Live, Demos & Blind son discos originales de la banda, yo poseo ambos CD s mas muchos mas y son solo grabaciones en vivo.",0,0.6913607120513916,1,es
"Seras mala persona!!! soy un wikipedista que esta corrigiendo el artículo de la ue, soy el que lo ha arreglado y le ha dado coherencia, y me acabas de joder el trabajo del día. Gracias personajillo. Todo jodido por no darme a iddentificarme?",1,0.9069526195526123,1,es
"Te veo, veo. Que tengas suerte con el lunático, yo me voy a cenar. Lourdes, mensajes ",0,0.41290372610092163,0,es
"Hola. Revertiste mi edición en Geranoaetus melanoleucus e ignoraste lo que pedí en el resumen de edición. No entiendo por qué mi edición era mala: añadir un nombre común en la introducción y pedir que añada el otro porque el filtro no me lo permite; y retirar una mención a los peruanos y al nombre quechua que me pareció improcedente. Pero es la segunda vez que me sucede, antes ocurrió con otro pájaro que lleva el mismo nombre común que no puedo escribir y en aquella ocasión mi edición era menos objetable que ahora. Te agradecería una explicación, porque por el momento solamente se me ocurre que estás revirtiendo por las dudas de que la IP esté haciendo vandalismos. Y si fueras tan amable, por favor anota también como nombres vulgares  gavilán  y el que dejé en el resumen de edición. Gracias. 190.108.149.",0,0.000967052357736975,0,es
"El artículo no debe llamarse:  Binomio conjugado , sino  Binomios conjugados  (en plural)pues  binomio conjugado  no tiene definición o sentido alguno en matemáticas.",0,0.0007486184476874769,0,es
"controlador arbitrario de la información, anda a educarte un poquito y despues hablamos ignoto. No te metas en los asuntos que no te corresponden, ok? chau gax",0,0.6680184006690979,1,es
"Soy de Panamá y en mi pais se conduce por la izquierda, y aqui dice que lo hacemos por la derecha. Creo que hay un error.",0,0.0008263804484158754,0,es
"Tú lo borraste por segunda vez. Pero el primero fue el tal Oscar. Pero me sigue pareciendo una barbaridad que no se pueda, en el Café, tener una charla con altura sobre lo que queramos. De hecho, hay muchísimas discusiones realmente ESTÚPIDAS y nadie las borra. Me parece que los bibliotecarios se están pasando un poquitin de la raya y ya parecen censores, que por estas tierras son detestables. ",1,0.9551544785499573,1,es
"Hola, si la menos no hay criterios P, y es real lo que dice, gracias por la traducción a personas como yo que no comprenden absolutamente nada del inglés. ¿Cuando es tu ponencia?, no prometo ir porque estoy más que quebrado, pero igual lo puedo intentar, ahora no tengo vehículo lo eh perdido, me sale más caro recuperarlo que comprar otro jeje P, pero ahora estoy en numero super rojos, pero tengo muchos amigos que viajan a Veracruz, sería bueno conocerte en persona y charlar un poco de historia que últimamente me apasiona mucho.",0,0.002504670759662986,0,es
"El guaje ha sido, es y será una puta mierda de jugador, partiendo de ahí ni siete de españa ni ostias, de hecho deberían de retirar el dorsal 7 de nuestra amada selección, viva RAÚL GONZALEZ BLANCO, EL SIETE DE ESPAÑA",1,0.885845959186554,1,es
"left|40px|enlace= No tiene nada de malo ser homosexual, ¿por que no lo admites? Asi dejas tus mentiras de que tienes una hija y no se que mas. Y ya deja de editar como fanatico, eso esta prohibido aqui.",0,0.6393962502479553,1,es
Considero inapropiada la eliminación del texto. Es importante que nunca pueda detectarse ambas características simultaneamente. ¿Qué les parece? 02:58 30 abr 2006 (CEST),0,0.0005037951632402837,0,es
"Es mentira que edite los articulos arbitrariamente, lo haceis vosotros. Y me importa nada o menos el tiempo que gasten los editores, son unos tiranos censuradores.193.152.167.",0,0.7676863074302673,1,es
"Y por la invitación, los estaré esperando para hablar       [    ] 00:40 6 ene 2009 (UTC) PD: Quizás te envié un mail",0,0.000980927492491901,0,es
mmm... ¿De verdad quieres que entre al trapo de esa discusión? Los cambios hacia trebejo sin viejos ya y habría que concluir primero la discusión para ver cómo queda. Eso sí: tienes razón en que tengo que mirar mejor lo que sucedió en trebejo para ver si efectivamente Lin Linao cometió sabotaje como afirmo en mi respuesta del tablón al tema del presunto sabotaje de Lin Linao y sus discusiones con Escarlati. Me pongo a ello y te agradezco ) ,0,0.0022599827498197556,0,es
En el sur de chile a las personas de que son morenas meztisas se los tratan como cholos..o apersonas que son algo torpes para aprender algo....eres un cholo de .... bueno ..no solo en paises como Peru y bolivia..esta ese gentilicio... en chile es muy usado para discriminarce entre si no solo a ciudadanos de paises limitrofes...,0,0.5582446455955505,1,es
"¿Que ha pasado Mini? Sin saber de que hablo, no se el motivo pero... Descansa y aquí te esperamos para cuando decidas volver, si? (o en lugar de retiro, unas wikivacaciones si lo necesitas, no? ) Un besote! ",0,0.004090507049113512,0,es
"Hola Maywiki, Fixertool me pidió si podía responderte tu consulta sobre la categorización de artículos. La primer lectura obligada para empezar a entender como funcionan las categorías y como deberías emplearlas es: WP:CAT. Por tanto, mi primer consejo es que leas esa página. En segundo lugar te podría indicar que para categorizar un artículo, por ej, un Museo de Uruguay que hayas creado, lo mejor es mirar que categorías tienen los artículos similares (si es otro museo de Uruguay, mucho mejor). En resumen, en principio te diría que uses las categorías existentes mirando otros artículos, leas WP:CAT y vayas entendiendo de a poco la estructura de categorías. Saludos y cualquier consulta, escríbeme! )",0,0.00024142493202816695,0,es
"Para fomentar la participación, he renovado el aspecto y las metas del PR:U2. Visítalo, y no te olvides de cooperar. Saludos!!    Warko2006    ",0,0.0006886398768983781,0,es
"Hola ¿qué tal? D Te comento que hay en marcha un encuentro en Madrid, por si te interesa apuntarte. ;) Mercedes(Gusgus) ",0,0.001710911514237523,0,es
"Sinceramente, yo tampoco sé qué decir. Comencé a escribir Astérix a la francesa después de verlo por aquí escrito y, si te fijas, todos los enlaces (fui yo el último que los cambió) a los tebeos de Astérix y los mismos tebeos están escritos tanto Astérix y Obélix como otros personajes de la aldea gala con acento. ¿Por qué? Habrá que preguntarle al o a la tal Citame, a ver que dice... Espero respuesta de alguien y si no, a cambiar enlaces, que no tengo problemas en cambiarlos. ¡Saludos!  P.D.: ¿Quién decía  Ásterix ?",0,0.0005519199767149985,0,es
"Rogaría no entrar en guerra para revertir a ediciones anteriores, por favor. La validez de la investigación está perfectamente documentada y referida en el apartado 5. Reiki y evidencia científica. Y sería más correcto referirse a medicina complementaria que alternativa. ",0,0.0005867885774932802,0,es
"Hola Hprmedina. Acudo a ti porque quisiera saber si tu bot puede realizar, por ejemplo, añadir la categoría en los artículos que tengan incorporadas la plantilla y su parámetro contenga el enlace (o sin él) a idioma español/castellano completado. Si pudiera hacerlo Grillitus sería de ayuda para así no tener que añadir manualmente la categoría a todos los artículos que se encuentre. Si funciona, también podrías trabajar con la categoría o que recientemente crearé, entre otras. Saludos cordiales, teleмanίa 16px|link=Usuario discusión: Pues ¡¡¡muchísimas gracias!!! Me salvaste la vida A lo de que «Seguramente necesitarás hacer varios de ese tipo y dejamos un código preparado», ¿te refieres a que creé más categorías por idioma? Si es así, lo haré. Atentos saludos, teleмanίa 16px|link=Usuario discusión:",0,0.0002866413851734251,0,es
"Jamás te pedí arrepentimiento por tu parte, además, no se me ocurriría dado que sos bibliotecario y sé que son duros para dar el brazo a torcer, sólo te dí un consejo, el cual hubiera sido bueno que siguieras, pero si querés seguir haciendo lo que se te antoje, estás en tu derecho, así vas a ganar muchos adeptos. ",0,0.0064523592591285706,0,es
"Ni morro ni nada, Un jodido error, asi de simple. Copie la estructura del ultimo mensaje. ¿Que iba a saber yo que cookie es el nick de alguien y no un requisito para poner el nombre. Pues eso. Que me da igual. Porque la patada aqui, se da antes que la multa.",0,0.8809272646903992,1,es
"Oye, españolito (oficiamente atontao). En Galicia no hay pedanías. Se nota que NO TIENES NI PUÑETERA IDEA de lo que hablas. La toponimia de parroquias y aldeas tiene más arraigo en gallego, incluso desde los tiempos del Pascual Madoz, donde TODA la toponimia inframunicipal está en gallego. Así que deja de esbardallar (en castellano, pintar el indio). 81.37.173.",1,0.3815268576145172,0,es
"Hola Miss... tiempo sin escribirte. Mira, la cuestión es que desde el año pasado el artículo esta en la lista de espera de los CAD, pero yo ya quiero hacer la candidatura, el artículo ya esta listo! Que tengo que hacer, puedo sacar el artículo de la lista?. Gracias. Mavelus ...   preguntame   18:08 24 jul 2012 (UTC)",0,0.0018832298228517175,0,es
"Quería aclarar que lo que borré en la discusión no fue por vandalismo, solo lo eliminé para evitar confrontaciones que no son necesarias, causadas por un comentario con mala intención. Saludos. Chalo-",0,0.0008797775954008102,0,es
"Para el que dejó el último comentario hoy: esta discusión ya se zanjó hace meses, no se van a admitir enlaces a páginas de fans, mucho menos para facilitar el pirateo o distribución por internet (al estar licenciado Naruto en España, toda distribución online de él es ilegal ya) Saludos, Eric -   Contact   16:48 22 nov 2007 (CET)",0,0.0004804215277545154,0,es
"añadid a la seccion de personajes:  esta seccion contiene detalles sobre la trama , o le jodereis la historia a mas de uno...",0,0.46292242407798767,0,es
"Soy alemán, y no me doy cuenta cual era el nombre que tenían que pudiera aludir a pene en alemán: (penis - schwanz)",0,0.9640170335769653,1,es
"Sí, la cagada es que dejarla solamente en  Categoría:Beatles  me dio no sé qué por ser muy general y pensé que era mejor en discografías, pero la cagada es que la categoría se llama  anexo:discografías  entonces bueno... no sé qué decirte la verdad Equi    →    Respondeme    →    ♪ & ",0,0.3881306052207947,0,es
"Ya he hecho la modificación. Tienes razón, no hace falta acento. Creo que lo copié de los artículos que leí para completar un poco, aunque no me pidas que te diga de dónde. Y también reconozco que tengo tendencia a sobreacetuar: grán, fué, etc. En cuanto a los nombres de grupos de lenguas creo que nunca seremos felices. En la edición de 1990, Moreno Cabrera, a las lenguas mon-jemer las divide en los siguientes grupos: palaungo-jamú: palaungo, lava, jamú, lamet y praí vietnamuón: muón y vietnamita Cátuico: baró y catú Banárico: estiengo, monón, coho, gro, banarés, dié, gre, sedán, rengao, halán y cua Jemer (ojo, escribe  El jemer es la lengua nacional de Campuchea...  ni siquiera usa Camboya) Mon Jasí Nicobarés Y Moreno Cabrera es la única referencia que conozco para el español. De las enciclopedias no puedes fiarte, no creo que hayan hecho mucho más que traducir los artículos (casi como nosotros ;) pero con menos cuidado). Desde luego, de la Encarta no me fío un pelo. Saludos, Ecelan ✆ 19:10 3 jun, 2005 (CEST)",0,0.0007547594723291695,0,es
"Hola. Buen artículo. Sólo quería decirte que el voto de Mao Zaluchi no lo van a contar, porque no lo hizo con argumentos. Pídele que lo complete un poco. Eso no más —",0,0.0010426968801766634,0,es
"Hola Botedance, ví que votaste en contra en dicha CAD, pero ya el redactor principal afirmó que arregló lo que pediste. ¿Podrías pasarte nuevamente por allí para continuar tu revisión, por favor? Es que la CAD lleva ahí desde noviembre y varios otros artículos que esperan su turno de revisión. Desde ya, gracias y perdón por las molestias. Saludos, мιѕѕ ",0,0.00046123925130814314,0,es
"Parce, lo que decís es una falacia y una falta de respeto. Pienso que como mi nombre, mis cosas y mis nick s hacen parte de lo que soy yo como ser y como persona, es un ataque a mi persona el que bloqueen mis usuarios, ¿¿o a vos no te pasó lo que a otros nos afectó en    FACEBOOK   ??, ¡¡¡¿¿¿que por tener nombre ridículos nos bloquearon???!!! 186.114.55.    P.D.:    Respuestas a mi E-Mail    pen-pen2005@hotmail.com    pues como pro tu culpa me he quedado de anónimo aqui...",0,0.48048731684684753,0,es
 Atlas Regional del Perú Constitución Política del Perú Censo 2005 Resultados Definitivos. CD-Room I.N.E.I. Pàgina oficial del Plan de Desarrollo Metropolitano de Trujillo http://www.plandemetru-mpt.gob.pe/flash/menu.swf; al 23 de Junio de 2007 Real Academia Española.  Diccionario de la Lengua Española . 22a. edición Elmer 12:15 25 jun 2007,0,0.0002528287877794355,0,es
"Hola! Veo que marcaste este artículo como SRA. Lo he mejorado, categorizado y añadido fuentes para referenciarlo. A ver que te parece ahora. Saludos y Feliz año! Bernard -   Et voilà!   18:10 1 ene 2009 (UTC)",0,0.00041508383583277464,0,es
"por el amor de Dios, vaya a clases de moral y respeto y empieze a actuar como un humano de verdad y no sea una farsa demás.Ceronx7 ",0,0.04907183349132538,0,es
"MUERTE Su muerte no se porque se produjo, porque soy tonto, pero mucho..............Vamos que no se nada de nada. Lo único que sé de el es que murió el día 15 de febrero del 2013, por causas que yo aún no sé.",0,0.7706800699234009,1,es
"¿El envío de armas no es apoyo militar? Permítime que discrepe. El argumento es estúpido, ¿verdad?, pues es exactamente lo que dices tú para poner Catar (era una metáfora, lástima que no la entiendas).  Lo pones porque lo dice la referencia, y lo que diga la referencia va a misa, aunque sea la única que afirme eso y aunque . Eso es lo que estás haciendo tú. Wiki ",0,0.6126043796539307,1,es
"Recién me entero que sos de acá, que cosa, jajajajaj. Besos ",0,0.013998228125274181,0,es
"me estas diciendo que el solo heho de corregir las biografias de paul vasquez y mauricio medina, es una rebeldia? no seas patetico......todo lo que esta escrito no es una rebeldia ni una broma, salio en television, por la prensa escrita. en vez amenazarme deberias agradecerme por aportar informacion, sobre todo de una persona que es fanatico de dinamita show. exijo una disculpa por el mensaje que me enviaste.190.20.89.190.20.89.",0,0.4979757070541382,0,es
"En el articulo  JUGADORES  dice que cubillas y guerrero estan empatados en goles, sin embargo Paolo guerrero ya supero a Cubillas, por favor ACTUALIZAR esa parte.",0,0.005804273299872875,0,es
"Muchísimas gracias, espero que la pases muy bien en estos días y en el siguiente año. Saludos, ",0,0.0005075143999420106,0,es
la verdad no c por q scriben tantas incocherencias pero ueno ia q el munco es cruel jajajaja muerte a los nazis yeah,1,0.9401644468307495,1,es
"Veo que ya te han advertido de que las redes sociales no son fuentes válidas, pero como si nada. Esta vez he deshecho tu edición. Si insistes, y ya lo habías hecho antes en ese artículo, las revertiré y empezaré a pasarte plantillazos de vandalismo. Cock ",0,0.0600561760365963,0,es
"¡Hola Mel ǃ Estoy  peleandome  con un usuario para que acabe el artículo y así poder quitar la plantilla de mantenimiento. De pronto me doy cuenta que no está en el enlace para  verificar  y que el artículo ha sido verificado. Hace unos días ya hice una  denuncia  por el mismo tema y la atendiste tú. Son los artículos del día 22, los que se crearon a las 17 horas de España... No se a que hora se crearon en tu franja horaria, así que te dejo en el enlace y a ver si se puede avisar al usuario para que no lo siga haciendo. Saludos.       Geom          Discusión    00:33 24 mar 2017 (UTC)",0,0.0006989200483076274,0,es
¿Ves? También pueden cancelar en eliminar el artículo o no. No te desanimes tan pronto. Yo solamente les doy el aviso. ,0,0.024749094620347023,0,es
"Evidentemente esta epitomizacion de ciertos aspectos ridiculos y focilizados de la iglesia, resulte dolorosa para muchos, para el autor y para mi. Resulte dolorosa en el fondo porque evidentemente el conocimiento que pone de manifiesto Alberti en el lenguaje de la iglesia, Peperino- Autor, lo tiene que haber adquirido junto a  gente  de una iglesia que lo ha desepcionado. Tenemos que tener claro que la iglesia se lo merece.Nos lo merecemos todos por tarados !! No basta con taparle la boca a Peperino . Que nos sirva de espejo.",0,0.4661770462989807,0,es
"Sí, tenés razón, en ese caso (el de los futbolistas) la categoría más acertada (creo yo) es la de  Expatriados ... en ...  . Ya que un expatriado es alguien que se encuentra en otro país por un determinado tiempo, pienso yo. ",0,0.0018954725237563252,0,es
Parece que la discusión está a años luz del artículo. Cada vez los wikipedistas españolstas estais peor.83.60.66.,0,0.4946098029613495,0,es
"Buenos días, Laura. Me alegro de saludarte. No sé si estoy correctamente en la página de discusión de la portada, porque estoy accediendo desde el móvil. Íñigo de Arteaga y Martín está puesto en Fallecimientos recientes como 10 de junio, cuando en realidad el deceso fue el 9 de junio. Saludos. ",0,0.0003888013307005167,0,es
"¿Sería posible agregar una sección para incluir aplicativos, herramientas e interfaces libres para generar facturas electrónicas? Por ejemplo, en Argentina hemos desarrollado PyAfipWs que es una implementación de software libre de código abierto para comunicarse directamente con los servidores de AFIP y autorizar las facturas, incluso incluye el aplicativo PyRECE que además permite generarlas y enviarlas por correo, proveyendo una alternativa libre y gratuita. El código fuente esta en Google Code, y se incluye documentación y preguntas frecuentes sobre el tema y su aplicación en Argentina. Más información en: http://www.pyafipws.com.ar/",0,0.00022202862601261586,0,es
"Hola. Ojeando por la wiki he visto que ya existíia una plantilla para los barrios: , así que ya no hace falta que hagamos nada. Si no te parece mal la incluyo en Barrio de Delicias. ",0,0.0007202996639534831,0,es
"¿Hombre de paja?. Ya quisiera yo que fuese así, Anagnorisis. Desgraciadamente no lo es. Lee . El caso de Egas Moniz es escandaloso. Este señor inventó la lobotomía, que es un tratamiento bárbaro que mutiló a miles de personas...y recibió un premio Nobel. Si yo cito a Mullis como defensor de las teorías disidentes del SIDA es    porque la gente  normal  tiene en alta estima a los premios Nobel   , no porque yo los tenga en estima. Uno procura  modular  (que no devaluar) su discurso con cada audiencia, y la  carta de lo premios Nobel  es siempre efectiva a la hora de mostrar al  John Doe  normal que los disidentes no son un grupo de chiflados. Oye, qué cosas tan desagradables te escriben otros en tu página. Tú ni caso, ¿eh?. —",0,0.24502459168434143,0,es
"faceoftomorrow, habla sobre el fenotipo santiaguino www.faceoftomorrow.com muy diferente a lima por ejemplo donde dicen que hay 15% de blancos.",0,0.03391159698367119,0,es
"Comentarios como este: 04:45 15 dic 2007 Mellado (discusión | contribuciones | bloquear) (85.595 bytes) (tan imbeciles estos comunistas), son contrarios a WP:E, le agradecería se abstuviera de colocarlos, ni siquiera en los resúmenes de edición. Saludos. Ensada ! ¿Digamelón? 14:12 15 dic 2007 (CET)",0,0.19826248288154602,0,es
"jajaja.... Petonsssssss (la complice de Marisa en  xutar  a hormigas ;)) aunque más xutaos-flipaos-multipol en estado natural estan alguno de por ahí arriba ahora que lo veo..., ahora te hacen de mensaka? jajajaaa... Qui vulgui, em sap trobar, si ss és valent...ejmmmmmmm",1,0.033398013561964035,0,es
"Oye, excelente que nos podamos poner de acuerdo. Ahora, no se que te parece si escogemos los artículos a mejorar. Crear y wikificar? Por ejemplo: Yo agarro: Need for Speed (el primero), Need for Speed II, Need for Speed IV, y así.. y Tu agarras Need for Speed Edición Especial (la primera), Need for Speed II edición especial, Need for Speed II, y así sucesivamente. O algo así. También podríamos ver cómo conseguimos las imágenes o algo por el estilo, que te paerce? Espero tu respuesta para iniciar. Saludos - 天使 BlackBeast   Do you need someting?   21:07 3 abr 2008 (UTC)",0,0.0003210402501281351,0,es
"   Oresbia Abreu Peralta    (Ciudad del Carmen, 20 de octubre de 1955) es una académica mexicana. Es, desde el 2 de septiembre de 2019, la rectora de la Universidad Tecnológica de Campeche. Académica mexicana con una larga trayectoria en el ámbito educativo con estudios de doctorado en Creatividad e Innovación Educativa Empresarial. Es licenciada en Administración de Empresas y cuenta con posgrados en Finanzas y Matemática Educativa. Inició su práctica docente en la Universidad Autónoma del Carmen y cuenta con una trayectoria de más de 14 años de experiencia en el ámbito directivo en instituciones educativas del nivel superior y 36 años de experiencia en los distintos niveles del ámbito educativo incluyendo educación inicial, básica, media y superior.",0,0.0001508564018877223,0,es
"Gracias, te agradezco la observación, es solo que de unos meses a la fecha esto esta plagado de editores anónimos o novatos que actúan de manera deliberada para afectar los artículos y eso me tiene muy a la defensiva, tratare de manejarlo mas diplomáticamente. ",0,0.0007489651907235384,0,es
"La temporada 2011/12 es la cuarta y última del mandato de Javier Duque Gurrutxaga  Gurrutxu  como presidente. Extraña ver el nombre del anterior presidente, sobre todo cuando el nombre del entrenador está actualizado, ya que Ibon Idirín cumple su segunda temporada al frente del equipo. Por otra parte, el segundo equipaje es azul en su totalidad.",0,0.0004188859020359814,0,es
"Primero quiero decir que me indigna muchisimo el odio al euskera que demuestran algunos comentarios de aqui. Y mas importante: pido que el nombre      vascuence      se elimine del articulo, porque el tufo franquista que tiene es insoportable.",0,0.1012844443321228,0,es
"Vengo a reportar que Chikamatsu va en viento en popa y creo que en un par de días lo tenga listo. Con Kawakami (el samurai), he tomado la decisión de descartar la versión que tenía el texto antes de ser arreglado y tomar el articulo de la versión inglesa y las referencias japonesas (ya que no logro comprobar algunos hechos que mostraban la versión española). Otra cosa, he estado viendo que usuarios que no están participando en el concurso, están haciendo arreglos muy drásticos con artículos marcados del concurso (al menos de otros grupos), recomiendo al grupo a que marquen los artículos nuestros para vigilar.利用者:Taichi - (会話) 00:29 15 oct 2006 (CEST)",0,0.00042950152419507504,0,es
"Le ruego que no elimine las plantillas de mantenimiento la tuntún, puesto que puede conllevar una sanción. Debería leer bien el aviso, solucionar los problemas indicados y cuando crea que el artículo ya ha sido reparado, entonces póngase en contacto con el editor que insertó las plantillas. Gracias. ",0,0.0004163894918747246,0,es
Feliz 2015 y que se cumplan todos tus deseos en este gran año para ti. Saludos! ;) ,0,0.0003579007461667061,0,es
"...en buen plan, no se vaya a creer que vengo a descargar contra su buena merced mi ira por el estado de cosas en mi Patria. Pero a lo que te truje, Chencha. Recuerde que en náhuatl todas las palabras son graves, y por lo tanto, aquellas palabras terminadas en   tl  , llevan acento en la penúltima sílaba. Lo digo por   Xochiyaoyotl  , que he trasladado a   Xochiyáoyotl  . Saludos desde el Canadá (pasado mañana vuelvo a Métsico lindo y querido).   Yavidaxiu   (¡Kajá an-ró!) 09:02 18 ago 2006 (CEST)",0,0.005988206714391708,0,es
"   NOTA: Voy a estar de mudanza en los próximos días, así que perdona si tardo en contestar   . Santiperez ",0,0.002271473640576005,0,es
"Estimada Mercedes: Desde ya muchas gracias. En todo caso, no quiero que pienses que lo único que me interesa es colocar el aviso de Girando Sol (que empezaré a trabajar prontamente en la página de pruebas), y desaparecer. Como he comentado, me parece apasionante el trabajo que hacen y me gustaria ser una ayuda mucho más comprometida. Por ejemplo, hablo portugués nativo (soy brasileño) y resido en Chile hace 15 años. Podria quizás ayudar mucho apoyando a traducciones de textos que se encuentren en portugués pero que la comunidad hispana los demande en español. ¿que opinas? ¿es viable? Pensaba tener un espacio de discusión donde solamente los usarios demanden por traducciones y yo analiso si tengo el tiempo suficiente (y en interés en la materia), respondiendo que acepto el trabajo o no estoy en condiciones momentaneas de asumirlo. Creo que así aumentaria mucho mi cultura al tiempo que ayudaria siendo un Wikipedista realmente colaborador. Saludos cordiales y muy amable de su parte.",0,0.00028474454302340746,0,es
"hola, muchas gracias por tu asesoría! estoy feliz! voy a seguir editando el de puentes anti-peatonales y el de la carta de los derechos del peatón Itsi ",0,0.0011658924631774426,0,es
"Hola, Vrysxy: Quería preguntarte por A la Mierda, artículo que marcaste para borrado rápido: sé que no es de gran calidad, pero no creo que aplique un destruir. ¿Se me escapa algún hoax, plagio o similar? Saludos de ",1,0.4552297592163086,0,es
"Revisé tus antecedentes, y vaya que no comprende que no se puede colocar información sin su respectiva fuente, que lástima que la enciclopedia más utilizada actualmente, esté en manos de tanta gente fanática e ignorante, por el bien del conocimiento le voy a notificar a un bibliotecario.",0,0.13913361728191376,0,es
"Se ha renombrado esta cuenta como parte de la finalización de la cuenta de acceso unificada. Si esta cuenta le pertenece, entonces puede ingresar utilizando su nombre de usuario y contraseña anteriores para obtener más información. Si no le gusta el nuevo nombre de la cuenta, puede elegir el que desee con este formulario después de ingresar: . Keegan (WMF) (discusión) 08:32 21 abr 2015 (UTC)",0,0.00030562037136405706,0,es
"Hola Tech, te he seleccionado para que revises el articulo de Adam Copeland, cumpliendo con la nueva politica de futuros AB      Javi         (You think you know me)    20:18 15 jul 2009 (UTC)",0,0.0003629886487033218,0,es
"Totalmente de acuerdo, y lo he cambiado. Me parecería abierto a discusión si se hubiera calificado de  enfermizo , pero  perverso  es una calificación moral pura y dura Marioneta",0,0.007441388908773661,0,es
"En Nicaragua, el pronombre “vos” es la forma de prestigio y la norma culta: el “vos” está tan generalizado como en Argentina. Los vándalos que escriben lo contrario son o totalmente ignorantes o absolutamente estúpidos.",1,0.9877402186393738,1,es
"El artículo que nominaste como artículo bueno, «Arrowsmith (película)», ha sido reprobado 18px|link=. Acude a Discusión:Arrowsmith (película) para ver las razones por las cuales la nominación ha sido reprobada. Cuando estos puntos hayan sido tratados o arreglados, podrás nominar nuevamente el artículo. ",0,0.0003428530471865088,0,es
Muy bien señor por la edición del artículo. Ya cambié mi voto para que no se borre pero se puede seguir mejorando. Esperamos tus colaboraciones en otros campos. Un abrazo. ,0,0.0003812435606960207,0,es
 Gracias Mil The Joker. Ahora que sigue? Alguien la revisaria? Evaluaría? Sobre su contenido y relevancia?? Saludos ) ,0,0.00042033151839859784,0,es
RESUMIENDO TODO ESTE PUTO TEXTO rbd ESTA CONFORMADO POR UN GRUPO DE MARICONES QUE DEBERIAN SER SACRIFICADOS. rbd ES UNA PUTA MIERDA. OJALA LES DE SIDA POR TRAVESTIS MARICAS. LO MEJOR ES EL METAL.      METAL       ,1,0.9883725047111511,1,es
"Gonzalo Alegría es candidato a la Alcaldía provincial de Lima encabezando un partido histórico de la política peruana, como es Acción Popular, que es en el Perú, para que se entienda mejor, el equivalente a la Unión Cívica Radical de Argentina o el PSOE español; para mi esa es la relevancia que tiene, si fuera solo un economista hijo de un escritor no la tendría en absoluto.Alvaro ",0,0.0010090719442814589,0,es
"Pero que tontos ustedes que pòr el hecho que una persona vaya a la universidad no significa tenga buena moraL, me amarga tengen esa idea tantos abogados, jueces y otros profesionales q son una porqueria de gente q se preocupan en sus bolsillos y no en su pais, asi q por favor estupidos traguense sus palabras IDIOTAS.",1,0.9955881834030151,1,es
Pues citar una fuente oficial donde se certifique que esas son las posiciones... WP:VER ¿no? Nueva ,0,0.00038598469109274447,0,es
"(me bloquearán por insultar a un bot? O_______________O) sos un fraude, no dejás hacer mantenimiento a los demás! ",0,0.8939559459686279,1,es
" terrible desenlace de los musicos mexicanos de xalapa veracruz,y cinismo de corrupcion de los presidentes varack obhama,vladimir pitin,y joachin gauk,por el robo y delito internacional de bajo la mirada del peyote ",1,0.1515224277973175,0,es
"Considerar la línea Tarragona-Castellón como de  Alta Velocidad  es ignorancia absoluta o una tomadura de pelo. Siendo generosos,  Velocidad Alta  y gracias...",0,0.014265951700508595,0,es
"Ya sabes que yo disparo primero y pregunto despues, forastera. D Haz como quieras, ya sabes de sobra que no tienes que preguntar. Moitos petons. Ensada ! ¿Digamelón? 07:38 24 mar 2008 (UTC)",0,0.31843236088752747,0,es
Se ha creado un wikiproyecto para aumentar y mejorar los articulos relacionados con Salamanca. Se llama  Historia Salamanca . Por lo que pido ayuda para el proyecto. ,0,0.0003900243609678,0,es
"Post Scriptum: los tardígrados, sin que nadie les recrimine, suelen borrar los textos de discusión que les displacen; en cuanto a la sarta de necedades e insultos que el anó nimo dejó  escritas  es bueno que queden como un ejemplo de lo que es la torpeza mental. Y tiene que haber algo de que reirnos en este mundo. .",0,0.1016237661242485,0,es
"Olvidaste firmar tu comentario en Discusión:Mestizo y éste ha sido firmado por un robot automáticamente (ver diff). Si quieres, puedes ir a la página y firmarlo tú mismo poniendo ~~~~ o pulsando el botón Imagen:Button sig2.png de la barra de herramientas. ",0,0.006303008645772934,0,es
 Damiana Guillen (discusión) si lo voy hacer hojala me ayudes Cock Sparrow a corregirlo gramatical y ortograficamente pero hay artisimas personas que se meten a editar diariamente sin saber e incluso crean esos cuadros sin importancia y ridiculos que no alcanza para escribir. Lo que hay que hacer es volver a pulirlo y darle formato acorde a las normas de ortografía,0,0.06974992156028748,0,es
"¿Y quién ha escrito algo referido a la protección medioambiental?... Como vos reconoces (y cualquier persona perspicaz entiende) he escrito en referencia a las relaciones de los seres vivos (fauna y flora) con el ambiente. Y más allá de   Greenpeace   o lo que se parezca, geográficamente existen regiones ecológicas. Saludos. .",0,0.00026699513546191156,0,es
"Mexicumbia, le voy a solicitar que baje su tonito insolente que no está en una cantina. La imagen fue retirada por su pésima calidad, pues ni siquiera se aprecia fehacientemente al supuesto vendedor ambulante.    Beto·CG    23:18 11 abr 2009 (UTC)",0,0.3417882025241852,0,es
"Hola, , te pedimos tu colaboración para iniciar un nuevo proyecto en el Wikiproyecto:Videojuegos al estilo de WP:CDLS, para informarte y/o colaborar puedes mirar aquí. Muchas gracias por tu atención. Mr.",0,0.0002994332753587514,0,es
"Hola, de manera útil necesito que me apoyes en la edición de las tribus de los mayas (itzaes, cocomes, xius, putunes, etc.) para complementar el artículo    Antiguos Mayas   , puedes invitar a otros colegas ya que podremos ampliarlo y quien sabe hasta ponerlo como artículo destacado, te invito a conformar parte de esta brillante sugerencia, (quien sabe si los demás colegas quieren, hasta podría ser destacado). Bueno además te comento que ya introduje datos sobre sus rasgos físicos, su organización política, organización religiosa, escultura, música, personajes célebres mayas, bibliografía y uno que otro enlace. Recordemos que siendo 100 % mexicanos podemos contribuir mejor a la construcción de dicha página. Bueno espero tu respuesta lo más pronto posible, deseandote lo mejor. Atte ",0,0.0002610613591969013,0,es
"Pues me encantaría, aunque ando escaso de tiempo, y no puedo prometerte demasiado. Por otra parte, a la hora de escoger un candidato para convertirlo en AD, te aconsejo buscar un tema que hayas estudiado en su totalidad, o que vayas a estudiar este año. Quizá algo de Derecho romano o de historia del Derecho de España. No te recomendaría meterte a por el Código Civil, porque es un berenjenal. Si acaso, algo sobre Derecho de la persona, patrimonio, autonomía, y demás. En todo caso, asegúrate de diferenciar el país al que pertenece el artículo. Que me estoy encontrando engendros como Procedimiento administrativo, donde han mezclado el Derecho español con el argentino, y algún otro que no alcanzo a distinguir. Me cuesta más arreglarlo que hacer un artículo nuevo. Tampoco dejes que un sólo artículo te ciegue. Un artículo brillante no vale de nada si todos los artículos relacionados están en pañales, o incluso son erróneos. Arreglarlos es un trabajo desagradecido, porque no lucen, pero también hay que hacerlo. En todo caso, avísame cuando hayas escogido el blanco. Gaeddal ",0,0.003982858266681433,0,es
"No sé, pero me bloquearon cobardemente, Humberto prefirió huir cobardemente, esconderse, antes que responder a mis preguntas e inquietudes, prefirió apoyar a unos sinverguenzas como Jossi y José FM, y, como tal parece... le encanta, adora, le apasiona... la mentira y el cinismo. ¿Cómo crees que me voy a calmar si están actuando con alevosía, saña y ventaja? ¿Y el daño que me hizo el tal Prem Pal? No importa ni yo ni sus miles de víctimas ¿verdad? Saludos.",0,0.2495839148759842,0,es
"- Pero es que, vaya, caramba, la esencia de la Cienciología, el desarrollo del poder mental interior, la relación con los extraterrestres, se parece mucho a una novela de ciencia ficción (¿Hablamos de la película de Travolta también?). Concretamente la Cienciología tiene su origen (según sus críticos) en el último cuento escrito por Hubbard en la revista dirigida por John W. Campbell. Tal cuento de ciencia ficción sobre el desarrollo de la capacidad mental interior tuvo tanto éxito y Hubbard recibió tantas cartas de admiradores que preguntaban si su cuento era  cierto  que decidió que había mejores maneras de ganar dinero que escribir novelas y como otros (J.J. Benítez) hizo pasar sus historias de ficción por realidad. Como ves un usuario tan crítico como yo admite su falta de parcialidad (¡y no he escrito en el artículo!). Wricardoh 23:48 02 diciembre 2004 (CET).",0,0.028107022866606712,0,es
"Por otro lado, seguimos esperando que el propio reponga los avisos de no neutralidad y discutidos que    muy deshonestamente    eliminó al trasladar. Me parece que me voy a hacer unos mates, porque parece que   viene para largo  . Saludos. Mans The problem is I got a lot of brains but no ",0,0.08162443339824677,0,es
"Hemos tenido un conflicto de edición, y he revertido tu reversión que era correcta, ya está corregido mis disculpas. 10px (Tu me diras)-",0,0.00043764759902842343,0,es
"[Usuario:BetoCG|Beto]] Tu no tienes capacidad de respuesta alguna, veo cuán pequeño eres, y como te gusta jugar desde tu teclado de bibliotecario, borrando mis posteos, sin poder responderme. Que pena. ¿Cómo puedo pedir que te bloqueen por ser bloqueador inescrupuloso? ",0,0.3541432321071625,0,es
"Que traes contra mi, ven y reportarme en la cara a ver si muy hombresito, quien dijo que esta cuenta es solo para vandalismo, tu haces vandalismo contra mi por reportarme por  vandalismo , saludos y btalv ",1,0.4372886121273041,0,es
Hola Rondador ) Te viene bien el sábado 28 a las 16:30 en la estatua de Colón? ) Saludos        07:27 26 jun 2008 (UTC),0,0.0007851846748962998,0,es
"Hola, Adolfo. Ninguna prisa y gracias por seguir al pendiente del artículo y tratar de mejorarlo. Un abrazo. ",0,0.0007939912611618638,0,es
"No sabemos quien es el autor del pie de imagen por ende no podemos acusarlo de haber inventado o no inventado la afirmacion, ergo no podemos decir que es investigacion original ya que no sabemos de donde obtuvo las lineas que escribió, lo que si sabemos es que la carga de la prueba recae sobre quien hace la afirmación, y en este caso es Xana la que afirma que el pie de imagen es subjetivo, pero, ¿segun quien?¿segun ella misma?, entonces en ese caso decir que el pie de iamgen es subjetivo es una afirmacion subjetiva de la propia subjetividad de Xana ya que no ha demostrado pruebas objetivas de que la susodicha sea realmente subjetiva, ergo eliminar tanto el pie de foto como la imagen misma nomás porque así lo dice la subjetividad de Xana, eso sería precisamente una edición subjetiva carente de argumentacion enciclopédica y por eso procedí a revertirla.Mr. ",0,0.0008554008090868592,0,es
"HERNAN: NO CREAS TODO LO QUE LEES EN INTERNET. ESTA LLENO DE PORQUERIAS Y TONTERIAS, DE ALTERACIONES. TE INVITO A QUE TE INFORMES DONDE PUEDES ECONTRAR UN LIBRO ESCRITO POR L.RONALD HUBBARD Y LO LEAS. PARGAL",0,0.8069032430648804,1,es
"el limarí esta mas abajo de la serena, en la serena habian diaguitas, hubiera puesto choapa, como salia en un libro de los diaguitas donde decia q los mapuches llegaban al choapa, pero vi en una pagina llamada ser indigena q los mapuches llegaban al limari y puse eso. Pero decir q llegaban al aconcagua es irse harto más abajo. ",0,0.04056752100586891,0,es
travis es una berga joto deverias aprender de su musica seudo punki caguamero travis es exelente y eso no lo puedes negar ¿quien es el idiota ahora?,1,0.9783646464347839,1,es
"He accedido a la página en busca de información de Granada, me parece muy narrativa y parcializada. Para otro punto de vista del periodo 1961-1983 se puede consultar: http://www.terrorfileonline.org/es/index.php/Invasi%C3%B3n_a_Granada,_26_de_octubre_de_1983",0,0.00037451129173859954,0,es
"No se si estoy respondiendo al mismo mensaje, pero si a una observación distinta. Sobre el tamaño de las sinópsis, debo decir que he trabajado en ellas bastante. Son extensas bien es cierto, pero si se leen con atención se observará que son precisas y que no sobra casí nada.Se ha eliminado todo lo innecesario e irreverente que no aporte nada a la historia del capítulo, y se ha centrado todo en la acción y la lucha. Es decir que a aquellos que sean afines al personaje reconoceran en estas sinópsis y buen trabajo. Tal vez si se puedan resumir más. Tanto tal que así. El doctor Infieno mandó al robot x y el Mazinger Z lo venció, punto final. Pero eso a mi me parece de ´mal gusto. Tu juzgas. si lo deseas retiraré las sinopsis. ",0,0.0005082209245301783,0,es
"Hola Blady. He estado comprobando el artículo: la primera vez lo borraron por estar copiado de una página web, lo que violaba los derechos de autor. Las otras veces porque incumplía una de las políticas de la wiki: la que exige neutralidad. Me imagino que esto se debe a este párrafo: Lo mejor que puedes hacer es redactarlo de forma neutral, sin alabanzas ni descalificaciones, sacando los datos de la web (   solo los datos   , luego los redactas a tu aire) y colocando ésta como referencia en un apartado de enlaces externos. Si encuentras más referencias de que es una persona relevante, cuya biografía deba aparecer en una enciclopedia, colocalas también. Si necesitas ayuda, vuelve por mi página cuando quieras.    PS: Una cosita: para firmar no se pone Blady Morfin, porque el enlace lleva a un artículo, no a una página de usuario: Usuario:Blady Morfin. La forma de firmar es poner ~~~~, o más fácil: hacer click en este botón Imagen:Signature icon.png de la barra de herramientas que sale cuando se está editando.  ",0,0.0006630765274167061,0,es
"Por favor, léete A:TRAS antes de continuar haciendo cambios de título de los artículos. También léete WP:CT. Programa de Liderazgo Táctico (TLP) lo incumple. O Programa de Liderazgo Táctico o TLP. Gracias por tu comprensión. Díjolo LMLM > ¡Contáimelo! 19:23 10 mar 2014 (UTC) Como puedes comprobar OTAN no se titula Organización del Tratado del Atlántico Norte (OTAN), pero Organización del Tratado del Atlántico Norte redirige a la primera. Y lo mismo ONU, que redirige a Organización de las Naciones Unidas. Como te dije o el nombre o las siglas, lo que sea más utilizado, pero no en España, sino en todo el mundo hispanohablante. Y el otro redirige al que sea el más utilizado. Es decir, o las siglas al nombre (como en ONU) o el nombre a las siglas (como en OTAN). Un saludo, Díjolo LMLM > ¡Contáimelo! 19:58 10 mar 2014 (UTC)",0,0.0005314020090736449,0,es
", en Cartago.]] Disculpa reverso por la verdadera Anserma que perteneció a las Ciudades Confederadas del Valle del Cauca en los años 1811 era Ansermanuevo. La otra Anserma (Anserma vieja ) no existía en ese año 1811 y nació en uno de los lugares antiguos en que estuvo originalmente situada Ansermanuevo. Existió primero un territorio llamado “Anserma”, denominado así por Sebastián de Belalcázar en 1536, antes de fundarse una población, y posteriormente hubieron por lo menos tres asentamientos, por favor revisa información directamente en las páginas relacionadas y escudos. Anexo una placa conmemorativa que se encuentra en Cartago; en la ciudad de Cali hay una similar. Cordial saludo. 190.128.118.",0,0.0002487593737896532,0,es
"Efectivamente, no podía ser otro. Lo que tú das yo lo he buscado. Rupert, estoy dispuesto a pagar lo que no me pagan aquí para que me proporciones las claves de cómo diantre lo encuentras todo. Agradecerte cosas se ha convertido en una rutina. Alguna vez aprenderemos y tendremos ocasi`on de corresponder. ;)",0,0.014946537092328072,0,es
"La sección por la que me preguntas, es anterior en la EL, lo malo es que no te puedo pasar el enlace porque esas fechas anteriores al año 2007, en algunos artículos, tienen dificultad de acceso por cuestiones técnicas que están aun sin resolver. Me temo que vas a tener que fiarte de mi, simplemente. No sé si te sirve esto que te digo. De todas formas voy a hacer indagaciones a ver si los técnicos me pueden proporcionar un acceso por otras vías. Lourdes, mensajes ",0,0.0013850333634763956,0,es
"Buenos días, Papafrita30: La traducción contiene una referencia a  los años setenta , que no está en el artículo original en inglés, y que no tiene mucho sentido en el párrafo en el que se incluye en relación con de Dion, que curiosamente nunca desarrolló su actividad en ninguna   década 70   (abrió en 1883 y cerró en 1932). En consecuencia, elimino la citada mención. Un cordial saludo: Wiki ",0,0.00023811293067410588,0,es
"Buenísimo, Marito. Ya llevé el tema al TAB acá , por si querés opinar y aportar algo. En la discusión en sí del artículo el usuario JavPhanter cree (o creyó) que vos apoyabas su postura. Sería bueno si le aclarás que no es así. Saludos, 18px LuchoCanalla | ",0,0.00048544956371188164,0,es
mejor no te des ninguna vuelta por ahi  ok  a y no es mi culpa que no entiendas ingles sabes busca en algun diccionario el significado xoxo pd:no revises eros vlahos ok Discusion If you ever loved somebody put your hands up. (discusión) 17:27 3 ene 2012 (UTC) Porque me dices:¡carla! ¿otra vez? y yo te digo ¡cesar!¿de que? pues no entiendo lo que me quieres comunicar yo me expreso asi y no es que sea antipatica son mis modales a y si tienes tiempo en 15 minutos o sea a las 6:58 gmt te pasas por mi pagina de usuaria y aprenderas mucho con solo leer y observar Discusion If you ever loved somebody put your hands up. (discusión) 18:45 3 ene 2012 (UTC),0,0.153533473610878,0,es
Solamente aviso que alguien borró tu página de usuario y escribió  soy muy marica . Ya lo revertí.,1,0.971636950969696,1,es
"HUMBERTO: GAY MAL ATENDIDO, quien corno te crees que eres para decidir lo que es relevante o no para la gente. buscate una buena POLLA para dormir tranquilo. WIKI, si bandidos como estos manejan los criterios de publicación.. entonces serán ustedes una estafa mas en internet ... como tantas .., Y NO VOY A PAGAR LO QUE ME PIDEN !!!",1,0.9922906756401062,1,es
" Es una citación de Carles Rahola, periodista fusilado por el franquismo refiriéndose al fascismo. ",0,0.01542898453772068,0,es
"Se ha renombrado esta cuenta como parte de la finalización de la cuenta de acceso unificada. Si esta cuenta le pertenece, entonces puede ingresar utilizando su nombre de usuario y contraseña anteriores para obtener más información. Si no le gusta el nuevo nombre de la cuenta, puede elegir el que desee con este formulario después de ingresar: . Keegan (WMF) (discusión) 09:42 21 abr 2015 (UTC)",0,0.00030489859636873007,0,es
Entre las goleadas conseguidas aparece el 9-0 al Gerona. Pero en 1947 se le endosó un 11-4 al Toledo en Copa del Generalísimo según esta página y también hay un 14-0 conseguido ante el Garrucha (equipo de la provincia de Almería) en 3ª división y ya como Málaga Club de Fútbol. ,0,0.00048514193622395396,0,es
 eso es lo que pasa cuando intentas hacer varias cosas al mismo tiempo ;)... ¡Mil perdones! Saludos.Mans «...When you knock me down I get the f**k back up again!» 23:40 4 dic 2017 (UTC),0,0.43570050597190857,0,es
" Es mucho mas representativa una tabla por confederaciones que una tabla 8x4 alfabetica, en todo caso se podría dejar la tabla de 8x4 y en ese caso se podría crear una seccion en la que se coloquen los equipos clasificados segun la confederación, de tal manera de visualizar de forma simple cuales son los representantes al mundial por cada confederacion. Saludos {Orlando}",0,0.00043580314377322793,0,es
"Se ha renombrado esta cuenta como parte de la finalización de la cuenta de acceso unificada. Si esta cuenta le pertenece, entonces puede ingresar utilizando su nombre de usuario y contraseña anteriores para obtener más información. Si no le gusta el nuevo nombre de la cuenta, puede elegir el que desee con este formulario después de ingresar: . Keegan (WMF) (discusión) 09:33 21 abr 2015 (UTC)",0,0.00030174769926816225,0,es
Estaría bien que las reglas fuesen un poco mas explícitas con todo para no caer mas veces en fallos... por ejemplo estaría bien poner ejemplos de lo que es y no permitido. También por ejemplo he visto en las puntuaciones que se dan puntos por revisar artículos buenos y eso yo no lo he visto en ningún sitio en las reglas (igual es que no lo he visto yo eh!!!) y estaría bien saber a que se refiere. Gracias. vanbasten_23 10:01 1 abr 2008,0,0.00037487063673324883,0,es
"He terminado de editar Rayo cósmico de ultra-altas energías, ¿podrías por favor quitar la plantilla que colocaste? ¡Espero haber hecho un buen trabajo ahora si! Saludos ",0,0.002412807662039995,0,es
Muchas gracias amigo. ¿Quién iba a decir que iba a tomar un papel tan activo en eso? Me da gusto haber podido ayudar. También un abrazo.    Salvador    alc ,0,0.0005031643086113036,0,es
"Gay X High School Musical/ minutos insoportabbles de cantos = a tu puta madre(al cuadrado) = a Zac Efron = Gay = a ti(esto es: tu eres gay si lees esto , y zac te la metera asta el fondo, rectifico, no tiene jajajaja q weno soi, entonces t la mete el negrata de su amigo jajaja asta luego so frikis, no dejen de visitar esta página y visiten también frikipedia asta otra maricones.  qien cambie sto, lo !!!MATOOOOO¡¡¡",1,0.9935234785079956,1,es
me dices porque te dedicas a borrar a la gente lo q ace???si no tienes nada q acer o te buscas amigos o trabaja o a algo de provexo xro deja de dar x kulo a la gente!,1,0.3485921025276184,0,es
"encuentro de poco hombre , a cada uno de los panelistas  que se encuentran en el foro , cada vez que se meten en la vida de las personas , me refiero en su vida privada , se ven como gallinero de homosexuales , es lo que se refleja al exterior ,del televidente varon... al unico que se le puede perdonar de ser asi, es a don italo , ya que el si es periodista. y lo que realiza lo hace con seriedad .desde iquique un televidente mas.... roberto cortes",0,0.12344886362552643,0,es
"Hola. Quizás una carta al director en La Opinión de Málaga u otro periódico de Torremolinos pueda ser un buen paso a seguir. Se puede recuperar el texto que pusiste: pídeme que lo haga si quieres. Si necesitas algo más, ponme un mensaje o pídeme el e-mail. Ánimo. Un saludo, 12px Lucien ~   Dialoguemos...   19:25 6 dic 2007 (CET)",0,0.0004611495533026755,0,es
Buenas tardes. Mi consulta es si no pensas que es un poco pavote estar promocionando un equipo tan pedorro como Gimnasia. ¿Ni siquiera algo de verguenza? Besis.,0,0.19827397167682648,0,es
No hay una herramnienta que haga fácil hacer ésto?? lo he buscado y no encuentro. Saludos Yerson O ¿Consultas? ¿Respuestas? 01:54 27 abr 2009 (UTC),0,0.0013677204260602593,0,es
todos son unos putos pendejos culeron que no ponen de manera clara los conceptos vectoriales con sus respectivas definiciones que simplemente hacen que permanesca en la ignorancia total me parece quie deberian tener mas claras sus definiciones. Atte. Erick Tellez Guerrero.,1,0.9834297895431519,1,es
"Tengo entendido de fuentes confiables, mas no con certeza absoluta, que el término  nomos  es administración; repito, cabe la duda.",0,0.0007219702820293605,0,es
"La plantilla ha sido marcada para su borrado por no cumplir con los criterios del manual de estilo. Lee estos criterios y si sigues creyendo que la plantilla es útil y los cumple, ve a la discusión de la plantilla para defender su utilidad. ¿Como sienta que le planten a uno estos avisos? ;-) Sanbec ✉ 13:44 7 feb 2006 (CET)",0,0.00048730309936217964,0,es
porta coel i me mama el bicho pelu ustedes son unos KABRONES PUTOS Y PENDEJOS PORQ ENTRAN A ESTA PAGINA Y SI LO LEISTES TE MALDIGO POR SIEMPRE !!!!!!!!!!!!!!!CHUPAMELO!!!!!!!!!!!!!!!!!!! !!!!!!!! !!!!!!!! !!! !!! !!! ^ESE ES MI PENEArchivo:Ejemplo.jpg,1,0.9963923096656799,1,es
"Yo propongo añadir un campo donde se indique el tiempo de trabajo del actor, por ejemplo Isla Fisher trabaja desde 1995, entonces se coloca 1995-presente, si aun sique actuando. Si tienen alguna inquietud o algo que los incomoda no duden en copiarmelo a mi pagina de discuson.  ¿? ¿Cómo   |tiempo de trabajo = El tiempo de trabajo del actor, director, etc. Agregar años de principio y fin del  Buena idea la del otro usuario, me parece bien colocar el tiempo del trabajo de actor   tiempo de trabajo 1995-presente  . ",0,0.00038857883191667497,0,es
Se ha recibido permiso en OTRS para este artículo bajo licencia CC BY-SA 3.0 ES. 00:02 28 ago 2013 (UTC),0,0.00024232083524111658,0,es
"CONOCE USTED EL PERU? POR LO VISTO JNO... COMO PERUANO NO LE PERMITO QUE UTILICEN FALSA INFORMACION, ES UNA FALTA DE RESPETO A MI PAIS RECUERDELO, ES UNA GRAN MENTIRA TODO LO ESCRITO CON PALZBRAS INVENTADAS POR GENTES QUE DESCONOCEN LA FLORA Y LA RIQUEZA DE LAS LOMAS COSTERAS PERUANAS, NO INSISTAN CON ESA INFORMACION EQUIVOCADA, ESO NO ES CULTURIZAR A NADIE, ES MANDAR AL DESVIO A LOS DEMAS .",0,0.18454594910144806,0,es
"Aclárame que significa incluir la documentación, es que es la primera plantilla que hago. Antes en los articulos de religión se utilizaba una especie de ficha improvisada también hecha por mí, que agregué a algunas denominaciones religiosas y que luego se popularizó mucho y la gente empezó a usarla en casi todas las religiones, por eso vi bueno hacer una más formal. Y a que te refieres con parámetros como los de judaísmo y confucionismo? Pregunto porque como ves soy nuevo en eso de plantillas, con gusto haré las modificaciones que sean del caso si las tengo claras. Gracias. ",0,0.00037184811662882566,0,es
"Hola. Para agregar un artículo a una lista de esbozos en particular,    no tienes que editar la categoría    sino agregar, por ejemplo (en este caso, un esbozo sobre pintores). Esto lo agregará automáticamente a la lista. Saludos, ",0,0.0003318498202133924,0,es
"Porta un intento de MC bastante pésimo, con canciones poco creativas, con falta de vocabulario, flow y entonación ya que hace letras tontas, y ademas es un toyaco. Aparte de eso, nunca ha demostrado que pueda hacer freestyle con soltura y calidad, lo que hace poco creible la calidad de este MC. Se metió en moviolas con una cancion en la que le petaron el culo tanto Aloy como Cíniko, este más siquiera todavia. Con maquetas deplorables, y muy comercial, pero sin ningún fan que sea un MC real.",0,0.7784144282341003,1,es
lo sento pero primero en ningun lugar aparece disco heaven como un disco o version mejorada de the fame y lady gaga jamas anuncion un album de estudio llamado disco heaven solo es una cancion por lo que en su pagina no falta ningun album,0,0.0010820816969498992,0,es
"¿Qué te calentás? ¿Yo le dije algo a alguien, a ver? ¿Qué te pasa? ¿Así me agradeces haber redactado el artículo Anastasiya Usova? Bajá dos cambios, mujer. 15px Chosquitas Tus dudas aquí... 03:08 20 jun 2009 (UTC)",0,0.1425960212945938,0,es
"Sí, efectivamente lleva muchos meses, tanto en desacuerdo como en mi lista de seguimiento jeje. Gracias por el tiempo que le dedicaste. Un saludo, Moraleh 15px|",0,0.0005641284515149891,0,es
"Abre la mente y lee. Parece que solo desprestigias, sin darte cuenta del poder que tiene la industria farmaceutica (la segunda industria que más dinero mueve despues de la armamentistica) y la presión que ejerce en los medios de comunicación. Puñetera mafia médica, ¿cuantos regalitos dan las farmaceuticas a los medicos que callan? ¿y a los que mienten? y no me refiero a boligrafos Supongo que todo es cuestion de numeros (como siempre) y es que es más barato que la gente muera a ciertas edades, que no estar pagandoles la pensión hasta los 90 años...",0,0.013853917829692364,0,es
"andá a la concha de tu madre. quién te has creído, mequetrefe virtual, para pretender coaccionarme mediante vanas amenazas. me tienen sin cuidado. repito: andá a la concha de tu madre. vos y thomas merton",1,0.8192564845085144,1,es
"os lo teneis muy creido si pensais que los internautas se descargan vuestro cine subvencionado casposo made in spain Que los internautas tienen buen gusto, seguid cobrando subvenciones que todos pagamos",0,0.006521649658679962,0,es
"Pepiñin si te falta el PP te mueres de hambre. Si el PP fuera un partido normat cuano gobierne meteria a todo los componentes del gobierno a la carcel con cadena perpetua, sois unos traidores a españa",0,0.8524984121322632,1,es
" Veo que eres bético, ¿no?. ¿Tu crees que si nos pusieramos a fondo con dos c*j*n*s seríamos capaces de convertirlo en destacado? (O por lo menos en artículo bueno). 30x15px   Zorrillo   30x15px Just Do It ",0,0.2914104759693146,0,es
"La politica de titulos dice  En principio, los municipios, provincias, etc. de España se escribirán en castellano, pero dentro del artículo se hará una referencia al nombre en los demás idiomas. . Es lo que estoy haciendo. 147.114.226.",0,0.000332762545440346,0,es
"El articulo no es para nada objetivo ya que lo escribieron los sostenedores de los DS (democratas de la izquierda, es decir los nostalgico del comunismo, y herederos del partido comunista italiano).Hablan tantos de la vida de playboy de Berlusconi por no tener nada mas del que criticarlo.Ellos soy serios, es cierto nunca los pillaron con mujeres, pero crearon un hueco de 17mil millones de euros, en el banco manejado por ellos (Monte dei Paschi), y mas de unos de ellos se envolucro en escandalos con travestis, que no son nada mejor que los escandalos sexuales de Berlusconi con las modelos.",0,0.11145128309726715,0,es
"   Hubiera sido bueno que al aparato que aparece en la foto le hubieran pasado un trapo para sacudirle el polvo antes de tomarle la foto, ¡mas sucio no podia haber estado!   ",0,0.04091019928455353,0,es
"¡Tienes razón! Eso sucede si no hay ediciones recientes en el artículo que queda. En tal caso, creo que la propuesta de Gustrónico es razonable. Saludos. Lin linao ¿dime? 00:36 10 jun 2009 (UTC)",0,0.0007434555445797741,0,es
"No había visto la página web... ahora, si es así, ¿que se desprende, entonces, de la Superfinal ganada por Vélez, que no figura?. Saludos.",0,0.0008995963726192713,0,es
"La verdad es que ese es un problema imporatante porque se da en muchos de los artículos en los que trabajamos dentro del Wikiproyecto:La Rioja. Te invito a que te pases por su discusión y propongas alguna solución (supongo que añadir el pegote (España) en todos los artículos, pero no quedará otra). Saludos.Edmont ",0,0.000427819206379354,0,es
"No hay problema, estaba considerado esperar una semana al menos por comentarios. El lunes 25 de febrero incorporaré los cambios de no existir argumentos en contrario debidamente fundamentados. ",0,0.00043544103391468525,0,es
"Hola Petronas, necesito pedirte un gran favor; necesito que protejas el articulo del ex presidente de mi país Colombia César Gaviria y bloquear estas IPs que vandalizaron el articulo que tuve que corregir; 186.144.200.123 y 181.234.111.117 . Gracias. PS: Protege el artículo por favor.",0,0.002106873784214258,0,es
"Me permito hacer algunas aclaraciones: La Maternidad Martin fue donada en el año 1937 por Ángela Joostens, esposa de Julio Ulises Martin, cuando éste ya había fallecido en 1934, a la Municipalidad de Rosario. Se inauguró en el año 1939. En el año 2006 fue trasladada al nuevo edificio del Centro de Especialidades Médicas Ambulatorias de Rosario (CEMAR), donde funciona en los pisos 5º y 6º (Diario “La Capital” de Rosario).200.43.239.",0,0.00028609915170818567,0,es
"Esta pagina es una mierda, parece una vagina con un pene chorreado adentro y que la vagina este podrida xd",1,0.995518684387207,1,es
"Voy a aprobar porque a mi criterio, el artículo pasa... de hecho, me considero poco pertinente como para hablar de neutralidad aquí. El criterio de estabilidad se refiere a que no esté sometido a una guerra de ediciones o que sea un suceso en pleno desarrollo y por ende, no pueda ser completado; para este caso, el criterio no aplica, EMHO. Pido que en caso de que Keres desee plantear el descuerdo, lo haga con total libertad... que aquí estaremos para discutirlo tranquilamente. Un saludo.   05:29 27 jun 2008 (UTC)",0,0.00043403016752563417,0,es
"Celia Valero. Celia es una niña que a pesar de ser tonta, inútil e insúpida es una niña que no recibe respeto ninguno. Algunos dicen que es porque no se merece ni el pan y a otros les dá muchísima pena. El caso esque a ella le da exactamente igual lo que piensen los demás , pasa de nosotros y se va con los de 2º y 3º . Es una niña que cree que el universal está a sus pies y a sus pies no estan ni sus zapatos. Ahora,nos obligaran a comportarnos bien con ella hasta que acabe el curso. Sus dificultades y defectos les dan 3000 vueltas a los nuestros , dice que todos los niños de clase le quieren, pero no le cree ni un burro atropellado en invierno.Desde mi punto de vista , con un perdon discreto hacia los lectores,me parece ella y su madre una gran mierda con ocho moscas en la acera.",1,0.9064700603485107,1,es
"Para clasificar tus esbozos y facilitar así su desarrollo, en lugar de ponerlos en la categoría esbozos, añadir la etiqueta o utiliza, al final del artículo, la siguiente: . En Wikiproyecto:Esbozos/Lista puedes encontrar todas las categorías. En espera de que desarrolles tu esbozo, un saludo wikipedístico de José Luis ()",0,0.0007273371447809041,0,es
"Pues la idea es que todos tengamos acceso al aprendizaje de las lenguas nativas de América, claro que podriamos traducir de inglés a español como el caso de idioma alabama; o bien, traducir un wikiproyecto a la lengua inglesa, para tener otras opiniones y yo haría un kiquiprojeto en portugués ¿qué te parece?",0,0.000829047872684896,0,es
"Vd. es un fascista de los que quedan pocos en España, siga asi, campeón, la agrupación republicana es un partido al igual que cualquier otro y esto no es un lugar de debate estilo Salsa Rosa para que venga a decir traidores o no y que pierden o no... Sintiendolo mucho, la Pic no va a perder 4 concejales, creame... Otra cosa, en Coslada no hay gobierno de derechas porque el alcalde es Huélamo, López sólo se hace fotos con la presidenta y no te dejan ni ponerlas aquí...",0,0.47609278559684753,0,es
"Las narices rebatido. Y hablar a un auditorio inexistente tiene nombre: PVM. Por otra parte: , . Repite conmigo: pro-se-li-tis-mo, pu-bli-ci-dad. ",1,0.04939597472548485,0,es
Pero es precisamente David E. Masnata y de Quesada en   La Casa Real de la Cerda   que hace Mahalda de la Cerda hija bastarda del señor de Villalobos hijo del señor de Villalobos y de la I señora de Bembibre!... 193.136.149.,0,0.7086560726165771,1,es
A los  camaradas revolucionarios  les recomiendo que guarden su mierda ideologica para las  reuniones izquierdistas  y no se dediquen a querer hacerse publicidad en una  enciclopedia  que ya de por si deja mucho que desear (veansé artículos sobre las biografías de personajes de caricaturas). ¡Arriba y Adelante! ¡La moral da moras!,1,0.8811526894569397,1,es
"¿Qué hay de cierto en que tiene síndrome de down? (fíjense en sus orejas y nariz más grnades de lo normal, y a la hora de hablar el pobre no es muy lucido)",0,0.25166770815849304,0,es
"Seguramente el segundo apellido de esta mujer está donde estará internet dentro de poco tiempo, restringido y solo apto para unos cuantos, es una lastima que los curriculums de nuestros ministros no pasen por un tribunal, porque el que es director de cine que se dedique a hacer peliculas, no puede ser que un personaje como esta mujer tenga poder para sacar otra ley para jo der a los de siempre. Gracias Ángeles, que lastima que el nombre no vaya de la mano con la personalidad.",0,0.011886263266205788,0,es
" Sí, Ferbr, hay algo que cambiar.    Encontrar alguna fuente secundaria que destaque este hecho    y una vez encontrada    equilibrar la proporción de fuente primaria de la sección con la secundaria y la importancia relativa de la sección dentro del artículo   , que en principio trata de un escritor histórico/historiador, no vaya a ser que encuentres una mención de que alguien le llamó homófobo y por ello creas justificado pegar una por una todas las citas textuales en las que hable del tema en su blog. Atentamente.—",0,0.0007322046440094709,0,es
Parece ser que todavía estas trebajando en el teme te recomiendo que uses la plantilla {{en desarrollo}}. Saludos——    MecaTech      Any thing is impossible for me   —— 15:12 22 ago 2012 (UTC),0,0.0006430160719901323,0,es
"Ojalá  estubiera claro , parece que la inmensa mayoria de los que leen tal  libro  creen que es cierto cuando es falso y lo que es peor, creen  que es ntelectual  cuando es menos que mediocre (por no decir imbécil para un target acorde) asi que bien vale poner las cosas en claro.",0,0.6792129874229431,1,es
"A boca no le dicen rey de copas, a independiente si. El dato es falaz. No hay citas que lo avalen.",0,0.0330774150788784,0,es
"k gilipollez se nota k esto lo a escrito un tio k lleva millones de años aciendo oooooooiiiiiinnnnnnkkkkkk pk si no, no me lo explico",1,0.9813166856765747,1,es
"Durante este período, se    vió    implicada en el escándalo en las ayudas al sector del lino, cuando la Junta de Castilla-La Mancha denunció graves irregularidades en las subvenciones que se pagaban a los agricultores que supuestamente realizaban siembras que realmente no se hacían. JODEEEEEEEEEEER vio NO LLEVA acento es un maldito monosílabo!!!!!",1,0.9688413143157959,1,es
"ME GUSTARÍA QUE PUBLICARAN COMO ESTUDIAR PAR LOS EXÁMENES, NO DOY PIE CON VOLA. Y LO POONGO EN LA SECCION DE PARACAIDISMO PORQUE ME REFIERO A EDUCACION FISICA.",0,0.2603864371776581,0,es
"Hacía tiempo que no venía por aquí algún troll, esta vez no, esta vez paso, ya estoy harto de leer cosas infundadas. Solo un detalle, el enlace al blog (vaya pedazo de referencia, UN BOLG, en el que se vierten opiniones totalmente sesgadas), resulta curioso que os aprovechéis de las imágenes colocadas en la wiki, Y SE OS OLVIDE REFERENCIAR EL TIPO DE LICENCIA GFDL, tal como esta puesto, o indicáis la procedencia y la licencia o puede ser denunciado el blog. Ale no alimento mas al trol. Miguel Ángel  fotógrafo  ( Dí lo que quiera, killo) 23:40 26 dic 2007 (CET)",0,0.07532484829425812,0,es
"Apreciado Poverino, Según la Rae, los nombres de obras de arte o conceptos artísticos pueden traducirse o no, si se opta por no traducirlos, deberán ir siempre en cursiva, para indicar que es un extranjerismo. Hasta aquí la norma. Sin embargo, por lo general se opta por traducir el nombre de obras más clásicas o que ya tienen una amplia bibliografía (per ejemplo “El Nacimiento de Venus”) y las obras más contemporáneas o menos conocidas se suelen dejar en su idioma original (los   Combines   de Rauschenberg). Lo mismo ocurre con los sitios, Casa Blanca se traduce, pero   La Défense   no. Si lo que busca es homogeneizar el artículo, yo le recomendaría seguir traduciendo los nombres de las obras, si alguna traducción chirriara un poco (como por ejemplo Barrios Españoles), se podría dejar el nombre original. Tampoco hay que caer en el absurdo de traducirlo completamente todo, sino el barrio de Queens en NY sería el barrio de Reinas !! En cualquier caso, mucho ánimo con el magnifico trabajazo que está haciendo ! Cordialmente,Enric de ",0,0.0005240056198090315,0,es
"Lo repruebo ya que no se referencia todo lo que pone, veáse como en la inglesa hay 61 referencias (no contabilizo las del apartado premios ya que en la versión española hay un anexo dedicado a ello) frente a 22 (la 5, 12, 13 y 14 mal hechas y la 21 es un blog). Por lo que repruebo el artículo.",0,0.00029445026302710176,0,es
"Hola Taty, hemos sabido que has eliminada un articulo en edición de uno de nuestros miembros, ademas nos hemos percatado de tu insensatez hacia la libertad de expresión; por consiguiente motivo te damos 3 días para que restablezcas el articulo  Nartshaheen , o de lo contrario nos encargaremos personalmente de borrar TODOS y cada uno de los artículos que has publicado, publiques y publicaras en el futuro, ademas hemos rastreado tu IP y haremos de tu vida informática un fastidio si no terminas con esa actitud. El conocimiento es libre. Somos Anónimos. Somos Legión. No perdonamos. No olvidamos. ¡Esperadnos!",0,0.06646546721458435,0,es
" 03:45 25 dic 2012 (UTC)]] Hola, LlamaAl. Te deseo muchas felicidades para estas fechas y que sigas con tus buenas contribuciones al proyecto por mucho tiempo. Saludos!! ",0,0.0007633286877535284,0,es
"Me alegro de esta edición. Como bien dijiste, lo último que tendría que pasar es que caigamos en las provocaciones. Sabes que hay pocos en esta santa enciclopedia que tengan tan recto juicio como tú, así que ni se te ocurra suicidarte. Un abrazo. Escarlati -   escríbeme   20:25 24 sep 2010 (UTC)",0,0.1477605104446411,0,es
"thumb|left|200px|right|Regalo botella de Ron Botrán Añejo a wikipedista merecedor Voy por libre, no me hace caso, es incorregible... Sí es que soy un capullo integral o vosotros una panda de traductores mamones de guiri y gabacho. En fin nos tomamos unas copas, y en paz. He vaciado de contenido el articulo de República Cartaginesa y lo he trasladado a Cartago. Dejo el de República Cartaginés para describir el estado, las instituciones, los cargos y su constitución republicana. O para que sea borrado. Otra cosa Cartago era una república al igual que su contemporánea Roma, no definir a Cartago como república cuando si se hace con Roma es degradante e injusto para los fantasmas de los púnicos, y a mí no me agrada. República Cartaginesa versus República Romana, aunque el enlace se redireccione a Cartago. Afectuosos saludos cuadrilla.Husar de la  ¿Cuadrilla? ",0,0.028956908732652664,0,es
LaJe? LaGe? pero que clase de retrasados escribiron este artigo?. LAXE!!!!!!! como debe ser e é o normativo en castelán tamén,0,0.9410606622695923,1,es
"No hemos discutido (aún?) el exónimo para Bangladesh. Pero lo del DPD es una  propuesta , y en ningún caso debe considerarse prescriptivo. De hecho, el propio DPD reconoce que   Bangladesh   es la grafía más usual, así que cambiarlo a una grafía  inventada  iría contra nuestras propias reglas. Adicionalmente, los cuerpos de traductores de las Naciones Unidas y de la Unión Europea emplean Bangladesh para referirse al país en los documentos en español. Y como cereza del postre, hay una recomendación de las Conferencias de las Naciones Unidas sobre Normalización de Nombres Geográficos (United Nations Conferences on the Standardization of Geographical Names) y el Grupo de Expertos en Nombres Geográficos (UNEGN), respecto de ue los nuevos nombres geográficos que se han venido creando y los que se creen en el futuro no sean exónimos, sino que se adopte el topónimo oficial, especialmente a consecuencia de los cambios territoriales resultado de Segunda Guerra Mundial y del rechazo a la tradición colonialista en los países que adquirieron por primera vez su independencia. Estoy poniendo estos mismos comentarios en la discusión del respectivo artículo. Te pido que no hagas el cambio, por las razones apuntadas. Saludos, ",0,0.0004257629916537553,0,es
"pero necesito que bloquees a este usuarioVisitshear, ya que me escribió esto en mi página de discusión, y creo que debe ser bloqueado, ya que no ha respetado la moral que debe cumplirse en la wiki. ésto fué lo que me escribió, por dejarle una advertencia, que si seguía vandalisando páginas un bibliotecario se encargaría de borrarle la cuenta. Aquí te dejo lo que me escribió: ke bloqueame ctm yjo e la colonta de tu masdre y deja de andar  . Puse todo lo que me escribió, hasta la firma del usuario, por si no me creías. Saludos, y por favor bloquea a este usuario, ya que no entiende los messajes de advertencia que le ponen. Saludos!!!! Posdata. A el usuario Lin Lao, tambien le puso algo parecido.",0,0.012031948193907738,0,es
"88.5.141.judith es una gorda de mierda ,falsa,horrible,podrida,jodida bola de cebo tu padre parece saraza y tu madre un ogro mezclado con pitbull en fin y resumido eres odiosa firmado algien que te odia.",1,0.9969027638435364,1,es
"Es mejor tener la boca cerrada y parecer estúpido que abrirla y disipar la duda. (Mark Twain) Saludos, una ",1,0.9647555947303772,1,es
"Amigo Nandofer18, ya terminé mis dos nuevas secciones en Signos (miniserie), te pido que por favor las protejas, me costó muchísimo trabajo la verdad y algunas veces hay usuarios hdps que te borran todos jajaja. Saludos, Martin maggot15. 3:32 09 nov 2015 (UTC)",0,0.001394585007801652,0,es
"Tendre en cuenta lo de las plantillas antes de trabajar en ellas, muchas gracias y disculpa el malentendido.",0,0.0005680637550540268,0,es
Aquí pone que este noble medieval era adorador del diablo y luego entras en la página de este hombre y pone que tenia una gran fe cristiana. Algo tiene que estar mal.,0,0.11164175719022751,0,es
"- Por favor, ETA lleva matando y asesinando durante más de treinta años. El PSOE creo los GAL, cierto es, violencia que fue llevada a los tribunales y por la que entraron en la cárcel cargos políticos del PSOE (gracias al PP) y el PP empleó las armas del estado de derecho. Si empleando las armas del estado de derecho un poli tuvo que abatir a un ETARRA, que se joda el etarra. La ETA es quien está fuera de la ley y la democracia.",0,0.5258734226226807,1,es
"No te deberías haber cortado en quitar esa frase, es un insulto a la inteligencia. Respecto al pollo que hizo tal afirmación (no lo vigilo y por tanto no me había dado cuenta de tal barbaridad) es este, que hasta hace pocos días ha seguido estando activo. Tiene cojones el nombre que se ha puesto para la cuenta XD.",1,0.6870551705360413,1,es
"   Jose Antonio Oliva Aguilera    (n. Choluteca, Honduras, 15 de Mayo de 1983), conocido artísticamente como    Dj Jaoa   , es un Productor Musical de [[reggaeton,Hip Hop,R&B]],a la corta edad de 12 años empezo a demostrar su talento en la musica,haciendo remixes de grupos locales y de diferentes generos, a la edad de 18 años tuvo la oportunidad de pertenecer a una de la mejores compañias de reggaeton en Honduras,dando a conocer sus Habilidades artisticas y profesionales, se destaco como Tecnico en Masterizacion y Productor Musical, quien es el dia de Hoy el mejor Productor Musical de America,Apodado y/o Llamado por las personas mas cercanas a el como  Tutu , Entre sus mejores Producciones destacan,Ya no va!, Mientras te veo,Perreo Beat,Acomplejado,Nostalgia,Lluvia de Ilusiones,Acercate, Sin duda es la nueva revelacion del Año y Esperen nuevas producciones para el 2009, que sin duda nos deleitaran con sus melodias tan candentes!!",0,0.000488964666146785,0,es
"Es un conjunto de ladrones sin escrúpulos que se dedica a subirse el sueldo mientras a ti te bajan el tuyo. Su misión principal es la de hacerte la vida imposible, con las subidas del Euribor, la privatización de la salud, la ampliación de la jornada laboral hasta límites inhumanos, la ampliación de la juvilación (nuestra claro, no la suya) hasta edades seniles insostenibles y florecientes de parkinson y inventarse toda barbaridad que les pueda suponer un bien económico. Dichos representantes están ahi porque nosotros como ciudadanos inteligentes de un país bananero decidimos en su día entrar en el gran circo Europeo. Por lo que ahora tenemos lo que queríamos. Así que, ale a disfrutar con baselina en la mano.",0,0.6549351215362549,1,es
"Por ahora al articulo tiene información basica del concepto y la ubicación geografica en Chile, después agrégale la información de como se prepara en tu pais y en que regiones se consume. Usuario:=",0,0.0004977785283699632,0,es
"La plantilla ha sido marcada para su borrado por no cumplir con los criterios del manual de estilo. Te agradeceremos revises el manual y si sigues creyendo que la plantilla es útil y cumple los criterios de estilo, ve a la discusión de la plantilla y expón tus argumentos.Nueva era Mensajes ",0,0.0004217895620968193,0,es
Ok. Muchas gracias Mel . Pero solo revisa el de Titanic... Maggie Smith como dije arriba esta estancado...    Lcsrns    (Discusión)    21:45 13 ene 2012 (UTC),0,0.0007504004170186818,0,es
Me parece un poco tonto que en el primer párrafo pongáis que recaudo $194 millones para luego en el segundo poner $260 millones. Osea nos aclaramos o que???,0,0.2860851287841797,0,es
primeramente decirles que su programa es lindo lo veo todos los dias no me lo pierdo ni un solo programa por favor ayudenme abuscar a una ´´amiga´DE CHILE yo soy de BOLIVIA a la muchacha que busco se llama NIKITA es de CALAMA yo me llamo NELSON SOLIZ gracias,0,0.023489555343985558,0,es
Te digo lo mismo que Ray. Como no quieras poner los sabías que de la Portada... me parece a mi que   nanai  . Saludetes ;)        14:22 7 abr 2008 (UTC),0,0.0015263865934684873,0,es
"Si, de hecho Argentina es uno de los más corruptos. Esta peor ranqueado en las listas de transparency international que Uruguay, Chile, Perú, Colombia, Ecuador, Brasil, México....y la lista sigue.",0,0.5781763195991516,1,es
"...con los artículos de Venezuela. Ya empezamos a poner listas de banderitas para que lo primero que se vea sea que el líder de la oposición tiene muchos amiguitos y que Maduro está casi solo. Y si hay que mover banderitas a un lado, pues se mueven: Ni España ni Alemania han apoyado la designación, ni a México se la puede catalogar de neutral... ¡pero eso da igual! Lo importante en estos tiempos es contar tu versión, los hechos no importan, ¿no? 46.6.182. Bueno, vamos mejorando: al menos la listita está oculta por defecto, y México está en la columna que debe estar. Ahora a revisar España, Alemania y casi todos los demás países europeos de la otra columna.Estaría mejor quitar la lista del todo, qué digo, estaría mejor esperar unos meses a que todo se calme para hacer este artículo, pero bueno... 46.6.182.",0,0.004449524451047182,0,es
"Vaya, otro que no sabe qué escribe... ¿Qué significa eso de perersiones inútiles? Creo que para decir tonterias acerca de semejante pócima celestial tendría que haber llamado a la puerta de Buenafuente y decir con cara de payaso (respeto al payasismo):  !Gin Tonic¡  Todos te aplaudiríamos cómplices de tu insuficiencia.",0,0.9523296356201172,1,es
"Este articulo es un poco como de coña, no??? a parta de estar mal redactado, el usuario se ha inventado la mitad de las cosas... o eso o no tiene demasiada idea sobre el tema.87.217.14.",0,0.960555911064148,1,es
"JJAJAJAJ. Y ENCIMA EL MUY HIJO DE PUTA BORRA LA MITAD DE LAS COSAS DE MIS ARTICULOS PARA PODER CHIVARSE A SUS AMIGOS FRIKIS. QUE ASCO ME DAIS LOS ESCORIAS ANTISOCIALES COMO TU. VENGA, COMPRATE UNAS OREJAS DE SPOCK Y A LOS NORMALES NOS DEJAS EN PAZ.",1,0.9809983372688293,1,es
"Desconozco tu experticia en el español (¿   questión   ?) y cuánto tiempo llevarás estudiando, pero    los nombres propios sí son traducibles   , por ello hablamos de Cristóbal Colón y no de Cristóforo Colombo, Juana de Arco y no Jeanne d Arc. Yo sí estudié traducción por cinco años ...y    algo    sé del tema. Saludos. Penquista    (Orgulloso de ser wikipedista)    02:09 7 oct 2015 (UTC)",0,0.000741268100682646,0,es
"No amigo no me hiciste nada, pero estuve siguiendo paso a paso porque te han bloqueado, creo que haz infringido las reglas por algo lo hicieron trata de no hacer las cosas bien sin romper ninguna norma.",0,0.02465089224278927,0,es
"No quiero darle el gusto de escribir en su página de discusión, si lo que está buscando es eso. Veo que con el pretexto de buscar el orden está usted abusando. Además yo soy nuevo en esto y estaba probando como crear nuevas páginas. Asi que solo estaba probando y al final iba a editar todo eso. Me parece muy mal irrumpir de esa manera. Mejor hubiera sido escribirme un mensaje advirtiendome de eso. ",0,0.0013588778674602509,0,es
"No, no es mi intención. Por eso te he dicho lo que está arriba. Saludos. ",0,0.0014279710594564676,0,es
".. no que aremos ahora con esta parranda de izquierdistas desenfrenados.. mas bien deberian tambien investaigar sobre el espiritu de delincuants que hoy en dia no han dejado los principales miembros de polo, se olvidaron de la farcpolitica, de la infiltracion de las farc en las universidades y de todos esos logros que él ah hacho, porq si no fuera por el como estariamos hoy comiendo de la que sabemos y por ejemplo sin poder viajar y con el temos de un secuiestro, de una masacre de una pesca milagrosa.. aaaa per de eso si se olvidan parranda de malagradesidos...",0,0.6426835060119629,1,es
"Si, veo que el concepto veracidad se aplica solo a las noticias que son enlazadas por GoriGori y con su imagen por la liberación de Bolinaga, tú también vives ahí, y sabes lo que hubo en las calles, sabes lo que es la bestialidad de los secuestros y torturas de ETA, tanto como las que ellos acusan, y sabes lo que le hicieron al primero que pillaron cuando liberaron a Ortega Lara, al  Blanco , lo patearon torturaron y asesinaron, y ahora, desde las ediciones de wiki, se reescribe la historia, y quedan mal las palabras de Bolinaga de  que se muera ese carcelero  para dejarlo que se muera de hambre. Y lo que se ve, es un trabajo  en sintonía , y eso debería ser diferente, como bibliotecario, se entiende. ",0,0.004473365377634764,0,es
"Pues si, Manuel lo dijo en el café, a raíz del hilo que abrió Petronas sobre el tema (ahora no se donde está el hilo, pero no te será dificil encontrarlo). Tuve la suerte de poder hablar con ella a principios de mes y todos los artículos están acabados excepto Granville. A por él, y añadiendo lo de AD que propones ¿no? ya vi que prometiste fotos de la localidad.. Yo igual tardo aún un poco en meterme de lleno en él, cuesta. Besotes! 20:36 20 nov 2007 (CET)",0,0.0007913237786851823,0,es
"Parece mentira que siendo, como creo que eres, un alumno del tec. vayas dejando huellas de tu falta de educación. Dedícate a hacer otra cosa por favor.",0,0.10149974375963211,0,es
"¡Qué gran dominio del léxico de la lengua castellana! ¡Que estilo! Impresionante, es increíble que un colaborador de una enciclopedia pueda escribir así, me enorgullece trabajar con gente como tú. Por cierto, habla con ellos (con la gente de Mägo), tienen un mail precioso donde puedes preguntar sobre el tema. Resulta que no lo dicen oficialmente para mantener la espectación, pero estarán encantados de confirmarte esta información y hasta pueden mandarte alguna partitura si se la pides. En cuanto a las faltas de respeto y, sobretodo, a lo de  maricon de mierda , me haria ilusión que escucharas  El que quiera entender que entienda  del  Finisterra , a ver si se te pasa esa Homofobia tan profunda que expresas. Vaya un   fan   de Mägo, vaya un   wikipedista  ...",0,0.5372779965400696,1,es
"Estimado, porque en la ficha de biblioteca fueron borrados los puntos de los números? considerando que son números y es la forma de dividir los miles y millones... o hay algún motivo en especial? Respecto a la imagen anteriormente mencionada, es posible borrar el destacado amarillo y eliminar la desambiguación? o por utlimo linkearlo al articulo que corresponda ya que el link no lleva a ningua parte. Saludos Cordiales, ",0,0.00045957326074130833,0,es
 El segmento precedente no concierne a criticar la página que he redactado pero incurre en irrespetuosidad. Pido sea retirado. David 200.42.95.,0,0.00463159941136837,0,es
"Ajá, ¿y piensas que no sé lo que quería Copydays? P Tampoco me ha hablado, simplemente dije que no me debería ser extraño XD Ya leí la  noticia , por así llamarlo. Espero ¿ansioso? a que sea 12. Hey! Hey! Jarisleif! (Hakkaa Pääle Pohjan Poika!) 01:17 6 ago 2008 (UTC)   Pd: mejor ansioso no, que sino no pasa más P  ",0,0.0015594742726534605,0,es
Encantado de recibir sugerencias. Ya he añadido las tuyas y alguna más al bot y funciona. Un saludo.    -=   BigSus   =-    (Comentarios) 20:03 16 feb 2008 (UTC),0,0.0006137833115644753,0,es
"LOS PERUANOS COMO LOS CHILENOS Y SUS GRANDES AMIGOS ECUATORIANOS, SIEMPRE TRATAN POR TODOS LOS MEDIOS DE ACAPARAR Y USURPAR LA CULTURA DE BOLIVIA, NO ENTIENDO SON UNOS DESCARADOS, YA QUE LA MORENADA REPRESENTA LA EXPLOTACIÓN DE LOS ESCLAVOS NEGROS POR LOS ESPAÑOLES, PARA LA EXPLOTACIÓN DEL ORO DE LAS MINAS BOLIVIANAS, YA QUE TODA LA RIQUEZA MINERA SE ENCUENTRA EN TERRITORIO BOLIVIANO, ASI QUE LO SIENTO POR VOSOTROS PERUANOS, LAMENTABLEMENTE DEBEN RESIGNARSE Y DEDCARSE A BUSCAR SUS BAILES TIPICOS Y NO SER LADRONES DE CULTURA.",1,0.778168797492981,1,es
" Claro, ahora me vas a decir tú lo que puedo o no puedo votar. Personalmente, tus poderes telepáticos son penosos. No voy a hablar de tu presunción de mala fe (¿son estos los parámetros en base a los que te desbloquearon?), pero esperaré sentado a que, si eres capaz, relaciones tus paranoias sobre mis votos con lo que dice de verdad mi voto. En fin, creí que habías cambiado. Pero veo que todo sigue igual. Algunos no cambian por mucho que digan intentarlo. ",0,0.051855381578207016,0,es
"Pues tienes toda la razón: la jodí con la calculadora; se me iría el dedo... Gracias por estar al quite, y cuento contigo para seguir corrigiéndo futuras cagadas. Gracias de nuevo. Hispa ...las quejas ",0,0.8267784118652344,1,es
Que tal Thialfi. En cuanto a tu comentario ya está solucionado el tema de la referencia en Actualidad y veré si me escapo hasta la cancha del lobo a sacarle una foto. El único inconveniente es que no entiendo como hacer las referencias de acuerdo a WP:REF. Las estuve mirando pero no entiendo. ¿Me podrías dar una mano con un ejemplo? Yo lo corrijo todo pero no puedo hacer que queden bien las referencias de acuerdo a WP:REF. Muchas gracias. ,0,0.000305876019410789,0,es
Opino que al artículo deberia agregársele la vinculación que sus fundadores y la organización tiene (o tendría) con la Masoneria ,0,0.0006338058155961335,0,es
"Gracias por el cambio. Son nombres sumamente extraños, sí, hay como un afán de  hispanizar  a ultranza. En mi opinión, para los topónimos indios deberíamos utilizar siempre los oficiales en inglés, a no ser que hubiera un pronunciamiento expreso en contra de la RAE. En este caso, además, coincide en que son con mucho los más utilizados en español (WP:CT). Felices fiestas. Un saludo, ",0,0.00041474582394585013,0,es
"Por lo menos cuatro de estos Premio Nobel no son australianos. Un quinto puede considerarse que sí ya que nació accidentalmente en Londres, cuando sus padres viajaron de vacaciones para allá. Su madre llegó a Inglaterra con varios meses de gestación.",0,0.0011610194342210889,0,es
"Hola Pichu VI me disculpo por lo de hace un mes cuando te llame estupido me disculpo enserio, y te agradesco por deshacer la edición de Baru, de seguro que una persona que lleva 11 años le haran mas caso que a una que lleva 4 meses eres un C.R.A.K, ok chao como se que lo leeras mañana por la mañana te deseo un feliz ",0,0.5526797771453857,1,es
"Y te la jinco por el oj... Estooo... feliz año a ti también. Y me espero un par de días para archivar por si queda algún tema candente. Johnbojaen - ¿Qué me cuentas? 19:38 1 ene 2007 (CET) No sé por qué te sorprendes de la imagen, cachoperro. No es la única que he hecho últimamente. Y el encuentro, cuando quieras, que para mí la cerveza no es un problema (yo soy de tintorro). Ah, otra cosa: ¿has visto que ya hay nuevos datos del INE (2006)? ¿Qué te pides tú, la tabla o los artículos? ;) Johnbojaen - ¿Qué me cuentas? 01:04 3 ene 2007 (CET) Pues sí que me di cuenta, pero creo que eso no está estipulado por ninguna norma heráldica y creí más oportuno que compartiesen la corona lo máximo posible. De hecho, hay hasta quien dice que el escudo compartido es así. Vamos, que ha sido una cuestión estilística a mi gusto. Johnbojaen - ¿Qué me cuentas? 01:27 3 ene 2007 (CET)",0,0.018560314550995827,0,es
"Menos mal se logró vencer a toda esa manada de inútiles cobardes, que no respetan el fallecimiento de una persona.",0,0.9783238768577576,1,es
"No estoy para nada de acuerdo con la inclusión de Ronald McDonald. Esta figura de la multinacional hamburguesera es un insulto para la profesión de payaso, que requiera años de formación y preparación. Lo único que tiene el tal Ronald de payaso estan sólo el disfraz y encima es de bastante mal gusto. No tiene ni la técnica, ni el arte, ni la creatividad, ni el espítitu de los verdaderos clowns. Me parece un insulto a la inteligencia incluir a este personaje de márketing puro y nulo contenido artístico en el listado de payasos. Ronald es una marca, no un payaso.",0,0.854636549949646,1,es
"Claro, claro, a esta Enciclopedia, a la Larousse y a la Encarta, no hay duda, tooooooooodas comunistas, tooooooodas marxistas. Sin aportar referencias le recomiendo que vaya a la puerta de la editorial de Larousse, puede que ahí hasta consiga antes que sus afirmaciones sin referencias se incluya en una Enciclopedia. 02:09 12 dic 2007 (CET)   ¿Quiere mi opinión personal? Es un dictador. Pero es que mi opinión personal tampoco vale. Hala, a llorar a otros lares.  ",0,0.2709227502346039,0,es
Ese usuario ya ha sido bloqueado por títere de Drinitol bastante evidente. Eric -   Contact   01:24 28 ago 2007 (CEST),0,0.0068545229732990265,0,es
"Ja ja! También había pensado en lo absurdo que es decir que Mérida está al sureste de Ciudad de los Imecas (¿quiénes serán esos tales imecas?, ¿acaso alguna tribu perdida?), pero así es el centralismo remolón. Síp, don Gustavo Díaz Ordaz    y    Bolaños es mi paisano y nació en Chalchicomula. A él se le ocurrió cambiarle el nombre a San Andrés para ponerle Ciudad Serdán, otra de las pendejadas del señor de la gran dentadura (postiza). Puebla ha sido pródiga como cuna de la escoria nacional: Manuel Ávila Camacho, Gustavo Díaz Ordaz, Manuel Bartlett, Melquiades Morales, el   Góber Precioso  ... Ni modo, tengo que arrostras con aquello de pa-pe-pi-po-pu. Me parece OK lo de esperar otras opiniones del artículo; de hecho, lo mío sólo es una sugerencia pero no creo que demerite en nada tu trabajo dejar un epílogo de dos cuartillas. Saludos. Yavidaxiu u. Ñuuyoo, 06:33 25 nov 2008 (UTC)",0,0.017180975526571274,0,es
"Para que se vea Categoría:Fansub, debes escribir Categoría:Fansub, con los dos puntos del pricipio. Si pones sólo   Fansub  , sale el artículo. Un saludo, ",0,0.00042526042670942843,0,es
" Jejeje. Iba a escribir que en  Economía  faltaba una sección obre  Energía  y después me olvidé (ay ay, los excesos ochentistas). Gracias Thialfi, por borrar el título solitario, y hacerme acordar. En síntesis muchachos, falta una sección  Enegía  (¿de donde saca la energía la economía argentina?). Yo puedo hacerla en cuatro o cinco párrafos (hidrocarburos, hidroeléctrica, atómica y otras). ¿Qué opinan? 25px ",0,0.0010693891672417521,0,es
"Tus fuentes me parecen pateticas e imparciales. Todas son de diarios o de periódicos estadounidenses. Obivamente consideran Jeruslem la capital de Israel, sinó por qué crees que les permiten hacer bombas nucleares??",0,0.8483877778053284,1,es
"¿Vandalismo? En su ocupación dice:  Escritor, Novelista Periodista, Funcionario, Opresor, Autoritarista, Tirano, Dictador . Voy a borrar al menos los cuatro últimos.",0,0.01634744182229042,0,es
"Hola Adolfo. Encantado de saludarte. No usamos plantillas de navegación en eswp, al entender que las categorías sirven para eso. ¿Pretendes traducirla para saber cuántos artículos nos faltan? Si es así, podemos hacerlo en un periquete en una subpágina de usuario, si quieres. ¿Qué me dices? A ver si cae una sidra, o diez, sí.... Abrazos        16:35 25 mar 2019 (UTC)",0,0.000975532631855458,0,es
‎ 19:35 16 dic 2015 (UTC)]] Hola Marco Aurelio ¡felices fiestas y que tengas un excelente 2016!  200px|centereft    ¡¡¡FELIZ NAVIDAD Y PROSPERO AÑO NUEVO!!!   Que la pases muy bien las fiestas con tus amigos y familiares.      ¡UNA GRAN SALUTACIÓN!   ,0,0.0066172354854643345,0,es
" Noto que eres clasista... con ese odio nunca podrás vivir en paz... siempre con odio en el alma... por lo menos me parece que no viviste la época, asique no se que tanto podrás hablar del tema... y en la UP murió mucha gente, como tambien en el gobierno militar, y no se puede justificar, ni la gente de derecha las muertes en el gobierno de Pinochet, Franco, etc, ni tampoco la gente de izquierda los gobiernos de Castro, el chino, las de la CCCP, etc. Hasta luego amigo.    Antoine    ",0,0.03950810804963112,0,es
Estoy entre votar a favor y bloquearte por hacernos perder el tiempo. ¡Manda carallo! Sanbec ✍ 12:47 17 mar 2009 (UTC),0,0.7480092644691467,1,es
"Que curioso tu aporte, no sabia eso de los 144000 unginos, lo explicas mejor porfa?, yo creo que hasta se podria agregar al articulo tu comentario. Saludos ",0,0.01447107084095478,0,es
"Advierto que a la próxima frase ofensiva solicitaré una sanción, no son usuarios nuevos y no hace falta explicarles como es esto. Saludos.",0,0.0008482363191433251,0,es
Estimado Ecemaml. La última parte de esta contribución ha sido denunciada en el TAB como impropia según la interpretación del denunciante de la política WP:E. Atendiendo WP:PBF he decidido solamente llamar tu atención sobre el tema sabiendo que continuarás contribuyendo de forma valiosa como siempre. Un saludo. ,0,0.00048630498349666595,0,es
"Yo creo que no debería ser así: llegué al artículo redirigido desde agua_carbonatada, donde las burbujas no están hechas de aire y jabón. Al menos debería haber una página de desambiguación. 07:24 27 nov 2007 (CET)",0,0.0005606426275335252,0,es
Muy de acuerdo con la propuesta de ; desde ya me anoto para la revisión de esa página. Marcelo 15px   (Mensajes aquí)   15:49 19 nov 2017 (UTC),0,0.00036718149203807116,0,es
"Bien, lo de mezclilla tienes razón, el material aparece en el diccionario, pero no aparece en el DRAE pantalón de mezclilla como pantalón vaquero. Lo de FP me refiero a afirmar categoricamente que   jeans   es el nombre usado en los países de habla hispana, cuando se ve que no hay un término homogéneo. Que   jeans   se use en determinados países no hace que se use en    los países de habla hispana    sino en algunos. ",0,0.0015300142113119364,0,es
"Estimado, le escribo porque desde hace tiempo he intentado retomar el Wikiproyecto: República Dominicana sin lograr mucho éxito. En esta ocasión lo intento hacer de una forma distinta. Me interesa retomar el proyecto con una  cruzada de neutralización  que persigue neutralizar artículos de figuras históricas importantes que han sido objeto de vandalismos y ataques. Esto a mi parecer fomentará la actividad en el Wikiproyecto y nos ayudará a reanudar los trabajos pendientes. Espero contar con su apoyo y agradezco de antemano su ayuda! 15pxSoy ",0,0.00037064761272631586,0,es
" por supuesto que es libre de contenido , si no no hubieran articulos sobre pornografia , musicfa , politica etc. y es q acaso porq tu digas los aportes de otras personas no pueden ser considerados? poirq a ti te da la jodida gana? , ademas quien dice q funciona a mi gusto? dije q me valen mierda las reglas , mas nunca puse ninguna regla y solo digo mq ese tipo de cosas deberian ser consideradas , y q me importa si me bloquean? en el tiempo q tu tardas bloqueandome yo me creo 50 cuentas mas .",0,0.9549708366394043,1,es
"De entre todo lo que pudiste haber hecho... ¿lo rediriges a meta? Últimamente ocurren cosas raras XD Saludos, ·×α£   đ    15px· 19:24 14 ene 2009 (UTC)",0,0.0016725478926673532,0,es
" bandas que han mordido el polvo ... ¿Qué mojón de metáfora es esa, y en un artículo supuestamente enciclopédico como este?",1,0.09347780048847198,0,es
"En concreto dice «Ex   vice   ministro de cultura de Nicaragua»; no sé si eso es suficiente, además no encuentro prácticamente nada sobre él.",0,0.00042712115100584924,0,es
"Anónimo Fuente:Biología Etología. Esto va para el intelectual de los dos sexos: Señor mío: Estudie. SEXO SOLO HAY UNO. y GÉNEROS 4;Como en lengua. Femenino ,másculino,indefinido y neutro. Anímese y agarre algún libro. Alguno.",0,0.1068054661154747,0,es
He incrementado el tiempo de bloqueo por tu enésima evasión de bloqueo. Una más y serás expulsado de forma permanente. ,0,0.01476508378982544,0,es
"Lo mismo ocurre con Ataque escampe, la consulta discurre en aquí, saludos, Poco a poco...¡adelante! 17:16 22 jul 2009 (UTC)",0,0.004666435997933149,0,es
"alguna objeción legal a la no-invitación de un premio nobel de la  paz  del Dalai Lama, escogiendo en cambio al super-militarizado y expan$ionista China... ke por cierto, O.A.S. es un filibu$tero!Esteban Bodigami +",0,0.17652162909507751,0,es
"   PD   : la traducción de Saruhashi que Sjg cita al comienzo de esta sección parece ser una interpretación metafórica en línea con la base etimológica  poder (o potencia) espiritual . Si (y solo si) existe una referencia escrita de lo dicho por Saruhachi, sería bueno incluirlo en la sección correspondiente, por ejemplo la forma    Según Rika Saruhashi,   reiki   es ... [referencia]   . Cinabrium (discusión)",0,0.00027302707894705236,0,es
Gracias por pasar a saludarme. Abrazos y mucha suerte con los artículos que estas trabajando C: . Dani3l Cifras25px ,0,0.0005303419311530888,0,es
"¿percepcion popular? ja ja ja, bueno entonces miren nada mas cuando juega la seleccion en el extranjero ¿cuantas camisetas o banderolas de alianza lima se ven en comparacion con el otro equipo? ja ja ja,........llora llora k4braso ja ja ja",0,0.10547953099012375,0,es
Hey alguien quiere hacer conmigo las pag d los cds?? cantacten ^^ einzig_rapperin@hotmail.com hare lo posible por conectarm... y a las q quieran agregarm tmb... Atte: .:: K.lo :.,0,0.004950143862515688,0,es
"Hola, no entiendo del todo tu pregunta, pero lo que me parece que tienes duda es sobre cómo buscar el enlace a una página que rastraste a través de la página lo que enlaza aquó, v.g. buscar el enlace a 1 de enero que está en digamos... Andorra. Si estoy en lo correcto lo que puedes hacer es dar clic en editar/ver código fuente y luego buscar la palabra con la función de búsqueda de texto de tu navegador (usualmente con Ctrl+F). Recuerda que en ocasiones el enlace a un artículo se muestra con otro cuando lees el artículo. Por ejemplo hamster se verá como hamster. De ahí que debas editar/ver el código fuente de la página para poder ver el enlace. Saludos.      LyingB    (Mensajes   —   Aportaciones)   04:52 1 ago 2012 (UTC)",0,0.0004935099859721959,0,es
los fanaticos todavía no corrigen el nombre del libro de tornel. no tienen nada q decir y m están dando la razón. los argentinos no tienen nada q buscar en un articulo sobre el congreso de panamá.,0,0.037249814718961716,0,es
"¡Por supuesto! Y te lo agradecería un montón, mira que yo estas cosas.... -) Mar del ",0,0.0013044264633208513,0,es
"Hola Dorieo, he visto el mensaje que me dejaste hace 4 meses en una página de discusión, que por no ser la principal nunca miro. Me parece interesante, la propuesta, de hecho te agradezco mucho que iniciaras el artículo idioma etrusco, de hecho en cuanto tenga tiempo trataré de escribir un artículo de gramática etrusca (en los últimos 15 0 20 años ha aparecido material publicado que podría constituir prácticamente una esquema de gramática, pero ese material no parece estar todavía demasiado accesible en internet, así que me gustaría traer aquí parte de esos trabajos publicados). ",0,0.0003190301649738103,0,es
Gracias Alejandro... verdaderamente hay que darle una vuelta porque es cierto que genera confusión. Muchas gracias por la aportación tan detallada. Carmen torres ,0,0.0002927517343778163,0,es
"Ah sí. Es que ese puntito lo puse porque me pareció ver una ligera diagonal paralela al hombro. Pero si querés la quito ahora mismo, no hay problema.   HaZaÑa    17   18:39 10 feb 2013 (UTC)",0,0.007116730324923992,0,es
"-Perdón mi intromisión, pero desde cuando se llama Veracruz de la llave? o es una moda bicentenaria nomás? Por que no aclaran eso, cuando nací y crecí los libros de historia hablaban de veracruz y de la villa rica de la santa veracruz. Nunca escuché ese nombre. (de la llave..)",0,0.0013170493766665459,0,es
No has demostrado nada. Mientes de forma descarada. Desde cuándo lo haces? Cuántas víctimas te has llevado por delante?,0,0.013083498924970627,0,es
"Oye, ¿estas mentiras de donde las sacais? No valen ni para el frikipedia.No sois paises catalanes, sois continentes!! Como el vuestra lengua la llamais Catalan, pero no nacio ni en cataluña. Asi que para justificar el nombre, haceis una reduccion al absurdo y tachan! No , es q todo es cataluña. Cuando ni siquiera caataluña es un pais, ni una nacion ni nada de eso. Es España",0,0.32510629296302795,0,es
"Cuando arreglé tu texto dejé lo importante quitándole la tendenciosidad de tu redacción original. Esto es: El apoyo de las clases altas a Felipe II y de la mayoría del pueblo al prior. La proclamación de Felipe II como Rey de Portugal por las Cortes de Tomar con el nombre de   Felipe I  . Sin embargo no comprendo el empecinamiento por conservar un texto claramente no neutral como es: No hubo una  ocupación castellana  pues la campaña fue rápida y directa hacia Lisboa, por lo que no pudo ocuparse el reino. El rey ya tenía el apoyo de las clases altas, por lo que el ejército no  aseguró  nada. Por último, una frase como «  la abrumante mayoría del pueblo  » es claramente no neutral. Así que, por favor deja de intentar imponer una visión sesgada de la historia y lee WP:PVN. Gracias. ",0,0.00030888206674717367,0,es
Veo que iniciaste el hilo sólo por cuestiones personales. ¿Por qué en vez de estar trolleando en el café te pones a redactar un AD? pierdes tu tiempo canalla,1,0.6133773922920227,1,es
"Se ha perdido la obeja negra, la obeja negra, se me ha ido para las piedras, para las piedras, a ese pasto que queda arriba de la montaña cerca del sol o estará buscando otra obeja de su color. ¡Se ha perdido una obeja! Es la misma obeja oscura que de noche no se ve bajo los rayos de la luna, es la misma que se azora en los barrancos es la misma que anteayer maldijo el cura. Ahora es la maldición de mi rebaño, ahora es la incertidumbre de mis hijos, ahora es cuanto hay de triste en estos años porque el padre con su boca la maldijo. ¡Se ha perdido una obeja! Ya mañana vendrá temprano, vendrá temprano, estaré para echarle mano, echarle mano. Romperé con su mal ejemplo que manda Dios porque el pasto de mis obejas lo siembro yo. ¡Se ha perdido una obeja!",0,0.40163561701774597,0,es
"Tendremos que ver qué hacemos con petronas. En algún momento lució con gracejo este aviso, después de que algún franquista lo acusara de rojo y quien sabe qué más por revertirlo un par de veces. Ya que estamos, ¿te pasás por Discusión:Fidel Castro antes de que yo pierda la paciencia con el tarado de turno? Un abrazo, Taragüí @ 17:32 28 nov 2005 (CET)",0,0.039626594632864,0,es
"+1 para el tipo que dice que es vandalismo, maldita pandilla de borrachos inutiles que no contribuyen a la sociedad, Y LUEGO SE ATREVEN A TOMARNOS EL PELO! 87.222.8.",1,0.9847598671913147,1,es
"se que les agrada mucho el nazi y todo eso, pero, algo que es inconcebible, es decir que el ha ganado 7 gp de monaco, esa es la mentira mas grande que he leido sobre este bastardo, lo digo por que, en la seccion de gp ganados salian el gp de 2004 y 2006 de monaco ganados por el, y la verdad es que trulli y alonso ganaron esos gp.",0,0.7584930658340454,1,es
"Amigo, con todo respeto, pero antes de borrar algo ¿por qué no consultas con el autor? en fin. ",0,0.0014661456225439906,0,es
 ¿Y Estado Islámico (califato terrorista) ? Hace referencia a las dos realidades xD 15px    Bespin    / Hablando se entiende la ,0,0.1986236721277237,0,es
"XD Kordas no me has dado tiempo ;) Pues aqui estoy de nuevo, creo que ya es el momento de intentar volver. ¿Sabes? Otra vez me apetece escribir, en parte es por eso por lo que me marché, porque había perdido esa motivación que parece haber vuelto. Me alegro mucho de saludarte amigo. ",0,0.0031934301368892193,0,es
"Hola DaniFleur, si necesitas una segunda página como taller, es importante crearla como subpágina de tu cuenta, y no añadirla como artículo a la enciclopedia. Una forma de crear una subpagina es hacer click en Usuario:Tahatzi/Taller2 y luego guardar la página creada. Tu trabajo sobre Eva von Sacher-Masoch se encuentra en Eva von Sacher-Masoch, donde puedes completar la traducción. Gracias. ",0,0.0002556983381509781,0,es
"Ok. Ya lo he restaurado. (no estaba al tanto de la controversia) Gracias por avisar, y saludos. ",0,0.00042440270772203803,0,es
Me da la impresión de que este artículo podría ir a WP:CAD. Queda algo por limar? Gaeddal ,0,0.0022320630960166454,0,es
"¡Que bueno! He visto que no hay tantas páginas, que son interesantes también en español, que no ya son mejores (que los suecos) en inglés. Por ejemplo en:Midsummer ya es muy más larga que la página sueca... ¡Pero he encontrado una! La página Gyllene Tider española es muy incorrecto (las sesentas no es verdad - es 78, si me acuerdo correcto), también la pequeña que dice allí. Voy a empezar con la, hay información en sueco e inglés también - pero no es la misma. La página en español va a estar la mejora de todas... ) ",0,0.00035475866752676666,0,es
"Hola Alpertron. Bueno, te escribo porque quería tener en cuenta la elaboracion de los mapas de las rutas de argentina, la cual, elaboraría mapas en los artículos de rutas chilenas. Saludos Gab.Palma.GPO Morning",0,0.0004335244302637875,0,es
"Ah, perdona. Ya veo que viene del artículo original y que incluso tienen un artículo para feral. No sé si vale feral para eso, creo que sería mejor cimarrón. ",0,0.003378818044438958,0,es
"Coincido, pero con la IP: esa mujer no es inteligente, es de lo mas tonta, no estudió, y además es fea, puesto que Nemesis, usando un cuarto del maquillaje que ella lleva, pasaría por persona antes que ella, no importa lo que digan los medios: esa mujer es muy estúpida (perdón por la expresión), por eso la odio Santi  Y me olvidaba, yo la odio mas que ese Quico Hernández, (si es posible)Santi ",1,0.8779699802398682,1,es
El Sionismo es un movimiento nacionalista sin más. Los que lo intentan demonizar no ven sus propios nacionalismos en sus países de origen. Hay sionistas extremistas y los hay que no. Igual que hay nacionalistas españoles que sienten orgullo de serlo y otros que aparte son fascistas. Igual que hay comunistas que dicen que Stalin fue un santo después de asesinar a 50 millones de soviéticos...,0,0.16491925716400146,0,es
"los que escuchan el estilo reggae, saben que el reggaeton en cierta manera esta enlazado con este asi que da igual¿digame? (discusión) 21:36 24 dic 2009 (UTC)",0,0.0012842683354392648,0,es
"¿Y LOS JODIDOS MOVIMIENTOS ARTÍSTICOS, HIJOS DE LA GRAN PUTA? SU DELICIOSO CU... SU DELICIOSO CU, SU DELICIOSO CU CU",1,0.9882714152336121,1,es
"Veon, ya que las ediciones son tan similares, y tú no dejas la mía en paz, queriendo dejar la tuya, hoy me planto y paro ya con tu  perfecta edición , pues lo único que quiero es dejar pequeños detalles, ya que desde que llegaste a ese anexo, todo se tiene que hacer como tú dices, (o como tú dirías, según el manual). Pues lo único que me gustaría dejar ahí ya que no me dejas a más, sería poner lo de  Temporada 2010 - 2011 , en vez de eso tuyo de  Primera temporada  siendo un subíndice de tu lista de capítulos, bueno, eso, y también poner  Temporadas  a cambio de  Lista de temporadas , ¿se puede? ¿O me lo negarás otra vez? ( PD: Espero que 2011 te haga reflexionar sobre mis ediciones, jo! jajaja ",0,0.004445403348654509,0,es
"¡Cómo que tenlo por cierto pedazo de anormal, que iba a decir la comision Warren! No se si sabes cual es la Teoría de la bala mágica, pero deberías mirarla, resulta interesante, lo de Oswald no se lo tragan ya ni los americanos.",0,0.0365639328956604,0,es
"El artículo que nominaste como artículo bueno, Artículo, ha sido aprobado 18px, ve a Discusión:Artículo para los eventuales comentarios sobre el artículo. Gracias por tu participación. Ahora que ya sabes bien qué es un artículo bueno, puedes evaluar algún artículo nominado en el cual no hayas trabajado en forma significativa, para aprobarlo o reprobarlo según corresponda tal como lo indican los procedimientos. En encantador artículo: enhorabuena! ",0,0.0003526747168507427,0,es
"El titulo de este articulo debería ser  Mundo del Mañana  ya que en ingles es  World Tomorrow  , no es  The World Tomorrow , lo cual se confunde con otro programa con ese nombre que nada tiene que ver con el mismo. Propongo que el titulo sea cambiado para evitar la confusión, y para una traducción mas correcta del mismo. Saludos cordiales !",0,0.0004395807336550206,0,es
"Bienvenido al club de los horrorizados porque el valor de un wikipedista se base en estar 12 horas al día poniendo cartelitos  destruir  a artículos que dicen  culo, pis, caca  (exagero, por supuesto) ",1,0.9753332138061523,1,es
"Hola , el sitio es este, pero tener permisos adicionales no es sinónimo de tener un estatus superior, al contrario, significa mayor compromiso, trabajo y tiempo voluntario para el proyecto, saludos Oscar_. (discusión) 14:30 10 dic 2018 (UTC)",0,0.0004992429749108851,0,es
"Hombre, no me jugaría el cuello, pero ambas imágenes parecen escaneos de una fuente impresa (quizá dos). Yo le preguntaría... ya le sacamos los colores en su día, así que si metió la pata con la imagen no creo que tenga reparos en reconocerlo. El problema es que muchos usuarios creen erróneamente que al escanear la imagen ellos son los autores de la misma y por tanto pueden calificarla de trabajo propio y licenciarla como quieran... Y va a ser que no. Un saludo. ",0,0.0076896632090210915,0,es
"Su ignorancia e imperfecta manera de dirigirse a otros wikipedistas lo desacredita como editor responsable con carácter enciclopédico, aboliendo un esfuerzo por dar orden a los conceptos del artículo del español peruano ribereño.",0,0.23451730608940125,0,es
"El Chistecillo: Dos amigas que no se ven desde hace años se encuentran por la calle “qué tal te ha ido” pregunta una “pues ya ves, me casé”-dice la otra “yo también” responde la primera, “¿y follas mucho?” (follar: hacer el amor) y la otra responde: “qué va qué va, me casé con uno del Opus Dei, y un día por el    Opus    y otro día por el    Dei   , no follamos nunca”; entonces la otra dice sonriente: “pues yo me casé con un luterano, y es maravilloso” “por qué?” pregunta la otra, a lo que la afortunada responde: “pues porque un día por e   L UTER   o y otro por el a   NO    , follamos todos lo días…” puedes borrarlo, si quieres, ",1,0.33801349997520447,0,es
"   ¡Muchas felicidades!    por tu valioso tiempo en el proyecto y esperamos que sigas contribuyendo más, salutaciones. Maleiva | (discusión) 03:04 19 may 2012 (UTC)",0,0.00146578683052212,0,es
"...por esto y por esto. Ya he sacado Calígula del taller; por si te apetece echarle un vistazo. Un abrazo. He revisado a Calígula y está bastante mejor de lo que creía, no estimo que tenga que pulir mucho el texto. Coincido en el error que señalas, así que voy a emplear otra palabra o a    hacer empleo    . Trataré de conectarme esta noche aunque a partir de las doce, ya que tengo visita. Me desconecto ahora, un abrazo. La hora de las bruhaaaaaaaasss!! buuuuuuuu!!! Me obligo a irme, que si no.... Está aquí Guille.",0,0.018219290301203728,0,es
"Perdón, lo hice para diferenciar que solo diferentes usuarios. Mi intención era responder al primer usuario, el cual no firmó su comentario. ",0,0.00042057663085870445,0,es
"Por favor deja de subir imágenes sin licencia ni origen, y textos de otras páginas web. Lee los mensajes anteriores en esta discusión. Si continuas serás bloqueado. Saludos. ",0,0.0006944196065887809,0,es
"Ya se lo hice saber a Taichi aquí, ya fue solucionado hace una par de horas. Saludos. Connie ",0,0.000519483583047986,0,es
"Hola Irricín. Cuando tengas un momento, ¿puedes actualizar la lista de páginas sin salida? Es que ya no sé las que he mirado, las que he arreglado y las que he dejado por imposibles. A ver si consigo bajar de las 1000 (aunque esa lista cada vez es más deprimente y totalmente imposible de controlar...) Gracias,  Pues gracias!! Como no están aún los nuevos ya hay menos de mil en la lista... a ver si algún día conseguimos que se quede en menos de 500    no se lo digas a nadie, pero suelo utilizar métodos en plan Terminator con esa lista   Ya te he visto que vas lanzado ;) Lo malo es que hoy quitamos 100 y mañana aparecen 200 más. Para mi que estos artículos son como conejos y se reproducen sin cesar. ",0,0.0017473832704126835,0,es
"Me parece interesante un dato a destacar que según una investigación de la Universidad de La Coruña, Messi es más rápido en 10 metros llevando la pelota que Usain Bolt, que es conocido como el atleta más rápido de todos los tiempos. Por supuesto, en 100 metros es más rápido Usain Bolt, pero eso habla de la cualidad única en pique corto y control de balón en velocidad que tiene Messi http://www.mundodeportivo.com/20120808/fc-barcelona/bolt-messi-un-duelo-de-vertigo_54334560558.html",0,0.0005224697524681687,0,es
"-El párrafo es lamentable. No obstante como tiene dos referencias, propongo como solución intermedia de consenso dejarlo en su actual redacción quitando la referencia a la web pro-chavista que no aporta absolutamente nada al contenido enciclopédico del artículo. Con respeto a la basura del contenido del párrafo, confío en el criterio del lector para distinguir lo valioso de la mierda. ",1,0.5119471549987793,1,es
"Hola don Jorval, como habrá visto soy Rafael, del blog. Gracias a usted por ampliar el artículo. Y con respecto a la plantilla, una alternativa sería usar la ficha de militar. Saludos.    REMP81    ",0,0.00029456987977027893,0,es
"Hola, Pablo! Pienso que hay errores de cuenta el artículo del clásico uruguayo. Los números tienen base en el RSSSF. Los registros de los partidos están correctos, pero la cuenta hecha por el referido sitio está errada. Yo pude constatar que ellos incluyeron algunos de los partidos anulados y sus goles. Estoy (re)haciendo la cuenta partido a partido, gol a gol. A ver cuales son los resultados, Pablo... Salu2 ",0,0.0005686926888301969,0,es
Pelotudo porque no pones datos exactos en tu pagina que objeta los datos de la nuestra....mitómano....no tienen cura...viven a la sombra nuestra....,1,0.2859707176685333,0,es
" Biblioteca electrónica es aquella que cuenta con sistemas de automatización que le permiten una ágil y correcta administración de los materiales que resguarda, principalmente en papel. Así mismo, cuenta con sistemas de telecomunicaciones que le permitirán acceder a su información, en formato electrónico, de manera remota o local. Proporciona principalmente catálogos y listas de las colecciones que se encuentran físicamente dentro de un edificio  http://www.biblioteca.secyt.gov.ar/  Biblioteca digital es un repositorio de acervos y contenidos digitalizados, almacenados en diferentes formatos electrónicos por lo que el original en papel, en caso de existir, pierde supremacía. Generalmente son bibliotecas pequeñas y especializadas, con colecciones limitadas a sólo algunos temas  http://bibliotecadigital.uprrp.edu/  Biblioteca virtual, es aquella que hace uso de la realidad virtual para mostrar una interfaz y emular un ambiente que sitúe al usuario dentro de una biblioteca tradicional. Hace uso de la más alta tecnología multimedia y puede guiar al usuario a través de diferentes sistemas para encontrar colecciones en diferentes sitios, conectados a través de sistemas de cómputo y telecomunicaciones . López Guzmán, 2000 No sé si aclarará algo, pero que se sepa que hay diferencias. Ver también http://bvs.sld.cu/revistas/aci/vol10_6_02/aci05602.htm",0,0.00021062824816908687,0,es
"El artículo que nominaste como artículo bueno, «Smultronstället», ha sido aprobado 18px|link=. Acude a Discusión:Smultronstället para ver los comentarios realizados sobre el artículo. Si además eres el redactor o traductor principal, ahora que ya sabes bien qué es un artículo bueno, puedes evaluar algún artículo nominado en el cual no hayas trabajado en forma significativa, para aprobarlo o reprobarlo según corresponda tal como lo indican los procedimientos. Gracias por tu participación. ",0,0.0002735703601501882,0,es
"En la sección de economía, hablando de los bloques creo que en América del Norte después de la Aprobación del Cafta, ésta región pasa a formar un gran bloque económico ya que existe libre comercio entre Canada, EEUU, México, Centroamérica y República Dominicana además existen paises como Costa Rica que además de los mencionados tiene libre comercio con Panamá y la comunidad del caribe o CARICOM, por lo que veo esto como un paso anterior a algún tipo de ALCA. Que opinion tienen?",0,0.00040796553366817534,0,es
"Creo que es importante que podamos reconocer a gente como Victor Manuel Vucetich , quien es originario de Tampico y ha sido 4 veces campeón del Futbol Mexicano , este último año con el Monterrey!!",0,0.0004998911172151566,0,es
"Por cierto, si dedicaras solo una pequeña parte del tiempo que veo que dedicas a  jugar  con  tus  páginas a buscar las referencias independientes que faltan en las páginas que has creado, ni tú ni yo tendríamos que perder nuestro tiempo con esas chorradas. ",1,0.41990089416503906,0,es
"Hola Bespin, gusto en saludarte. Mira, paso a comentarte que quizá te interese participar de la solicitud del wikiproyecto. Lo digo porque has creado muuuchos artículos sobre el tema. ",0,0.0016303702723234892,0,es
"Tendrías que poner un mínimo texto (dos parrafitos como dije), y poner esbozo o miniesbozo de|música por ej., más las interwikis, categorías... y eso... si lo ponés en blanco, un bibliotecario te lo borrará... podés poner el mínimo de texto, y después si vas a seguir trabajando en el artículo, poner para indicar que vas a seguir trabajando. 18:23 11 may 2006 (CEST)",0,0.0008541587740182877,0,es
Estimados Amigos de los servicios secretos del ejercito de represores genocidas que trabajaron al servicio del dictador genocida Fidel Castro para instaurar una dictadura proletaria en la Argentina. Horacio Verbitsky es un genocida. No lo borren y anoten mi ID.,0,0.5352938175201416,1,es
" Pornax  guapo, neologismo internético que describe un  por nada  mas corto y con nombre de medicamento de sabor seguramente asqueroso. Dicha esta tontería, me voy a dormir, cuídate. Aldana dímelo ",1,0.7392890453338623,1,es
POBRE MORSA PENDEJO CREYENDO QUE YA HABIA ASESINADO A DARK RULER HADES PUES NO MALDITO INFELIZ!!! HE VUELTO Y AHORA CON LOS HUEVOS MAS HINCHADOS QUE NUNCA Y TE ROMPERE ESE ANO ROSADO QUE TIENES DE TANTA PENETRACION MALDITO LIMPIA POLLAS DE MIERDA. TE DESEO UNA MUERTE BRUTAL A TI Y A TU FAMILIA HIJO DE PERRA.,1,0.9971358776092529,1,es
"Bueno, yo estoy por el texto de Héctor y teniendo en cuenta lo que agrego Aldana.    Alakasam    ",0,0.0005195113481022418,0,es
"Dudo que el chotacabras y el borrico isaias tengan vibrisas, parece una broma de poco gusto, opino que debería eliminarse.",0,0.040924809873104095,0,es
como k no es un anillo jilipollas tu k sabras subnormal de los cojones k aun voi y te meto el anillo x el ojete tontoooooo¨!!!!!XDXDXDXDjajajuas en resumidas cuentas ers ampros y tonto y xfavor vete a k te lo miren k nos aces un favor a todos... oye de k se esta ablando en sta pagina k tengo 8 años??,1,0.9897720217704773,1,es
"thumb|200px|Inicio de Ubuntu 8.04 en su versión para servidores. Todos los lanzamientos de Ubuntu se proporcionan sin costo alguno. Los CD de la distribución se envían de forma gratuita a cualquier persona que los solicite mediante el servicio   ShipIt  ShipIt (una excepción fue la versión 6.10, la cual no se llegó a distribuir de forma gratuita en CD). También es posible descargar las imágenes ISO de los discos por descarga directa o a través de redes P2P y archivos torrents, evitando así la sobrecarga de los servidores.Versiones de Ubuntu para descargar por Bittorrent. Ubuntu está opcionalmente disponible en DVD, para evitar su dependencia de Internet.Versiones de Ubuntu en DVD (y algunas en CD) thumb|200px|CD de instalación de escritorio, Ubuntu 8.04.",0,0.0002593940880615264,0,es
"Bueno, si quieres seguir dando la cruz como premio no hay problema, mucha gente lo hace, pero al firmar con lo del  conde  me hace recordar viejos tiempos. Un saludo (soy un pesado). ",0,0.007883633486926556,0,es
Es importante señalar que en verdad fué un mártir pues fue asesinado por torpes ignorantes religiosos en una sociedad en que la Iglesia Católica corrupta dominaba el mundo.... Legar a decir un monje ignorante que las matemáticas son obra del demonio...es una muestra contundente de la ignorancia de la iglesia catolica y el matar a hombres pensadores y estudiosos tan solo por contradecir las dogmas equivocadas de la fe y las teorías de Aristóteles son un pasado muy oscuro de la humanidad.,0,0.7802297472953796,1,es
Ahora va para que me bloquees. Tremendo nazi. Puto. Boludo. Imbécil. Gilipollas. Coño. Neonazi. idiota. Retrasado mental (eres medio Down). Tus borrados me los paso por mi culo bufón.190.225.2.,1,0.9980860948562622,1,es
HOLA LA PAGINA QUE CREÓ Ud. ES UN ESTUB. ACEER LA MAS GRANDE VOZ. AARON EDMUNDO VAZQUEZ ,0,0.8708295822143555,1,es
"Es que normalmente entendemos que si se quita la plantilla es porque ya lo hemos estrujado al máximo. Si se deja puesta un poco más nos da tiempo a evitar erratas y esas cosas, antes de que nos lo copien los espejos de Internet, que no son capaces de corregir nada y lo sueltan tal cual. Aunque ya sé que con plantilla o sin plantilla, siempre se estará mejorando en lo que cada uno pueda. Saludos. Lourdes, mensajes ",0,0.0005497523816302419,0,es
parias hilton 26 años drogada de ace 1 año es increible una estrella de hollywood que que es de lo super woooow,0,0.1811419129371643,0,es
"Hago una revisión al artículo de la canción Mine. Presentado con la plantilla en obras colocada. Y me encuentro estas respuestas. Es decir, ¿tenemos que soportar que un niño de 14 años nos indique a gente con   pelos en los h**vos   vehementemente que no debemos corregir artículos de música? A mí me parece que esto no tiene sentido. Es una de las cosas que espantan a los revisores.—",0,0.14033517241477966,0,es
"Muchas gracias por acordarte y por las felicitaciones... ¡Qué mayor me siento! Bueno, aprovecharé la tarta para dedicar el cumple a hacer nuevos artículos. Un abrazo, 12px Lucien ~   Dialoguemos...   10:29 6 mar 2010 (UTC)",0,0.0007427813834510744,0,es
"Todo se debe a que esto es una enciclopedia en español y no en gallego, y como algunos los topónimos tienen una variante en español distinta de la gallega deben ir la primera y no la segunda. En resumen: si el actor fuese de Londres pondríamos Londres y no London. versión extendida (Política oficial) atte. ",0,0.00027588632656261325,0,es
"Y eso que al principio iba a ser   la puñetera partícula de los   ǣØßðÞƏŠ!! La cuestión es ¿y ahora que la han encontrado, qué? ",1,0.0014281723415479064,0,es
"Vengo en ayuda de Cainite, por cuestiones de verificabilidad no son validas webs personales, blogs ni otras wikis, Atte ",0,0.0022743898443877697,0,es
"¿Alguno de mis compañeros espías del Mossad puede bloquear a Trimur? (Ahora bajo esa dirección ip?) (Parece que estas bobas acusaciones son una práctica usual de los nazis argentinos, hace tiempo participé en un foro de ellos y me bloquearon diciendo que sabían quien soy y dieron mi supuesto verdadero nombre (que no era Carlos Ritzman).) niqueco   ✍   04:25 27 mar 2008 (UTC)",0,0.02503328211605549,0,es
"Lo había probado, y no andó. Hoy me motivaste a seguir intentando y descubrí que en realidad, lo que MediaWiki le devuelve al bot es ya \n\n \(en inglés\) y que, por lo tanto, el pobre Mozilla no tiene nada que ver. Ahora pongo a correr la regex y les actualizo a los de pywikipedia el bug report. Un saludo, Taragüí @ 13:26 12 feb 2006 (CET)",0,0.00063049461459741,0,es
"   Premática y aranceles, hechas por el fiel de las putas  ,   Consejos para guardar la mosca y gastar la prosa  ,   Premática del tiempo  ,   Capitulaciones matrimoniales   y   Capitulaciones de la vida de la Corte   son sátiras de los géneros burocráticos habituales en las cancillerías y que se aplican a temas grotescos.   Cartas del caballero de la Tenaza   (1625), humorística descripción de las epístolas intercambiadas entre un caballero sumamente tacaño y su amante, que quiere sacarle dinero por cualquier medio.   Libro de todas las cosas y otras muchas más. Compuesto por el docto y experimentado en todas materias. El único maestro malsabidillo. Dirigido a la curiosidad de los entremetidos, a la turbamulta de los habladores, y a la sonsaca de las viejecitas  .   Gracias y desgracias del ojo del culo  . Opúsculo jocoso sobre los placeres y las dolencias relativos a semejante órgano.",1,0.8113587498664856,1,es
"Tienes toda la razón. No toco el contenido, pero arreglo el comienzo, añadiendo una sección  Casas-cueva tradicionales . Ángel Luis ",0,0.00048464786959812045,0,es
"Sobre la aplicación del Carbono-14, el Corriere della Sera lo explica en bastante detalle:    Qoan    (¡cuéntame!) 12:00 26 jun 2012 (UTC)",0,0.0004077967896591872,0,es
"Nada. Eso. Con el reconocimiento que la afa le hizo a river de la copa campeonato del 36, pasó a ser el primer tricampeon del profesionalismo: Copa Campeonato 1936, Copa de Oro 1936 y campeonato de 1937. Saludos. River Plate River Plate Pasión",0,0.0004887638497166336,0,es
OTRA VEZ EL DE LA PRIMERA WEA: Dir en Grey son mas macho qe la cresta. El unico amariconado es Shinya wn,1,0.008313874714076519,0,es
"  ...El exduque de Sajonia-Coburgo-Gotha pasó sus últimos años apartado de la vida social. En 1953, iría a un cine local para ver la coronación de Isabel II.6​ Murió sin dinero y como un convicto criminal[cita requerida] en 1954, como el mayor de los dos nietos sobrevivientes varones de la reina Victoria...   pero con los huevos bien puestos. Demostró que era un príncipe, no un compadrito.",0,0.005285428371280432,0,es
"JLuis se te ve el plumero cantidad. Los nacionalistas españoles sois así. La forma original y oficial es OURENSE. Y si no te gusta, ya sabes... Por cierto, deja de botar al PP.95.121.128.",0,0.07604548335075378,0,es
Geom dejate de Joder sos k? o sino no se entiende tan mala leche la redaccion ,1,0.9074702858924866,1,es
" El que uso es este aunque en mi edición tiene 430, creo que le añaden una de futuros títulos o algo así; pero vamos esa es. Lo de s/f creo que es lo mejor, no se me había ocurrido la verdad. Supongo que se podría fechar si encontramos otro libro posterior de la editorial donde se publicite al final, ahí sí ponen la fecha de publicación.",0,0.0006172612775117159,0,es
" Ciertos sectores académicos llaman  marxismo cultural  a una corriente  neomarxista . Pero, en general, estás confundiendo los términos. En la academia no anglosajona, existe el  marxismo occidental  (relacionada con la Escuela de Frankfurt), y precisamente se usa ese término para distinguirlo del  marxismo cultural  (que es un concepto ajeno a la academia por su falta de seriedad teórica). Luis ",0,0.000481006019981578,0,es
"Hola Maragm. Perfecto, lo tendré en cuenta. Te mando un correo con algunas cuestiones y datos de interés. Un abrazo. ",0,0.0007135545602068305,0,es
"Por favor, revísese el texto del comienzo del artículo, que a fecha 2008-11-04 dice:  Una estación espacial es una maricada artificial diseñada para hacesr cualquier mierda en el espacio exterior, con muy diversos fines . No propongo la modificación concreta porque no soy especialista.",0,0.4338012933731079,0,es
"Hola compañero! Mira, me he encontrado con ese artículo. Me gustaría que le echaras un ojo dado que por lo que sé controlas del tema manga, y es que la redacción, como veras, no ayuda mucho. Además es posible que el título no sea correcto. Un saludo. Bernard -   Et voilà!   13:45 8 feb 2009 (UTC)",0,0.0006377134122885764,0,es
"la ficha resulta mas cómoda para acceder a wikidata para poder completar los datos, no es por otra cosa. disculpa.  Ya te digo, uso la ficha como herramienta para incorporar todos los datos posibles a wikidata, creo que por ahí el acceso es mas fácil y de esa forma queda vinculado el artículo a wikidata. Saludos cordiales. ",0,0.00028653154731728137,0,es
Me alegro de que hayas reconsiderado tu decisión. Nos vemos por aquí. Un abrazo. ,0,0.0006757694063708186,0,es
"Real Decreto 49/2007: Debido al gran interés mostrado por el usuario Napoletano, vengo a entregarle el título y cargo de Gran Duque de Wikimedia, bajo las condiciones expuestas en Reales Decretos anteriores.Gonzalo A. Luengo O. (Puedes responderme ahora) 00:21 3 may 2007 (CEST) NOTA: TODO ESTÁ LIGADO A TU PÁGINA DE USUARIO AHORA. REVISA POR FAVOR.",0,0.0007873511640354991,0,es
"La denominación de  República Srpska  es una aberración lingüística, lo diga el Ministerio de Exteriores, la Universidad Complutense o el   sursum corda  . Es como decir  República Federal de   Deutschland   . La denominación de  República Serbia  es confusa, pero correcta. Se puede resolver el problema con la denominación  República Serbia (de Bosnia-Hercegovina) . En todo caso, no es culpa nuestra que la denominación de  serbia  viole los supuestos derechos de bosnios o croatas - después de todo,  srpska  significa lo mismo, sólo que la mayoría de españoles no lo sabe. Es como negarse a llamar República Popular China a China, sólo porque también viven allí tibetanos, manchúes y demás. No es asunto nuestro hacer justicia con el idioma: sólo traducir. Por otra parte, me parece increíble que en la Universidad Complutense no sepan que, si en serbio   Srpska   es sustantivo a la vez que adjetivo, con  Serbia  en castellano ocurre exactamente lo mismo. ",0,0.0007675685337744653,0,es
"Hola Fabri, creo que   Irreemplazable   ya está listo. Tuve que eliminar algunas referencias de   Billboard   ya que no se que pasa con su página web; unos días está bien y al rato se encuentra todo mal. Saludos, 20px:",0,0.0007283675367943943,0,es
"He omitido la expresión discutida y he rectificado el dato, sí hay al menos dos emmental franceses con indicación geográfica protegida, lo que es garantía de calidad respecto a ese producto, dentro del ámbito europeo. Por lo demás no creo que deba ser objeto de discusión aquí la idoneidad de protección o no por el sistema de denominación de origen, sino simplemente dejar constancia de si existe o no. ",0,0.00043902607285417616,0,es
"Eres un mentecato Si existe la Categoría:Iglesias de la provincia de Las Palmas (islas de Gran Canaria, Fuerteventura y Lanazarote entre otras...) Esa categoría ya está en Iglesias de Canarias y por tanto es redundante so memo, mirate política de redundancia en categorías y no hace falta poner el artículo en todas las demás categorías, so memo88.28.60.",1,0.5014081597328186,1,es
 Muchas gracias por las observaciones y más aun por pasarme el enlace de esa herramienta (¡no puedo creer que nunca la había visto!). ¡Saludos!,0,0.00046160168130882084,0,es
"Gracias por tu mensaje Sabbut. He re-escrito la página ciñéndome a las citas que me has proporcionado. He sido lo más aséptico posible, escribiendo una mera definición del centro de investigación. No sé si ahora el contenido ya es el adecuado como para que la página exista sin problemas. Hazme saber si ahora está todo correcto. Muchas gracias por todo. Miguel Ausejo. ",0,0.00036081011057831347,0,es
 tu firma incumple con la política oficial al respecto. En particular con varios puntos de las consideraciones de carácter obligatorio. Te solicito que en la brevedad cambies la misma para cumplir con las políticas que corresponden. Saludos.Mans «...When you knock me down I get the f**k back up again!» 03:02 25 jul 2017 (UTC),0,0.3534602224826813,0,es
"Hola Rosarino. Siento no poder aportar nada a la discusión en cuestión porque desconozco por completo la historia de Joaquín Penina. Tan solo revertí la edición del usuario porque realizó un blanqueo considerable sin ofrecer argumento alguno. Poco después escribió en la discusión el motivo del mismo y di por hecho que, al ser el principal editor del artículo, verías el mensaje y opinarías al respecto. Un saludo, ",0,0.00040656400960870087,0,es
"Es que lo del nombre completo es costumbre de la Viquipedia, (se hizo el traslado del original en 2012) que es donde se ha traducido. Al hacer la búsqueda incluso he encontrado su nombre completo con el segundo apellido español. Pero la mayoría solo hablan de Jaume Benavente. Gracias.    Geom    (discusión) 23:37 9 oct 2018 (UTC)",0,0.00022171974705997854,0,es
"Yo tuve también la mala suerte de leer uno de sus pesimos libros y se me hizo muy duro. Recomiendo a la gente que si ve uno de esos panfletos que escribe este hombre, que lo queme.",0,0.10651657730340958,0,es
"Lo de tener un artículo ne espera 2 días como mínimo se eliminó hace un mes o algo más, si mal no recuerdo (véase discusiones anteriores)... ",0,0.000716758135240525,0,es
"Gracias   El señor de las letras   por tu perspectiva y participación. En realidad se trata de la biografía de un personaje con un fuerte sentido de actualidad. La introducción debería enfocar los hechos históricos más relevantes de su acción histórica. La introducción por lo tanto no es sencilla. He estado estudiando biografías con la misma carga semántica de Uribe (por ejemplo Filde Castro, Rodríguez Zapatero...), sin embargo, no he encontrado la biografía de un personaje de actualidad que sea modelar al menos en wiki-español. Es todo un desafío. Bienvenidos con vuestra participación y ojalá se involucrara un extranjero. Propongo que los que quieran ayudar en la redacción lo manifiesten en esta página de discusión y lo justifiquen para ir moldeando el trabajo. AlbeiroR24 Ingresar en ",0,0.00020254017726983875,0,es
"Estimado Churrasco italiano: Con respecto a esta edición, le agradezco su aclaración. Ha sido una torpeza fruto de una lectura apresurada. Saludos.    Wizdeck    (disc) 22:47 28 ene 2016 (UTC)",0,0.0015191871207207441,0,es
¡Qué poco acertado he estado con la redacción anterior! Espero que sepáis perdonarme el agotamiento y esté suficientemente clara mi cuestión. Gracias de nuevo. ,0,0.0010721347061917186,0,es
 Es la forma correcta de escribir el nombre de una ley. Lo trasladaré a  Ley sobre Bases Generales del Medio Ambiente (Chile)  para hacer la diferencia con leyes del resto de la región. Saludos! ,0,0.000238784501561895,0,es
"Hola. Un gran gusto en conocerte. Gracias por tu atención y por tus colaboraciones con la enciclopedia. Si precisás ayuda en biología, historia o química, estoy a tu disposición. Un fuerte abrazo. ",0,0.0003912803076673299,0,es
pero la marina armada de mexico son unos corruptos que no sabena cer nada ya qeu se les fueron varios narcotraficantes en reynosa.,0,0.8566739559173584,1,es
Hola disuculpa por molestarte de vuelta otra vez encontre un articulo creado como una prueba de edición si aca ya bueno me gustaria de que lo borres. Se despide    Dreitmen 20px|Fuerza Perú!15px|Fuerza Perú! (¡Tu que tienes!) 20px ;)    01:31 14 may 2009 (UTC),0,0.03424941003322601,0,es
"...los destruires nunca pueden faltar y después de eso, con más calma, toca revisar posibles plagios. Ya veremos qué sorpresas encontramos... Si, ya vi que alguien se los cargaba a la velocidad de la luz, ¡no han durado nada! Vaya, es como si tuviera los botones extra de biblio, jajaja. Saludos y... ¡¡a revisar!! ",0,0.006991764064878225,0,es
"Listo. Por algún motivo no se reflejaba en el registro, así que cuando repasé el día no me di cuenta. Gracias ",0,0.0004091068112757057,0,es
"Me parece que alguien que no respeta a los demás (en este caso a los católicos) debe ser reconocido como fascista, y no darle la aureola de cultureta que aparece en el artículo. Efectivamente, es un artículo tendenciosamente redactado. Un poco más de objetividad se agradecería. Theophillus",0,0.005659951362758875,0,es
" Muchas gracias por el ajuste a la Plantilla:Ma, ya la probé y funciona sin problema. Gracias: ",0,0.0004366435168776661,0,es
"Herejes, pudranse en el infierno. Acaso ese tal  Diego Maradona  alguna vez salio campeon de la champions o de la liga espnola?",1,0.8279843926429749,1,es
"Y esta edición, mira el artículo Unconditionally es editado por muchos que aporta información, pro ellos es un falta de respeto que te coloque tú como único editor. Saludos cordiales. Chico512 link=Usuario Discusión:",0,0.0010047273244708776,0,es
"Se ha retirado la plantilla traducción que colocó en el artículo el 30 de abr de 2007, ya que ha transcurrido bastante tiempo desde que colaboró en él por última vez (el 30 de abr de 2007). Si dejó partes sin traducir revise si es necesario hacer limpieza. Bigsus-",0,0.0003186009998898953,0,es
"También habría que aclarar que los hijos no pudieron asistir porque no habían presentado denuncia alguna. Ponerlos como víctimas es ridículo: si ellos no denunciaron al presunto homicida Angel Carromero (sus razones tendrán), ¿para qué querían asistir?",0,0.294089138507843,0,es
"Hola. Felicidades, has ganado el Primer Ciclo del Torneo Wikificar. Gran trabajo. Imagen:Wiki gold medal.png|Campeona del Primer Ciclo del Torneo Wikificar del Torneo Wikificar. Un saludo. ",0,0.00030284258536994457,0,es
Un usuario me dejó un mensaje preguntando por una reversión y diciendo que yo era el único bibliotecario que conocía (que no lo soy) y luego vos le contestaste... ¿cómo fue eso?. ,0,0.0006567026139236987,0,es
"LA IGLESIA RECONOCE 265 PAPAS DESDE PEDRO HASTA LA ACTUALIDAD, ME DA MUCHA GRACIA EL SENTIDO PROFETICO MENTIROSO QUE ALGUNOS QUIEREN ENCONTRAR.",0,0.3275056481361389,0,es
"pues por qué puñetas no sigues con tus ADs? lo tuyo iba bien hasta que se te dio por copiar el más puro estilo de Ecemaml y sus compiwis, que triste es ver cómo la masa editorial se va perdiendo por culpa del café",1,0.21468812227249146,0,es
"Es importante que revisen lo que indican acerca de Costa Rica, ya que en ese país los negros no llegaron como esclavos. Lo demás es cierto, es un tipo de patuá que le llaman tambien Mekatelyu (make I Tell you) Paulo Gomes",0,0.12911160290241241,0,es
"Claro que presumo buena fe, si no no te habría propuesto ir al café. No tengo ningún inconveniente, si tú crees que es necesario, ábrela, y si se acepta, yo participaré de buen grado. ",0,0.0008796171168796718,0,es
"Lou, ¡que te has pasao borrando! Vale que venga un vándalo haciendo burradas, y que Dianai lo marque como destruir (mal marcado), pero que tú lo borres sin mirar el historial del artículo... Ñññññññ... ¡Error de novato! ;-) ",1,0.3670344650745392,0,es
"De acuerdo entonces, despacito y por la sombra. Tampoco soy partidaria de una tesis doctoral, pero eso es justamente lo difícil, adaptar temas  monstruosos  a un artículo de enciclopedia de consulta. Respecto al periodo helenístico, ya ves como una sola frase a veces puede confundir. De ninguna manera es esa la interpretación, lo que ocurre es que como lo escribí para mí, yo sola podía entenderlo. Ahora mismo lo cambio, pues no me gustaría que además de ti, otras personas lo interpretaran como soberbia. Saludos Lourdes, mensajes ",0,0.0004819620226044208,0,es
"Oye te pido por favor que te limites a actualizar y modificar las paginas del Perú no las chilenas no seas ridículo , ni siquiera ves la teleserie , y también borraste la audiencia de el hombre de tu vida , mira no seas patudo , y no modifiques mas las cosas de chile. porque los chilenos wikipedistas tenemos un estilo diferente DE EDICION DE NUESTRAS PAGINAS , a si que no borres mas las cosas .",1,0.8267289400100708,1,es
"Me parece lamentable la redacción final del artículo a Septiembre de 2008. Los béticos no merecemos que un personaje de esta calaña aparezca ante el planeta como un semidios, ya que el engaño le funcionó una década larga pero ya no se lo traga sino un número indeterminado de correligionarios.",0,0.040096476674079895,0,es
"No creo que este alagando a este cantante es por ello que creo que deberiais dejarmela publicar, no hay más información sobre este artista asi que lo que hice fue leer una biografia que encontre, cambiarla y aportar lo que yo sabia. Gracias!",0,0.0005869208835065365,0,es
"Creeo que este articulo debe ser protegido de alguna forma, ya que esta siendo realamente vandalizado —",0,0.0010102619417011738,0,es
Esta bien que se inspirase en Franquin pero de hay a copiarle va un abismo. Desde aqui un homenaje a los  negros  de Ibañez. Y a los dibujantes de Bruguera a los que les  adaptó  un personaje.,0,0.027518758550286293,0,es
"De acuerdo, tendré en cuenta tu colaboración de «Into» y «Express» . Cuando llegue la hora de «Like a Prayer», te pego el grito . Gracias por la comprensión, Luxi ). ¡Abrazos! • 75px|link=Usuario Discusión:MadonnaFan • 01:15 8 mar 2014 (UTC)",0,0.001286329235881567,0,es
"...ni siquiera sabía que había problemas. Muchas gracias por intervenir, siempre con esa cordialidad que te caracteriza ;-). Muchos saludos,    Cobalt   , →mensajes← 17:30 9 ene 2008 (CET)   PD: Te mataré si me sigues llamando Colbam. Si te cuesta trabajo, llámame Cobalt. MI NOMBRE NO ES DIFÍCIIIIL   XD",0,0.08527016639709473,0,es
"hey imbecil de veon, bajale de huevos con mis ediciones pendejo de mierda hijo de puta!!!",1,0.9974644184112549,1,es
"HIJODE PUTA ESA SECCION ESTA MAS SERIA QUE NUNCA SOLO QUE ERES UN SOBON DE MIERDA QUE LE BESA EL TRASEROA GISELA, Y TU PERNO TE LO METES POR EL CULO YA?",1,0.9958898425102234,1,es
"Hola, Wikisilki; es un gusto saludarte. Por lo de la firma, no te preocupes, nos pasa a todos =). Que estés bien. Un saludo muy cordial y nos leemos por aquí,    Mister Schwëitzer    50px ...Ich will nur dein Freund ",0,0.0009190526907332242,0,es
"Se ha renombrado esta cuenta como parte de la finalización de la cuenta de acceso unificada. Si esta cuenta le pertenece, entonces puede ingresar utilizando su nombre de usuario y contraseña anteriores para obtener más información. Si no le gusta el nuevo nombre de la cuenta, puede elegir el que desee con este formulario después de ingresar: . Keegan (WMF) (discusión) 08:55 21 abr 2015 (UTC)",0,0.00030414899811148643,0,es
"Siguiendo este tipo de razonamiento, deberíamos poner en páginas por poner un ejemplo Belén Esteban, Manolo el del Bombo, cómo lo que realmente representan, una España mediocre, fascinada por el famoseo, el fútbol, el vino tinto barato y, las corridas de toros. Jimmy Jump, sólo lleva una  barretina , de lo que has dicho, hay un trecho, no hace apología a ningún tipo de de nacionalismo. Antonio",0,0.05034453794360161,0,es
"Buenos días, He colgado el artículo de Grupo lo monaco un par de veces, es cierto que el primero era muy comercial, cogí como guía el artículo de ikea, totalmente de acuerdo con quien lo borró esa primera vez y lo modifiqué sin problemas para que fuese meramente informativo, se volvió a eliminar, desistí y simplemente lo he modificado para hacer un modelo exáctamente como lo ha hecho pikolin, de hecho, es sólo la evolución de la empresa, sin autobombo, con menos texto incluso. No tengo problema en reconocer que soy de la empresa, sólo intento que la gente que quiera informarse del recorrido de la misma, que muchas veces es decisivo para saber a quién se compra o se pide servicio y que pueda consultar algo más, como que la sede está en Granada, quién la fundó y un time-line de lo que ha sido la evolución de los productos. Sin ánimo de molestar ni ofender, nos gustaría preguntar qué hacemos mal o qué diferencias hay entre el artículo de pikolin con un enlace a la tienda home y el nuestro.",0,0.0007268870831467211,0,es
"Nuevamente has realizado ediciones arbitrarias, esta vez en las referencias del artículo de Christina Amphlett . Si vuelve a ocurrir serás amonestado. ",0,0.06685619056224823,0,es
"Le aclaro ya que usted es un kk e intolerable con los pensamientos de otros. El Fascismo lo inventó el comunismo. Digo, ya que pusiste  quito mensaje fascista . Jajaja. Dedicate a otra cosa hermano, sali de la pc. Menos mal que avise que había que corregir el texto de la imagen LA REFORMA UNIVERSITARIA.",0,0.7096145749092102,1,es
"Magia-¿que? ¿Referencias básicas? Tu lo que quieres es aprovechar este comentario para hacer publicidad de tu web, ponerla con el  .com  incluido y encima la pones junto a topural y dices que es son  referencias básicas , ¿Cómo tienes hxxxxs de compararte con topural?. Me parece patético que recurras a esto.",1,0.5038101673126221,1,es
No hacer problema!!! Este usuario es uno de esos nerd sin vida que anula comentarios y aportes de otros para sentirse algo en la vida. NO A LA CENSURA.,1,0.912437379360199,1,es
"Buenas, Eric. Es que tengo un problemilla y ya que le he pedido cosas a Millars ahora te tocaba a ti XD. El caso es que tengo un artículo que primero no se aprobó porque unicamente era una enumeración de casos y el nombre no era adecuado por lo que se lo cambié. Creé un artículo llamado Dopaje en España para poder enlazar al primero y ahora me dicen que en ese estado debería ser Anexo pero nadie dice nada seguro ni nadie lo modifica y lo evalúa como tal... asi que estamos en punto muerto desde hace tiempo y no se que hacer. Gracias. ",0,0.0007090342114679515,0,es
"¿Quién ha puesto semejante barbaridad en un artículo enciclopédico? Por favor, quienes estén activos en el mantenimiento de artículos relacionados con Saint Seiya, tengan a bien revisar que todos los artículos cumplan con las políticas de neutralidad, no innovación y, sobre todo, seriedad. Saludos, galio... любая проблема? 07:23 22 ene 2007 (CET)",0,0.0019675479270517826,0,es
"¿A quién he insultado? ¿No puedo decir que nuestro idioma es más rico y mejor que el inglés, después de que nos diga ese usuario que el español es una mierda? No me he igualado, simplemente he dicho  más quisieras... . Desde luego no viola la wikipetiqueta.      Satesclop      13:34 23 sep 2006 (CEST)",0,0.5252277851104736,1,es
"Tienes razón en lo último, fueron por mayoría  relativa . Bueno sobre la plantilla que propones y su parecido, en sí es casi lo mismo; la plantilla que propones va a generar confusiones, consulta por ejemplo la plantilla liberalism de la Wiki en inglés para que me entiendas mejor (ahí se nota los vasto del tema). No es adecuada a mi criterio para englobar algo tan amplio y complejo como es liberalismo. ",0,0.00035174074582755566,0,es
"por que consideras el 2-1 ofanación o provocación ¿bajo que criterio? aquello fue un puto juego y si te enoja que hayan ganado los awiluchos, pues luego ganan las birrias ¿o que? eres un ardido chivo que mantiene la wiki-ágina del América,y ya?... raro",0,0.8729941844940186,1,es
"El me está acosando. Dice que soy su titiritero y a la vez títere de Geógrafo23. El títere de geo es él, claro, es evidente. Me ha advertido por vandalismo. Por favor, bloquea al usuario, y si evade bloqueo con cuentas títeres, bloquea el I.P. por dos días, y a la siguiente, para siempre y globalmente.",0,0.24371777474880219,0,es
"Este usuario ni siquiera llega al rango de    hereje   . Por lo tanto debería ser quemado en la barbacoa para purificar su alma y nuestro aparato digestivo mediante su ingestión.    Skipe linkin 22px   Honor, valor, leltad.      17:48 13 mar 2008 (UTC)",0,0.32491856813430786,0,es
el programa fue creado por jorge ulises vergara hdz. escriben los guiones. lucas hector es director escritor y productor ulises es creador director productor y escritor. la idea de haser la serie surgio cuando ulises se inspiro el la serie que se emitia en adult swim que era pollo robot o robot chiken cuando vio esa serie se inspiro en el programa eso lo hiso hacer la serie que la serie es comedia para       MAYORES DE 15 AÑOS DE EDAD    ya que es una serie con comedia fuerte.,0,0.0033548097126185894,0,es
"Eres un payaso macho, subnormal lo había hecho porque era su cumpleaños pedazo de perra de mierdalo iba a borrar después pedazo de puta, mal parido de mierda. Eres un cabron quien te crees que eres eh pedazo de friki de mierda seguro que eres virgen y todo mal parido normal siendo un friki asqueroso de mierda, yo por lo menos follo no soy tan bueno en informática pero follo tu follas? ah no e sverdad a ti te follan so cabron. NO se quien te crees para borarr lo que te de la gana pedazo de zorra",1,0.9972768425941467,1,es
"Lo que diga el clero está de más, porque miente y trata de manipular a las masas, un ejemplo es el catolicismo y el islam, pero una persona con sentido comn no cree en la palabrería de los curas ni de los imanes. La religión de Japón es tan falsa como lo son las demás. Otra cosa, jurar a Dios en vano va en contra de uno de los diez mandamientos, y esos lideres que tu mencionas no representan a ningún Dios, a lo mejor tu crees que sí, pero quizá sea el Diablo que intenta convencerte. Piénsalo bien, porque ese ser es tan inteligente que puede tomar cualquier identidad, incluso de los lideres espirituales que tu ves en las iglesias o mezquitas. También me gustaría que reflexionases sobre tus palabras, Japón es un país volcanico asentado sobre varias fallas sismicas, por lo que es frecuente que se produzcan temblores como el que acaba de suceder. RaVaVe 25px   Parla amb mi   19:34 12 mar 2011 (UTC)",0,0.06031037122011185,0,es
"Teníamos la frase:  Cojuelo: ente ectoplásmico que de vez en cuando revuelca los entretejemanejes wikipédicos a inocentes usuarios que se pierden por esta enciclopedia.   Era una deliciosa definición de lo que se entiende por  cojuelo  desde que Lourdes, Cornava y FAR lo pusieron al descubierto. Con tu modificación has cambiado completamente el sentido de la definición. Te amonesto desde el Asilo, ",0,0.1570020318031311,0,es
"Buenas. Aquí, CHucky. He visto cierta controversia sobre qué sitios deben aparecer en los  enlaces externos  y sobre cómo ponerlos. Alguna idea / guía? Juan Antonio Herguera ",0,0.0006950920214876533,0,es
Hola Poco a poco. He retirado una plantilla de artículo reducido que colocaste el 5 de Marzo porque el autor se ha esforzado en expandirlo. Espero que no te moleste mi intromisión. Un saludo. ,0,0.0008251096587628126,0,es
" Yo solo hice una traducción del artículo en inglés. De ahí lo saqué todo, siento no poder aportar más referencias. Edward   the Confessor   15:16 27 jun 2011 (UTC)",0,0.0003304887213744223,0,es
"El artículo no tiene referencias al doblaje al español (de España y de México) ni al gran impacto cultural que la serie ha tenido en países de habla hispana. De hecho en América, para bien o para mal, son muy populares los modismos mexicanos que aparecen en la serie. Además en algunos países, por lo menos en el canal que aun la emite en Chile, la serie ha sido censurada en escenas de connotación sexual y/o bromas respecto al catolicismo.",0,0.008164674043655396,0,es
"El articulo necesita referencias. ¿Candace termina su relacion con Jeremy?, ¿todos los villanos que aparecieron en el trascurso de la serie se reunen?, sinceramente suenan puras mentiras y si proximamente esto no es referneciado se quitara del articulo. ",0,0.0019388491054996848,0,es
    Buenos Aires   Nombre completoAbreviatura largaAbreviatura cortaCiudadLiga de origenCompeticion nacionalPor cuestiones operativas no se ponen los clasificados al TDIClub OlimpoOlimpo Bahia Blanca Liga del Sur Primera División,0,0.0006670801085419953,0,es
"Yo respeto todas las opciones políticas, pero no me parece respetable hacer juicios de valor como los que este firmante anónimo realiza aquí. El FC Barcelona es un club deportivo. Mezclar política y deporte es una solemne estupidez. Por cierto, conozco a más de un socio del Barça que no es catalán, ni mucho menos independentista. Saludos, ",0,0.5579165816307068,1,es
"No solo el Sionista-Nazi-Masón Bill Gates está involucrado con las vacunas. Además de ser accionista de Monsanto, creará la primera marca comercial de Marihuana. 189.223.232.",0,0.27732643485069275,0,es
"Cierto. Todo lo que dice. Además, según el texto lo que es una parte (y una parte bastante pequeña) de la ciudad de Estambul de hoy, una megálopolis y ciudad transcontinental, se trata de igualizar con Estambul. Equivocado. Es solamente  el casco antiguo  de  Estambul europeo . En turco lo llamamos  tarihi yarımada  (península histórica) de la ciudad. En el mapa que agrego veréis que era Bizancio. 300px Ah, y no confundirse tampoco con la Constantinopla que los turcos otomanos conquistaron. Eso  también  era mucho más pequena de lo que es Estambul, y solamente una  miga  más grande que Bizancio. Si hay algo que no se entiende bien en la  leyenda  del mapa pregúntenme por favor. Ya reconozco que si alguien nos dice algo que no nos acostumbramos a escuchar mucho, nos parece difícil de comprender al comienzo. ",0,0.0003233649767935276,0,es
"El asturiano es un idioma; y creo que plantearse si es un idioma o no, es ofensivo. Más cuando el castellano está aún más fraccionado: solo hay que ver un estreno de Hollywood, doblado al español europeo (spanish) y al americano (Latin). Por favor por ahí no. Además está la Universidá d Uviéu, la Llei d Usu, la Academia, el Gobierno del Principáu d Asturies... por favor, no seamos ridículos.",0,0.19874432682991028,0,es
paramore es una cga y la haley es una lesbiana zorra k se violo a su padre y su puto novio hija de puta para more bale mierda es una caga,1,0.9972372055053711,1,es
"Que malo este articulo, parece manual. No dan ganas de estudiar trabajo social, viendo al foto del genocida de stalin 10 veces.",0,0.056357741355895996,0,es
"Referencia 2 no tiene un hiperenlace correcto. Cuando selecciono el hiperenlace, no funciona y el sitio Web muestra otra página.",0,0.0005690014804713428,0,es
A ver Si se vieron el capitulo de hoy borren todo lo que quieran pero si no se han visto el p*** capitulo no borren nada que lo que uno copia lo hace de acuerdo a lo que sucede en el programa,1,0.31039735674858093,0,es
"Mira a ver si te valen las referencias de este libro: Ema Cibotti,   Queridos enemigos. De Beresford a Maradona, la verdadera historia de las relaciones entre ingleses y argentinos  , Aguilar, 2012, ISBN 9870424252. Puedes empezar por las páginas 13 y 14. O este otro: Jorge Fontevecchia,   Reportajes2  , Sudamericana, 2012, ISBN 9500739658, que habla de una anglofobia anterior a Maradona; aquí, Américo Castro habla de la  anglofobia económica sobre el supuesto imperialismo y explotación británicos , en 1940. Si las actuales referencias no te gustan, ¿valdrían estas? Enrique ",0,0.00031479011522606015,0,es
"Hola, gracias por la reversión en mi discusión por WP:E. Un saludo, 22px by>Javierito92    (Mensajes aquí)    17:03 16 feb 2010 (UTC)",0,0.000389535358408466,0,es
"He entrado un momentín, pero me vuelvo a marchar. Por supuesto, se necesitan referencias puntuales, Aconséjale que lo haga como borrador en una subpágina, porque no está con estilo de enciclopedia, ¿qué te parece? Gracias por tu respuesta Lourdes, mensajes ",0,0.0004610146570485085,0,es
"pues no copieis, pandilla de copiones. Eso no informa copia y plagia. Vamos a denunciarros a los tribunales para que retiren esta págia que vulnera los deechos de la propiedad intelectual.",0,0.033231381326913834,0,es
"Amigo, ya está en ello. Parece que no hay error. Saludos, Protoplasma, el Kid. (discusión) 03:52 10 sep 2014 (UTC)",0,0.0008849267032928765,0,es
El fagot cuesta a partir de 3000$ y puede llegar hasta los 60000€. El fagot tiene los mismos acordes que la flauta y el saxofón,0,0.004812170285731554,0,es
"¿POR QUÉ NO TRADUCEN LA TERMINOLOGÍA DEL INGLÉS AL CASTELLANO? Cuando leo,  spyware, adware...  me da flojera leer pues terminó por no entender qué quieren transmitirme. Esos traductores en dónde están.",0,0.13214804232120514,0,es
"Por favor no incluir al Islam, se han tomado lementos de los pueblos que porcesan tal religion pero nada mas, es un insulto para mi como musulman y para todos los musulmanes que forceis nuestra repentina union a una cultura esteril y reedefinida consatantemente, gracias.",0,0.2696152329444885,0,es
"Hubbard, ya muerto, y Miscavige, su sucesor, y todos los que participan de las iglesias de cienciología son unos estafadores (a sabiendas o no). No se dejen engañar por sus ladridos, su estúpido marketing que se aprovecha de la desesperación de la gente que sufre. Son un peligro para la salud pública. Al diablo con ellos. Y no me digan que no estoy informado. He leído todos los libros de Hubbard y sé lo suficiente de epistemología y psicología para tener una opinión informada. Conozco supuestos aclarados y se trata de personas prácticamente mediocres. Lo único que los hace diferentes de las personas comunes es su mirada perdida en ilusiones (igual que los fanáticos del cristianismo). El supuesto aclaramiento es sólo un estado de pérdida de contacto con la realidad, producto de un lavado de cerebro que, además, le cuesta al que pasa por el mismo gastarse los ahorros de toda la vida. La cienciología te quita todo tu dinero y te da puras fantasías a cambio. Ese es su único objetivo: dejarte en la calle. Ten cuidado. — El comentario anterior es obra de , quien olvidó firmarlo.",1,0.8294610977172852,1,es
mira mamahuevos si me bloqueas me da igual por que reinicio el router y vuelvo con una nueva ip y me vas a comer la polla. Eso que e puesto me lo dijo ayer tu puta madre cuando me la follaba.,1,0.9950568675994873,1,es
"Parece parcial desde el momento en el que no se pone que es un hijo de pu** mal nacido, un vil urangután egocéntrico, que piensa como joder a los demás, anticuado con su pinc** socialismo de mier**.",1,0.987572193145752,1,es
" He dejado en los dos artículos la plantilla de . Eso evita que alguien, con buena intención, prepare la fusión y se haga. Saludos. ",0,0.0007300617871806026,0,es
" Creo que no tiene sentido, dentro de un artículo dedicado al concepto de  socialismo , mencionar un tal  socialismo ortodoxo  sin definirlo o dedicar un artículo diferenciador. ",0,0.0007121693342924118,0,es
Aranza Pedraza Belman Es una persona muy importante y se casó con Harry Styles de One DirectionAranza Pedraza ,0,0.0020193876698613167,0,es
"No me parece lo más adecuado poner a maricones. No llegan al uno por ciento los homosexuales de ambos bandos y la felación es una práctica extendida en el más del 99% restantes. Por favor, dejen de poner mariconadas e inventar verbos.",1,0.9300235509872437,1,es
 Texto de titular e van a comer la polla el ijo puta del feran maxado k va escribiendo cosas x internet i del imbecil del xavi!!! k sa comido mismocos! !! subnormales!!!,1,0.9962809681892395,1,es
"Solicito que se retire la semiprotección del artículo y que en su defecto, el gestor de dicha acción de explicaciones acerca del porque de su proceder. ",0,0.00067681580549106,0,es
"Excelente! Entonces comenzaré la traducción. La voy agregando poco a poco, o será mejor que la agregue primero aquí abajo en esta sección para que ustedes la revisen primero?",0,0.000531191355548799,0,es
"Que nadie mezcle metilfenidato con mirtazapina de lo contrario se les pueden abrir las puertas del cementerio. Es de muy mal gusto desear la muerte de alguien, y debería estar penado.",0,0.4839327931404114,0,es
"Haber Gonzalo, espero que tu paginita de Ollanta la modifiques, que al menos sea de caracter  libre  o editable, ¿por que la bloqueas? ¿sera acaso que hay un oscuro interes de por medio? yo creo que si pues pasadas las elecciones te has olvidado de muchas de tus paginas pobremente elaboradas sobre todo la del Perú que parece que la ha hecho cualquiera menos un peruano. Bueno te digo desde ya que facil es difamar tras el computador pero quizá no tendrias los pantalones de decir lo que escribes con la misma libertad que te ofrece el teclado.",0,0.019055619835853577,0,es
" Se hacen evaluaciones a todos, lo que pasa es que tu nunca ibas a clase, te quedabas jugando al mus en la cafetería y luego te quejabas de que te tienen manía. Chavalín, deja de tocar los cojones y ponte a estudiar.",0,0.9080442190170288,1,es
"Dios..., eso va?..., es una articulo destacado, eso se ve muy feo..., bueno, no se, no soy medico, pero sinceramente se ve mal.",0,0.09852980822324753,0,es
"Lourdes, mensajes  Es terrorista y Franco fue dictador y El Olonés fue un pirata asesino con sus 10 cañones por banda, viento en popa a toda vela... lo demás son eufemismos y remilgos.",0,0.4313521087169647,0,es
" Perdón, equivoqué totalmente la sección. Lo pasé a Café:Miscelánea. ¿Puedes borrar la entrada de Consultas?",0,0.001040486036799848,0,es
"Hola, Marcelo. No es una exageración, es un criterio distinto. Hay varias formas de hacerlo. He optado por esta porque es la que menos trabajo acarreaba: mantener una única desambiguación solo implicaba un pequeño cambio en el artículo y un borrado. Sin embargo, y estuve tentado de hacerlo, se puede crear una nueva desambiguación para «La República» (y no solo para los periódicos) con el título «La República». Lo que pasa es que hay que hacer borrados, traslados, cambios de redirecciones... me dio un poco de pereza, pero puedo hacer un pequeño esfuerzo por tu pobre lector estándar ;). Un saludo. Pd. Muy instructivo tu comentario. Gracias.  Ya. Es que, en el caso de términos ambiguos, estoy más por usarlos directamente que emplearlos como redirecciones. (Me refiero con términos ambiguos a aquellos que se pueden usar para titular distintos artículos.) Si todos los artículos estuviesen titulados con esa premisa, facilitaría mucho las cosas a ese lector que mencionas y, en un par de clics, encontraría lo que busca. Un saludo. ",0,0.000564380141440779,0,es
"También te doy las gracias, (disculpa la demora), saludos  PD: Y por mi no hay problema con la mediación (si se necesitara).",0,0.0006135309231467545,0,es
 (Los mamelucos bahri / Los kipchak) Categoría:Sultanes mamelucos de Egipto del siglo XIII Categoría:Dinastía bahrí Categoría:Participantes musulmanes en las cruzadas Categoría:Cairotas,0,0.0011236169375479221,0,es
"   Importante:    Todas las licensias se las agrega con estas llaves: {{}} Y también puedes sacar imágenes de Wikimedia Commons, entrando en los enlaces que te los dan en algunos artículos largos con varias imágenes como el artículo Dinosaurios, en Wikimedia Commons hay gran variedad de imágenes que puedes sacar para agregarlas a tu artículo. Disculpa por los grandes carteles de licensia que hice, fue sin querer, no creas que soy una especie de vandalo.",0,0.0012883248273283243,0,es
"Pedro Zerolo fue uno de los activistas LGBT más importantes de la Historia de España, así como uno de los mayores promotores de la ampliación del derecho al matrimonio y a la adopción de parejas homosexuales en el país. No se porque se elimina su foto y este dato cuando es muy relevante y está relacionado con el artículo. Gracias.88.10.75.",0,0.007171210367232561,0,es
"Estamos en las mismas, si a tí plantilla te parece raro, yo es que  plantel  no lo he oido en mi vida, y si me viene alguien diciendo: oye ¿cual es el plantel del Valladolid?, lo primero pienso: ¡¡¿¿que??!! y lo segundo: o éste es suadmericano o es gilipollas. Si no te gusta haces un artículo del Real Valladolid y pones el texto en español de América, aquí está en castellano. Lo siento pero es así.",0,0.4200354516506195,0,es
"Se ha retirado la plantilla traducción que colocó en el artículo el 01 de sep de 2007, ya que ha transcurrido bastante tiempo desde que colaboró en él por última vez (el 06 de sep de 2007). Si dejó partes sin traducir revise si es necesario hacer limpieza. Bigsus-",0,0.0003123209171462804,0,es
"TODO: Bueno, falta terminar algunas definiciones.... Falta darle un formato mas amigable... La sección de enlaces hay que saber que agregar. Quamer.",0,0.001148823881521821,0,es
"Si por lo menos leyeras a que me refiero no estaríamos atrapados en el mismo tema de la semana pasada, y es que para el artículo entiendo que quieran dejar la sección    Carrera   , claro. Pero es evidente que repiten las referencias tanto    Carrera    y    Filmografía    si lo puede ver hasta el mismo título y en eso usted colaboró y no me parece nada bien que solape este tipo de ediciones. Si revisa la sección de    Referencias    se puede que las referencias con el mismo título en los números de cola de    Carrera    y    Filmografía   , lo que pasó con Maite Perroni, Eduardosalg lo supo interpretar a que me refiero, pero ¿Por qué le pareció raro en William Levy?, digo si me explico, yo edite y traspase las referencias de    Carrera    a    Filmografía   , pero Taichi me revertió pero no borró las referencias añadidas de    Filmografía    que yo edite y el hecho parece ser que quería ganar puntos verdes en contribuciones y ya eso parece que esta bien. Solo hasta aquí editó a William Levy hasta llegar a un acuerdo.      Edson        (mensajito)   03:00 1 jun 2014 (UTC)",0,0.00026441653608344495,0,es
"He llegado a este artículo desde la lista de periodos de la historia de España. Desde este punto de vista, tiene más importancia el desarrollo político, cultural o artístico (que no aparecen por ninguna parte en el artículo) y menos importancia el desarrollo bélico de la guerra. Pienso que debería haber un artículo aparte para este desarrollo bélico y que en el artículo enlazado desde los periodos de la historia de España debería tratarse este periodo como un todo, con sus diferentes vertientes, y no tratar únicamente del desarrollo bélico de la guerra civil. 83.40.152.",0,0.000299237814033404,0,es
"Metele con Characters and inspirations, que el otro Agus hace Plot summary. Yo veo de hacer Style, aunque no se cómo estará mi semana, ya que tengo que practicar para el First. Lo mismo con la revisión, trataré. Saludos, 20px Agustín M.   ¿Alguna pregunta?   03:30 7 dic 2009 (UTC)",0,0.0004213920619804412,0,es
"Hola, tienes toda la razón y es válido tu recomendación. Lo tendre en cuenta para futuras ediciones. Saludos cordiales.Douglas ",0,0.00038943771505728364,0,es
"Si, si, comprendo la diferencia pero no puedo encontrar referencia que la sostenga si me dieras alguna pista yo encantada de recibir tu colaboración. Por cierto, no tengo idea lo que significa  espesita . Aldana Hable con ",0,0.0006934028351679444,0,es
"Y añado Sr. Askeladd, (soy Javier), supongamos que se trata de unos resultados electorales. Si aplicamos su regla de tres, no serían fiables los datos proporcionados por la Junta Electoral Central. Igualmente, los datos del censo poblacional proporcionados por el Instituto Nacional de Estadística, tampoco serían fiables si aplicamos su regla. Tampoco sería fiable definir la forma de gobierno de España como Monarquía Parlamentaria basándonos en lo que establece la Constitución de 1978. ¿No se da cuenta de lo ridículo que es el criterio que acaba de esgrimir?",1,0.2815091609954834,0,es
 He añadido la información que he podido encontrar acerca de los taxis colectivos. Quedo atento a cualquier comentario. Saludos y gracias. Farisori » 18:58 14 ene 2014 (UTC),0,0.0004024054214823991,0,es
"Estimados amig@s, he tenido el placer de visitar vuestra página y me encuentro con la sorpresa de que visitando el listado de dioses hindues, definen al dios UMA, como la unidad de masa atómica, concepto este peteneciente a la física más que al tema para el que entré en la página. sin otro particular, les saluda atentamente, swanmi@mixmail.com",0,0.0005845106206834316,0,es
"Me llamo Claudia, me contacto contigo porque me gustaria que me aconsejes sobre como poner todo eso que has puesto en la pagina de Usuario y como puedes poner fotos alli. Tengo 15 años y soy cubana. Dime algo sobre ti, espero que me ayudes. Gracias...Princess ",0,0.0008748576510697603,0,es
"Me parece que la sección sobre   cómo afrontar el sexo anal con pene garbanzo   no tiene un contenido enciclopédico. Y si así lo tuviera me parece que no tiene suficiente relación con el texto, el cuál no habla de sexo sino del garbanzo mismo. Pero la he dejado ante la duda Mauro, soy todo ",0,0.8590406179428101,1,es
"opino que deberian apracer juntos a modo de no crear mas confusion, no se al respecto de este tema pero pienso que entre mas explicita y entendible este la informacion, mejor.",0,0.0010102782398462296,0,es
"Siendo el dia martes 7 de noviembre el Quimico y muy prestigiado Programador visual Luis Alberto arias se cogio al Guacollul Y cuando lo abia cogido dijo lo siguiente.,",0,0.1694725751876831,0,es
"Hola Ecemaml: Ha vuelto la IP latosa a Tito Puente, con los mismos cambios que se reviriteron en su momento. Ha avisado a Miss Manzana pero parece que no está activa ahora mismo. Echa un vistazo, por favor, yo ya no quiero seguir revirtiendo reversiones. Un saludo. Gracias.",0,0.0007023815414868295,0,es
"Entendí poquito del mensaje que le dejó a don Manuel, pero por lo poco, me adhiero a Roy y además le digo que deseo su regreso con muchas ansias (  como si ya se hubiera ido a la lagión extranjera y me dejase solo    ()    Cobalt   , →mensajes← 00:26 12 feb 2008 (UTC)",0,0.0019349295180290937,0,es
"Ups… . Sí, mi error, no leí bien la frase. Gracias por tu aviso y recuerda presumir buena fe. (ˆ〰ˆ)    GVSΛMΛ    21:44 24 ago 2017 (UTC)",0,0.0005082284333184361,0,es
"La plantilla de premios que estas usando tiene un error, cuando avanzas en la página las lineas verticales se vuelven intermitentes.",0,0.001348891411907971,0,es
HAY VARIOS TIPOS DE VALORES HAY BUENOS COLO TAMBIEN HAY MALOS DEPENDIENDO DEL PUNTO DE VISTA DE CADA UNO DE LAS PERSPECTIVAS DE CADA PERSONA PUES POR EJEMPLO HAY UNA PERSONA QUE LE ENCANTE UN SACO QUE PARA LA MAYORIA DE LA GENTE ES BONITA ESCEPTO A UNA PERSONA EN ESPECIAL POR QUE? PORQUE TIENE UNA PERSPECTIVA DIFERENTE HACIA ESE SACO PUES PARA EL EL VALOR ETICO DEL SACO ES MALO,0,0.023465581238269806,0,es
"MIRE Señor! le voy a decir algo? cual es la diferencia entre la carátula que coloco a la que usted coloca? ES LA MISMA IMAGEN! lo único que la mía es con mejor calidad! no con un tag de  Todocolección  en la carátula. USTED es un egoista, que no permite que nadie haga mejoras! haga lo que quiera, no vuelvo a contribuir nada más en esta egoista página!  TODO ES COPYRIGHT  por favor!",0,0.9342477917671204,1,es
No podía dejar de pasarme por aquí para dejarte un abrazo y un beso. (discusión) 22:31 19 dic 2014 (UTC)]],0,0.004783707670867443,0,es
Eso es lo que es este artículo. Lleno de modismos y explicaciones ridículas. O se mejora en un 90000% o se borra. Así de simple. He visto en la página de usuario de quien inició el artículo y está en el mismo lenguaje soez. Algo debe hacerse. Bruno ,0,0.16516296565532684,0,es
El mapa del reinado de Alhaken esta ligeramente exagerado en la zona del pirineo aragonés.Jaca por ejemplo fue tomada en el 780 (¡200 años antes de este reinado!)Tal vez vendría bien cambiar la imagen... 21:30 22 nov 2007 (CET),0,0.000460958166513592,0,es
"Alguien ha puesto una frase incoherente que además, yo no he sido capaz de borrar aún, en el artículo sobre Demócrito. Se trata de el final del párrafo acerca de su biografía:  EN POCAS PALABRAS EL ERA UN PENDEJO BIEN HECHO  es la frase. Espero que pronto lo resolvamos, y que no se vuelva a repetir; no logro explicarme qué lleva a una persona a hacer semejante niñería. Gracias. Judas Ali Qu",1,0.03461341932415962,0,es
"Peco de ignorante...pero este artículo no debería llamarce  Estrella Binaria ? en inglés es  Binary Star , y en los libros de astronomía (que son más bien para alguien  amateur ), figura en singular.",0,0.7000395655632019,1,es
84.78.238. (Viva Zoey 101) la mejor. Lo hacen los sabados por las mañanas a antena 3 (viva antena 3) y por las tardes en Neox (viva neox).Y yo lo veo mucho (viva yo). Me yamo  Cuchipachi follarme inside  Viva! Y este de aki es mi hermano  Polleta follarme inside : Hola amiguitos!!! Soy su hermano y hoy estamos aki reunidos para... -Callate mocoso! weno si creeis que estoy loca y el tambien (viva los locos) agragadme a: carlybj96@hotmail.com MIl ACHUCHONES A TODOS!,1,0.8754458427429199,1,es
"Hola. He visto que has categorizado a ese personaje, lituano de nacimiento y soviético de nacionalidad, como  alemán del báltico . ¿Qué tiene ese hombre de alemán? Un saludo    π    (discusión) 01:53 21 jun 2011 (UTC)",0,0.003719053929671645,0,es
"A ver si dejas de dar el coñazo retirando las técnicas en Sailor Moon, no me cansaré de revertir tu vandalismo ",1,0.9498106241226196,1,es
Si alguien hace un artículo sobre la inquisición en Florencia o en Italia que considere incluir a uno de los ejecutados más jóvenes. ,0,0.0033191388938575983,0,es
"Lo que dice el reglamento, igual que lo que dice una ley, se interpreta y puede aplicarse mas o menos benevolentemente porque evidentemente no es una ciencia exacta el determinar que nombre es apropiado y cual no. Yo accedería a crearme otra cuenta y podriamos cerra esta, pero no es posible porque usted me ha bloqueado la IP y la capacidad de crear nuevas cuentas. Salu2, Dope",0,0.0012035564286634326,0,es
¿Puedo hablar contigo por IRC? Necesito un medio más ágil que comentarios en la discusión. ,0,0.001981596229597926,0,es
"Hola Jorjum. Pues puedes tocar por acá mismo, la Portada está protegida así que solo los bibliotecarios pueden editarla. También puedes dejar mensaje en Plantilla discusión:Portada:Actualidad. De todas maneras siempre dejamos esas noticias unos días más luego que finaliza el evento. Saludos y gracias, Laura ",0,0.00031480600591748953,0,es
"Por favor, denunciar por vandalismo a la impostora que se hace llamar Neus Rosaleny. Ella no mantiene ninguna relación sentimental con este actor gallego. A fecha de hoy (21/12/2011), Irene Escolar y Martín Rivas siguen siendo pareja.",0,0.0013484412338584661,0,es
" Máximo que algunos patrulleros están etiquetando cosas  para revisarlas  (promos, sin relevancias, etc) cuando son para borrado rápido. Ahora está PEOR el asunto que al principio, no hay que revisar sólo lo naranja sino ¡¡también lo blanco!! (que eran cosas  seguras  y por tanto podían omitirse). Sinceramente, esto es una ESTUPIDEZ. 09:47 22 mar 2010 (UTC)",0,0.8504189252853394,1,es
"Lo que ocurre es que me eliminan articulos creados argumentando que no poseo los derechos de autor...estupidos. Me han elíminado tres artículos. En fin. A mi no me suena eso, pero creo que lo podrías haber leido en la página de discución de Gusgus, Mercedes es su nombre. Es una tipa muy simpática y te aseguro que te ayudará.- Saludos, Felipe. F Correa ",0,0.04538753628730774,0,es
"Hola amigos lectores ;-) revertí las ediciones de Argenz por no haber tenido el consenso de los moderadores de la mesa y los otros jueces. Recordemos que esto es entre todos.  PD: Una vez escrita las conclusiones, volvemos a colocar la versión de Argenz. (Ver historial)",0,0.0004184993449598551,0,es
"Por el mismo criterio que esta página se llama  Cuart de Poblet  y no  Cuarto de Pueblecito , entonces la página correspondiente a  Girona  se debería titular  Chirona  y no  Gerona . Jajajaja. Patético intento de relegar al olvido las formas valencianas.",0,0.02554875612258911,0,es
"entre los años 40 o 50 se realizo una pelicula con personajes naturales y dibujos animados infantiles, de trataba de un rancho de 1875, de una familia de blancos que tenian la servideum-bre de raza negra viviendo en una casa aparte pero dentro del terreno del rancho, los hijos de los propietarios criados por la servidumbre se habian acostumbrado a ellos y habia un anciano negro llamado tio REMUS que les contaba cuentos y fabulas infantiles, estos aparecian en forma de dibujos animados y uno de los personajes animados principales era el hermano Rabbito, que andaba entro los sarzales y otros dibujos mas, es todo lo que recuerdo a mis 72 años GRACIAS 09-04-2009 Fdo: Juan Carlos Peverelli",0,0.013717034831643105,0,es
"Y tu eres subnormal acabado! Que te zurzan!! Necesito encontrar información sobre el escudo florentino de la flor de lis! si alguien sabe algo, que hable ahora o calle para siempre !",1,0.5072119832038879,1,es
Borro que el único conocido con el nombre de Pontífice es el mercenario de la Nueva Iglesia por tratarse de insultos.,0,0.039508841931819916,0,es
Hola= Hola;lo que podrias hacer es mandarles tus mensajes a su email de turner o la de tooncast;jaja se muy amable con ellos ( en forma sarcatica);jajaj;bueno claro que apoyaria de firmar para que saquen a barry koch pero no tengo dinero para comprar los folletos;ya va ha ver alguien que lo va ha empezar y cuando venga por aqui pidiendo firmas sere el primero en firmar.Juan Carlos D. (discusión) 19:51 11 ene 2012 (UTC),0,0.0014026446733623743,0,es
"Estimado Tarawa 1943 Aun no he terminado de escribir todo el articulo, tengo problemas con la coneccion de internet y la subida de imágenes a la commons. Muchas gracias por su observación. saludos ciro Ciro.bianchi.",0,0.0006918866420164704,0,es
Es el último aviso que le doy en referencia a los topónimos. Gracias. Díjolo LMLM > ¡Contáimelo! 11:07 31 oct 2011 (UTC),0,0.0019523174269124866,0,es
"NO SE DAN CUENTA QUE LA BIBLIA DICE QUE DIOS ODIA LA VIOLENCIA? AHORA LOS CATOLICOS JUDIOS Y OTRAS RELIGIONES MATAN Y SE SACRIFICAN EN VANO. PARA OBTENER EL PREMIO Y LA RECOMPENSA QUE DIOS NOS VA A DAR TENEMOS QUE HACER LO QUE DICE LA BIBLIA ENTERA. NO SOLO CAPITULOS Y VERSICULOS. HAY QUE PREDICAR,HABLAR SOBRE EL REINO DE DIOS QUE VA A VENIR ACA EN LA TIERRA CUANDO PEDIMOS ``VENGA A NOSOTROS TU REINO. EFECTUESE SU VOLUNTAD COMO EN EL CIELO    TAMBIEN SOBRE LA TIERRA.   VISITE WWW.JW.ORG",0,0.16041356325149536,0,es
"T as pasao, maxo. Fueron 2.000 muertos, no 200.000. Son muchos muertos de por si, pero... no exageremos las cifras. Además, no creo q quisiera q sus soldados muriesen. En todo caso se le podra calificar de  autotirario como político  e  incompetente como general . Pero de ahí a  genocida  hay un trecho bien gordo.",0,0.20578579604625702,0,es
"Ya te vi que andas al pendiente condenadote, en este momento ando en mi  descanzo  ¿descanzo?, bueno, es un decir    El BetoCG    -      ¿decías?      18:03 22 jun 2008 (UTC)",0,0.5254276394844055,1,es
"oe tu, compatriota no me borres mi artikulo del mrta, el ke habia era una porkeria, y el informe de la CVR es de libre reproducción",1,0.17239420115947723,0,es
"Lea el libro  OPERACION OGRO: COMO Y POR QUE EJECUTAMOS A CARRERO BLANCO , de FOREST TARRAT, EVA (HIRU, 1993), 334 pags, ISBN 9788487524561. Por otro lado, a Eva Forest se la detuvo en relación con otros hechos (atentado de la calle Correo) pero nunca se la condenó, ni por éste ni por ningún otro delito relacionado con ETA. Quien hace especulaciones es quien debe aportar las referencias y la especulación de Manuel Cerdán (quien sólo aporta como fuente su propio escrito) es la única referencia que la vincula con dicho atentado; vea su biografía o consulte otras referencias , pero no se añadan  informaciones  inventadas, por favor.",0,0.0014136738609522581,0,es
"por dios, el regeton no usa instrumentos musicales, no digan esas estupideces, solo usan un ritmo unico creado por un sintetizador.( por lo tanto es una mierda)",1,0.9757130146026611,1,es
Que yo sepa hasta ahora no se ha avanzado nada estamos igual que como empezamos. ,0,0.002107103355228901,0,es
querido Jarisleif Sensei 1:Quisiera aparecer en tu museo d elos horrores puteandolo a Menem (A menos que seas Menemista) pero te pueden cancelar la cuenta si cometes vandalismo? 2:Estuvo muy bueno el museo de los horrores lo mejor fue esto Aca hay algunos buenos si me dejas editar tu museo d elos horrores los pongo o si no te los ,1,0.005728399381041527,0,es
"tienes razon sobre eso el jinchuriki de 4 colas solo se ve en 2 capitulos de manga (corriganme si estoy mal) y despues de eso no se mensiona mas, no hay mucha imformacion sobre el personaje no deberia decir un tipo de imformacion que no se especifica en el manga....[[boorbu|boorbu] -   Usuario Discusíon:boorbu",0,0.0067419493570923805,0,es
"Hola de nuevo. El buscador confirma que ese ISBN existe , y Google confirma el título . Tampoco es algo grave ya que hay libros, como algunos editados por Universidades, no tienen ISBN y nadie elimina esa referencia. Te dejo los datos del otro libro: . Un cordial saludo, Mercedes(Gusgus)    PS: espero que disculpes el tuteo, es una costumbre adquirida aquí y en ningún momento una falta de respeto: si lo prefieres utilizaré el Vd.  ",0,0.0003715954371728003,0,es
"Se bien que administrativamente el archipielago canario esta dividido en 7 islas mayores, cada una con su cabildo, pero son 8 las islas que estan habitadas y en las 8 hay servicios marítimos y aéreos. Recuerden que este artículo no es sobre su división administrativa sino los transportes en las islas. JC 9:05, 21 Marzo 2008 (PST)",0,0.00032011664006859064,0,es
"LUCHO POR LA LIBERTAD DE LOS MAS DEBILES, LUCHO CONTRA EL NAZISMO Y CONTRA ESTA SOCIEDAD RIJIDA, CONTRA TODOS LOS MALAJES COMO EL GRACIOSO DE CHEVERI QUE SE DEDICAN A DESMORALIZAR A LOS MAS DEBILES. DESBLOQUEADME PARA PODER CREAR UN MUNDO LIBRE DONDE PODAMOS DECIR LA VERDAD SIN SER CENSURADO, DONDE NO EXISTAN LAS DICTADURAS, UN MUNDO EN EL QUE TOMEMOS EJEMPLO DE NUESTRO GLORIOSO SALVADOR DE ESPAÑA, SU SANTISIMA SANTIDAD EL DIVINO SEÑOR FRANCISCO FRANCO DE LOS ESPAÑOLES, EL NOS QUISO LLEVAR A LA VERDADERA LIBERTAD Y ESTE MUNDO CORRUPTO DESTRUYO NUESTRO GLORIOSO PAIS TRAS SU MUERTE",0,0.5795096755027771,1,es
"Hola Jarould, he visto tu edición, ya estoy preguntando como resolver el tema de la incompatibilidad de las plantillas  ficha de genocidio  y  montaje fotográfico , veremos que pasa. Saludos    El Ayudante   -",0,0.0006368245230987668,0,es
"Yo definiria a este partido como una mezcla homosexual de Nazismo con Comunismo. No es ni nazi ni comunista, solamente el hilo rosita y gay que une a esas dos ideologias. Miren por ejemplo, le tiene fobia a Turquia como los integristas homosexuales-catolicos.",1,0.5563052892684937,1,es
"Otra vez tirando mierda. Por favor, lea WP:CIV. Y con respecto al tema, si son  campeones o ganadores  ¿cuál es el problema? ¿A quién le importa que después tengan que jugar una súper final? Son campeones de un torneo corto tal como dijo Conmebol y como lo copié yo. Zamora fue   Venezuela 1   porque es el campeón del Apertura  16, no por haberle ganado la súper final al Zulia. ",1,0.8345083594322205,1,es
"Que más da, el carácter oficial de las cosas no es más que una cualidad más de ellas, haz lo que quieras. ",0,0.004640066530555487,0,es
"Se ha renombrado esta cuenta como parte de la finalización de la cuenta de acceso unificada. Si esta cuenta le pertenece, entonces puede ingresar utilizando su nombre de usuario y contraseña anteriores para obtener más información. Si no le gusta el nuevo nombre de la cuenta, puede elegir el que desee con este formulario después de ingresar: . Keegan (WMF) (discusión) 08:34 21 abr 2015 (UTC)",0,0.0003074823471251875,0,es
"La verdad es que sienta muy, muy bien ;). Por cierto, mañana ya sabré seguramente cuándo realice el viaje. Te mantendré informado. Un abrazo, GuS -   ¡Dialoguemos!   16:17 1 dic 2008 (UTC) Una cosilla: te felicito por la respuesta que has dado en la biblioentrevista. La he leído y la has sacado muy bien, para notable alto.",0,0.0009671974694356322,0,es
"Estimado Francisco Ojeda, hace unos cuantos minutos salvé el artículo que creaste con el nombre de Historia de Alabama y eso lo hice en la calidad de bibliotecario que soy desde hace años. A tus aportes, para que no fueran borrados (ya que le faltan referencias y fuentes fiables les añadí los datos correspondientes a la historia precolombina conocida, a la conquista y presencia española hasta 1820, a la presencia francesa durante el siglo XVIII...pero nada, en lugar de tener gratitud para que tu aporte no fuera mandado a borrar te dedicaste a quitar todos los datos    ciertos    que añadí; tu actitud ha sido muy poco grata y en nada ha ayudado para saber   bien   los datos de la historia de Alabama. Espero que hagas lo bueno para tener un feliz 2014. José  ¿y usted qué opina?  03:38 30 dic 2013 (UTC)",0,0.0003660475485958159,0,es
"SEGÚN LA HISTORIA EN UNO DE LOS VIRREINATOS SE COMENZÓ A CULTIVAR LAS UVAS EN AMBAS REGIONES, DONDE SE ELABORO EL AGUARDIENTE, LA CUAL LE PUSIERON PISCO POR QUE LA VASIJA Y EL PUERTO DONDE SALÍA PARA EUROPA ERA PISCO, PERO EN AMBAS TIERRAS SE REALIZO DISTINTOS PROCESOS. POR LOS CUALES LOS HACE DIFERENTE, ALGUNOS PERUANOS SON TAN IGNORANTES QUE SE PONEN A PELEAR ESO ES MIO Y NO TUYO, PARECEN NIÑOS, LOS DOS PAÍSES ESTÁN SOBRE EL MISMO CONTINENTE POR LO TANTO SON HERMANOS, DÉJENSE DE TANTAS TONTERÍAS, EL PISCO ES DE AMBOS PAÍSES, DE HECHO YO VIVO FUERA DE PERU Y CHILE, Y SE COMPRA EL PISCO COMO PISCO CHILENO, E IGUAL MANERA SI UNO QUIERO DEL PERUANO LO PIDE COMO PISCO PERUANO, PERO SUS EXPORTACIONES DE PISCO SON TANTO BAJAS QUE EN EL MUNDO NO SE CONOCE Y LA GENTE POR COMODIDAD DE LLAMAR AL PISCO CHILENO SOLO LO LLAMAN PISCO, CUANDO LOS PERUANOS REGRESEN AL MERCADO ACTUAL LAS PERSONAS EMPEZARAN A LLAMAR AL PISCO POR SU NOMBRE Y PROCEDENCIA DE EXPORTACIÓN.",0,0.3197906017303467,0,es
"Estimado Luis Felipe: He visto que has eliminado completamente la ficha del filósofo José Ortega y Gasset. Creo que vale la pena mantenerla, aunque —por cierto—, con la información adecuada. Cordiales saludos, Jorge Acevedo ",0,0.0005331041174940765,0,es
La definición de voz es confusa en cuanto a los mecanismos de producción. No existe una voz  sonora  y otra  sorda .La voz siempre es sonora. En realidad se están refiriendo al concepto de  fonema  (sordos y sonoros) Cantolaura,0,0.0012123672058805823,0,es
No creo que esté disponible estos días. Hablá con Belgrano que es administrador en Commons decile cuales fotos fueron permitidas y el las va a marcar como corresponde. Avisale que el autor envió el permiso.    Alakasam    ,0,0.0003111395344603807,0,es
"Lo que pasa es que eres franquista y no te atreves a reconocerlo. Luego supongo que dirás que el franquismo duró mucho tiempo, que tenía sus luces y sus sombras, que si hizo pantanos, que si el desarrollo económico, que no fue lo mismo al principio que al final, etc. Bueno, si quieres llevarle flores ya sabes que está en el cementerio del Pardo-Mingorrubio. Ese tonto de Pedro Sánchez ha hecho un favor a los franquistas como tú al acercar su tumba a Madrid. ¡Qué metedura de pata! 88.1.35.",0,0.7991167902946472,1,es
"Error El fascismo no signifa dictadura, como la de esos comunistas de Stalin y el Mao. El fascismo es una ideologia que consiste en la suspension de algunas libertades del individuo. Con el objetivo de lograr un progreso sin estupidos obstaculos ideologicos",1,0.31333282589912415,0,es
"El informe de la CONADEP hablaba de 8961 desaparecidos en total. No lo tengo a mano, pero creo recordar que la distribución era 40% para el año 1976, el 30% del 77, y el resto entre los otros años. Eso da 2688 para el 77, lo que es perfectamente compatible con lo que dice ahí ( Ese año se estima que 3.098 personas fueron asesinadas por las fuerzas militares y policiales. ) Igual, no importa, no altera en nada el artículo. Sólo quería encontrar razones que justifiquen una reversión sin mediar palabra. Alakasam, de paso, si vamos a hablar de antigüedad, te gano por un par de meses ) ggenellina   ¿comentarios?   05:31 4 sep 2010 (UTC)",0,0.0009714146726764739,0,es
Alguien puede explicar cómo un cura renegado puede llegar a insultar la memoria de Mahatma Ghandi diciendo que se declara su sucesor al mismo tiempo que se declara amigo de ETA? Jo con los nazi-onanistas catalinos!,0,0.4514486789703369,0,es
" Eduardo Bautista esconde su cuenta de usuario mientras ataca las aportaciones dolorosas para la SGAE. Hoy me ha deshabilitado la cuenta de usuario por ese motivo, alegando motivos disciplinarios inexistentes. Creo que ya de por sí esto debería ser motivo de expulsión hacia ese usuario, pues se trata de la    opresión    contra otros usuarios.",0,0.001347626675851643,0,es
"En principio se pensó en meterlos en castuchos como los disquetes o minidiscs, pero al descubrirse ese polímero ya no fue necesario. El tema es que ese material es bastante más duro que el de los DVDs y HD-DVDs (evitando así muchas rayas) y además repele el polvo. Por otro lado permite una mejor reflexión de los rayos que permite que aunque haya suciedad en muchos casos se puedan hacer lecturas (esto no lo recuerdo bien como era). · ()",0,0.0008862451650202274,0,es
"Le Capitaine que horror que falta de Vetiqueta como que manganzones, deberían censurarte. Un voto a favor de la censura. Chao Cojito cmo buen Le Capitaine. 16:24 4 mar 2008 (UTC)",0,0.15381962060928345,0,es
"¡¡ya se fueron las miasmas!! así que, te prohibo la entrada a mi página hasta que estés limpia de virus. Manda 2 nubes grandes, una corta y otra grande si estás mejor. De momento, iré preparando la artillería para poder defenderme... tengo un mal presagio Pero... también tengo hambre y mucha, así que ya cargaré mi precioso trabuco del siglo XVIII luego. Haaasta luego, 14:26 18 nov 2007 (CET)",0,0.029037881642580032,0,es
"Llevo muchos, muchos años haciendo artículos, y me toca los cojones que se me borre el artículo de un jugador PROFESIONAL, me gustaría saber más específicamente cuales han sido los motivos para ello, porque no se me deja nada en claro  Buenas tardes, estaré encantado de borrar lo que puse en su día, cuando usted me dé una explicación coherente de porqué me quiso borrar el artículo, porque a la vista está, que usted no tenía razón. ",1,0.29827314615249634,0,es
"Antes de nada, no se como se dirá en tu país, pero en    ESPAÑA    es  Pedro por su casa . Después, quisiera decirte que en ningun momento le he insultado, unicamente he dicho la    VERDAD   . ",0,0.0023758779279887676,0,es
"Porque la mierda podés llegar a ser vos. Derrapaste, con tu cultura del éxito. Espero que vos, en tu vida personal, ganes más de lo que pierdas, ya que ese es tu parámetro. ",1,0.9836597442626953,1,es
"Hola, . Te agradecería que (como en este artículo) en la discusión se puede ver que pusiste   no entiendo porque la borran si tiene todo lo necesario ademas otros tienen lo mismo y no le hacen nada son una ...... mier.....   Te sugiero que te leas la guia para aliviar problemas en una discusión crea una buena discusión, no grosera ;) daimond(?)(  susurramelo! ☏  ) 01:14 26 feb 2011 (UTC)",0,0.4014725089073181,0,es
 Mi objetivo en la vida es cantar como Mike Patton (vocalista de Faith No More)  Marcelo  Corvata  Corvalán UNA DE LAS COSAS MAS RIDICULAS Q LEI EN TODA MI VIDA,1,0.08853883296251297,0,es
"Hola. No voy a comenzar la revisión exhaustiva que el artículo se merece, pero quisiera realizar un breve comentario: la referencia 2, de la introducción, simplemente es un link que nos lleva a una página donde está la partitura de la canción, dejando por lo tanto, la frase que dice  [...] en la que Gaga se despide de sus amantes  (y otras además de esa) totalmente subjetiva y no verificable. Saludos y disculpá las molestias, мιѕѕ ",0,0.0007379529997706413,0,es
"Pienso q no esta bien, por ejem. yo soy bisexual (me gustan hombres y mujeres) no he salido del flowey aún y me da miedo q me metan en un psicólogo para hacer esta soberana estupidez de orientaci9n sexual, tengo novio y me gustaría conocerlo. Bueno, q digo q me parece mal porq la gente tiene derecho a amar a quien quiera, como si mi primo se enamora de un perro, aya el, el es feliz, pos yasta dejadlo... ¡Que solo hay una putª vida! Cthael.",0,0.8450233936309814,1,es
"La teoria del derecho, basicamente lo que busca es definir el derecho, diferenciandolo de otros sistemas normativos tales como la moral. La definicion aportada en el articulo es bastante deficiente, y no incluye esta acotacion.",0,0.0006173024885356426,0,es
"Fue Kruschef el que dijo eso de que Stalin podia estar implicado en la muerte de lenin , pero no se ha comprobado el ser asi considero que se refería al hecho de las acciones como teoría y práctica dentro de rusia. No como el hecho del siniestroRayo del sur -Trabajando por las masas!!- 04:08 24 sep 2007 (CEST) Ademas a Krischeff no se le debe creer , el hablaba de repetar la vida y le mete la tropa a los que querian darle un rostro mas humnano al socuialismo , y su plan de 7 años no funciono o sea no le llegaba ni a la zuela de los zapatos de Stalin y eso q puse en una estulticia dicha por Kruscheff Sea como sea, en épocas posteriores a Lenin, la Rusia socialista (en terminos teorico-marxistas) se fue a debacle completoRayo del sur -Trabajando por las masas!!- 04:46 11 nov 2007 (CET)",0,0.0019370459485799074,0,es
"Lastimosamente Los Miserables cambia de horario de 9 de la noche a 8, cediendo el horario a Tierra de reyes. Los Miserables Cambia De Horario",0,0.020920811221003532,0,es
Miguel ¿como referencio varias veces la misma referencia?. Salu2  Gracias.Salu2 ,0,0.0005562097649089992,0,es
Este artículo debería ser un anexo de Miss Mundo o una ampliación de éste. Scandisk65,0,0.0006074815755710006,0,es
   Artículo de prensa con la nueva denominación   :http://www.presspeople.com/pr/iniciativaverds-equo-denuncia-nou-fracas-lluita Espero haberte convencido ya. Ha sido un interesante debate.88.8.30.,0,0.0016942241927608848,0,es
"Te he cambiado la plantilla por la de en obras, para que trabajes mas comodo. Un saludo. Ensada ! ¿Digamelón? 06:03 6 abr 2008 (UTC)",0,0.01267684530466795,0,es
"Señor, es usted un malhablado. Aga el favor de dirijirse a mí en otro tono. George McFinnigan 18px   plé   17:29 24 dic 2005 (CET)",0,0.4906212091445923,0,es
"Lo escrito en tu página se considera vandalismo. Si reincides serás expulsado. Lourdes, mensajes ",0,0.0016750433715060353,0,es
"|- | Pintar de morado a Montenegro y a Malta, y ponerlos en la tabla, Montenegro ha confirmado: http://eurovision-spain.com/iphp/noticia.php?numero=8985&idioma= y la PBS ha puesto en marcha su preselección oficial, por lo tanto obviamente estará en Copenhague: http://eurovision-spain.com/iphp/noticia.php?numero=8986 | | mariajoer | |",0,0.0007659675320610404,0,es
"En contra. Tanto de esa propuesta como del criterio actual de diferencia «penalti» y «tiro penal». Según el DRAE son sinónimos. Y lo que actualmente se titula definición por penales (desambiguación), no es una desambiguación, por lo que es necesario cambiarle el título. ",0,0.0004767289792653173,0,es
"Ok, gracias. Estaba arreglando los errores citados, y después ya me lo leo entero y lo verifico. Un saludo, JUAN BLAS ",0,0.0010606757132336497,0,es
"He tratado varias veces de publicar que esta institución es contraria a los criterios del Institud d Estudis Catalans y que los criterios de los que defienden la supuesta  unidad de la lengua , sino políticos, pero la jauría de  bibliotecarios  (?) de la pseudo-enciclopedia acientífica se me ha echado encima y han bloqueado el artículo, quedando tal como está:  científicamente  favorable a los intereses de sus amos de Barcelona. Y encima alegan  vandalismo reiterado , los muy embusteros. Como me cabree voy a informar a sus jefes en EEUU de lo que se está cociendo aquí.",1,0.005247774999588728,0,es
"Jajaja... ¡Joer, eso pasa por arriesgarse a premiar a un joven anarquista! Siento no poder regarte una ínsula, amigo Sancho. —   Tarantino      Habla ahora o calla para ",0,0.2354787439107895,0,es
 Posible vándalo: Motivo de reporte: Está realizando propaganda encubierta de una marca de accesorios en varios artículos de celebridades escribiendo que usan sus productos y dejando la direccion para comprarlos Usuario que reporta:  Acción administrativa: (a rellenar por un bibliotecario) Creo que no puedo poner esta denuncia en el tablón porque ya pasaron varias horas pero seguro que va a seguir en otros artículos. Ya lo revertí ¿Se puede hacer algo o lo denuncio en el TAB? ,0,0.0005137306870892644,0,es
"Hola, el artículo que has creado es irrelevante, no se puede hacer un artículo de cada uno de los colegios del mundo, por lo que será destruido. Tranquilo, todos la cagamos al principio.",0,0.6210697889328003,1,es
"Gracias Diosa. De verdad que eres una diosa. Besos. Pero para no meterme en toda la bolá esa. que es tremendo enredo, mejor voy a crear una subpag. de mi pag. de usuario y Jannsey que se joda. (Na mentira) Jannsey es el´mio, asere. Esto ha sido obra de la Me-109-cito & Jannsey Co. Me-109-",0,0.8780834674835205,1,es
"== la verdad es q el emo no puede ser un genero porque solamente ellos son un sub sub sub genero ya que recopilan e todos los generos para que salga esta desgracia (el emo)por que el emo lleva screamo, lleva musica punk, hasta sus letras hablan de muerte y amor como el gothic visten casi como los dark de negro o sea simplemente el emo es una poseria inmensa que no tiene discusion y punto... y que viva el anrakopunk!!!!!",0,0.0192337017506361,0,es
"Que pasó camarada, que te ha hecho el malintencionado ¿acaso crees que esa cuenta tiene algo que ver contigo? pues yo creo que ¡sí!, entonces, a darle duro al canalla P Un abrazo mi amigo y ¡a cazar vándalos!    El BetoCG    -      ¿decías?      04:51 27 mar 2008 (UTC)",0,0.4997648000717163,0,es
"Perdón, por haber puesto destruir en las páginas de usuarios de Principe Aquitano y Ajlf, he visto los historiales que escribiste:   (¿En qué viola WP:PU? y (Es su página de usuario, puede hacer pruebas en ella, no viola WP:PU)   son buenas explicaciones que yo respeto, mil gracias por tus consejos.    Bostan Serai (discusión)    01:00 12 dic 2008 (UTC)",0,0.0005239377496764064,0,es
"Que los gudaris defendieron que????????????????????vamos hombre, pero si pactaron con la república y luego con el bando nacional, son unos cobardes y son lo mismo que la ETA.",0,0.7679124474525452,1,es
No son ediciones vandálicas cuando se trata de la realidad. Juan Darthés pedófilo y violador. ,1,0.9641352295875549,1,es
"Dice:   1984 - En Rusia, Alekséi Pázhitnov inventa uno de los videojuegos más famosos: el Tetris.  , el error reside en que  Rusia  tiene un enlace que va al artículo sobre Rusia, cuando, tratándose de 1984 y siendo incrupulosos debería decir  En la Unión Soviética...  o  En la RSFS de Rusia... , no se como se cambia, pero estaría bien que alguien lo hiciera.    El Ayudante   - Hola, . En primer lugar, gracias por el aviso. No obstante, solo he realizado el cambio de enlace, que ahora apunta a «República Socialista Federativa Soviética de Rusia», ya que también era conocida bajo el nombre de «Rusia» como se puede leer en la introducción de este artículo. Espero que estés de acuerdo y, de lo contrario, no dudes en decirlo. Un saludo,    ובואל   —   гцврє19    11:51 6 jun 2014 (UTC) Perfecto, así basta, gracias por la rapidez Rubpe19. Saludos.    El Ayudante   - De nada. A ti por el aviso.    ובואל   —   гцврє19    11:58 6 jun 2014 (UTC)",0,0.0004130596644245088,0,es
chingas a toda tu puta madre a ti q te importa si edito lo q se me pegue mi puta gana pendejo vales madre Att_: pablo was here!!!!,1,0.9970608353614807,1,es
"En el propio artículo se admite la posiblidad de que el personaje Aysun sea la misma persona que Aizón, pero solo eso, posibilidad. Como desde entonces no se han aportado nuevos datos, creo conveniente sustituir la plantilla fusionar por posible fusionar.",0,0.0003238727804273367,0,es
"El comentario final de la primera parte del primer artículo es tendencioso y emotivo. Que un virus pueda mutar y ser el proximo en provocar una pandemia eso es atribuible a cualquiera de estos patógenos, así que la eliminé.",0,0.055262207984924316,0,es
"Esto es un cachondeo. Lo que el señor Zosimo piensa que está bien, no se puede tocar. Hay cosas evidentes (y a los diccionarios me remito) como que la elección de ancianos es TEOCRÁTICA (por el poder de Dios) y no TEOLÓGICA como dice él, pero vez tras vez corrige y corrige. Que se da UN informe, y no DOS al mes. Se te ve el plumero, majo. Tu mismo dijiste que  La neutralidad se logra agregando todos los puntos de vista. , pero no sabía que te referías a todos TUS puntos de vista. Yo no he borrado las tonterías que dice esa mujer, tú sí que has borrado los HECHOS documentados a fin de adaptarlo a tu estúpida cruzada. Para ti sólo vale lo que diga Salarrullana. ¿Por qué no haces una Zosimopedia? Me recuerdas a tu paisano A.A.",0,0.6067872643470764,1,es
Te he dejado un aviso en la discusion del articulo. Un saludo. Andrea ,0,0.0005649705417454243,0,es
"Añ coñe, vale, ya decía yo  qué misteriosa relación tendrán las encuestas con esto  xD. Bueno, si ves lo de duplicar las referencias no me parece mal, cuanto más tenga mejor! Voy a pasar a ver los otros cambios, aunque reconozco que no suele gustarme mucho la en para estas cosas...creo que está demasiado sobrestimada para muchas cosas (otras no, por supuesto).",0,0.7462180256843567,1,es
"A ver por favor arreglen la pinche plantilla, añadan a los fichajes, no mamen hasta ahí sigue Pedraza que hace muchísimo se fue a la AKD Bruno Serrano ",0,0.005277322139590979,0,es
"La pagina de Manuela Castañeira fue subidoa con anterioridad con errores, pero esos fueron corregidos. No entiendo porque lo borras asi de nuevo. Tiene suficientes referencias externas para considerarlo relevante, y ademas el lenguaje usado es neutral. En todo caso tendrias que discutirlo en la pagina de discusion del articulo, pero no etiquetarlo con borrado rapido. Marcos ",0,0.00036261978675611317,0,es
"Lo del soldador es un falso positivo, puedes ver mi comentario en la discusión. Saludos ;) ",0,0.018654778599739075,0,es
"¿pelicula de horror? será de terror, está claro que jodeis todo lo que tocaisDon ",1,0.9789052605628967,1,es
"Por favor, no elimines enlaces aunque lleven a artículo que aún no existen. Tal vez añgún día se creen esos artículos, y así ya tenemos trabajo hecho. Gracias. ",0,0.0003880901786033064,0,es
"Hola Paparazi, ¿podrías cambiar la palabra en inglés   fuck   de tu firma? No se permiten palabras groseras (en cualquier idioma) en firmas. Saludos.Opss! (I m not that innocent) 18:06 2 abr 2012 (UTC)",0,0.8721638321876526,1,es
"Si tú hubieses preguntado en la página de discusión si quitar o no el resto de las etiquetas, nada de esto estaría pasando. Así que no hagas más el ridículo intentando culpabilizarme. ",1,0.2918592393398285,0,es
Hola David: Mira Mariah apareció en todas estas categorías en la edición de aniversario de la revista billboard: The Billboard Hot 100 All-Time Top Songs - Mariah aparece en el #9 con We Belong Together y #29 con One Sweet Day. The Billboard Hot 100 All-Time Top Artists - Mariah Carey en el #6. Top Billboard Hot 100 R&B/Hip-Hop Songs - Mariah en el #2 con We Belong Together. Bueno eso saludos Fferradaah ,0,0.00034942376078106463,0,es
"¡Qué bruto! Están estupendas. Creo que es en Tolocirio donde te faltan ref; corre, antes de que te plantileen. Lástima que no tengo fotos de esos sitios. Y continuará... Lourdes, mensajes ",1,0.5939889550209045,1,es
"a mi rbd me parece una MIERDA ¬¬ k la ve la gente k es tonta, eso dejarse lo a los mexicanos k son los k se lo tragan! ¬¬",1,0.9840351343154907,1,es
"Yo añadiria otros como el lastre, el palmero, baul, garrul, garrapato, patas cagadas, etc... cuando aprenda a regatear o a irse de un defensa que avise sin acritud",0,0.042335107922554016,0,es
"No copie-pegue, no añada información sin referencias, Hambrón aka Jlsmrx aka Ñuflo aka Aromera. ",0,0.00035783182829618454,0,es
"Voz==== No es contralto, es una Mezzo-soprano ligera( de coloratura), Adele es una mezzo-soprano lirica y tiene la voz mas grave S",0,0.045863132923841476,0,es
"Hay un pequeño olvido histórico. Bien cierto es que Townes y Schawlow son los invetores del  Máser , ¡¡¡pero no así del  láser !!!. Teodoro Maiman fue el primero en demostrar emisión láser visible en 1960 usando un láser de Rubí. No creo que se deba pasar por alto un hecho tan importante para la historia presente de la física. ",0,0.00033921931753866374,0,es
"Ni el propio Gobierno la utiliza (hay estan una muestra con esos enlaces), el único empeñado en colocarnos esa aberración eres tú y además con muy malas formas, a pesar de haber mayoria en la página de discusión entras en una guerra infantil de ediciones. ",0,0.09216000884771347,0,es
"Si cierta hembras no toleran el concepto hembrismo está claro que practican el hembrismo y que el hembrismo existe como forma de represión. Dejar de definirlo, vetar su redacción es hembrismo, un aforma semejante al machismo, pero más perniciosa si cabe, pues pretende dañar en la sombra.",0,0.09870053827762604,0,es
El mamarracho es subir imágenes sin tener en cuenta lo que es aceptable en este proyecto. Yo personalmente marqué como plagio más de una decena de imágenes tuyas que NO salieron de panoramio sino de otras webs. No tenés derecho a quejarte.    Alakasam    ,1,0.09127873927354813,0,es
"ERES UN MALDITO TRAIDOR PORQUE ME FUISTE A REPORTAR HIJO DE PUTA YO SIEMPRE REGRESO PUTO QUE HAS DE TENER UNA CARA DE NERD COMO MARC CRAM JODETE POR HABERME REPORTADO Y HABER PROVOCADO QUE ME PUSIERA ASI, PNDEJO, MERECES QUE TE ATAQUE CON EL PODER DE EZZZZZZZZZZZZZZZZZZZZZZZZZZZZZZZZZZZZZZZZZZZZZZZ, CON EL PODER DE PEZZZZZZZZZZZZZZZZZZZZZZZZZZZZZZZZZZZZZZZZZZZZZZZZZ, Y CON EL PODER DE PAZZZZZZZZZZZZZZZZZZZZZZZZZZZZZZZZZZZZZZZZZZZZZZZZZZZZZZZZZZZZ Y MUERAS. PENDEJO Y EZPAÑA HUELE A CULO.S.E.C.O.P. (discusión) 19:42 2 oct 2008 (UTC) YOU WILL DIE!",1,0.9957226514816284,1,es
 El papa Francisco elevó  plegarias por el descanso   eterno   de los fallecidos .  Pobre hombre! Ni el cree en la esperanza de la que habla la biblia.,0,0.0038913870230317116,0,es
"Tengo entendido que un sapo generalmente es más grande, más terrestre y de piel más rugosa que una rana, pero no veo necesario colocarlo en el artículo. Jr ",0,0.04302806407213211,0,es
"Hola. El artículo trata de artes marciales creadas en Sudamérica, ya sea desde cero o a partir de otras existentes. Entonces, caben la capoeira y el jiujitsu brasileño, pero no el karate (japonés) ni el boxeo (inglés). Saludos. Lin linao ¿dime? 00:08 19 ago 2012 (UTC)",0,0.0005933418869972229,0,es
"Pues no me agradezcas nada, por que voy a seguir haciendo lo que se me de la gana. —",0,0.04583469778299332,0,es
"¿Pero incluso si hubo una relación sexual sin penetración? ¿Por ejemplo, caricias, masturbación o fellatio? ",0,0.9546046853065491,1,es
"Gracias, Lionni: para quienes no sabemos el idioma original, el traductor es tan importante como el autor. Y tengo auténtica devoción por algunos, como Consuelo Berges.",0,0.0005614439724013209,0,es
"Hola, si claro con mucho gusto, solo dame un tiempito encuentro las estadisticas. Feliz año ",0,0.002320332918316126,0,es
"Dr. Castro:Siempre lo he admirado como el mejor constitucionalista de nuestro paìs.en la actualidad la corrupciòn y degeneraciòn de nuestro estado,nos està hundiendo cada dìa màs. Para evitar que este se siga desangrando,le tengo la siguiente propuesta que debe ser Constitucional: Crear un còdigo de ètica aplicado a todo servidor público y quien lo viole perderà todo tipo de nexo con nuestro estado,deberà pagar su delito en càrcel como cualquier delincuente sin prevenda alguna,como sòn las famosas mociones de sensura,fuero polìtico y demàs,teniendo que devolver lo que se haya robado i se sancionarà polìticamente a este y su cochina familia hasta la cuarta generaciòn. Con esto el estado se ahorrarà y liquidarà al sin nùmero de entes de control que no sirven para nada por el amiguismo,nepotismo y roscogramas que se forman en cada gobierno. Lo invito a leer el artìculo del Tiempo del dìa de hoy cn el  zar anticorrupciòn ,el tipo no puede hacer nada para evitar estos robos,hay que darle las herramientas necesarias. Att. Jaime Novoa Niño ",0,0.008433735929429531,0,es
"Por favor, no vuelvas a recrear artículos irrelevantes borrados o tu cuenta será bloqueada. Gracias ;) ",0,0.003108040662482381,0,es
"Por favor, deje de quitar las comillas de los títulos de canciones. Entienda que los álbumes se escriben con   letra cursiva   y las canciones «entre comillas». Saludos. Jorge ",0,0.0006659663049504161,0,es
" Se difundió como nota de agencias y lo recogieron todos los medios (incluido El País, por supuesto). Así que es algo perfectamente documentado y no tiene por qué suprimirse. ",0,0.0005526827881112695,0,es
"Hola, solo quiero que leas lo que pone el articulo Maharishi Mahesh Yogi a fecha de hoy y que leas el historial de sus redactores, y que dentro de 6 meses vuelvas a leerlo y vuelvas a leer el historial de sus redactores de nuevo. Gracias ",0,0.000591289484873414,0,es
"La Iglesia Católica de acuerdo a sus parámetros de trato a otras vertientes del cristianismo, misma quien define a todos aquellos o aquellas que no pertenecen o son miembros de su comunidad como SECTAS. La Iglesia Católica en concordancia a este mismo trato y definición, debe ser llamada como tal y por ende a sus miembros, es decir, quedar definida de igual manera, independientemente de su origen y evolución, independientemente del número de miembros pertenecientes.",0,0.0015512959798797965,0,es
"Pues no sé, ahí en esas fichas que me pusiste está bien puesto en todos los apartados parece, pero en muchas de las fichas está mal, por que por ejemplo, en algunos ponen el país que organizó el campeonato, y en otros apartados, el país al que pertenece dicho club o selección. Así que aún no tengo claro qué debería ir exactamente ahí. En la página de discusión a la que hacías referencia, no se habla nada de si ahí se pone el  País  o el  País organizador , pero hay muchos ejemplos de tablas, y en todos ellos sale el país al que pertene el club o selección. Saludos. —",0,0.00029961919062770903,0,es
"No creo que sea conveniente fusionarlo ya que   sensu stricto  , el Paseo Peatonal abarca DOS CALLES: Diego Barros Arana (Castellón-Caupolicán) y Anibal Pinto (Diego Barros Arana - Maipú). PRauda (Discuaión) 09 jul 2007 20:59",0,0.0007138354703783989,0,es
"Hola, necesito crear el artículo de un político dominicano joven, que tiene una trayectoria en mi país relevante y sigue creciendo. Entiendo de importancia enciclopédica para mi país, República Dominicana, su biografía y vida pública. Si puedieras ayudarme a crearlo sin que sea borrado pues una vez lo hice y lo consideraron promocional y/o poco relevante. Hice un taller que no se si puedes ver para evaluar si está bien creado como  artículo . ",0,0.0004200986004434526,0,es
"Mejor comanse un tremendo cerote de caca malditos hijos de puta , metanse un palo dentro del culo jejeje . mueranse. pinches putos.",1,0.9980169534683228,1,es
"Realmente no merece nada este comunista que viaja a Francia pagandose el viaje con piedras supongo ? ... porque ellos no lucran, pero vallejos tiene 30.000.000 CLP en su cuenta y viaja en primera D, caras de palo.",0,0.09740489721298218,0,es
"Muchas gracias por el enlace. La verdad es que me has ahorrado mucho trabajo, porque no conocía este artículo. ",0,0.0009019424906000495,0,es
" Hola. Esa información fue añadida en el artículo de Residente (Calle 13), pues el resto de la banda no colaboró en dicho tema. Lo siento por la demora en responder. Muchos saludos, Farisori » 17:12 11 may 2013 (UTC)",0,0.00045151266385801136,0,es
"Se ha renombrado esta cuenta como parte de la finalización de la cuenta de acceso unificada. Si esta cuenta le pertenece, entonces puede ingresar utilizando su nombre de usuario y contraseña anteriores para obtener más información. Si no le gusta el nuevo nombre de la cuenta, puede elegir el que desee con este formulario después de ingresar: . Keegan (WMF) (discusión) 07:58 21 abr 2015 (UTC)",0,0.00030146361677907407,0,es
"Este club es una desgracia para el fútbol de Honduras, su presidente el señor Rafael Ferrari paga árbitros para que este club gane campeonatos, engaña al pueblo, los jugadores que salen de este club a la selección van a pasear a los mundiales, Por favor, no sigan haciendo daño al pueblo hondureño, dejen que otros equipos ganen, sean objetivos, no derroteros ni derrotistas, Vayase señor Ferrari.",0,0.5672747492790222,1,es
"Rencor? jaja, no voy a leer todo lo que pusiste, porque en las fuentes no es oficial, PAGINA CONMEBOL? PAGINA FIFA? no la veo la supercopa interamericana como oficial, esas son fuentes hermano, no la pagina de Racing oficial, segun lapagina de racing entonces hay que poner que racing es el mas grande del mundo, te olvidaste la imparcialidad? tenes que mirar sin camiseta hermano, la copa esa no es oficial dejate de joder, no mientan mas.",0,0.963018000125885,1,es
"Ahí le metí mano al artículo de la basura de José María Cuenca. Sos una máquina de hacer artículos buenos, claritos y concisos, te felicito. Saludos,  Ah, y ¡feliz cumpleaños! ",0,0.49878132343292236,0,es
"   Sobre la fundacion de la Policía Nacional de Colombia.    El 5 de noviembre de 1891, es tomado como punto de referencia para el nacimiento de la Policía Nacional en Colombia. Teniendo en cuenta el decreto 1000 del 5 de noviembre de 1891, mediante el cual se organiza un cuerpo de Policía Nacional.",0,0.00028946870588697493,0,es
"¿Qué clase de neutralidad guarda este artículo? Parece un panfleto de los lamentables  buenistas , plagado de juicios de valor y sofismas varios.",0,0.2624298930168152,0,es
"¡¡¡¡¡que pena hermione con ron!!!!! disculpame J.K. Rowling, tul libros iban bien pero con este final me dan ganas de vomitar de lo horrible que esta",1,0.3240405023097992,0,es
"¡Participas de Wikimedia Uruguay!    Wikimedia Uruguay    és la propuesta de un capítulo local de la Fundación Wikimedia en Uruguay.Participas e firmas ahí. Gracias, ",0,0.00032253179233521223,0,es
"¡Hola Thor8! Antes que nada,¡Feliz año 2009!.El problema que tengo es que no sé porqué se me ha quitado lo de conectado-ocupado-no conectado de la barra de arriba y me gustaría volverla a tener,si me pudieses decir ¿qué tengo que hacer?.Gracias,atentamente    Erudito234       (Discusión)    11:31 1 ene 2009 (UTC)",0,0.0008477672818116844,0,es
"Saludos. He visto que te sumaste a Mysterio como un AB Tuyo, pero no veo ni siquiera una edición tuya en el historial del artículo. ¿Podrías aclararme ese punto?.      The Game, HHH         (are you talking to me?)    18:19 16 jun 2008 (UTC)",0,0.000921291415579617,0,es
"Sergio Ramírez, líder histórico de la Revolución Nicaragüense y Premio Cervantes 2017, fustiga la falta de moral y humanismo de una izquierda degenerada que defiende a asesinos de niños. Artículo publicado el 25 de Julio de 2018 en el diario El país, España: https://elpais.com/elpais/2018/07/25/opinion/1532517097_440526.html.",0,0.023238861933350563,0,es
"che le a q22 no escribas giladas ( PENADOY ) en los articulos de peñarol por favor,no hagas esas cagadas,en serio che....Viejo ",1,0.8302326798439026,1,es
pienso que la biografia de mi papasito preferido AXL sea tan pero tan pobre... eso es una falta de respeto con el... pero te lo aseguro hubiesen escrito mas de la gorda Faviola...mmm que tristesa y que decepcion de biografia... 166.210.50.,1,0.48149290680885315,0,es
He de avisarle a vd. que se ha abierto una investigación de checkuser para comprobar si está usando o no títeres en su beneficio. A ver qué sale. SM Baby ,0,0.011949140578508377,0,es
"Hola, no se si lo habrás leído pero cuando lances la votación de la desbibliotecarizacion mucho me temo que ciertos usuarios como este votaran en contra solo porque |tienen  idealizado  la figura del bibliotecario. Si la votación va mal puede que lo mejor sea intentar convencerlos uno a uno...Saludo Imperator-",0,0.0010375995188951492,0,es
"Csalap: acabo de añadir el vídeo al acto de presentación del libro, en Novelda el 5/7/2018. Este vídeo está público en Youtube en el canal del productor (Tele Novelda) y ellos me han pasado el archivo para compartir. Sigo a la espera que me contesten del Ayuntamiento la solicitud de las actas o acuerdos plenarios de nombramiento del cronista (si existe, debido a la antigüedad) y en que se le dedica la calle. Por otra parte, también estoy en conversaciones con el editor del libro para que suba en abierto la versión online del libro, en los próximos meses, probablemente a wikibooks. También he consultado con el Archivo Municipal la posibilidad de escanear y subir algunos de las revistas o periódicos antiguos donde aparecen los textos del cronista, aunque si finalmente se publica el libro online en abierto, no aportaría nada, puesto que todos estos escritos ya vienen recogidos en el libro",0,0.0003792066709138453,0,es
"A vista que se ha tomado ésta página como un blog de troll será prudente respetar la información allí puesta. Si quieren mentarle la madre al presidente, al Calderón o a quie se les pegue la gana allá ustedes, pero no destruyan información por favor. P.D.: Acabo de quitar lo del actual  residente  del Enrique, no me parece que deba estar aún en la Wiki, sé que me contradigo pero no me parece aceptable que éste pendejo se encuentre allí aun que sea por escrito.",0,0.2730441689491272,0,es
Porro no se lo considera mucho un vulgarismo en mi país. Acá se le ha puesto ese nombre a los cigarrillos hechos no con tabaco sinó con drogas. Se lo puede considerar un sinónimo de masiva utilización. Saludos. K-PO2.0 de Argentina,0,0.005055882502347231,0,es
"me ayudas con los articulos iwane matsui,Kenji Doihara y Takshi Sakai ya que un bibliotecario cree que todo el que no sea un usuario autoconfirmado es obra de un mismo usuario???",0,0.0008759595220908523,0,es
"Hola Jurgens: he protegido tu página de usuario porque este señor de arriba, a través de una IP se pone insoportable y vuelve a las andadas cada pocos dias. Habrá que recurrir a un psiquiatra ;). Saludos ",0,0.2477421909570694,0,es
"  ¿Quien carajo escribió esto?, podrian hacerlo más formado, esta peor que el de Buckethead. disculpas por lo informal de la queja.  ",0,0.3407347798347473,0,es
"Kovan Sindî es un escritor, poeta y novelista kurdo. Nació en 1965, en la región de Zakho (Zaxo), en Irak. A principios de los ochenta, estuvo involucrado en actividades políticas dentro de las organizaciones secretas del Partido Democrático Kurdo de Irak contra el papel totalitario del Partido Ba ath en Irak. A finales de la década de 1980 muchos de sus amigos fueron capturados y ejecutados por las fuerzas de inteligencia iraquíes en Zaxo, pero escapó de la atrocidad del gobierno de Saddam Huseins y se convirtió en peshmerge  militar kurdo  en el mismo distrito. En agosto de 1988, después del fin de la guerra iraquí-iraní, y durante la campaña Al-Anfal contra los kurdos, emigró al Kurdistán norte de Turquía y vivió en un campamento de refugiados en la ciudad de Diyarbakir. En 1993 emigró a Alemania donde estudió un año de alemán en la Universidad de Hamburgo y luego estudió psicología en la universidad de Aarhus en Danmark, donde ahora vive. Escribe en su lengua materna, kurda.",0,0.0004935720353387296,0,es
"Una consulta, ya que en el artículo del TNA X Division Championship borraste las referencias, entiendo que no es necesaria las referencias en ninguno de estos casos ¿no? Ando elaborando el artículo del Championship CZW World Heavyweight Championship y quisiera tener claro ese tema... para no traducir tanto jeje P. ",0,0.0005391401355154812,0,es
"Perón no estuvo en Italia???   En 1939 integró la Misión de estudios en el extranjero que el Ejército Argentino envió a Europa, con residencia en Italia.   Como oficial del Ejército Argentino, tuve la oportunidad de ver bien de cerca al fascismo de Mussolini, durante un curso de estudios que seguí en Italia.   31 de julio de 1946- Entrevista con A.L. Bradford, de la U.P. [www.contactoargentino.com.ar/libros/relatosdeperon.doc ] ",0,0.0006213090382516384,0,es
"El señor Maduro ha reconocido expresamente que está loco como una cabra, tras el comentario al respecto del expresidente Múgica. Cuando un dirigente político hace una declaración solemne de esta envergadura debería constar en las primeras líneas del artículo.83.51.22.",0,0.5519708395004272,1,es
"referente al spam fue que lo volvi a escribir pensando que la primera vez no lo habia hecho bien, debo deducir pues que debo cambiar el enfoque del artículo?, no es promocional sino descriptivo",0,0.0017031138995662332,0,es
Hola. Le exijo que me explique porque borró lo que yo hice en el artículo de Emacs 198.207.223.,0,0.0007247860194183886,0,es
Ese mapa en el infobox de pais esta  corto  le hace falta por lo menos mostrar en un puntico rojo el departamento de san andres y providencia.. una imagen mas global de Colombia... si alguien puede ayudar con eso.. Zer0 ,0,0.0012745223939418793,0,es
"Ese artículo es un mamarracho. No podés usarlo como fuente en esta discusión. El término pseudoescepticismo no es de amplía aceptación, de hecho parece quedar claro en ese artículo que es la idea de una sola persona. niqueco   ✍   00:58 5 jun 2007 (CEST)",1,0.03548980504274368,0,es
"Hola Alcarohtar! Estoy trabajando con el artículo de El señor de los anillos, que me he dado cuenta de que estaba un poco desastre. He visto que es destacado en varias wikis y voy a intentar que lo sea en esta también, que Tolkien lo merece, así que si te apetece y tienes un poco de tiempo echame una mano, que dos tolkiendilis trabajan mejor que uno ). Suilad Vëon ~   Dialoguemos   10:21 31 ene 2008 (UTC)",0,0.003391771577298641,0,es
"Insisto, lea las políticas del proyecto, por otro lado nadie le va a bloquear si no falta el respeto o a las políticas. Por favor, escriba en minúsculas o puedo tomar su mensaje como gritos, claro me imagino que no es así ya que le considero una persona de respeto. Saludos    Edmenb    ( Mensajes ) 01:10 17 oct 2008 (UTC)",0,0.0010261059505864978,0,es
"Definitivamente, Trivium no es Emo,ni nada por el estilo, de hecho nada más alejado, Para los IGNORANTES que se atreven a compararlo con el asqueroso emo, es más que evidente que no tienen ni pizca de criterio musical, Trivium tiene de Emo lo que Cannibal Corpse tiene pop, por favor amigos, si quieren que en un futuro quienes SÍ sabemos de música no se burlen de ustedes evítense la palabra de que su boca salgan sandeces. el género Emo, es una forma musical rómantica, lenta y ramificado del Punk. un ejemplo clarísisisimo es My Chemical Romance, en su segundo CD. Por favor, métanse esta idea en la cabeza, antes de que les crezcan hongos en el cerebro y tengan la mente clara y abierta en cuanto a querer comparar el metal.",0,0.4078441858291626,0,es
Hola Anto; peticiones como esta deben de hacerse aquí. Saludos — ♫♫      18px      ♪♪ — 01:13 10 ago 2013 (UTC),0,0.0005110048223286867,0,es
Hola! Tus disculpas van de sobra. Tuviste mala suerte nada más en el momento que te tocó editar. Si deseas algún día volver a contribuir puedes dirigirte a mi página de discusión para que resolvamos este problema (deberás crear otra cuenta y luego pasar por el terrible TAB pero eso déjamelo a mi). Ojala este problema no te desanime a editar. Mis sinceros saludos25px ,0,0.004475804045796394,0,es
" lo primero que querría sería el mismo nivel de respeto con el que me dirigo a tí. De cualquier manera, la plantilla no se quita con poner una única referencia. Saludos.Mans «...When you knock me down I get the f**k back up again!» 01:09 25 ago 2017 (UTC)",0,0.3127232789993286,0,es
A bueno en ese caso perfectamente les podríamos decir lo come palomas pero no estamos hablando de ofensas ni racismo. Pero me imagino que en su país(Perú) es difícil concebir hermandad hacia sus vecinos ya que predomina la prensa amarilista y los manipulan como ratas,0,0.7936820983886719,1,es
"SOY SAKIN ¿A QUIEN AMENAZAS PENDEJO? (→por favor chilango perredista NO estes borrando o modificando paginas y enclaces en otras paginas del norte de la republica. NO ESTES SABOTEANDO PAGINAS, ESTO ES UNA ADVERTENCIA.)",1,0.6607568264007568,1,es
"me parece que si hay algun administrador de este sitio, el mismo se equivoca al permitir estos articulos que lo unico que hacen es calentar mas a la sociedad argentina que aun hoy no ha podido cerrar las heridas de aquellos tiempos. No creo que el que puso este articulo lo haya hecho por desconocimiento de la historia argentina sino porque de alguna manera se ha beneficiado de tanta muerte, tanta desapariciones, por algo hoy aquellos que mandaban hoy viven en lujosas casas o departamentos. Ponete a pensar un poco y no seas tan facho, Si en verdad fueran terroristas (cosa que yo no creo, pero pongamos que si), ¿no tienen derecho a ser juzgados?, acá e la argentina no existe ni existió la pena de muerte que yo sepa, el estado no puede tomar el papel de terrorista, por mas que lo que tenga enfrente sean verdaderamente terrorista. ¡¡¡BASTA DE FACHOS!!!!",0,0.6814852356910706,1,es
"Un ataque argentino más a la cultura hispanoparlante: ¡el bolígrafo se inventó en Argentina!. Incluso más aún, meten este artículo en la hiperkilométrica sección de la historia Argentina, que a este paso llegará a convertirse en la historia del planeta Tierra, seguramente Adan y Eva serán pronto uno de Buenos Aires y otro de Mar del Playa y vivían en una isla del río de la Plata hasta que Maradona les expulsó y tuvieron que irse a vivir a un barrio de Buenos Aires (la mayor ciudad de la galaxia conocida). Porfavor, dejen de ser tan patéticos y aprendan a ser un poco más realistas y menos fantásticos. ¡No es tan complicado amigos!",0,0.4471926689147949,0,es
"   el anarquismo no es terrorismo    con sorpresa vi en un recuadro de tipos de terrorismo que salia el anarquismo. borrenlo por favor ya que el    anarquismo no infunde terror en las personas   . los terroristas que digan que son anarquistas son unos tarados mentales (sin ofender).Reitero, el anarquismo no es terrorismo,no es culpa de los anarquistas que gobiernos ineptos los tachen de terroristas.200.83.169.",0,0.6315709948539734,1,es
natalia dias es lo mas perro que es a visto en la vida y le gusta sebastian torres y le hace cartas,1,0.19056569039821625,0,es
" La guerra pasó hace más de un siglo. Si México todavía comprendiera los estados que Estados Unidos le quitó, lo único que pasaría es que la mediocridad del gobierno mejicano que no puede controlar sus carteles de la droga y la miseria que arropa un gran sector de la sociedad mejicana se arroparía más al norte. Hay que agradecerle a los Estados Unidos que le haya quitado ese potencial dolor de cabeza. Que los mejicanos se dediquen a administrar bien lo que les queda.",0,0.13303637504577637,0,es
" Posiblemente ese asunto ya ha salido mil veces en el café, pero sí, querido amigo y quizá un poco tocapelotas tremendamente concienzuco, quizá habría que trasladarlo allí. Saludos ",0,0.030770545825362206,0,es
"No jodas, yo también le había echado el ojo. xD Pretendían ponerlo en Portada el 1 de abril en en:wiki, a modo de broma-que-no-es. xD Un saludete Raystorm is ",0,0.8709399700164795,1,es
"Esta mujer fué nefasta. Un ídolo con pies de barro. Pobre España, en donde la gente de izquierda que se supone tienen mas sentido comun y vision intelectual, tienen idolos como estos.",1,0.5229111313819885,1,es
"Hola. Sí, me parece bien. Buscando referencias lo encontré por casualidad. En la página de desambiguación estará bien. Saludos, ",0,0.00036412980989553034,0,es
"Soy una cagueta, si señora, ya sabes que lo reconozco. Pero me fiaré de ti. Mañana a ver si te los azuleo toditos. ",0,0.9607881903648376,1,es
"Ya... y vamos y nos lo creemos..jajaja. Bueno cielo, prueba de impulsividad y que la controlas si que va a ser, si, entre otras cosas como lo que de verdad quieres, ayudar en wiki ). Millones más de petons ) Maria   discu   04:35 12 ago 2011 (UTC)",0,0.014642154797911644,0,es
"Lamento haber incumplido la regla número 4 y cualquier otra regla. Cualquier aportación ha sido hecha con buena fe. Los enlaces externos, por supuesto, tienen su importancia y relación directa con el artículo en cuestión. ¿Qué tiene que ver el estado de carreteras?, pues claro que tiene que ver, Villafranca está en plena sierra y los puertos que la circundan suelen tener problemas en el invierno (este año no, porque no ha nevado apenas, pero secularmente sí). Faltaría más si ahora hubiera que dar explicaciones de cada enlace externo que se incluye. Deberías respetar los contenidos y el valor artísitico que supone su situación en la página, más que las formas; las formas varían con las modas, los contenidos son inmutables. Hasta pronto.",0,0.00041984234121628106,0,es
"Hola, Considero que la política exterior está comentada de forma muy breve, y se han olvidado los conflictos con Paulo IV por Nápoles, las guerras en el Mediterráneo contra los turcos, etc. Tarian",0,0.0005429629818536341,0,es
" Por favor, no sigas creando el mismo artículo. Viola derechos de autor y recrear material borrado puede considerarse un acto de vandalismo.    Jmvkrecords (Intracorrespondencia)    02:07 23 feb 2012 (UTC)",0,0.0007466847309842706,0,es
"Es de ser caradura decir que forma parte de la literatura catalana, Ausias era de Beniarjo, no era catalán !!! Él mismo decia que hablaba en VALENCIANO !!!",0,0.029686184599995613,0,es
Casos de abuso sexual cometidos por miembros de la Iglesia católica Movimiento activista pedófilo Historia del activismo pedófilo Abuso sexual infantil Violación,0,0.7999144196510315,1,es
"Por supuesto que es relevante. Si se conoce en el mundo entero esta localidad catalana es por el hecho de aparecer en todos los directorios gays mundiales, en primer lugar, y por su Festival de Cine de Terror y Fantástico, en segundo.",0,0.07292536646127701,0,es
" Moore no habría tenido que saquear nada si la logística española no fuera una mierda, por eso muchas veces Wellington tuvo que retirarse a Portugal ya que España no le suministró apoyo logístico y esa fue la causa de muchos saqueos. Y Moore destruyó todo su bagaje para que no cayese en manos de los franceses.",0,0.49930697679519653,0,es
 La definición del grupo como norteamericano la dejo más que nada porque cuatro miembros son canadienses y uno es estadounidense. Me parece la forma más apropiada para encasillarlo. El otro término lo sustituyo por Estados Unidos.,0,0.0006165556842461228,0,es
"Se ha hecho un esfuerzo importante por hacer de Barak Obama un  negro . Probablemente porque es una clasificación  más clara , políticamente más conveniente, que la de mestizo. Pero lo real es que Obama es nestizo. Así que, desde luego, este artículo no es su lugar.",0,0.21743132174015045,0,es
"Eso esperamos compañero! Como verás recien llevamos solo la 1º sección, queda mucha tela por cortar, pensaba hacer lo de las referencias y todo eso al final, pero como dices tu, es mejor ir haciendolo ahora, paso a paso. Ya verás que haremos un GRAN artículo! Dr.Jones ~   Dialoguemos...   22:12 7 feb 2008 (UTC)",0,0.0007742731249891222,0,es
"Hola Mrbh99. No entendí por qué deshiciste mi última edición en la sección Formato de competición del mencionado artículo. Ya aclaré en la página de discusión del mismo la razón por la que debe aparecer de esa manera. Aparte, el mismo reglamento de la FIFA así lo establece. Lo volví a poner como estaba. Saludos.    Zeneico    — Consultas ",0,0.00028376077534630895,0,es
" Ahhh, ¡qué humano es esto! Hasta las votaciones de artículos destacados vienen los trolls a tocar las narices. En fin, mis más sinceras felicitaciones. Si todo fuese hacer artículos como este, qué bien estaríamos... ",0,0.17851509153842926,0,es
"TU TRANQUILO Y YO NERVIOSO , yo me encargo del articulo es mas ya lo hize hare de todo por que el arti culo salga",0,0.9460444450378418,1,es
Gracias de todas formas. El tema es sobre un usuario que simepre anda quitando los enlaces de wikimapia y al parecer lo hace con todo el mundo y por mucho que se lo comento no hace ni caso Voy a investigar un poco Un saludo ,0,0.0005353405140340328,0,es
"Hola El poyudo, tenga en cuenta que al página de usuario no es para crear artículos, garabatos ni pruebas. Si quieres practicar tiene que ir a la Zona de Pruebas. Gracias por su comprensión ",0,0.0008843753603287041,0,es
"Hola. Propongo completar la genealogía de los argéadas ubicada debajo y reemplazarla por un árbol genealógico. Iggoul2, ¿Quieres hablar conmigo? 17:11 14 sep 2013 (UTC)",0,0.000601947249379009,0,es
"andar, ando poniendo primero el pie derecho y luego el izquierdo. no es muy original, pero me sirve para ir d una lado a otro XD XD XD...En serio: ando mucho mejor. Poco a poco va recuperando uno su antigua vida (aunque sea con algún trozo menos de mí mismo). A ver si e voy animado a perticipar más. Aviso: si el artículo te queda para Ab O AD, yo mismo tendré el honor de proponerlo (con tu permiso, claro). Nos vamos leyendo....",0,0.001969226635992527,0,es
Guardiola es campeón de fútbol alemán. Falta en el texto sobre el titulo que gano.,0,0.0014373472658917308,0,es
"Y como hay pagina de otros lugares que no son enciclopedicos como cnn, canva, globo, etc Paginas web y empresas",0,0.0010567734716460109,0,es
"Con todos los respetos, su ortografía es pésima. En un examen académico de primaria, resultaría reprobado. ",0,0.40250104665756226,0,es
"Hola Mel, ¿le podrías hacer una revisión informal al artículo antes de nominarlo a AB? Saludos.",0,0.0005096631939522922,0,es
"Perdón, estoy trabajando en la creación de un nuevo proyecto llamado Wikiproyecto de Lenguas amerindias, ¿no se qué te parece?. saludos! ",0,0.0006815351080149412,0,es
"Según WP:CT el artículo debería denominarse Mendelian Inheritance in Man, pues no ha lugar traducción: la base de datos tiene un nombre inglés, casualmente, pero es el que posee. 212.128.23.",0,0.0009629999985918403,0,es
"Hola, bienvenido. Si deseas colaborar acá, te recomiendo que lo hagas en español, de lo contrario será borrado el artículo. Saludos.- 天使 BlackBeast   Do you need something?   03:25 21 dic 2010 (UTC)",0,0.0004842022608499974,0,es
"Hola, disculpe hay un serie de usuarios poniendoles parja alas miembros de Twice. que se puede hacer en esos cazos cuando esa personas no entienden de dejar de vandalizar las paginas. JESUS2004 18:05:59 viernes, 3 de agosto de 2018",0,0.08968079090118408,0,es
"Porque solo muestran cosas positivas de Catalunya??, ahora resulta que siempre presumieron de tirar del resto de España, etc etc, pero ahora estan empufados hasta las orejas, teniendo que pedir dinero prestado al ESTADO, DE TODOS LOS ESPAÑOLES, y por encima quieren poner ellos las condiciones.... Desde cuando el que pide pone condiciones?? Como que es dinero de los Catalanes esos 5700 millones que piden???.... Expliquen la catastrófica situacion catalana por favor... xq es una verguenza.",0,0.12389533221721649,0,es
"Hola: ya se está por cerrar la votación y veo que JRGL ya fusionó Blogonovela con Novela por entregas hace un par de semanas. Si te parece que hay que dejarlo más resaltado, o cualquier otra objeción, avisame y lo soluciono hoy. Entretanto te pediría si podés revertir tu voto, que nos vamos a quedar cortos por culpa de las greguerías y de «¿y mañana?» (. Saludos. ",0,0.0011199547443538904,0,es
"En lo que a mí respecta estoy escribiendo la historia. Ahora, nadie te pide que hagas esto en un día ni nadie te obliga, tómate tu tiempo. Dierato",0,0.049746688455343246,0,es
"Yo nunca te he suplantacion tu persona, no mientas. Aver como solucionas tus mentiras.",0,0.5050881505012512,1,es
"Hola amigo Robslpy. Justo estaba pensando en la asistencia. Te iba a comentar que no me parece que cumple bien su función si no se anota la cantidad real de personas que estuvieron presentes en el estadio de un determinado partido. Por ejemplo el caso de Olimpia, que el domingo pasado llevó 12 mil personas pero los diarios publican solo la cantidad de pagantes, que apenas llegó a la mitad. Dentro de unos años el usuario que quiera consultar cuánta gente fue a ese partido se va a encontrar con un dato irreal, a medias, y en definitiva, falso. La única excusa que hallo para dejar dicha tabla es que en los últimos torneos hubo medios digitales (D10 por ejemplo) que realizaron una tabla final de asistencias con la totalidad de los espectadores sin apartar socios de pagantes. En cuanto a lo que sugerís considero que es correcto. Es un cambio que no afectaría en nada el sentido del anexo y está bien si deseas suprimir el ordenamiento. Saludos.   HaZaÑa    17   01:41 19 ago 2016 (UTC)",0,0.0004605356662068516,0,es
No creo que quien escribió esto lo haya esto lo haya hecho en serio. No se puede ser tan ignorante. Stra,1,0.8843843936920166,1,es
"JUSTIN WASHITO RIKO CSSM! CHANTAMÉ EL PATE!!! ME CASO CON VOS HERMOSO!! SACA EL JERRY QLIAO !! MENEAMELO PARA MI, ASII TAL CUAL!! TE DEDICO EL TAXII:$",1,0.6611826419830322,1,es
Los goviernos PRD de tanto Martin Torrijos como de Laurino Cortizo permanencen alienados con USA. No tiene sentido incluir a Cortizo en la lista. Vease: https://www.reuters.com/article/us-panama-election-winner-newsmaker/panamas-next-president-loves-texas-football-seeks-better-u-s-relations-idUSKCN1SC0AO ,0,0.0008319315384142101,0,es
"Antes que nada aclaro que lo que corresponde es    revisar la discusión antes de intentar cambiar un texto que fue creado por consenso   . En todo úcaso, ed leer la discuósin al respecto aquí. Saludos.Mans «...When you knock me down I get the f**k back up again!» 23:07 29 jul 2017 (UTC)",0,0.2556312680244446,0,es
"Como le dice mi pagina de usuario, me considero anarquista pero no estoy en ninguna organización. UN ANARQUISTA FLOJO. Y como te se hablar de el Comité Salvabosque Tigre II considero poder hablarte de un 90% de los movimientos sociales actuales en mi Zona Metropolitana de Guadalajara, y como ya lo informe al Bibliotecario, Comité Salvabosque Tigre II junto a el caso de  El Salto  son los 2 temas de ecologia mas relevantes en toda la ciudad (ZMG es una graaaan ciudad como ya lo has de saber, ronda lo 7,000,000 de habitantes). Aparte es cosa de simplemente salir a la calle aqui, ellos fueron los primero en decadas de movilizarse en las calles de este municipio, simplemente esta semana salieron un par de veces en las televisoras locales y esta semana e visto minimo una nota en cada periodico hablando de ellos. En fin. Saludos... ",0,0.10578620433807373,0,es
"Hola, realmente no tengo una, pero creo que si puedo conseguirla aunque quisas me tome un par de meses, y en cuanto a la foto anterior la volvi a poner al artículo porque al parecer tiene permiso pero es otra subida por otro usuario, aunque no estoy tan seguro que sea valida pero como ya lleva casi un año la volvi a colocar no mas.",0,0.0008980257553048432,0,es
"La población de Cáceres técnicamente es imposible que haya alcanzado 95 mil habitantes, puesto que en 2007 contaba con no más de 86 mil habitantes y, en un lapso de 5 años es, como digo, tecnicamente imposible que cáceres haya crecido en casi 10 mil habitantes. Esto puede ser debido a que se   hinche   el censo a proposito por parte del ayto ya que de la cantidad de población estipulada dependen jugosas sumas de dinero que el Estado inyecte al municipio. La población de Cáceres rabiando llegará a las 90 mil personas, ya que se cuentan además gentes de otros pueblos que trabajan aqui o estudiantes (que suponen un importante flujo de población).",0,0.0005318454350344837,0,es
"Hola Porao,  ya cambié la mano de Botero  por la foto original. Ya puedes borrar la tuya, según tu, generada por error. La próxima vez, antes de cambiar la mano, junta de médicos para examinar el diagnóstico y resolver en consecuencia. No vaya a ser que al cochinillo de Segovia le pongamos una pata de gallo, ja ja. Cordialmente. Manuel González Olaechea y ",0,0.03118079900741577,0,es
"Parece que metí la pata bien metida. Siento enormemente las molestias, y espero que sepáis perdonar a este pobre patán por su mala cabeza. Lo peor es que me he leído tantas cosas sobre el tema en el último mes que ni siquiera encuentro el enlace que me llevó a error (seguiré investigando). Pido humildemente perdón por mi estupidez, y espero que sepáis perdonarme. La prueba más obvia: . Ya podéis darme de collejas, el sombrero de burro ya me lo he puesto...",0,0.7259383797645569,1,es
felipe calderon en su infancia fue vilado por su amigo tony blair recuerdo que le dejo el ano destrozado despues de eso al momento de llevar sus animales a pastar por ordenes de su padre vio a un burro con la ñonga de fuera y tal fue su reaccion que se la mamo al burro y luego se empino apara que se clavara el burro al velo su padre lo acompaño y el burro se los dejo ir en la jeta pinches maricones de mierda hijos de toda su puta prra ratera madre,1,0.9929880499839783,1,es
"No cambies la información de Miss grand internactional por tonterias sin sentido,estas idiota o que ",1,0.9335380792617798,1,es
 Web oficial. Web de Mamá Ladilla. Web de Engendro. Su libro  Dios es chiste  en la web de la editorial. Vídeo promocional de su libro  Dios es chiste . Entrevista en Canalextremadura.es. Categoría:Compositores Categoría:Músicos Categoría:Escritores en español ,0,0.0007926119724288583,0,es
"{{ | static_image= | static_image_caption= Eye parish church of St.Matthew s | nombre oficial= Eye | país= Inglaterra | región= East of England | os_grid_reference= TF2202 | latitud= 52.602 | longitud= -0.200 | condado= Cambridgeshire | hide_services= Yes }}    Eye    es un pueblo en el área de Peterborough en Inglaterra, que pertenecía a la jurisdicción local de Peterborough. El nombre proviene del idioma anglosajón   īeg   =  island ,",0,0.00041683169547468424,0,es
Ya se que cobras por follar. ¿Te gustaría que te metiesen un palo por el culo? Que te folle un burro. A ver si te mueres pronto.,1,0.9977779984474182,1,es
"A nivel personal me parece que muchas chicas activas sexualmente a partir de los 15 años de edad, deben de presentar una infeccion vaginal, VAGINITIS, dada esta reaccion, ya sea por hongos o las demas mancionadas, tienen que hacerce tratar sin verguenza.",0,0.5524331331253052,1,es
"Hola disculpen pero no entiendo que sucede, estoy siguiendo los pasos de Maquedasahag para crear la página y la cree como me dijo con la misma información y también ha sido eliminada. Me puede asesorar por favor? Muchisimas gracias. Bodega luigi ",0,0.0004912940785288811,0,es
"Este hombre no era un criminal, era un delincuente... Hay que andar con cuidado con lo que se escribe...",1,0.25110140442848206,0,es
No se entiende tu biografia. Dices que no esperas operaciones sexuales cientificas y luego te declaras chileno. corrige eso por tu bien.,0,0.27848178148269653,0,es
"Gracias, Millars. Buscaré algo de tiempo para acercarme. Además así conozco algo Villarreal que todavía no he pasado por ahí. Un saludo, A·delosR·",0,0.0004108256252948195,0,es
"Hola, gracias. Si, la verdad que no me esperaba que ocurrieran estas cosas aqui. Cuando solo consultas cosas, pues ya lo ves  hecho  y punto, pero es q esto es flipante. Estamos en el siglo XXI y que un mojigato se asuste por ver una polla... si vienen en los libros de 3º de la ESO !!! Pues nada, luchemos por mantener el siglo XXI entre nosotros y no volver a las cavernas ;) Y la plantilla me ha gustado, la voy a poner (si adivino como se hace) Saludos!!!",0,0.5656784176826477,1,es
" ok, lo leí mal pero ¿por que diantres me llamas machacon a mí si lo único que hice fue dejar una sugerencia en la discusión del artículo? Y lo de llevar la guerra de ediciones al TAB no es ni para quitarte la razón ni para dartela (ya avisé en el TAB que no seguí las referencia para saber qui´n tiene razón), si eres tú el que tiene la razón esa es la versión que se quedará. Hay que evitar las guerras de edición y si tienes la razón ¿qué miedo hay en llegar al TAB? aunque mejor hubiese sido, antes de empezar la guerra de edición, buscar un mediador que examine el caso y, tranquilo, que si la razón es tuya no por ser una ip se te va a quitar. ",0,0.017989546060562134,0,es
"Esa IP estaba vandalizando la pagina de Dodo. Pensé que como steward te daría apuro investigarla porque la vandalización era leve, así que miré a que server pertenecía y te lo puse. ",0,0.0034381444565951824,0,es
"Brillan por su ausencia los editores, este artículo debería ser considerado para eliminarse. Ningún tipo de asidero, ni teoría económica, sólo un panfleto político. Hasta en el período colonial atribuye el auge de Buenos Aires a la exportación de cueros y ni tan sólo nombra a la obligatoriedad de que de dicho puerto debía salir toda la plata producida en Potosí. Lo que se dice un verdadero gorila, pocas luces, poco cerebro y poca sintonía con la realidad de nuestro amado país. Siempre pensando en verde y en espejitos de colores. Escribí en Miami la próxima.",1,0.008504312485456467,0,es
"   Si el Creador puso tantos límites a la inteligencia humana, parece injusto que no hay señalado también límites a la estupidez humana.    Recuerda pues Drini que cuando el filósofo señala la Luna, el tonto se fija en el dedo, gracias por tu apoyo y cuando puedas a ver si vamos por unas espadas al  amazonas . Ya lo dijo Amos Bronson Alcott  La enfermedad del ignorante es ignorar su propia ignorancia.  Saloca; your ",0,0.9923077821731567,1,es
"Oye Rasco estás loco, si crees que vandalismo es decir la verdad, esa señora Amparo Grisales no tiene 56, tiene más de 60 si es que ya no ha pasado los 70, así que deja de modificar y denunciar como vandalismo las contribuciones que uno realiza como wikipedista, lo que yo hago son contribuciones para que te quede claro... yo te puedo denunciar a ti y a muchos por engañar a la gente con datos falsos... Espero que te quede claro..",0,0.8190694451332092,1,es
"este artículo es lo mas sectario que he visto en mi vida, primero, no existia el derecho a la huelga, esa gente amotinada empleó la fuerza, la palabra asesinato no cabe en este contexto, en fin, mentiras y falacias",0,0.17283286154270172,0,es
"Este artículo trata temas muy poco diferenicados de sistema axiomático. De hecho, supuestamente un sistema axiomático es un tipo particular de sistema formal, pero los sistemas formales que no son sistemas axiomáticos en sí no son muy interesantes, por lo que los dos temas podrían ser fundidos en un solo artículo mucho más coherente y completo. Propongo fusionarlos ",0,0.00035377012682147324,0,es
"Gracias a tí por tu atención; yo también patrullo y por eso lo encontré, imaginate que también yo tengo mi página web (no blogs) y no por eso soy relevante (y me aparecen resultados adicionales); la verdad que de ella nada más sé que sale en Pelotón IV pero nada más, lo que pasa es que realmente la Wiki está lleno de artículos que uno dice ¿está persona quién es?.Saludos cordiales.",0,0.0005836683558300138,0,es
"Hijo de puta, como te dijo cierto muerto. vete ya de este proyecto, es open source, o sea, no mereces estar aquí. Si tienes problemas dale a la bebida como tu padre si es que tienes.",1,0.9934895038604736,1,es
"Ya he localizado el sitio exacto. Según lo que dice no se puede usar porque sólo permite la libre    reproducción   , pero eso no significa en absoluto que la cedan al dominio público. Mientras no digan lo contrario no se puede modificar o hacer trabajos derivados, ni hacer uso comercial. No es una imagen libre. Sanbec ✉ 17:51 8 nov 2005 (CET)",0,0.0004087706038262695,0,es
"Falta mencionar que no se sabe quien es su padre, pues tampoco lo sabe su señora madre, asi mismo en sus años mozos su madre y su abuela fueron fundadoras de una casa de meretrices muy famosa en Argentina. Le encanta la morcilla y que le den duro todas las mañanas por el culo a el y a su esposa,le gustan los hombres altos y robustos para que le partan el orto mientras su esposa ve.",1,0.6016730666160583,1,es
Richar Ortiz. (Corrupto loco y explotador xD) Es un niño rata de 45 años que vive en colombia es bien narco ama en secreto a yurzy xD,1,0.9453277587890625,1,es
"Hola. Soy estudiante de espanol de Polonia. Ahora queria aprender a palabras especialisticas, como por ejemplo: azada, perforadora, carretilla etc. Me falta una palabra. Pues, puede decirme cómo se dice en espanol esta cosa que esta en esta foto-> Será muy gracioso. Saludos, ",0,0.0006141206831671298,0,es
"Tequendamia amigo, date patadas en el cerebro para que se despeje tu mente. Todo lo que declara el presidente de México está en Internet, México no es Cuba. Firmado Scalif.",0,0.7291873693466187,1,es
"Muy buenas. Por favor, antes de seguir editando el artículo Eurocopa 2008, mira su discusión. Gracias. ",0,0.0003475009580142796,0,es
"¿Todavía por aquí?, Ya te hacía contando borregos. ¡A darle!, un abrazo    El BetoCG    -      ¿decías?      05:06 14 may 2008 (UTC)",0,0.0022744969464838505,0,es
"1) Por Favor esas teorías de las pirámides como obras extraterrestres es un absurdo y una falta de respeto a nuestros antepasados y su ingenio, pero por sobretodo es ignorancia en su estado puro... nunca un arqueologo, arquitecto o ingeniero concebiría tales tonterías, tomemos el ejemplo de las pirámides: Una pirámide escalonada es la estructura más básica (guardando toda la complejidad que de echo tiene) que se puede construir en piedra, es mucho mas básica que construir arcos o bóvedas, por lo tanto es de la lógica mas simple comprender que los antiguos pueblos, cuando comenzaron su experimentación con este material, llegaran a la pirámide. Que otros pueblos hayan continuado su desarrollo (Romanos, Griegos, etc...) y otros no, como los pueblos americanos, no significa que el echo que existan pirámides en diversas partes del mundo sea obra extraterrestre. Sino las chozas a dos o más aguas, serían tambien pruebas extraterrestre, esta vez su versión de la construcción en madera. {",0,0.0217348150908947,0,es
Hola Estimado Adrian como estas? el articulo Not Tomorrow Yet de The Walking Dead ya le coloque mas de 10 referencias correctas y oficiales solicito que ya le sustraigas la plantilla por favor te lo agradecer un millon de veces muchas gracias por el apoyo del proyecto The Walking Dead.,0,0.0007468648254871368,0,es
"14/05/07 yo creo que si tiene el reconocimiento internacional, pero el nacional que es el que importa no lo tiene, por ser un espurio y pelele, ademas de que no gano la eleccion si no que fue impuesto y es un usurpador",0,0.18015652894973755,0,es
"Perdone, quién se está partiendo de risa soy yo. Que usted mismo diga que es un mentiroso, parece ser que ya lo sabía todo el mundo... Nos vemos en su próxima 4ª autonominación. Inconcebible. En fin...Prades (discusión)",0,0.3524782061576843,0,es
WWW.MUCHODIVX.ES.KZ WWW.MUCHODIVX.ES.KZ WWW.MUCHODIVX.ES.KZ WWW.MUCHODIVX.ES.KZ WWW.MUCHODIVX.ES.KZ WWW.MUCHODIVX.ES.KZ WWW.MUCHODIVX.ES.KZ WWW.MUCHODIVX.ES.KZ WWW.MUCHODIVX.ES.KZ WWW.MUCHODIVX.ES.KZ WWW.MUCHODIVX.ES.KZ WWW.MUCHODIVX.ES.KZ WWW.MUCHODIVX.ES.KZ WWW.MUCHODIVX.ES.KZ WWW.MUCHODIVX.ES.KZ WWW.MUCHODIVX.ES.KZ WWW.MUCHODIVX.ES.KZ WWW.MUCHODIVX.ES.KZ WWW.MUCHODIVX.ES.KZ WWW.MUCHODIVX.ES.KZ WWW.MUCHODIVX.ES.KZ WWW.MUCHODIVX.ES.KZ WWW.MUCHODIVX.ES.KZ WWW.MUCHODIVX.ES.KZ WWW.MUCHODIVX.ES.KZ WWW.MUCHODIVX.ES.KZ WWW.MUCHODIVX.ES.KZ WWW.MUCHODIVX.ES.KZ WWW.MUCHODIVX.ES.KZ WWW.MUCHODIVX.ES.KZ WWW.MUCHODIVX.ES.KZ WWW.MUCHODIVX.ES.KZ WWW.MUCHODIVX.ES.KZ WWW.MUCHODIVX.ES.KZ WWW.MUCHODIVX.ES.KZ WWW.MUCHODIVX.ES.KZ WWW.MUCHODIVX.ES.KZ WWW.MUCHODIVX.ES.KZ WWW.MUCHODIVX.ES.KZ WWW.MUCHODIVX.ES.KZ WWW.MUCHODIVX.ES.KZ WWW.MUCHODIVX.ES.KZ WWW.MUCHODIVX.ES.KZ WWW.MUCHODIVX.ES.KZ WWW.MUCHODIVX.ES.KZ WWW.MUCHODIVX.ES.KZ WWW.MUCHODIVX.ES.KZ WWW.MUCHODIVX.ES.KZ WWW.MUCHODIVX.ES.KZ WWW.MUCHODIVX.ES.KZ WWW.MUCHODIVX.ES.KZ WWW.MUCHODIVX.ES.KZ WWW.MUCHODIVX.ES.KZ WWW.MUCHODIVX.ES.KZ WWW.MUCHODIVX.ES.KZ WWW.MUCHODIVX.ES.KZ WWW.MUCHODIVX.ES.KZ WWW.MUCHODIVX.ES.KZ WWW.MUCHODIVX.ES.KZ WWW.MUCHODIVX.ES.KZ WWW.MUCHODIVX.ES.KZ WWW.MUCHODIVX.ES.KZ WWW.MUCHODIVX.ES.KZ WWW.MUCHODIVX.ES.KZ WWW.MUCHODIVX.ES.KZ WWW.MUCHODIVX.ES.KZ WWW.MUCHODIVX.ES.KZ WWW.MUCHODIVX.ES.KZ WWW.MUCHODIVX.ES.KZ WWW.MUCHODIVX.ES.KZ WWW.MUCHODIVX.ES.KZ WWW.MUCHODIVX.ES.KZ WWW.MUCHODIVX.ES.KZ WWW.MUCHODIVX.ES.KZ WWW.MUCHODIVX.ES.KZ WWW.MUCHODIVX.ES.KZ WWW.MUCHODIVX.ES.KZ WWW.MUCHODIVX.ES.KZ,0,0.8735122680664062,1,es
"La comunidad autonoma se llama Galicia no Galiza, ahi no hay nada que discutir, por lo demas, el termino Junta es bastante ridiculo. Y ridiculo porque no se usa.",1,0.6011221408843994,1,es
"@Wiki: No conviene confundirla con la zampoña, que es un instrumento de viento de colombiacon el cual se masturban. ¿Con el cual se masturban? Qué mal...",1,0.9527636766433716,1,es
"Natalia Silvina Román (n. Rosario, Santa Fe, Argentina; 2 de mayo de 1989) Joven peluquera canina, payasa, unica e inigualable.",0,0.02171754091978073,0,es
"    Inobjetivo ? Jajaja! Pero por favor! Ridículo analfabeto colombiano, deja de inventar palabras y tratar de arruinar artículos!   190.135.37.",1,0.9898965358734131,1,es
"Hice modificaciones al Wikiproyecto de Música clásica que ahora incluye un atajo (PR:MC) y una sección de artículos destacados, también hay una consulta/encuesta en su página de discusión para saber tu opinión acerca del nombre del artículo principal de nuestro Wikiproyecto, Música clásica.      3 3 3      - 19:50 28 feb 2007 (CET)",0,0.0006420855061151087,0,es
"Si se desea reemplazar la imagen, por favor avisarme así la modifico, ya que las 3 fueron realizadas por mí. Saludos.Mans «...When you knock me down I get the f**k back up again!» 02:56 1 sep 2017 (UTC)",0,0.24725142121315002,0,es
"Ojalá que aquello que escupís al cielo no se vuelva contra tu cara. Lo bueno es que los violentos, los renegados, los ignorantes, los irreflexivos estamos en otro lado. 15px Kuí kuu-de Yavidaxiu Ka an- Que feo...",0,0.7958577275276184,1,es
"Además de los   únicos 3 ejemplos   que se citan, existen varios mods para el wargame de PC   Panzer General 2  , que se pueden descargar de: http://gilestiel.nerim.net/lg/ Entre ellos, Spanish People s Army y otros.",0,0.00026787075330503285,0,es
"Le agradezco retire la palabra  Mierda  del enlace de su firma, para mucha gente puede ser ofensivo. Gracias por su atención.    Edmenb    ( Mensajes ) 17:02 13 feb 2009 (UTC)",1,0.3887789845466614,0,es
"Gracias por el enlace. Son rápidos los colegas ingleses: leí la noticia ayer en el periódico y todavía andaba buscando más info. Un besote, Mercedes (Gusgus) ",0,0.0003914508270099759,0,es
He descubierto que he/hemos puesto bajo Botánicos del Reino Unido a algunos de Irlanda ¿nos controlamos a nos mismos? Ya estoy reparando tal desbarajuste de nacionalidades. Saludazos ,0,0.0009673822787590325,0,es
"Usted señor no puede disimular lo que es, un cerdo que no conoce el significado de la palabra respeto; pero en fin, ¿Qué otra cosa puede hacer quien no tiene argumentos que respalden su opinión, ni la decencia de aceptarlo?. Para su información, a mí nadie me ha metido cañona alguna en ningún lugar, tengo mi moral bien alta y mi hombría fuera de duda. Pero usted sí parece muy buen conocedor del tema, tal vez a usted se lo cogieron con su consentimiento y placer, quién sabe, tal vez repartiendo este tipo de favores llegó a su posición actual. Es una lástima que no le tenga delante para, con la misma tranquilidad con que escribo en el teclado romperle la cara, pero, ¡Qué digo! Si le tuviera delante usted no tendría el coraje de hablarme de esa manera. Por favor, no escriba más en mi página o me veré en la necesidad de bloquearlo. Ah! Un saludo muy afectuoso para su señora progenitora. ",0,0.700141966342926,1,es
"Respecto al artículo del Biplano Cóndor, estaría bien que indicaras cuáles son las fuentes que has empleado, actualmente no hay ninguna y podría ponerse en cuestión la veracidad de la información. Esta recomendación también va dirigida a otros artículos en los que has colaborado. Un saludo afectuoso.",0,0.0003640298673417419,0,es
"Coincido con el comentario anterior, debe figurar allí la cadena en la que se transmitió originalmente, y en  otras cadenas  para agregar canales de emisiones posteriores en el mismo u otros países ajenos a la producción del programa. ",0,0.0004377331642899662,0,es
"Un artículo serio y riguroso sobre este personaje, solo puede definirlo como un criminal. Creo que el artículo es demasiado aséptico para tratar un personaje de tal calaña que ha hecho tanto daño a millones de personas durante décadas.Lp.",0,0.025187093764543533,0,es
"Ahá, sí. Me enteraré como 30 segundos antes. ¿Sabías que eres un ingrato? 24px    Cobalt   , →mensajes← 00:09 2 feb 2008 (UTC)",0,0.8134523630142212,1,es
"Jaja, tranquilo hombre. No había entendido lo del 5 a 1, de hecho desonocía que alude a la masturbación femenina, lo que aprende uno... Lo de la paja sí sé lo que es, claro, por ello no veía la relación ;-) ",0,0.6204995512962341,1,es
"Hola Geom No me gusta nada lo que haces en esta página, y los bloqueos innecesarios, Eres un cortarrollos y aquí el único vandálico eres tu Ironguille",0,0.8601471781730652,1,es
"porque no hablan del bombardeo brutal a que fué y es sometido el pueblo libio de parte de las potencias imperialistas de la otan, y el descaro del tal CNT que no son más que mercenarios regalando y repartiendo el pais en pedazos... miles de niños, hombres y mujeres inocentes asesinados por petroleo que lastima y que hipocresia aquellos que defienden la tesis de combatir el terror con terror!!!! ojalá y publiquen esto alfredo rivas",0,0.18392378091812134,0,es
" Es graciosa el comentario  En suma: es una opinión de un usuario, y una opinión equivocada. ...Lo dice alguien desde argentina que nunca ha vivido en Barcelona. Si hubieras vivido sabrias que los castellanoparlantes no decimos San Justo y en 45 anyos que llevo viviendo lo habré escuchado 10 veces y casi siempre de mofa.. y no es una opinion... es una certitud empirica. Y por cierto, si buscas en google encuentras San Justo Desvern en periodicos como ABC, La Razon, Libertad Digital que para tu informacion no son precisamente amantes de la diversidad linguistica. ",0,0.0008211010135710239,0,es
"Hola HUB en la discusión de Wikiproyecto:Tecnología se ha recibido una sugerencia de un lector en la que indica que debería perfecionarse la redacción de la sección donde se hace referencia al Control Numérico de forma introductoria, especialmente cuando se menciona que este tipo de equipamiento resulta útil para series pequeñas y medianas de piezas complejas. Yo creo que esa redacción es correcta, porque en las grandes producciones se emplean automatismos diferentes aunque a veces también está apoyados por robots especialmente en la alimentación y retirada de las pieza. Mira a ver si se pueda mejorar un poco la redacción. Un saludo. ",0,0.0002763182856142521,0,es
"No se trata en absoluto de esto - el karma es un todo, no existe algo por separado llamado espiritual y algo que es material. Por ende la replica sobre bienestar espiritual e  incluso  material simplemente no tiene aplicacion desde este punto de vista",0,0.00042576927808113396,0,es
"Una de las  pseudoclasificaciones  de este articulo muestra a Kenia como una zona donde la raza predominante es  caucasoide , algo que resulta ridículo.",0,0.6289314031600952,1,es
"Se ha renombrado esta cuenta como parte de la finalización de la cuenta de acceso unificada. Si esta cuenta le pertenece, entonces puede ingresar utilizando su nombre de usuario y contraseña anteriores para obtener más información. Si no le gusta el nuevo nombre de la cuenta, puede elegir el que desee con este formulario después de ingresar: . Keegan (WMF) (discusión) 09:52 21 abr 2015 (UTC)",0,0.00030841658008284867,0,es
"Este pedazo de cabrón nació un sábado de abril.Pasó su infancia en el orfanato del Sr CHIC hasta la edad de 14 años.Posteriormente inició un periodo de estudios reglados que le conducirian directamente al mismo punto de partida.En 1997 conoció el mundo del QuakeII del que se proclamó campeón del mundo(con Pentium 100)con el sobrenombre de Dutch.En el 2004 fundó la banda Dos Semanas con 2 taraos más ,disolviéndose más tarde por impagos de cuotas y falta de actitud de los 2 otros miembros,así como diferentes diferencias con la maricona del sr.Rosendo.",1,0.8892282247543335,1,es
"Hola Patricio, vengo a darte las gracias por este detalle. ¿Cómo vais vosotros? De vez en cuando Ruper me cuenta alguna cosa. Saludos desde España. Lourdes, mensajes ",0,0.000897542922757566,0,es
"Rompo sangría. Honestamente, Goldorak, no sé quien tiene la razón. Por un lado me parece incorrecto e irrelevante indicar la fecha de nacimiento de un personaje dentro del artículo. Por otro lado, insisto que de ninguna manera el usuario puede hacer esa clase de acusaciones, y si te parece que procede, puedes hacer una denuncia en WP:TAB por falta a la WP:E y WP:CIV, y que un bibliotecario se encargue del asunto. Un saludo. ",0,0.003930040635168552,0,es
"Nacio en Argentina cuando sus padres se encontraban paseando, de viaje por Buenos Aires, por lo cual tiene la nacionalidad argentina, pero sus padres son uruguayos, por lo cual no es nacionalizado uruguayo, sino ciudadano natural uruguayo. Sus padres son ambos uruguayos. Se educó en Uruguay. Jugó al fútbol desde niño en el club Royal, de la Avda. de las Instrucciones en el barrio Lavalleja, fue a la escuela pública 302-125 del barrio Lavalleja.",0,0.0002763794327620417,0,es
"Hay que hacer referencia a su perfil dictatorial. Ocupó el poder hasta su muerte y bajo sus órdenes murieron más 70 millones de personas. Fué un genocida y ya no solo eso, también fue un democida. Nada de ésto se dice en el artículo, el cual no es neutral.",0,0.1513713151216507,0,es
"Hola. Visto la edición que han hecho, tal vez sea mejor referenciar tanto la fecha de defunción como la fecha en que se celebra la festividad, ya que según el artículo no son coincidentes y no es lo habitual. Un saludo. ",0,0.00030325286206789315,0,es
" Bueno Daniel González,entonces ni eso lograste, vaya perdedor jaja. Aplique a la PFI ver cómo le va ;) Igual que aplicó a otros grupos ;) Y de nuevo con opiniones generalizadas mi hermano? Eso dicen todos... eso dicen aquellos, los rumores dicen... mire papa si me atuviera a rumores o a las opiniones de todos, no estuviera donde estoy. Espero su formulario para la PFI para tomarlo en cuenta ;) Vieras la atención que le voy a poner.",0,0.6389086842536926,1,es
"¿Friki una persona que le gusta el rock un poco mas duro?por favor...y si te gusta la lasaña tambien entonces, FRiki es un a persona con un interes desmesurado,casi llevado a la obsesion y que defenderia a capa y espada sobre micromundos con los que se podria vivir perfectamente sin ellos,sabios de cosas inutiles.",0,0.4766928553581238,0,es
"Yo tuve esa idea hace poco tiempo, aquí te esperaremos acá trabajando como siempre. Igual y no importa el que te proponga. ",0,0.0011648500803858042,0,es
"Mi intención es presentar el artículo como AB así que ya que estoy retocando el artículo, de dividir el artículo en dos: estación de metro y estación de cercanías. No obstante, antes de realizarlo habría que esperar unos días por si hay algun colaborador que está en contra de la propuesta. 22px by>Javierito92    (Mensajes aquí)    15:23 22 feb 2013 (UTC)",0,0.0004322357417549938,0,es
"Muchas gracias por unirte al proyecto. ¿Sobre qué te gustaría escribir o editar? Saludos, ",0,0.0008049062453210354,0,es
Quedamos pendientes en dilucidar si puede publicarse y te pregunte si es posible incluir el vínculo al grupo del FACEBOOK de ex-alumnos de este colegio Quedo pendiente de tu respuesta,0,0.0012442073784768581,0,es
"Tu crees que yo soy responsable, o era responsable porque el articulo se borro, pero crees que soy responsable un 80%, y esa figura en que esta basada? Bueno, si aun existiera el articulo te pediria que lo editaras tu. En vez de criticar, ayuda.",0,0.003049929393455386,0,es
"Coincido en lo fundamental con Pepe,   las fuentes dan cuenta de que la discusión sobre el número de desaparecidos    es    negacionismo  . Saludos.Mans «...When you knock me down I get the f**k back up again!» 13:57 18 sep 2017 (UTC)",1,0.29878443479537964,0,es
"jajaj hay cada tarado que cree strongest tiene el doble de titulos que el wilstermann, revisen la historia profesional desde 1958 donde se crea los campeonatos a NIVEL NACIONAL DENOMINADO  SIMON BOLIVAR .... SI ahora desaparece la LIGA y crean otra institucion, pues supongo q bolivar ya no será el mas ganador y todos estarán al mismo nivel. ENTONCES PACEÑOS BOLUDOS NO HABLEN TONTERIAS Y REVISEN LA HISTORIA. Aqui les dejo un link para q sepan los titulos que tienen y los años. Es un trabajo bastante profesional q se lo sigue utiliza en todo el mundo como el único medio histórico de futbol en un pais tan pobre como el Boliviano. http://www.rsssf.com/tablesb/bolchamp.html",0,0.03654607757925987,0,es
" Me parece estupendo que te parezca fuera de lugar. Si no eres capaz de entender una relación causa efecto como esta (si me presento a concejal me pueden descerrajar un tiro en la nuca -> mejor no me presento) es que el problema lo tienes tú, no el artículo. —",0,0.1439475566148758,0,es
"Hacer lo que este señor ha hecho es ROBAR, por lo que es un ladrón (además actuaron con violencia) Deberían incluirlo en el artículo porque este hombre se ha hecho famoso por eso, que pena!",0,0.2635296583175659,0,es
Sin plagios Sí Referencias Sí Estilo Sí Ortografía Sí Redacción Sí Sin desambiguaciones Sí Otros Sí Veredicto Aprobado El problema fue solucionado. Puntaje Válido por 6 puntos.   Nota: Revisión hecha por    Magnus Gallant     .Firmado: ,0,0.0004592037003021687,0,es
"yo a su mascota le sacaba los huevos de cuajo o mejor dicho los testiculos. Lo siento no eres el peor hombre que he conocido, si no el peor mapache que he conocido, no sabía que había mapaches payaso venenosos de sangre fria como reptiles inmundo que se ponen al sol para calentar su sangre y follar viciosamente hasta reventar. Pon acagarphone por que a cagar te pone, cuidado con palomo que cagas plomo, y es un sicologo que me ha ayudado mucho a decidirme por suicidarme mejor que vivir, y no molesta para nada. Es broma, vive y deja vivir chupatintas o chupabotes o chupamecheros. Que no es broma todo, es broma ah? es broma ah? quien me ve? no te vale es muy barato, no vale.",1,0.9305672645568848,1,es
El nombre hace que obedecer al 100 las politicas sea la opción incorrecta pues resultaria en:  El brote de fiebre amarilla en Buenos Aires fue un brote de fiebre amarilla que sucedió en Buenos Aires  y pareciera resultar que no existe una solución menos mala a falta de un nombre mas obvio para el artículo y una mejor redacción. Creo que es una muy buena consulta para el Cafe.,0,0.0007206965237855911,0,es
"Pensaba colocar una caja como ésta en cada una de las partes más largas de los textos con alguna frase de Wikiquote o algún dato de la serie, haría el artículo más ameno... Pero aunque me la recomendaron, esta frase de copiapega de Wikiquote no sé si valdría. ¿Tú qué opinas? (Si no te gusta, cualquier otra frase vale, sólo hay que cambiar la referencia)      Mister S      (  Pasen y dialoguemos  ) 14:55 16 sep 2009 (UTC)  ¡Vamos, maldita máquina! ¡Muévete, muévete, muéevte, maldito pedazo de chatarra! ¡Muévete, por favor, si no te mueves, si no reaccionas, todo el mundo morirá! ¡POR EL AMOR DE DIOS¡ !MUÉVETE! Shinji en el episodio 19",1,0.9262406826019287,1,es
"Muchísimas gracias, Technopat xD, y enhorabuena por la gran labor que desempeñas. Y suscribo lo dicho por Escarlati. Un fuerte abrazo. ",0,0.000763758725952357,0,es
"Jajaja ahora dices   estatales en sentido amplio  , si si amplio no, amplisimo, tan amplio y largo como el rio Jordan )",0,0.0009721168898977339,0,es
"Hace falta añadir algo sobre las canciones de antes del LP, como En Coma y La Calle. Alguien tiene mejor recuerdo de esto? ",0,0.0005274334107525647,0,es
"Hola, se como colocar referencias puesto que ya lo e hecho en otros artículos que e creado, corregiré eso ahora pero espero que después puedas ayudarme con el tema de la plantilla. Saludos. ",0,0.0003757500962819904,0,es
"   Composición etaria de de la población de Bath and North East Somerset      Rango de edad      Total      %      Varones      %      Mujeres      %      0 – 4   9.0095,33%4.6482,75%4.3612,58%   5 – 9   9.5135,63%4.8162,85%4.697 2,78%   10 – 14   10.3156,10%5.2153,09%5.100 3,02%   15 – 19   11.0476,54%5.7993,43%5.248 3,10%   20 – 24   11.7886,97%6.0373,57%5.751 3,40%   25 – 29   10.179 6,02%4.9702,94%5.209 3,08%   30 – 34   11.8477,01%5.8283,45%6.019 3,56%   35 – 39   12.4847,39%6.2263,68%6.258 3,70%   40 – 44   11.3926,74%5.6243,33%5.768 3,41%   50 – 54   11.9487,07%5.8623,47%6.086 3,60%   55 – 59   9.9815,90%4.9112,91%5.070 3,00%   60 – 64   8.3024,91%4.0262,38%4.276 2,53%   65 – 69   7.7264,57%3.6622,17%4.0642,40%   70 – 74   7.3754,36%3.3121,96%4.0632,40%   75 – 79   6.6553,94%2.9511,75%3.704 2,19%   80 – 84   4.4322,62%1.6480,97%2.7841,65%   85 – 89   2.6491,57%826 0,49%1.8231,08%   90+   1.3220,78%3040,18%1.018 0,60%   Total      169.040      100%      82.143       48,59%      86.897       51,41%    Hola, qué tal? Estoy trabajando en la redacción del artículo  Bath  y quería saber cómo se hace para que una tabla tenga encima de cada columna ese dibujito con dos flechitas concéntricas que indica que se pueden ordenar los valores de abajo de mayor a menor y vice versa. Esta es la tabla a la que quisiera agregar ese detalle en Rango de edad, Total, %, Varones, %, Mujeres y %. Gracias por la ayuda. Pablo.ad.",0,0.0012266197009012103,0,es
"Sí, por supuesto. Ahora veo que el silencio que siguió a mi propuesta no era porque estaban todos pasmados de admiración ). Saludos. ",0,0.0014576473040506244,0,es
" Felicidades, espero que puedas volver a tener el ritmo de años anteriores y sigas contribuyendo así ). Saludos, ",0,0.0005276596639305353,0,es
"Hola Tepass. El escudo del club tiene derechos de autor, por lo que no se puede subir a Wikimedia Commons. Para más información puedes leer la política de uso de imágenes y algo más sobre las licencias. Saludos. Carlos ",0,0.0004121045349165797,0,es
"Hola Inroche, mira, en cuanto a la revisión ortográfica y gramtical creo que el artículo ahora está mejor y por ello he quitado este parámetro de la plantilla; sin embargo, en cuanto a la redacción publicitaria todavía veo algunos juicios de valor que no deberían aparecer en el artículo; me refiero a frases como «Su trabajo forma parte de    importantes    colecciones públicas y museos,...», aquí sobra lo de “importantes”, o en esta otra «...logra una gran proyección internacional», donde sobra la frase entera. Avísame cuando hayas corregido un poco estas cosas y estaré encantado de eliminar la plantilla. Saludos. ",0,0.00043677983921952546,0,es
"Hola. Verás, he visto que has creado el artículo de movimientos aéreos y como en la discusión decías que ojalá te ayudáramos. Si quieres, yo te podría ayudar en la traducción, aunque la siguiente semana no podré ayudar mucho, ya que la tengo toda llena de exámenes, pero haré lo que pueda. ",0,0.002008425770327449,0,es
"Hola, a Torneo WTA de Barcelona también le iría bien una fuente, saludos, Poco a poco...¡adelante! 21:36 5 jun 2009 (UTC)",0,0.000801923917606473,0,es
"No se quien habrá escrito la siguiente frase, pero me parece una barbaridad poner esto en una enciclopedia. En el caso de Ucrania, país no miembro del estado Schangen, tiene fronteras con cuatro países de la Unión (Polonia, Hungría, Eslovaquia y Rumanía), sin embargo los visados para este país no son nada fáciles y parece más un muro de Berlín que una libertad para Europa. A título informativo no está mal saberlo, y menos en estas fechas en las que se celebra la eurocopa allí, pero vamos, que comparar la frontera con el muro de la vergüenza me parece excesivo e impropio.80.174.146.",0,0.001224930165335536,0,es
"Por favor, deja de revertir los cambios que hago. La versión anterior tiene faltas de ortografía y errores en el argumento (por ejemplo, Sinon a Sinon no se le acelera el corazón porque le hayan inyectado algo, sino porque tiene un ataque de ansiedad - y el problema es que el AmuSphere está diseñado para desconectarse en esas situaciones). ",0,0.0010924376547336578,0,es
En el artículo  Iglesias góticas de EuskadiJuan jose arabaolaza  no está incluida la iglesia de San Vicente Mártir de Donostia,0,0.0008068851311691105,0,es
"Me interesa me mande el articulo que fué borrado sobre Luis Guzmán Garduño, se trata de mi padre y quiero conservar la información que aparentemente la realizo el Colegio de Ingenieros Civiles de México, muchas gracias Dr. Francisco Guzmán del Castillo correo: fco.guzman@prodigy.net.mx o francisco.guzman@imss.gob.mx",0,0.0005528713809326291,0,es
"Pues para no seguir con una tonta guerra, porque veo que nunca nos vamos a poner de acuerdo con el término, cambio el término por mexico-americana.",0,0.14346885681152344,0,es
"Que caciqueros, mesetarios, incultos y prepotentes...a mi me parecéis todos una banda de bastardos...Lo importante es joder, da igual la razón...porque tenéis los tanques, que si no. Ya lo dejaís bien clarito en muchas ocasiones que aunque imbéciles ( y lo de imbéciles queda reflejado dia tras dia en su mierda de Pais, dónde aun tienen un presidente borderline que no sabe hablar ni inglés)...siguen mandando ustedes...Nos queda claro bastardos que aquí somos una colonia, que nunca nos van a dejar ir porque somos la gallina de los huevos de oro de los caciques. Un dia se os va a acabar el chollo o nos tendrési que matar a todos...antes me llevaré algunos bastardos caciqueros mesetarios e incultos por delante...que abundan mucho por la zona...Ara, los mesetarios bastardos de por aquí lo llaman Baix Llobregat",1,0.9926472902297974,1,es
"Siento decirlo, pero jamás en mi trayectoria wikipédica me había encontrado con un usuario tan grosero como él. Al parecer, hay carta libre para realizar acusaciones sin fundamento, y para calificar de   estupideces  ,   tonterías   y   ridiculez   las palabras de los demás. Yo simplemente prefiero abstenerme en lo sucesivo de seguir leyendo y editando en espacios donde se fomenta eso.     Link  58       30x20px|link=Usuario Discusión:Link58   Winter is coming   06:43 11 ene 2019 (UTC)",0,0.08334212750196457,0,es
" Lo transformo en sección de Bibliografía, va a ser lo más práctico. Saludos. ",0,0.0006942505133338273,0,es
"Ok, bueno, me alegro. Como yo tengo Monobook no me había pasado. Un saludo. Andrea ",0,0.0005311159184202552,0,es
"Se que no tiene que ver con el artículo, pero invito a quien desea a participar de la [de borrado] del articulo de la Gorda Matosas. Saludos. ",0,0.013062680140137672,0,es
"Se ha renombrado esta cuenta como parte de la finalización de la cuenta de acceso unificada. Si esta cuenta le pertenece, entonces puede ingresar utilizando su nombre de usuario y contraseña anteriores para obtener más información. Si no le gusta el nuevo nombre de la cuenta, puede elegir el que desee con este formulario después de ingresar: . Keegan (WMF) (discusión) 09:08 21 abr 2015 (UTC)",0,0.0003036752459593117,0,es
"Hola Mercedes(Gusgus), me alegra que me escribieras, ya haz visto que sigo trabajando, me gusta mucho y creo dejar aportes importantes, me siento respaldado por tus conocimientos. Mi meta en Wiki es seguir progresando y ampliando mis conocimientos, para lo que seguramente te voy a estar consultando en cualquier momento. Un saludo muy especial. -dangelin5",0,0.00028769325581379235,0,es
¿Podrías subir esta foto a commons? Esta en en:Wiki pero dice que es de dominio público y yo no sé subir fotos. ¿Me ayudas? Un abrazo.,0,0.0005441276589408517,0,es
"___________ a mi no me parece que informe de buena manera, casi todas las oraciones carecen de sentido, y meten chorradas amarillistas (¿rockeros occidentales drogadictos? ¡Por favor! Ya solo falta que dijese que Jimmy Hendrix era camello y que los Rolling Stones eran narcos colombianos)",0,0.21636156737804413,0,es
"DRAGONBALL AF Yo quiero aclarar la verdad sobre este estúpido montaje de dragonball af, es todo mentira. El final de dragonball es dragonball gt. Este montaje es solo una creacion de parte de aficionados a esta serie con fin de que su sueño de que dragonball no acabe se cumplan",0,0.7253497838973999,1,es
son todos unos vandalos aca Esto no se puede creer simplemente los bosteros estan todos locos Aguante el millo!!!!!!!!!!!! ,0,0.8851991295814514,1,es
"También debes tener en cuenta que el litoral almeriense es muy grande y hay muchas más playas que la de Móssul por muy buena que estas sea. Un apartado sobre la costa no vendría mal en el artículo de la provincia pero contando con todo el litoral desde Adra hasta Pulpí donde como es lógico si tratamos así a todas la playas nos extenderíamos más de la cuenta por lo que igual lo que procedería sería un artículo principal y en el de la provincia incluir un resumen. Recuerda también lo dicho con respecto a contenido enciclopédico y no página de información, ni página de promoción del turismo a lo que sumo que el contenido    tampoco puede ser fuente primaria    es decir debe estar publicado en una fuente acreditada (preferentemente secundaria) y está debe ser citada preferentemente con una nota a pie de texto ( Referencia ) para ue el lector pueda comprobar la veracidad del contenido. Tampoco se puede hacer copia pega de textos con derechos de autor (si no pone nada es que lo tiene) De las fuentes se extraen los datos y el texto (redacción) debe ser nuevo. Saludos.Miguillen ",0,0.0003167689428664744,0,es
" un comediante mediocre que al grito de  Iupi  y  Viva la joda  cuenta chistes para un público imaginario.  Esta linea es totalmente una apreciación personal de alguien, al margen de que sea o no un comediante mediocre, por lo tanto debería ser modificada",1,0.638424277305603,1,es
Este artículo es una hagiografía en la que se oculta parte documentada de la verdad sobre su drogadicción y pederastia,0,0.010875380598008633,0,es
"Amigo: las opiniones personales, incluyendo las mías y las tuyas, deben quedar aparte, para discutirlas en otro lugar. Te limitaste a agregar la palabra   afortunadamente  , que es una opinión. Excepto que todos los demás editores estén de acuerdo, esta opinión no debe quedar allí. Por eso revierto tu edición. También te aclaro que, si alguien hubiera puesto   desafortunadamente  , lo hubiera revertido también. Ya lo he hecho con términos similares. Saludos, Gracias ",0,0.0003039292641915381,0,es
"Sencillamente...no podés. Disculpame pero no podés. En los baños de la facultad leí    no hay nada mas Kennediano que cag... con el cu... y limpiarse con la mano    mirá si será una cagada. Y, como vos admitís, los empleados burócratas son aún peores que cualquier instiución pública: ni la UBA ni la UTN ni el IUNA ni ninguna institución pública superior son tan burocráticas como la mierda de la Kennedy, que te pintan todo un primer año todo lindo y después ves lo que realmente es la facultad: un desastre lleno de chantas y charlatanes que están   currando   un sueldo y una cuota por obtener un título mediocre. Que te sea leve en la   mierdennedy  168.226.120.",1,0.9628463387489319,1,es
"Ahora mismo sólo te faltan 8 ediciones... y tu cuenta fue creada en el 2005... Saludos, ",0,0.000541019020602107,0,es
" Estoy ahora mismo trabajando en mejorar el artículo sobre la Segunda República. Aunque me falta por ver la implicación de Goded en la Sanjurjada, no se puede negar que era monárquico cuando se conocen sus relaciones con otros implicados en ambos golpes y se sabe de su protagonismo en el Incidente de Carabanchel. Satyajit ",0,0.00033946632174775004,0,es
Este artículo es absurdo. Mirad lo que dice la RAE para  laico : 1. adj. Que no tiene órdenes clericales. U. t. c. s. 2. adj. Independiente de cualquier organización o confesión religiosa. Estado laico. Enseñanza laica. Este artículo es una sarta de chorradas y de propaganda religiosa. Propongo su borrado o su remodelación total.,0,0.14495906233787537,0,es
"No hacía referencia a época romana. Siempre la gente de aquí lo ha llamado Cantabria. Y esta frase de Escagedo Salmón lo explica todo brevemente:  En el siglo de los moros, como dice el Sr. Sojo (supongo que se referirá al siglo VIII), ya no existía Cantabria como región, como entidad jurídica, por decirlo así. Pero la Cantabria romana existía y existío siempre como entidad etnográfica; fue y es la región que ocuparon y ocupan los Cántabros . (Mateo Escagedo Salmón. Apuntes de Historia Montañesa. 1931)",0,0.00042225763900205493,0,es
"Hola Rondador: En el título te lo ha puesto casi todo; no me refiero a la descripción sino al propio título. Solo me queda decirte que no es para una o dos fotos sino para muchas. Aprovecho y te hago otra pregunta: ¿subir fotos de Flicker a Commons?. Rastrojo me explicó la herramienta  flicker2commons , me dí de alta, subí una primera tacada y ya no funciona. ¿Puedes decirme algo al respecto? Un abrazo. ",0,0.0006345062865875661,0,es
"JULIO QUE HUMILDE ERES TE HACES TU MISMO TU PROPIA BIOGRAFIA, PERO CANTAS MAL, INTERPRETAS MAL, COMPONES MAL...Y TU AMIGA LA MAFIA TE APOYA IGUAL",0,0.9814727306365967,1,es
"Cito la ultima linea del articulo:   Actualmente, el Sistema Técnico está -afortunadamente- en desuso.   Borro el   -afortunadamente-   ya que es una opinion meramente subjetiva y que no aporta nada al articulo. ",0,0.000717338640242815,0,es
En caso de tener licencia libre puedes revertir y retirar las plantillas. De todos modos ten en cuenta que si es  pura legislación  no sería enciclopédico y debería llevarse a wikisource . Saludos. ,0,0.00032895253389142454,0,es
"Hola, Wiki erudito. Considero que es mejor crear el artículo en una página aparte. El nombre que indicaste está bien. Dado que el tema es tan controversial, te sugiero que uses sólo referencias confiables. Allan Aguilar - 15px Patrullero | Discusión | 02:27 20 dic 2011 (UTC) Hola, Wiki erudito. El artículo está muy bien. Sólo le falta categorías. Por cierto, no olvides firmar tus comentarios. Allan Aguilar - 15px Patrullero | Discusión | 20:27 20 dic 2011 (UTC)",0,0.00027493786183185875,0,es
"¡HOLA! he visto que has quitado la categoría Arquitectura de Castellón de la de Monumentos de Castellón. Puse la de arquitectura dentro de la de monumentos, por que la mayoría de los artículos de la categoría Arquitectura de Castellón, tratan sobre BICS, o són considerados monumentos en sus respectivas localidades. Es un tema difícil de resorver, ya que el la Arq... se puede meter otros tipos de arquitectura.20px CSenred ¿Correos? 20px. 13:51 7 dic 2007 (CET)",0,0.00044723335304297507,0,es
(Deshecha la edición 40396304 de 79.156.204.127 (disc.) por ahora no es un dato relevante y que se pueda contrastar) ¿Cómo que no es un dato contrastable?. ¿Acaso el enlace donde se ha publicado el  artículo  (por llamarlo de alguna forma) en El Mundo no es contrastación más que suficiente. Quien quiera que hiciera la revisión desde 79.156.204.127 fue bastante más comedido con la actualización que muchos otros después de haber leído esa basura.,1,0.29572468996047974,0,es
"Escribiré aquí mismo la pena que me dan tus opiniones, te invito a vivir en Cuba para que te avergüences de tus palabras. Fusilamientos, espionaje, sólo te faltó tortura. ¿De verdad crees todo eso? ¿Qué sabes del socialismo en Europa del Este para opinar sobre el fin de Chauchescu? ¿Quieres saber de verdad quiénes son las damas de blanco? Estudia, infórmate,Cuba no es el infierno que dices.",1,0.26605525612831116,0,es
"Obviamente, es una coñita. De hecho, lo de electoral ahora que lo leo no me gusta, mi intención era algo como  reclutador , pero eso me ha salido al escribir, perdona. Ah, el menda se revisó buena parte del día 26 de julio , así que creo que puedes volver a hablarme. ¿Sí? Un abrazo —",1,0.8002164959907532,1,es
"De acuerdo con esa sección a wikificar, y bien por lo de la subpágina. Buenas. 08:05 3 mar 2008 (UTC)",0,0.00036420064861886203,0,es
"¿Jurado? pero si no hay jurado. Justo se ha dicho que cada equipo se apuntará sus puntos para agilizar el proceso. Las medallas se darán por votación popular. Ah, los otros puntos comentados y que no han tenido rechazo también iba a incorporarlos. ",0,0.00036632316187024117,0,es
"Será que ignorantes unidos, jamás serán vencidos, o quizá que hay mucho argentino e hispanoamericano en general... Bueno, espera, que todavía me llamarán racista... Bueno, nada, allá vosotros. Hasta luego. 81.184.215.",0,0.9134812355041504,1,es
besos pa todos los idolos kerk plunk se escribe asi idiotas ay porq sere tan inteligente? bueno definitivamente amo green day,1,0.957301914691925,1,es
"Ascánder, ¿Cuando terminarán la sección de otros artículos destacados? ¿Podrías avisar a los responsables de la manera más educada que se apresuren? Que deseo leerle. Saludos.  (Copiado de mi discusión )",0,0.003800982376560569,0,es
"Hola Ontzak, tengo grabada en mi memoria una conversación que tuvimos por IRC hace algún tiempo. Yo preguntaba una duda para crear un artículo para el que estaba investigando y tú me dijiste «¿por qué te complicas tanto y no lo traduces desde otra versión?». Hoy quiero contestarte esa pregunta que aquel día dejé sin responder: porque creo que es mejor mejorar cuando se puede. Annette Essipoff es el fruto de mi trabajo, que aunque me ha llevado tiempo, estoy orgulloso de mi esfuerzo y bastante satisfecho con el resultado.  Sí, esa era mi duda original, cómo abordar tanto nombre. Al final seguí vuestro consejo, explicándolo en una nota al pie de página. Creo que eso quedó medianamente bien. ",0,0.00041500388761051,0,es
"En mi parte se me hace absurdo esta colocación de transcripción adversa, y habla sobre temas completamente aparte de el tema principal  Wii U , además de errores ortográficos y algunas partes no son entendibles; aparte yo sugiero una redacción más, coherente, sin salirse del tema y ecuánime.NeRoPoCk 20px  El conocimiento es Libre  03:52 1 jul 2012 (UTC)",0,0.0016526591498404741,0,es
"¡Miren! ¡Al comienzo del artículo, un tal Oscar escribió esto!: hola buenas tardes soy oscar el ecuatoriano mas guarro de tods laos xk m folle a la vecina y como por el culo y cago por la boca porq asi s como m icieron y aunk a algunas personas les puede parecer raro yo les digo q se acostumbra uno a eso apesto a tabaco y tufo a mierda xk todos ls dias m lavo en una pocilga con mis cerdos soms ls xumakits dl africa tropical y traigo ls condones para pderte follar Mal, mal, mal. ¿Por qué dañan un artículo así? De todas formas, lo he eliminado. El IP del que hizo esto es 80.38.111.9. Por favor, algún bibliotecario, bloquéelo. —WKMN? Later [ Contacto, Contribuciones ] 16:06 16 nov 2007 (CET)",1,0.9664056897163391,1,es
"Si bien esos son los más constantes, seria mejor que busquemos un artículo que no se cambie drásticamente como estos, porque el cambio que sufren abarquen referenicas, copyedit. Por lo tanto busquemos un artículo como Yu-Gi-Oh!. -   Bart...!    20px   ¿Que Necesitas?    16:03 10 mar 2009 (UTC)",0,0.002360488288104534,0,es
"A veces hace bien leer bien. Dice textualmente:   Miembro de: ONU, OEA, APEC, Unasur, CAN4, CIN, Grupo de Río, Mercosur4, BID, OEI, CAF  . Y abajo dice   4 Estado asociado  . El caso de la CAF fue agregada hace poco y no se colocó la nota al pie correspondiente, por lo q lo corregí ya. B1mbo   (¿Alguna duda?)   02:16 5 jun 2008 (UTC)",0,0.00040198961505666375,0,es
SeroBot es muy joto No me deja hacer ediciones Me cayó mal Lo voy a matar antes del 2019 Felicidades jotos,1,0.9385069608688354,1,es
"Hola compañero salvadoreño, claro que no me es muy preferible hablar de este tema que causo tanto polémica (Principado Maya Lenca...). Pero me voy fijando que en las páginas donde aparece la historia al buscar por google menciona que es tomada del libro  Historia de la Tradicion Oral Lenca  escrito en 1990 por Leonel Antonio Chevez (el tiene una página web la cual es: Maya art la cual está dedicada a su trabajo como pintor. Mi opinión en este tema es que es mitológico en parte (no se que tan cierto sera lo de la Antartida), pero al final de la historia en las lista se gobernantes lencas toma más credibilidad (en está página web: Art history club: El Salvador aparece este tema al final, desde la parte donde dice: Period 900 A.D, Arrival of the nobles, refugees from Copan; considero yo que desde ahi se vuelve más creible e incluso se ve la sucesión). Si se considerara rehacer el artículo creo yo que sería conveniente escribir desde esa parte que te menciono hasta lo de Antonio Chevez (sin mencionar lo de la antartida). Saludos, felices vacaciónes de Semana Santa. Juan ",0,0.0003453926183283329,0,es
"Loa padres de nick jonas la demandaron por abuso sexual, al haberlos encontrado jodiendo, lo cual fue negado y no descubierto hasta ahora.",1,0.8023650050163269,1,es
"No hay duda que Pare de Sufrir es una secta. Independiente de mi opinión creo que esta artículo debe ser neutralizado y bloqueado. En esta discusión hemos visto muchas opiniones a favor y en contra de esta  Iglesia , pero eso no quita que este artículo deba ser OBJETIVO, porque por si no lo sabían esto es una enciclopedia, y no un sitio de fans o detractores.    Warko2006    ",0,0.0019904416985809803,0,es
Creo que el artículo deberia mencionar el ridículo episodio en donde Macri se tragó un bigote postizo y tuvo que asistirlo personal medico.,0,0.603856086730957,1,es
esta wea no tiene nada q ver con la wea de trabajo reculiao que nos toco no encuentro niuna enfermedad reculia traumatica arreglen esta wea de pagina reculia maricones hijos de la gran perra no sirben pa niuna wea maricones conchetumares  ,1,0.994181215763092,1,es
"Ah, y lo de estupides, además de no existir, ya que sería estupidez, es una grosería. Ah, y no importa lo que diga el señor MAlakian, yo siempre he dicho que soy muy alto, ¡y es mentira! Aquí fuentes, referencias y a cambiar lo que quieras. Saludos Billy ¿What s up duck? 03:04 9 oct 2009 (UTC)",0,0.7068520784378052,1,es
"Hola de nuevo!!! Conseguí que me rehagan la imagen en el taller. Lamentablemente no logre aprender a usar el editor de imágenes que recomiendan, así que no la pude hacer yo. Parece que tampoco voy a tener suerte con las plantillas, que es a lo que vengo a pedirte me ayudes. Cree y me traje de la enwiki Plantilla:Eventos astronómicos y su documento. Me puso un inmenso cartel rojo indicando que no existía un módulo, asi que lo busque en la enwiki y lo traje y lo creé: Módulo:Check for unkown. Desaparecieron las letras rojas, pero nada, sigue sin andar. Podés revisar que falla o darme pistas o algo? Gracias desde ",0,0.00048725341912359,0,es
"Lo lamento, no es nada personal, pero me pagan por destruir el portugués oliventino, y de algún lado tendrán que comer mis cachorros monolingües. Por cierto, me parece que lo que me has escrito demuestra a las claras que te da igual lo que diga WP:AP, lo que visto de otro modo, es un acto de sabotaje. Aunque es algo que puede ameritar un bloqueo, yo (hablo por mí, no por el resto) voy a dejarlo pasar. Eso sí, por lo que estoy viendo, estás contribuyendo poco, y cuando lo haces, si no estás montando bronca, estás metiendo publicidad de tu asociación. Sinceramente, conociendo tus antecedentes y conociendo mi ansia devoradora de lenguas semimuertas, o bien cambias radicalmente de actitud y empiezas a hacer algo útil, o bien te bloqueo y al menos evito que perjudiques el trabajo de todos (y que consumas su tiempo). Gaeddal ",1,0.16660292446613312,0,es
Hola Mel. ¿Porqué escribes mal los signos de puntuación? Esto no se escribe así. Tampoco es tan complicado hacerlo bien. Un saludo. ,0,0.0007426210795529187,0,es
"Para ppf: no es sólo  los sentidos de uno mismo , sino  abrir los sentidos de uno mismo ...; por lo que yo entiendo también se puede ayudar a abrir a utilizar con más claridad los sentidos del prójimo, ¿no cree usted?,...",0,0.0007473653531633317,0,es
"El fenomeno en internet ha sido claramente la obra de esta señora, mas, a nivel mediatico ella ha sido la relevante (por lo menos en la prensa española). Y si no, revisad los artículos de prensa en los que toma importancia tanto la obra como Cecilia Giménez ",0,0.0005521138082258403,0,es
"Pórtland? Si es una palabra inglesa, ¿porqué añadirle la tilde? Entonces habría que añadirla también a Wéymouth, lo cual ya sería ridículo completamente.",1,0.41482779383659363,0,es
"Manuel, como ves en el propio artículo, el origen del concepto  Occitania  no es de elaboración reciente sino secular. En todo caso yo ya me he disculpado por mis errores y ya me calmé cuando el SM Baby Siabef me lo pidió. No debemos anteponer nuestras preferencias, creencias o ideologías al rigor, y la mutilación brutal que hubo en un principio, si bien en algunas cosas se hizo bien (como en el caso del territorio de Aragón que no pertenece a Occitania), en otros aspectos estaban reñidos con el rigor y eran de carácter muy arbitrario. Por suerte, entre varias personas, esta página ha ido mejorando de manera sensible, y se han vuelto a poner muchas cosas en su sitio. Cosa que es de agradecer a quienes lo hicieron. Como ya dije, yo me disculpo, y que quede claro que yo no había participado en la elaboración de la página, solamente puse un enlace en pos del hermanamiento occitano-catalán que puedo entender que no es el lugar adecuado, sino que debe crearse un artículo específico para ello como muy bien me indicó Yeza. Saludos, ",0,0.00029095032368786633,0,es
"Respeto lo que has dicho de mantener el formato, mis más sinceras disculpas. Solo como dato, no salen las 9 secciones de los 9 días, ¿dónde está el problema?     Crosaldo     (discusión) 21:04 10 ene 2013 (UTC)",0,0.0006981738260947168,0,es
"Bueno, no vayas de listillo por la vida, que a veces, el que hace el ridículo eres tu. Un medio analógico, en principio, es contínuo, es decir, sería como si tuviera una frecuencia de muestreo infinitamente alta, con una resolución infinita. Por supuesto que en la realidad, a  tanto  no se llega, pero un medio analógico, NO es discreto. Por supuesto, me lo seguiréis negando con más insultos, y pretenderéis que me crea, que un vinilo también es información discreta.212.183.255.",1,0.7063620090484619,1,es
"Tu cuenta ha sido bloqueada temporalmente por insistir en blanqueos, esta vez en tu página de discusión. Ten en cuenta que pertenece a la comunidad y tiene un cometido específico, que se debe preservar. Tampoco parece adecuado que dejes mensajes en páginas de otros usuarios y luego los retires, pero cuento con tu cuidado en las ediciones que hagas cuando el bloqueo finalice. Saludos, Tano ¿comentarios? 03:27 18 abr 2007 (CEST)",0,0.0006849695346318185,0,es
Pa  que mierda vamos a agregar ese seudónimo? Qué más hace falta saber de un actor porno? Qué carajo legó? Escenas en pelotas truncando a mansalva??? Por favor... dejá el artículo como está...,1,0.980521559715271,1,es
"Cuestiono la imparcialidad o neutralidad de este artículo, parece escrito por un falangista. ¿Acaso se imagina alguien un articulo sobre el Nazismo escrito por un Nazi? De la misma manera, este artículo me parece de dudosa objetividad.",0,0.06743328273296356,0,es
"Miguel Etchecolatz fue beneficiado anoche a la prisión domiciliaria. Tuvo suficiente repercusión.Mans «...When you knock me down I get the f**k back up again!» 16:28 28 dic 2017 (UTC) por jem, Mans. Saludos, Laura ",0,0.3387875258922577,0,es
"Bienvenido de vuelta, gracias por el recordatorio, terminaré la faena en los próximos días, saludos, Poco a poco...¡adelante! 14:07 10 abr 2009 (UTC)",0,0.0009636869071982801,0,es
 MALPARYDO ZAINO TRIPLE HYJWEPUTA MERECE QUE LO MATEN IGUAL QUE A MADURO Y A TODA LA BASURA DE VENEZUELA Y BRASIL ,1,0.9835450053215027,1,es
"Exacto. La contraseña no cambia, sólo el nombre de usuario. Cesarhvr ha pasado a la historia ) ",0,0.0004997877404093742,0,es
"Tiene sentido escribir su nombre así? Ahora mismo el nombre está en occitano y el resto en catalán. En occitano sería Guilhem de Berguedan i en catalán es Guillem de Berguedà. Estaría bien unificarlo, ya sea a su lengua propia, o a la que usaba para escribir, a no ser que en español tenga tradición este engendro. ",0,0.0008619669242762029,0,es
"Ahh, y si le dicen    GORDA    (así, de la forma sensasionalista como te gusta escribir. ",1,0.5872122645378113,1,es
"Según,WP:VER, las IPs anteriores actúan correctamente, pues añaden referencias muy concretas y correctas sobre las ediciones que realiza.79.155.28.",0,0.0003449801297392696,0,es
"No se puede opinar en las páginas de discusión de  Negacionismo de Holocausto , Holocausto y otras. Los editores judíos han bloqueado durante largo tiempo para que queden ahi sus mentiras y propaganda sin tener que debatir.88.23.67.",0,0.07128280401229858,0,es
"Tienes razón, Ravave. El término  brownshirts  se refiere a los nazis, una comparación que, desgraciadamente, ocurre a menudo en la política estadounidense. Casi cada partido ha sido comparado con los nazis en algún momento. Ve Ley de Godwin también. ",0,0.01106139924377203,0,es
Tengo que decirte que me he partido el culo con los mensajes que le dejaste a Luimpi. Yo tb estoy con vosotros.Fer.,0,0.9242105484008789,1,es
"Le llegó el correo... Aquí está el mío, pero cuidado, blackusd@hotmail.com, no sé si puedas quitarlo de aquí, ya sabes la  maldita  historia de siempre. Spirit-Black-",0,0.5440647006034851,1,es
"Saludos, Hdpercar. Hago constar en este comentario qur no sabía que la legislación mexicana impedía usar logotipos  a la libre . Una disculpa por tomar medidas innecesarias en el artículo IPN. Me pongo a tus órdenes. Saludos, ",0,0.00025482269120402634,0,es
"...Estas enterrando? XD Y no, no entiendo chistes a estas horas =P Hey! Hey! Jarisleif! (¡Hakkaa Pääle Pohjan Poika!) 05:00 18 dic 2007 (CET)   Pd: no vengas, andas diciendo cosas de Racso =S  ",0,0.017250100150704384,0,es
"Respecto de la longitud de los hitos, sí, efectivamente los chilenos dicen lo mismo. Fijate que el Difrol dice 68º 36’ 38” O para el hito I-XXVI colocado al borde del Beagle, y 68º 35’ 51” O para el inmediato anterior (I-XXV) y 68º 35’ 50” O para el I-XXIV-A. El hito I-XXVI fue decidido en la   Declaración Presidencial sobre Límites entre la República Argentina y la República de Chile   del 2 de agosto de 1991: Se me hace evidente que se buscó armonizar con el compromiso de arbitraje de 1971, que marca el inicio del martillo exactamente a 68º 36’ 38,5” O. Esta longitud surge del acta de peritos del 10 de mayo de 1895 como promedio entre las determinaciones de las dos partes para el hito I en el cabo Espíritu Santo. Con la mejora de los instrumentos de medición ocurre que actualmente este hito está a 68º 36’ 28” O. La frontera argentino-chilena nos da sorpresas cada vez que nos ponemos a mirar al detalle, no me sorprendería que en alguna reunión de la comisión de límites se halla decidido dejar el alambrado como está. Saludos.Nerêo |   buzón   20:58 28 dic 2012 (UTC)",0,0.0006689795991405845,0,es
Gracias por el premios BWFF  ) tu también mereces muchos de esos .    Alєssαиdяσ ✟      You will pay for your sins...   14:17 27 sep 2012 (UTC),0,0.028846343979239464,0,es
"Este artículo es pésimo. De verdad, sería mejor que no hubiese nada. Es malo tanto en contenido como en estílo. Alguien que entienda sobre este tema debería rehacerlo completamente. (22:36 17 de mayo de 2007)",0,0.2807830572128296,0,es
"Hola, a todos: Suscribo mucho de lo que ya se ha dicho: El artículo es un panfleto  leyendanegrista  que apesta sectarismo antiespañol. Esto no es hacer Historia: Es hacer política tabernaria trufada de contumacia de la peor especie. Un saludo. Salvador. Madrid. 9/9/2009.",0,0.28093355894088745,0,es
" Efectivamente, se ve correcto el artículo de Antonio Ribera como referente para este artículo. Sin embargo, parece que la barrera de entrada está mucho más alta ahora que en ese entonces porque solo tiene dos referencias y sólo una es de una fuente considerada confiable (Diario El País). Ahora nos exigen que todo esté sustentado con opiniones de terceros para poderlo incluir, y bajo esas condiciones es muy poco lo que se puede dejar en el artículo como sustento para la relevancia enciclopédica. No sé si presentarlo como escritor fue un error (lo considerarían relevante si hubiera escrito algún best-seller) y más bien habría que presentar al sujeto como investigador, donde se le exigirían otras cosas distintas de las que les piden a los escritores relevantes enciclopédicamente.",0,0.00027420304832048714,0,es
Totalmente al margén. Quería decirte que me hiciste lanzar una carcajada con tu userbox de  Este usuario dice cuatro boludeces en portugués . ) ,1,0.3963776230812073,0,es
Hola Sugarfree. Por favor no vuelvas a incluir contenido sin referencias y de dudosa relevancia enciclopédica. Esto es especialmente importante cuando se trata de artículos sobre personas vivas. Gracias. ,0,0.0003802080755122006,0,es
"Pues sí, tengo entendido que así fué, y mi fuente es bastante fidedigna, puesto que me lo comentaron en un Máster de Restauración de la Univ. Politécnica de Madrid, y el profesor que lo dijo era Merino de Cáceres, que es toda una autoridad en metrología.",0,0.0004286838520783931,0,es
"Se ha renombrado esta cuenta como parte de la finalización de la cuenta de acceso unificada. Si esta cuenta le pertenece, entonces puede ingresar utilizando su nombre de usuario y contraseña anteriores para obtener más información. Si no le gusta el nuevo nombre de la cuenta, puede elegir el que desee con este formulario después de ingresar: . Keegan (WMF) (discusión) 11:53 21 abr 2015 (UTC)",0,0.00030049486667849123,0,es
" Focas verdes  Estos animales pueden clasificarse por el color. Hay focas verdes, como la foca de Notredam; focas de color gris o plomo, que son las de Weddell; y muchas otras focas, como la Tharttamudeuss y la Foxaiderehn. ???? De donde sacaron esto?",0,0.0016411305405199528,0,es
"Hola ! Por lo que me acuerdo, el personaje Kensei Muguruma sí tiene una liberación ya que cuando los vizard se turnan para pelear contra Ichigo, quien se está convirtiendo en hollow, se le ve a Kensei usarlo. No sé si exactamente es   shikai   o   bankai   pero seguramente es   shikai  .",0,0.0014161727158352733,0,es
y tu no te ay visto. ellos no son emos tu talvez. ellos son nada solo qe le gusta el negro.y dejen de decirles emo hueones concha su madre por la mima mierda,1,0.957880437374115,1,es
"Bueno, pues estamos empatados, mil gracias. Aunque casi prefería una salchichas de esa tierra, yo es que soy muy tragón P Ensada mensajes ",0,0.014532683417201042,0,es
" No señor, no se trata de una denuncia repetida, ahora es una denuncia nueva, por otros hechos y por cargos/violaciones distintos. En aquella ocasión denuncié las groserías ( enmierdar ) contra mí, escritas por el usuario Sabbut, violatorias de la política de WP:ETIQUETA.    En esta ocasión estoy denunciando su comportamiento disruptivo al restarurar material deningrante no referenciado ofensivo contra gente viva, que es una violación de las políticas de WP:BPV   . ",0,0.014207292348146439,0,es
Universidad Politécnica de la Estatal de California es para la escuela original situada en San Luis Obispo. la de pomona es universidad Estatal Politécnica de California era parte de san luis obispo,0,0.00038329872768372297,0,es
kurt es una verga el emo ke escribio la mamada de primero lo voy a colgar de los webos por ke kurt es un dios eres un idiota pendejo emo con mierda en el cerebro por ke kurt no pensaba en mamadasz emo como tu maldito puto aberracion de ser humano tu eres lo mas opuesto a lo real y mucho masz opuesto ke kurt mejor ponte a pensar ke pobre de ti por desir todas tus mamadas xD...,1,0.9962834715843201,1,es
"Hola Gizmo. Te escribo para comunicarte que se ha aceptado que seas mediador de la reclamación 048. También se ha designado a como mediador, y el CRC confía que entre ustedes dos llevarán a una total resolución de la controversia. En la página de discusión de la reclamación encontrarás las fuentes que citan las partes del conflicto como sus fuentes primarias. Gracias y aprovecho para enviarte un saludo de año nuevo. ",0,0.00045351393055170774,0,es
Ya lo veo. Pero yo sigo siendo un simple aficionado y tú ya eres un experto en el tema. Un saludo y feliz entrada de año. Fergon ,0,0.04763578623533249,0,es
"El reporte en VEC no procede, a no ser que el usuario esté haciendo varias ediciones vandálicas consecutivas y no atienda a los avisos. – ",0,0.0005229358794167638,0,es
"Para mí, y en lo que respecta a este tema del American Staffordshire Terrier, no eres más que un Troll y actúas como tal.",0,0.9112954139709473,1,es
"Hola: Gracias por el aviso. Me hubieras dicho cuál era el error, imagino que erá la tilde en  máquinas  -) Gracias, ",0,0.0005100267007946968,0,es
"Hola Strakhov, te pregunto a ti porque no se a quien acudir. Espero que no te moleste esta alusión por tu ascendencia. Un usuario ha creado (o traducido) un artículo sobre el pintor ruso en:Fyodor Bogorodsky (o ru:Богородский, Фёдор Семёнович), pero lo ha llamado Fiódor Bogorodski. No se si es correcta esa castellanización. Saludos       Geom          Discusión    02:14 9 ago 2017 (UTC)",0,0.0005643260665237904,0,es
"Muchas gracias y muy amable por tu parte Fomos92, prefiero ir de incógnito, algunas veces desaparezco como algunos ríos, y vuelvo a aparecer. En su momento ya me invitó también Romulanus. Gracias nuevamente. Si necesitas algo de mi, ya sabes donde encontrarme, lo que tenga a mi alcance lo compartiré sin problema. ",0,0.0007178392261266708,0,es
"Hola Zerabat, tanto tiempo. Mirá, vos pusiste una plantilla de SRA pero luego vino un usuario y lo mandó a CDB ¿hay que sacar la plantilla de SRA mientras que está la CDB abierta? Yo creo que sí porque si no se borra el artículo con CDB en curso. Saludos, ",0,0.0008662475738674402,0,es
"El artículo dice que nació en 1884, y que entró en la Universidad en 1897; año en que tenía trece años. ¿Es eso correcto? No me cabe en la cabeza que un niño de trece años empezara la carrera, ni siquiera aunque fuera un niño prodigio, concepto desconocido en 1897. No sé si ese dato es correcto, rogaría que se comprobara documentalmente con fuentes fidedignas.",0,0.0004320750886108726,0,es
"La referencia bibliográfica a  Madrid, 1964  estaba referenciada y sigue estando en el cuerpo de la entrada (Fernando Navarro,   Socialistas utópicos  , Palma de Mallorca: Los Papeles de Brighton, 2016, contracubierta). En cuanto a enlaces que insisten en  Madrid, 1964 , también existen, mencioné uno (el de   ABC  , por no repetir la misma noticia por diversas fuentes) y usted lo borró. Hay suficientes como para que descartar el dato sin más sea, como poco, imprudente. Entre ellas, los siguientes: http://www.diariodemallorca.es/mallorca/2013/01/31/fernando-navarro-nombrado-gerente-hospital-inca/823593.html http://www.elmundo.es/elmundo/2013/01/30/baleares/1359571132.html https://ultimahora.es/noticias/part-forana/2013/01/30/91097/fernando-navarro-nuevo-gerente-del-hospital-comarcal-inca.html https://www.cronicabalear.es/2016/09/el-diputado-de-cs-fernando-navarro-publica-el-ensayo-socialistas-utopicos/ https://lospapelesdebrighton.com/nuestros-autores/ ",0,0.0003777500824071467,0,es
"Actualmente es el novio de   Mikyla Anne Warr   del grupo The She Set. Quité la información personal sobre su novia, no hay citación.",0,0.0019801349844783545,0,es
"Lo tuyo si que es un grave error. Fíjate si habrá estado este chaval en Murcia que dice que aquí se pronuncia...  ej que . Bueno, obvio apuntar que es una de las mayores burradas que oido en mucho tiempo. Ese rasgo es típico de Castilla-La Mancha y hasta de Madrid, pero ¿murciano?. Por favor, si no sabes de lo que hablas, mejor calla, porque lo que acabas de decir te descalifica, por no decir directamente que eres un iletrado.  ej que  en Murcia... lo que cabe oír.",1,0.40262508392333984,0,es
"Que te veo como los del Asilo, haciendo eses. Gracias, bruja querida, se hará lo que se pueda. Dentro de nada, en vez de escoba, necesitaré una cachaba. (Sigo echando de menos a la bruja catalana). La bruja que ha entrado en una nueva década.",0,0.4057823121547699,0,es
 Te remito a la nueva contestación que dejé en el TAB para evitar duplicar texto. Si te rogaría que si tienes alguna consideración que hacer la hicieras en mi discusión ya que el TAB no es lugar para eternos debates. Un saludo cordial. Bernard -   Et voilà!   13:48 18 nov 2011 (UTC),0,0.0005250793183222413,0,es
"Concuerdo con Tomatejc, aún así debes recordar la función de Juan Martines de Rozas (y otros) entrew la Muerte de Toro Zambrano y el Golpe de Los Carrera. ",0,0.001539738499559462,0,es
"El artículo que nominaste como artículo bueno, Artículo, ha sido puesto en espera 18px. No ha sido desaprobado porque básicamente es un buen artículo, pero se deben hacer pequeños cambios o clarificaciones. Si estas se arreglan dentro de un plazo de siete días, el artículo será aprobado, de otra forma, será reprobado. Ve a Discusión:Artículo para las cosas que necesitan ser tratadas. Saludos.    «[Gtr.]»         Errol      21:10 2 oct 2010 (UTC)",0,0.00033896087552420795,0,es
"MITH HIJO DE PUTA¡¡¡ TE VOYA VIOLAR¡ POPRQUE HIUCISTE ESA MAFIOSA TECNICA DE PROHIBIR LA EDICION DEL ARTICULO DE PANAMERICANA¡ ESPO ES DICTADURA¡¡¡ PUTO MDICTADOR TE VOYA VIOLAR¡¡¡¡¡¡¡¡¡¡ERES COMPINCHE DE SCHUTZ , VETE CON TUSA MATONES A VIOLAR A TU VIEJA CALATA¡¡¡¡¡¡",1,0.9952322840690613,1,es
"noooo, por favó, no me bloqueeeen, no me bloqueeen, por favó. Me bajaré los pantalones y abriré el ojete para el bibliotecario tonmtolculo. ",0,0.6726788878440857,1,es
"Quizá en la percepción aparece tambien la posición relativa de las dos subunidades geometrícas cono/esfera, ya que la primera visión recuerda una cabeza de payaso y la segunda un helado.",0,0.4992053508758545,0,es
"Sí, lo mejor es un mail donde    quede claro    que son los propietarios de la web quienes dan el permiso y que lo hacen    bajo las condiciones de la licencia GFDL   . Sanbec ✉ 14:56 10 may, 2005 (CEST)",0,0.00032178149558603764,0,es
Tengoru tiene ketmons de la sexta dimesion y las bacterias pueden apagar los telefonos celulares detodo el mundo pero Luis Felipe Lee es el eunico sobrevivivnete de esta plaga de ketmobolicidad troyfocia,0,0.0511498786509037,0,es
Hola Maldoror... soy diseñador gráfico de la Universidad Nacional de Colombia en Bogotá... también me encuentro trabajando en los artículos relacionados con tipografía; quedo a la entera disposición del tema de la tipografía. Saludos!!,0,0.0006450021755881608,0,es
¡por dios si en cuba son todos morenitos por que dicen que decienden de los europeos si son de negros a morenos y uno que otro blanco,0,0.40767282247543335,0,es
"Hola Fonsi! Yo no hablo español, estoy utilizando Google Translate. En LyricWiki estamos siempre tratando de traducir más y más letras. Tenemos una lista de todas las traducciones de las canciones aquí: http://lyricwiki.org/Category:Translated_songs También tenemos la lista de todas las canciones en español en: http://lyricwiki.org/Category:Language/Spanish Si lo que desea es todo lo que se traduce automáticamente, puede utilizar Google Translate para todo el sitio, vaya a esta URL: http://translate.google.com/translate?hl=en&sl=en&tl=es&u=http%3A%2F%2Flyricwiki.org Espero que ayude! -",0,0.0003468977229204029,0,es
"Nunca hay que olvidar a Batista, pase el tiempo que pase. Fue un corrupto que le quito el dinero a Cuba y dejaba que EEUU se aprovechase",0,0.3850336968898773,0,es
"Si claro, porque lo dices tu, una institución pública es poco fiable, madre máa lo que hay que ver y leer, no te preocupes que se os ve el plumero a leguas y el pie del que cojeáis y probablemente a vuestros pagadores también. Hay que tenerlos cuadrados para decir que un escrito publicado en una institución pública es poco fiable. Y seguro que la historia y patraña del catalanismo es muy fiable, cuando todo lo que hacen es subvertir la LEGALIDAD y la REALIDAD HISTÓRICA, a espera que como es Cataluña si que es fiable... En fin, pensaba que ibais a tener un poco más de criterio pero claro, el criterio o mas bien imposición es la que decidís algunos en base a no se qué.",0,0.01778551936149597,0,es
"En el apartado > Blancos, negros, indios y mestizos Hay una frase al final, que desentona completamente con el resto, y además es un juicio/resumen impreciso e innecesario:  Los sudafricanos blancos odian a los negros y ya está,no hay más que hablar .",0,0.5673732161521912,1,es
"Los protestantes, no entienden el sentido de la vida. Si no tienen a María como madre no tienen a Dios como padre.",0,0.007370931562036276,0,es
No se si ha pasado algo con ellos... ¿pero no compró suiza 2 aparatos? en la web de EADS los citan en la nocicia dada cuando Jordania adquirió los suyos.18px Takashi Kurita ~   Hablame compañero   13:44 21 abr 2009 (UTC),0,0.0008572624647058547,0,es
"Los ingleses (¡estos gringos colonizadores!), ¡¿¿piensan que puedan colonizar España??! Hoy, si España tenía una colonia en Inglaterra, la verdad es que todos los paises europeos (con los estados unidos, ¡Claro!), ¡¡ya habrían atacado el pueblo español!! ¡Los españoles no son verdaderos europeos para los gringos! La verdad es que ¡los anglo-sajones consideran españa como un pais inferior, y los hispanos como una raza inferior! Porque no somos blancos y celtas como ellos. ¡Somos mediterraneos y orgullosos de serlo! Además ¿porqué quieren un territorio donde no soportan la calor...? Pues ¡Ojalá venceremos!",0,0.288760244846344,0,es
"Hola Copydays, siento pasarme por tu discu después de tanto tiempo para tener que decirte que el nombre de la categoría no es correcto. El gentilicio de los habitantes de Colofón (ciudad) es colofonios, no colofonenses. Hasta hoy no sabía de la existencia de la categoría, si no te lo hubiera dicho cuando la creaste en noviembre pasado. En fin, veo que sigues muy activo. Sigue así. Enhorabuena ). Un abrazo. ",0,0.000779415073338896,0,es
Me parece una injusticia lo que a hecho esta cadena que se hace llamar democrática con Karmele Marchante. Son una panda de nazis retrógrados de la España prehistórica. Con todos los problemas que hay en el mundo se fijan en la ilusión de una persona.,0,0.41744178533554077,0,es
"¿Es relevante, que junto al porcentaje de religiones, héroes nacionales e indice de alfabetización se incluya una referencia a un libro de Harry Potter? Que triste que un artículo sobre un país como Albania, termine con una tontería sobre diademas de Harry Potter. Propongo eliminar esa parte por irrelevante.",0,0.0011320883641019464,0,es
Mas vale que te retires antes de que cualquiera te gane y nunca mas entierres a nadie o seras tu quien sera el enterrado so mamon que nunca mas conseguiras el World Heaviweyght Championship ya que Batista siempre lo tendra.,1,0.36848223209381104,0,es
"Hola, . Se . Te agradeceré que revises la política de borrado rápido y sólo si crees que el artículo borrado no se ajusta a lo descrito ahí, expón tus argumentos al usuario que eliminó el artículo. No se considera una buena práctica volver a crear un artículo que ha sido eliminado por la aplicación de la política de borrado rápido, al menos que el artículo ya no cumpla con los criterios especificados en la política. Si la página la creaste con finalidades de hacer pruebas, se recomienda utilizar la Zona de pruebas. Gracias por tu comprensión,    Emiglex    {  ¿...?  } c^ 23:00 24 mar 2010 (UTC)",0,0.00031537163886241615,0,es
"Bueno, spam spam... es una productora o como se llame de pornografía importante. Por cierto, un checkuser me ha confirmado mis sospechas, el usuario era una marioneta de Slave4U (y además habe 2 marionetas más). ",0,0.19469362497329712,0,es
"≡≡ Anamoros Articulo ≡≡ Con este aviso te doy a entender que estoy editando la pagina de la Ciudad de Anamoros, te has empeñado en decir que no cumple las normas, pero en realidad si cumplo, estoy agregando informacion general, me estas demostrando que estas encontra de la colaboraion bibliotecaria y contenido eso demostrario que violentas las normas de participacion para editar contenido. como aviso deja de eliminar mi edicion",0,0.0010913241421803832,0,es
"VARIAS VECES SE DICE EN ESTE ARTICULO QUE SE DEPORTARON JUDIOS DESDE ESPAÑA LO QUE NO SOLO ES MENTIRA HISTORICAMENTE DEMOSTRABLE, EL ESTADO ESPAÑOL A PESAR DE SER FASCISTA O AUTORITARIO EN AQUEL MOMENTO, UTILIZO UNA LEY DE LOS TIEMPOS DE LA DICTADURA DE PRIMO DE RIVERA PARA CON LA EXCUSA DE QUE ERAN SEFARDIES (SIENDO LAS MAS DE LAS VECES MENTIRA) SALVAR A MAS JUDIOS QUE NINGUNA OTRA ORGANIZACION O PERSONA DURANTE ESOS HORRIBLES AÑOS. OJALA LO MODIFIQUEN PUES ES UNA FALTA A LA VERDAD Y UN INSULTO PARA TODOS LOS ESPAÑOLES DE BIEN QUE SALVARON ALA MAYOR CANTIDAD DE PERSONAS QUE PUDIERON.",0,0.10387257486581802,0,es
" Je, me habeís descubierto!;). Confieso que por estas fechas no he estado muy de ánimo para conflicto alguno, asi que me postulé la primera vez, pero por esta vez pasé de largo. Un saludo ",0,0.0010769370710477233,0,es
"He leído el artículo y no me he enterado de nada. Evidentemente es una  pseudociencia , o directamente un timo, engaño o secta. Hace tiempo que veo este término por aquí y por allá y nada, no tiene ni pies ni cabeza. Estas porquerías no deberían tener cabida en una enciclopedia.",0,0.5524997711181641,1,es
"Por dios, y la canción de John Lennon: http://www.youtube.com/watch?v=V-6qGqFtHeY&feature=related Ahora resultará que son más importantes estos grupos psedo-psicópatas de metal que artistas que han influido en la historia de la música.",1,0.008951447904109955,0,es
"Bueno, primero que todo, calma, no es para tanto. Primero, te digo que siempre me fijo en las enlazadas cuando traslado algo, y sé que no deje atrás ninguna doble redirección, así que no veo problema en ese aspecto. En lo de singular/plural, si me confundí, la verdad, no se me ocurrió. Y no soy    el         único     , parece.... Otra cosa: yo no aviso cuando traslado ni cuando hago otras tareas rutinarias. Si alguien tiene algún problema, que lo revierta, y listo, después se discute (como ahora). Otra cosa en que me equivoqué es en no ver la página de discusión, sinceramente, admito que el traslado lo hice un poco apresurado, medio como   de paso  . Pero no hay ningún tipo de problema, reviértelo a como estaba antes, y listo. Tengo otras cosas que hacer. Saludos.    Aibdescalzo      (mailbox)   - 15:45 22 ago 2009 (UTC)",0,0.0005044873687438667,0,es
"Se ha renombrado esta cuenta como parte de la finalización de la cuenta de acceso unificada. Si esta cuenta le pertenece, entonces puede ingresar utilizando su nombre de usuario y contraseña anteriores para obtener más información. Si no le gusta el nuevo nombre de la cuenta, puede elegir el que desee con este formulario después de ingresar: . Keegan (WMF) (discusión) 10:17 21 abr 2015 (UTC)",0,0.00030940197757445276,0,es
"WP:NOFORO, te lo digo por tus ediciones en la discusión de PP y María Dolores de Cospedal. RaVaVe 25px Parla amb ",0,0.0011630129301920533,0,es
El imbesil ete dela luna no se entera ni ostias so ijo puta!! esto es un nicho ecológico i no un puto forum dela luna Coño ya!!! agregame: metemelamasadentro_ahsi@hotmail.com acias.,1,0.9946922659873962,1,es
"NOOOOOOOOOOOOOOOOO ¡¡¡Yo creí que había sido yo mismo quien había puesto la plantilla, pero que la había puesto mal!!! Verás: el 13 de abril busqué en la inglesa algunos artículos de la inglesa entre los que quería elegir alguno para ampliar (ninguno estaba marcado), pero no marqué ninguno ese día porque ya tenía sueño y quería elegir bien. Al día siguiente abrí varios, y empecé con Palas. Cuando vi la platilla, lo que creí era que lo había marcado ya (y mal, por cierto) y no recordaba, pero ahora entiendo! (y no se me ocurrió mirar el historial!! AAAAHHH!!!!)... Qué idiota! Ah... simplemente genial. ¿Y ahora? ¿Quitamos mi plantilla y ponemos la tuya? 17:48 15 abr 2008 (UTC)   Qué enredo tan miserable  (  ",0,0.4265217185020447,0,es
"Se ha dado una serie de casos en facebook cual la señorita Gomez tiene fans Homosexuales pues las chicas estas tienen fantasias sexuales con su idola, el punto es? la señorita gomez acepta la homosexualidad?",0,0.7727312445640564,1,es
" Eso de que  el peligro de un Chernobyl es muy pequeño  se lo explicáis a los miles de muertos y a los miles de mal-nacidos. Hay que revisar también los diverses incidentes de gravedad que ha habido en España, (como por ejemplo en Vandellós), y el esparcimiento de resíduos nucleares que los ejércitos (como el español) hacen en los campos de tiro. En esto de los resíduos, a la hora de comparar las proporciones no tomáis en cuenta el tiempo de duración de los mismos. Lo que da más miedo de todo esto es que a menudo parece que los reactores nucleares estan capitalizados y dirigidos por enfermos mentales (véase Santa María de Garoña).",0,0.008363035507500172,0,es
"Detesto la Censura del Bloqueo, los links son o al menos era valido. Seria bueno que todos los proveedores se sumasen a este proyecto opennic y que este se fusionase con nicp2p, asi no se perderian fuentes de cultura tan rica como la desarrollada en la isla",0,0.0016826982609927654,0,es
"No esta bienel cambio que propones, segun Ayuda:Categoría, especificamente esta parte:  Buena jerarquía. Evita las redundancias. Si Categoría:Óptica es subcategoría de Categoría:Física, que a su vez es subcategoría de Categoría:Ciencias naturales, el artículo Lente sólo debe aparecer en Categoría:Óptica, ya que desde las otras se puede llegar fácilmente hasta él. ",0,0.0004359030572231859,0,es
MY CHEMICAL ROMANCE SU GENERO ES MUY AGRESIVO Y ADEMAS NO TIENE EN RELACION CON EL EMO PORKE ELLOS NO ESPERIMENTAN CON EL HARDCORE PUNK Y ASI QUE KITENLO DE AHI Y NISIKIERA ES POP PUNK Y DEJAN DE PONER MAMADAS XFAVOR ,0,0.7108484506607056,1,es
"Se ha renombrado esta cuenta como parte de la finalización de la cuenta de acceso unificada. Si esta cuenta le pertenece, entonces puede ingresar utilizando su nombre de usuario y contraseña anteriores para obtener más información. Si no le gusta el nuevo nombre de la cuenta, puede elegir el que desee con este formulario después de ingresar: . Keegan (WMF) (discusión) 11:20 21 abr 2015 (UTC)",0,0.000314853125018999,0,es
"La imagen y el video son de muy mal gusto. No intenten ampararse en eso de  fines educativos . ¿Por qué no ponen entonces el vídeo de una circuncisión, de una castración, o de una hemorroidopexia, o de la ablación femenina en sus respectivos artículos? Resulta repulsivo encontrarse con un pene emanando lefa cuando uno sólo quería información textual. ",0,0.8226788640022278,1,es
"Gane dinero como chapero en mis años mozos y entonces los llamabamos simple y llanamente maricones o mariquitas,les gustaba que le metieras la polla por el culo y tambien chupartela,avundaban los dedicados a artes y a leyes",1,0.9819084405899048,1,es
"Por favor, deja de poner en el artículo del partido político Vox que es un partido de extrema derecha porque NO lo es. Y menos justificarlo con un artículo de dudosa credibilidad siendo un periódico con ideologías de izquierda. Eso es ridículo. Ya basta. Estáis manipulando a gente con algo así.",1,0.3974081873893738,0,es
Qué significa el color lila de Petro y verde claro de Fajardo en la tabla de encuestas? Por qué solo esos dos candidatos lo tienen? ,0,0.0009913764661177993,0,es
"deja de hacerme Bullyng, por favor si siguen con los ataques me voy a suicidar y estoy hablando en serio,ROCKAN9OL ",0,0.883012592792511,1,es
"Mira que me pongo a vigilarte, eh? P. A MERENDARRRRRRRRRRRRR ya, que toca!!!! 801.000 petons (Sor yeza que ya no ve na ni apenas teclear pero...algo ha de decir ;)).",0,0.1915249526500702,0,es
"Chicas con guitarras eléctricas. ¿Pueden usarlas? El ser físico está formado de cadenas de nucleótidos de ARN y ADN que configuran el inicio, el principio de los tiempos; ellos están en giros constantes, siempre respondiendo a los movimientos ondulatorios del ser que lo crea, sostén del nuevo que viene. Si aplicamos un campo vibratorio, superior al que soporta la tradición de la energía física de su interior, aquella ya creada en los inicios: memoria ontogenética de la especie actual, y para el nuevo ser; ¡la situación creativa de la vida no se interrumpe! ¡pero entonces cambia!. Cambia en su relación con el común de los ¨mortales¨; aquellos que se asocian en lo mismo, de un límite que proporciona el acto creativo y todo lo que hay alrededor de dicho acto de amor: ser mortales. Usualmente las mujeres tienen prohibidas las visitas a lugares donde se trabajan con altas frecuencias eléctricas; si estas frecuencias ondulatorias son aplicadas directamente mediante una caja de resonancia amplificada con energía eléctrica, que ella se colocare en la salida de la guitarra para poder sonarla, la cantidad de electrones que amplificaría sería mucho mayor que la amplificación común de las guitarras acústicas.",0,0.0009295669151470065,0,es
"Mucho idiota, se nota la mediocridad de su magnifico trabajo. Paginas cientificas como Scielo y las páginas de la Universidad del Valle son más que fuentes suficientes para soportar la importancia de Nelson Cuchumbé como catedrático y personaje de referencias bibliográficas. La próxima, sepa qué mierda va a borrar, idiota.",1,0.990291178226471,1,es
"Pienso igual que tu. Aun asi, solo he cambiado lo de despues de salir del barcelona, otras cosas referidas a ese tema no se quien las habra puestoKharchamon ",0,0.006768472027033567,0,es
"Hasta ahora este personaje es la unica  persona  que logró sacr de sus casillas al Rey de España, Dn Juan Carlos, y lo saco por ser un personaje mal educado y aunque no se le quite la razón debe de aprender a escuchar a los demas cosa que no sabe o no puede pues siempre se cree en posesión de la razon y en casi todas las ocasiones la pierde por la boca que tiene. Recordarle a Chavez que dice ser un presidente electo por 3 veces y se le olvida que estuvo preso dos años por golpista ¡¡ que poca memoria¡¡ eso tambien es fascismo .",0,0.2862391173839569,0,es
"¡Hola, Rcidte! Te escribo para invitarte al XI Encuentro de Wikipedistas en Buenos Aires y safari fotográfico, el próximo domingo 2 de septiembre al mediodía. La idea es juntarnos a almorzar en los carritos de Costanera Sur y luego salir a   cazar   monumentos históricos de Puerto Madero, Microcentro, Monserrat, Retiro y Recoleta para Wiki Loves Monuments.    Acá hay más información    y la lista para anotarte si venís. ¡Te esperamos! Saludos, galio ",0,0.01449473574757576,0,es
"lo que hablan que coexistieron, esta totalmente manipulado, el CURCC, tenia la parte deportiva y la parte empresarial, la parte deportiva paso a llamarse CLUB ATLETICO PEÑAROL, que coexistio con la parte empresarial hasta 1915, que cuadno se fundio la parte empresarial dono sus bienes al hospital ingles, lo dice la FIFA, la AUF, y esta mas que demostrado, PEÑAROL DECANO DEL URUGUAY",0,0.003147259820252657,0,es
" Saruman era el líder de la orden, hasta que por la codicia del Anillo Único, se convirtió en aliado del Señor Oscuro y fue entonces cuando Gandalf se erigió en el nuevo líder del Concilio Blanco  No me cuadra que Gandalf haya sido líder del Concilio Blanco, porque la ultima reunión se realizo después de los eventos de el hobbit, posterior a eso el consejo simplemente se disolvió. Para los eventos de el señor de los anillos cuando se descubre la traición de Saruman, el concilio en estricto rigor ya no existe y Gandalf nunca llega a presidir el consejo.",0,0.0026150180492550135,0,es
" Tus lágrimas son agua bendita. Tus enemigos (esos pitufos que roen el Hallux-que articulazo-sin clemencia) te crucifican, el resto te colgamos sobre rosarios y rezamos. Amén por siempre ... ",0,0.6209951043128967,1,es
"Siento decirle que no está justificada la supresión de la información y de la petición de referencias, así como la separación establecida entre biografía y polémica por el legado para, al menos poner un poco de orden en el artículo. Las dos instituciones se declaran herederas de su legado y hay que explicar, con fuentes, el estatus de cada una de ellas, pero no eliminar su presencia. Escarlati -   escríbeme   22:59 23 abr 2009 (UTC)",0,0.0004905989626422524,0,es
"Anderson es un niño de 16 años que sueña con ser actor, el nacio el 13 de Diciembre de 1997 en la ciudad de Cartagena esta estudiando en secundaria y le gusta mucho la actuacion tanto que esta participando en grupos de actuacion de su colegio para lograr algun dia pasar a la television como siempre ha soñado.",0,0.0012402229476720095,0,es
"Pues ya supimos, error sistemático en perjuicio de AMLO, y en proporción mucho mayor a su porcentaje de votos. ",0,0.0006529397214762866,0,es
"Hola, . Se . Te agradeceré que revises la política de borrado rápido y sólo si crees que el artículo borrado no se ajusta a lo descrito ahí, expón tus argumentos al usuario que eliminó el artículo. No se considera una buena práctica volver a crear un artículo que ha sido eliminado por la aplicación de la política de borrado rápido, al menos que el artículo ya no cumpla con los criterios especificados en la política. Si la página la creaste con finalidades de hacer pruebas, se recomienda utilizar la Zona de pruebas. Gracias por tu comprensión, 天使 BlackBeast   Do you need something?   23:45 4 nov 2009 (UTC)",0,0.0003243650426156819,0,es
MAMANDO CIPOTONES NI ES NI SERÁ UN DISCO DE CHIVI JOSÉ CÓRDOBA ESTÁ A PUNTO DE PUBLICAR SU NUEVO DISCO: ESTADO NATURAL Y SE PUEDE VER UN ANTICIPO EN WWW.MYSPACE.COM/JOSECORDOBACHIVI,1,0.10015317797660828,0,es
"Gracias por su colaboración en el articulo Natalee Holloway, veo que haz hecho un buen trabajo, mientras tanto yo terminare de colocar las referencias del articulo. 18:59 23 jul 2010 (UTC)Lidertron 20x10px 20x10px (Discusión)",0,0.00040522406925447285,0,es
"Hola, Afilador ^^ Muchas gracias por la revisión por pares que has hecho en Archivo General de Simancas, ha sido un trabajo arduo y muy esmerado, por lo que no puedo hacer otra cosa que felicitarte por haber mejorado la calidad del artículo -) Un saludo, Edward   the Confessor   13:03 7 mar 2009 (UTC)",0,0.0006997581222094595,0,es
"Dado que en la parte valenciana con uso propio de la lengua, conviene que aparezca. No es así con el aragonés, que no se habla en esa zona, por lo que carece de utilidad su aparición.",0,0.0006977174780331552,0,es
"Soy mexicano y creo que el señor Chávez es un impostor, sin embargo la acción cometida por el Rey de España fue una violación grave a un jefe de Estado, y un insulto al Sistema Interamericano. Si borran este comentario será para mí una prueba más de la conocida intolerancia española.",0,0.4692295491695404,0,es
Un saludo. La actual nota 30 da una estadística de números de miembros según diversas asociaciones. No se indica la fuente ni el año (antes hay una referencia a una página que no contiene esa estadística). Sería bueno indicar de dónde proceden esos números y referidos a qué fecha. Gracias.,0,0.0003115298750344664,0,es
hola mi personje preferido es Tomas.aunque tenga cara de gilipuerta me gusta¿xk? pos pork se mete con los idiotas de bloo y mac jajaja,0,0.9926860332489014,1,es
"Es usted un cobarde, aca se porta asi pues nadie sabe quien es usted, en la calle y en la vida real, no debe hacer ningun abuso de los que aqui realiza, no sea cobarde y respete el aporte de otros usuarios -!!!!",1,0.970802903175354,1,es
"... las referencias.... Libros y la información de museos... pero veo que ya es cuestión de defender patria o algo así.. y para que conste me ha tocado estar en conciertos y fiestas donde amenizan marimbas chiapanecas y guatemaltecas al mismo tiempo, no lo lleven a un terreno de mi país lo hizo.",0,0.0021117115393280983,0,es
"Ups, tienes razón, la referencia era de la forma positiva tan solo... He añadido otra para la negativa. En realidad,   I don t give a damn   es coloquial, pero no   vulgar  . Para  me importa una mierda  estaría   I don t give a shit   o   I don t give a fuck   Nabrazoides, ",1,0.9653018116950989,1,es
"He visto la tal kumina y el tal congo de Portobelo y eso de cumbia no tiene nada, pero nada es n-a-d-a. Son ritmos africanos 100%. Ojo con lo que dices que estás desinformando pero feo. Les digo a los wikipedistas interesados (pues Panama1519 se niega), que comparen esos videos con esto y digan si tienen algo de parecido que no sea el carácter folclórico latinoamericano del área del Caribe y el elemento negro: https://www.youtube.com/watch?v=0b_wO1tLHDw ",0,0.05217123031616211,0,es
"Salio el fixture del ¿Campeonato de Primera División 2014/2015? (así se llama) que es igual al del Inicial 2013 (cambiando a los ascendidos por los descendidos), o si lo queres de otra manera igual al Final 2014, cambiando la localía, es decir un mamarracho, saludos   Ale      (Discusión) 15:03 4 jun 2014 (UTC)",0,0.002145418431609869,0,es
"Lo de las letras grotescas tiene una solucion muy sencilla, no lo escuches, y las canciones en plan negros de mierda y putos rumanos no son suyas, el mismo lo dice en una de sus ",0,0.9383260011672974,1,es
"Muchas gracias por el trabajo Miss! Ahora bien, una pregunta: qué debo hacer cuando una información se contradice? Por ej. este punto completo de la discusión   «Una duda, ¿por que penicilina V?»   o este último   «En Europa se prefiere la amoxicilina»  . Espero tu respuesta. teleмanίa 16px|link=Usuario discusión:",0,0.0001747101778164506,0,es
"en la parte que hablan de Fontanarrosa lo mejoraría: Hay otra palabra irremplazable, que es  mierda , y el secreto de su contextura física está en la erre. Los cubanos dicen  mielda ,    que suena a chino!   . Ese es otro de los grandes problemas que ha tenido la revolución cubana, que es la imposibilidad de manifestar fuerza expresiva. lo manifiesto porque me parece que a fontanarrosa(que en paz descanse) no le gustaria que le omitan esas 4 palabras. si no les gusta mi punto de vista    pueden irse a la mierda    jaja    APA   ",0,0.8831126689910889,1,es
"Hola Technopat. El vandalismo lo está haciendo aleposta, que ha bloqueado el artículo antipasto para que no se pueda decir que es un entrante, porque él cree que un plato lleno hasta los bordes es un aperitivo. Ahora el artículo antipasto dice la soplapollez del vino, como si todo el mundo bebiese vino, porque él lo diga. Fíjate que el artículo entrante explica las diferencias entre éste y un aperitivo. Por la misma regla de tres también podemos poner una foto de una paella en el artículo aperitivo y decir que es un aperitivo también, ya que en muchos sitios te ponen un platito de paella a modo de aperitivo. Menudo mamarracho.",1,0.39915645122528076,0,es
"expulsarme definitivamente, si puedo volver cuando quiera? Tú sigue alimentándome, que veremos con el tiempo quién ríe último. ¿Crees que por bloquearme indefinidamente vais a conseguir que no vuelva? ja,ja,ja. Preparaos, que mi venganza va a ser sonora. Haré algo que no va a dejar indiferente a nadie, la credibilidad de esta enciclopedia está en juego. Hasta pronto, ja,ja,ja.81.35.47.",1,0.3504509925842285,0,es
"jejejeje.....¿vas a dar parte para que me bloqueen?....jejeje...¡¡censura!! ¡¡vivan las caenas!! (te lo esplico, por que como historiadora aficionada no sabras que quiere decir esto), cuando Fernando VII entró en España, después de una guerra entre malos franceses y buenos españoles (asi, sencillito, como un cuento para niños, lo entenderas bien, es lo que se lleva en la wiki), los habitantes por donde iban pasando la comitiva real rompiar los atalajes de las bestias y tiraban ellos mismos de la carroza real...y gritaban  vivan las cadenas ...asi que ahora, desde tu montañita de  historiador ade fin de semana , me señalas con tu dedo y dices...¿que te insulto?...¿cuando te he insultado?, solo he dicho lo que es...que eres una historiadora afcionada que borras, modificas y destruyes el trabajo de los historiadores de verdad....y eso hace crecer tu ego imagino.....¿que has conseguido con esto?, que un historidador de VERDAD como soy YO, ya no introduzca articulos sobre muchos otros temas o personajes del s. XIX de los que se MUCHIIIIIIIIIISIMO mas que tú y otros aficionaetes de fin de semana...¿para que?, para que los borres o resumas....asi que animo, sigue escrbiendo cultura para las masas...un saludo cordial",0,0.5783865451812744,1,es
"Hola Cheveri espero que todo marche de maravilla, el motivo de este correo es para ver contigo el caso de este articulo con la finalidad de corregirlo acorde a el lineamiento que me indicaste (punto de vista neutral), creeme que lo que menos busco es quebrantar los lineamientos de wiki, bueno ya lo lei detallada mente y la parte que veo como publicidad es donde menciono las empresas, si borro esa parte crees que ya con eso estará correcto??? Saludos y que tengas buen día. Chuy",0,0.0012120803585276008,0,es
En absoluto fue como dices. Lee las referencias arriba; se obtuvieron de fuentes fiables escritas. Escarlati -   escríbeme   18:07 16 ago 2010 (UTC),0,0.003662622533738613,0,es
"He aprobado el artículo después de realizar algunas correcciones menores. Creo que puede llegar perfectamente a AD, por lo que recomiendo su presentación a CAD. Un saludo y sigue así. Miguel -   ¿Por qué no te callas?   20:18 28 nov 2007 (CET)",0,0.2224031686782837,0,es
El evento inicia el 21 de Mayo y finaliza el 1 de Junio.Yamil ,0,0.00047873263247311115,0,es
"Hola Ontzak, estuve trabajando en el artículo de Juan Octavio Prenz. Le sumé referencias sobre los premios recibidos por su trabajo literario y también lo Wikifiqué un poco. Creo que su trayectoria es de relevancia como para que el artículo se sostenga, pero me gustaría que lo vieras y me dijeras si te parece, o si si considerás que debemos trabajar en algo puntual sobre el mismo. Saludos! ",0,0.00034455364220775664,0,es
"Listo, si entendí, gracias por todo, realmente me da mucha alegría este breve contacto contigo.",0,0.0009845091262832284,0,es
" Homenaje en Silverstone a los 60 años del primer triunfo de Ferrari en la Formula 1 González y Alonso, 60 años después A 60 años de su primer triunfo con Ferrari, Froilán González volvió a subirse a un Fórmula 1 Shell, presente en el reconocimiento de Ferrari a la trayectoria de Froilán González ",0,0.000506341690197587,0,es
"Elimino una referencia genral sobre la revista Teleo, que además está descontextualizada y sin localizar, y que no aporta ninguna información relevante para el artículo.217.216.213.",0,0.00031865324126556516,0,es
Debería separarse la definición de  ciudad difusa  y ya se dicutiría una vez desligada. Respecto a la contraposición terminológica yo abogo por el término  ciudad dispersa  puesto que morfológicamente es más pertinente. El término  difuso  pertenece a campo de la teoría de la localización más que a la morfología urbana.,0,0.000448572332970798,0,es
"Como se puede ir de corrupto por la vida diciendo que se hacen obras de teatro para ensalzar una familia y tú te vanaglorias en ponerte colecciones de artículos buenos, el daño que hagas en esta vida te será multiplicado en la otra. APOCALIPSO",0,0.14343835413455963,0,es
"Al parecer, El Monografico (fanzine gratuito), tiene las constantes vitales algo bajas. Hace unos meses que no sale en papel, y el dominio web esta caducado. Larga vida al simio gráfico!",0,0.0037715614307671785,0,es
"Suena a coña, y lo es, el proleta (Ronaldinho) se carga a su entrenador y veremos si no se carga a su presidente. Mientras tanto gente sobreviviendo con 30 euros al mes.",0,0.9307001233100891,1,es
"¡Hola! Quería saber, ya que tú eres bibliotecario, sí podrías  desproteger  la página Summerland. Por lo que he visto, ha sido protegida por vandalismo, y al crear el nuevo artículo me informó que necesitaba la ayuda de un bibliotecario para así crear la página de manera correcta. ¿Tú puedes hacerlo? Perdón por las molestias, saludos.Shining. Muchísimas gracias, ya me pondré a trabajar. ¡Gracias!Shining.",0,0.0005262608756311238,0,es
"¿Pero qué dices de nazis? Estás haciendote un lío que no es normal. Punk es punk. Nazismo es nazismo. Los punks no luchaban contra X,luchaban contra todo. Discriminar... DISCRIMINAR!? What the fuck!? Pero si ellos eran los discriminados... Luchaban contra todo,porque todos estaban en su contra. El ejemplo más fácil,para que tú lo entiendas: Ramones. Eran feos,no sabian tocar,sus canciones hablaban de tonterias,y de que querian follarse a tias buenorras. ¿Porqué escribian eso? Porqué nunca se las iban a follar. Eran la escoria.  Los que se dedican a destrozar  blablabla. Si,si. Quejaros de los punkis,que destrozan y queman contenedores. Joder,esa era la filosofía punk. Rebelarse. ¿Ahora quién quema contenedores? los niñatos macarras que se pasan el día en al calle. La filosofía punk es historia,ya nadie se puede rebelar contra nada,no jodamos. El punk ha muerto y,por respeto a los muertos,no mancheis su nombre. He dicho.",1,0.98701012134552,1,es
"He corregido algunos añadidos de trolls enfadados. Esto es una enciclopedia. Id a quejaros a un foro, al psicólogo o a vuestro perro, aquí no.",0,0.47872650623321533,0,es
" Moguereño lo será tu gran puta madre hijo de puta!!! llámame eso a la cara si tienes huevos cabronazo de mierda!!! ven a mi casa, que vivo en la casa de mis padres en la calle tomillo numero 19 primero izquierda. de moguer, ven a mi casa y llamame moguereño anda!! échale huevos chaval!! a ver si tienes cojones hijo de puta!!!",1,0.9966249465942383,1,es
"No importa. Te he retirado de la lista. Gracias por tu mensaje y por el ofrecimiento, seguro que ya coincideremos en algún artículo o tema de mantenimiento. Espero no haberte molestado. Un saludo,         06:17 21 jul 2014 (UTC).",0,0.0006346729351207614,0,es
"Hay dos páginas que tengo en mi lista de seguimiento, la de Miguel Ángel y la de Leonardo da Vinci, no porque las haya escrito yo, sino porque he hecho alguna contribución. Pues no sé por qué motivo las biografías de estos dos artistas son repetidamente objeto de lo que no sé si llamar vandalismos porque sólo son tonterías. Pongo ejemplos: La última que he quitado de Leonardo empezaba   IJOS DE PUTA LEONARDO DA VINCI ME ROBO EL CUADRO   y la última que he visto quitada de Miguel Ángel ponía, p.e.   querenmos sexo eso grittaba la hnchada de chabcgo cmuehjkasdgnbaer vmsdzxvjusdbjvsdjkgjkdfhkkfa cljnn sstoo para vo papappsoososfjask   . No sé cuántas veces debe ser objeto de estas tonterías una página para que se la proteja, pero convendría mirarlo y, en su caso, que algún administrador las proteja. Gracias.",1,0.0845443457365036,0,es
La colaboración que se señala es en la campaña del 2006 muy diferente a la genuina de 1979.,0,0.0005098908441141248,0,es
"Se ha renombrado esta cuenta como parte de la finalización de la cuenta de acceso unificada. Si esta cuenta le pertenece, entonces puede ingresar utilizando su nombre de usuario y contraseña anteriores para obtener más información. Si no le gusta el nuevo nombre de la cuenta, puede elegir el que desee con este formulario después de ingresar: . Keegan (WMF) (discusión) 12:04 21 abr 2015 (UTC)",0,0.00030432245694100857,0,es
"Hola, además de lo que te expuse aquí, que te invito a releer con cuidado, te invito a comentar eso del género de la banda en esta página, pero por favor cuida tu redacción para que se entienda (no te ofendas, pero a veces no se te entiende mucho con tu redacción actual), y en lo posible, aporta referencias como de periódicos o revistas que apoyen tu punto de vista sobre el género de la banda. Así otros usuarios lo podrán tener en cuenta a la hora de mencionarlo en el propio artículo. Saludos. ",0,0.0003370340564288199,0,es
"Por lo que veo en las respuestas prececentes, los  NUMEROSOS REPRESORES  en las filas del PNT se reducen únicamente al ex Comisario General Colotto, que no es afiliado del PNT y tampoco fue funcionario de ninguna  dictadura militar  sino del GOBIERNO CONSTITUCIONAL DEL GENERAL PERON, claro,  fascista  para ustedes. Qué falta de argumentos, y cuantas falacias directamente gorilas expuestas por enciclopedistas cuya única fuente informativa parece ser pagina/12!!! Ha quedado en evidencia que lo que publicaron es una flagrante MENTIRA como todo el resto del contenido del artículo. Simplemente quería dejar demostrada y sentada esta cuestión, ya que el autoritarismo y la dictadura  protectora  del artículo impide cualquier otro matiz o debate democrático. Hasta pronto, y les recomiendo que insulten menos y lean un poco más la Constitución Nacional. Roberto Trottamendi, Villa María, Cordoba",0,0.04663073271512985,0,es
"Lo mismo opino, no eres nadie para cerrar una discusión. Si tienes algo más que decir, simplemente dilo. Y por segunda vez, cuidado con el tono.César ",0,0.04767603054642677,0,es
"yo creo que cuando la ignorancia esta de por medio, no hay evolucion, aqui nadie sabe como es esa iglesia, y si supieran como es, seguro no estarian poniendo cosas que ni saben, lo que les aconsejo es que dejen primero ver el punto de vista de Dios, no ese pensamiento caido,ese que solo te destruye, ese hombre de esa iglesia promueve la paz mundial, diganme quien en este mundo lucha tanto por ese proposito, hasta miren ya tiene 90 y poco de años y sigue inssitiendo que el mundo deve de unirse y no seguir con esas guerras inutiles. por que los jovenes lo siguen? por que ven que el es verdadeo en lo que quiere en lo que habla y especialmente en sus obras, miren el trabajo de toda su vida de ahi escriban.",0,0.03269682452082634,0,es
"Hola! veo que estas trabajando en la plantilla de la UNMSM basándote en la de la UdeA, le realice unos leves cambios, primero le quite las categorías ya que la pagina salia en la lista dichas categorías, le quite las escuelas e institutos y le quite el verde ya que es el color institucional de la UdeA, busque en la pagina de la UNMSM y no encontré nada de los colores de la U entonces puse el color azul que sale en la pagina de la UNMSM y supongo es un color institucional. ",0,0.0004303728637751192,0,es
"El video que se menciona de Alan Key, fue un exabrupto chauvinista que exhibe la ignorancia de Alan Key sobre la obra de Dijkstra, y sobre las metodologías formales. Aunque Alan Key formó parte de un equipo muy influyente en la programación orientada a objetos, él no la inventó, simula, fue el pionero en ese paradigma y le ha de doler mucho no poder entender lo que Dijkstra escribió sobre los sistemas concurrentes, El arrogante es Alan Key, no Dijkstra.",0,0.16779327392578125,0,es
"Quien sabe quien fue el animal que puso ocho horas de estar pigiado, el idiota que puso eso fijo le dió a ácidos o quien sabe que para poder estar pigiado ocho horas, la mota solo pigea DOS horas.",1,0.9305136203765869,1,es
"Es un tema demasiado serio como para incluir fotografías ridículas. Un poco de seriedad, por favor. MaríaR.",0,0.5900073647499084,1,es
"Falta agregar que Evo hizo muchos fraudes, tanto para subir a la presidencia (engaño a votar por el a muchos campesinos e indigenas analfabetos) como tambien en la nueva constitucion (cuando  votaron  muchas personas muertas!)",0,0.3049297332763672,0,es
"En la sección donde se indica el presupuesto que se dedica a las fuerzas armadas en México, debe decir 0.9% y no .9%, ésa es la manera correcta de escribir los porcentajes inferiores al 1%. Gracias.",0,0.0005111877107992768,0,es
Es por culpa de la puta playa. ¿Cómo lo hacéis los de la costa? ¡Y este calooooor! ,1,0.9659653306007385,1,es
"Que empieces a editar sobre dos temas, si no pudieras me pasas el yara. Se refiere uno, a  Tayta Wiru , hermosa estampa de la esfera cuaresmera de las comunidades de Chacas. Otro, sobre  San Martín el Papa , patrono fudadador de la parroquia de Chacas. Sigue jalándole la pita al garibaldiano Julio Grillo, pastor de arañas y pavón.",0,0.012486105784773827,0,es
"¿Mostrar genitales para el artículo es pornográfico? Todo depende de como se mire el asunto, si la mente es sucia, todo lo verá sucio y eso bajo el paraguas del monoteismo mesopotámico (judios, cristianos y musulmanes) que durante 2000 años han impuesto una moralina pendenciera. Haztelo mirar mi sufrido amigo. ",0,0.8451263904571533,1,es
" La cuestión es que eliminas personajes que son parte, además muy importante, de la historia de Smallville. El artículo no se refiere a la serie en la actualidad sino a la serie completa en sí misma, es decir, que no estén presentes ahora no significa que haya que eliminarlos del artículo, lo cual por otra parte creo que es obvio ;) 10px|Covi Un saludo, ",0,0.0004078885540366173,0,es
"Veo que te gusta mentir, o bien no sabes lo que significa la palabra  arbitrariamente . No soy como tú, no voy a usar mentiras para aparentar tener razón. Cuando dices  todos la aceptamos menos tú , quieres decir: estamos tú y yo discutiendo sobre el significado de  rapier  y aparecen varios dándole la razón a Alundor... y tu NUNCA reconoces que estoque es más acertado. De repente aparece UNA persona y dice  espada ropera  y tú te pones de su lado (es preferible a seguir defendiendo florete, claro). ¿ÉSO ES TODO EL MUNDO? ¿TÚ? Venga niño, sigue con tus falsas acusaciones, que yo seguiré defendiendo mis valiosas contribuciones. ",0,0.21090228855609894,0,es
"Hola! soy georgina y me parece que los kilomberos son los catolicos de mierda, que siempre arruinan todo; si no see fijaron todos los paises protestantes tienen un muy buen nivel de vida(como eeuu, australia,canada,nueva zelanda, etc.) mientras que la mayoria de los paises catolicos (como mexico, bolivia, peru, cuba,paraguay,etc.) son todos unos muertos de hambre es mejor que los catolicos no se metan porque son re-antiPROGRESISTA, ya que no quieren el uso de los anticonseptivos, y tienen ideas medievales y arcaicas si queremos progresar digamosles FUCK YOU benedicto !!! no queremos tus INFLUENCIAS retrogradas...!!",1,0.9890413880348206,1,es
"¿Bastardilla?¿Pero no se decía cursiva?.Creo que sería mejor poner   cursiva  , en vez de   bastardilla  . Super ",0,0.8814073204994202,1,es
"Hola, por si es de tu interés, he creado la plantilla Si deseas hacer algún comentario puedes hacerlo en esta página Usuario_Discusi%C3%B3n:Mjoseph/Plantilla_Libertad_de_expresi%C3%B3n_en_Wikipedia15px Manuel ",0,0.0004075527540408075,0,es
He visto que has revertido todas la s aportaciones que realicé a este artículo y solo me hablas de una de ellas. No entiendo esa actitud de quitar todo sin por lo menos valorar lo que se ha aportado. Visitante va a tener razón... ,0,0.0004925498506054282,0,es
"Cualquier figura como esta debiera ser intencionada y la referencia a Sofía Mazagatos no es correcta por se debe a la propia ignorancia de esta señora.  Sigo mucho a Vargas LLosa aunque no haya nunca leido una novela suya...  Un buen ejemplo en España es para expresar el enfado de alguien a veces se dice:  SE ENFADÓ MUCHO, SE PUSO COMO UN OBELISCO , sustituyendo a BASILISCO ya que pocos saben como se pone un basilisco e imginando un obelsico enfadado este debe ser un enfado grande...",0,0.2783935070037842,0,es
-La tarta es un pastel muy popular. Cuenta la leyenda de que Mary asesino y comió a miles de personas por que en su cumpleaños no hubo tarta. ¿Y MI TARTA?,0,0.013173152692615986,0,es
"Renuevo mi suplica a que se respete la correccion sobre el termino  esterlingas  ya que es un anglicismo, segun mi criterio mal interpretado hacia la lengua castellana. Busque en los diccionarios ingles-español y no encontre una sola traduccion fiable de la palabra, supongo que habra sido acuñada por el autor. Por tanto desde la perspectiva hispanofona la palabra  oriental  u  hombre del Este  resulta mas adecuada que el termino  esterlinga .EGO.",0,0.0009234871831722558,0,es
Me parece que usted es un soez que busca gresca con todos y si una persona inteligente lo conociera jamas lo indultaría.Usted fisga asuntos que no le interesan.Es un paleto y vil chabacano.Y esto es irrebatible.Sus envelecos no lograron engatuzar a nadie.Hipocrita190.139.149.,1,0.9688016176223755,1,es
"... de dónde los habrán soltao que no das a basto? Ahí te veo escobando. Un saludo, noia, que hace que no te lo doy. ;) Escarlati -   escríbeme   01:38 27 nov 2007 (CET) Es parto difícil. Y de gestación lenta. Así que irá piano piano. Un beso. Escarlati -   escríbeme   01:44 27 nov 2007 (CET)",0,0.21473270654678345,0,es
Coincido con lo dicho por Alelapenya. Espero que esto no te desanime y te aparte de colaborar en el proyecto. Saludos    Tarawa    ,0,0.003027175785973668,0,es
"Gracias Emijrp Ya he arreglado el año de publicación de La barraca, ha quedado en Categoría:Libros de 1898 y también, junto con Categoría:Libros de 1897, en Categoría:Libros de los años 1890. También aparecen en Categoría:Libros del siglo XIX pero en esta página están todos los libros sin categorizar por décadas, creo sería interesante que se pudiera ver cada subcategoría como en Categoría:Libros del siglo XX. Por eso acudo a tu página para pedirte tu opinión. Gracias por tu tiempo y saludos, Antón  (mi discusión)",0,0.0002730991691350937,0,es
En el listado de buques británicos de www.ageofnelson.org no sale ningún  Stanhope  de 1713. Parece que pasa lo mismo con el  Resolution .,0,0.0005213621188886464,0,es
"Oye, maldito hijo de puta, el padre de Eñaut no ha matado a nadie, o sea, que no le llames asesino. Asesino eres tú que metes a todos en el mismo saco, convirtieéndote en culpable de cada muerto. Asesino tú y tu puta España.",1,0.9986588954925537,1,es
"Ya que dicen que no tenía 35 cm., pues cuánto le medía realmente en estado flacido y cuánto en ereccion? salu2",1,0.4087376892566681,0,es
"Sera un articulo destacado pero me parece de verguenza que lo marquen como destacado y alguien se haya dedicado a escribir tonterias,,,",0,0.47548046708106995,0,es
Hey! He visto tus aportes en la página cerca del Zaire. Están realmente buenos y te agradezco tu aporte y te extiendo una invitación por si quieres colaborar con nosotros en el Wikiproyecto acerca de la RDC. Salu2! ,0,0.00045198333100415766,0,es
Veredicto final Aprobado Puntaje Válido por 1 puntos.   Nota: Validación hecha por    Ph03nix1986     .Firmado: ,0,0.0004475052119232714,0,es
"Hola Kizar, gracias por atender mi solicitud ). Miraré esos artículos y los corregiré cuando pueda. Un saludo.   Jcaraballo    20:28 19 jun 2011 (UTC)",0,0.0005038141389377415,0,es
"José, me parece muy buena tu decisión, y estoy de acuerdo que mientras no haya concenso lo ideal es dejarlo según su estándar; en lo que estoy en desacuerdo es que cambies el estándar hace casi dos meses (10 de abril), cuando se estudiaba lo del concenso; argumentando que es un uso incorrecto del idioma cuando en el café se dejó explícito que no lo es. Por lo tanto, ese cambio que hiciste es innecesario y arbitrario, debido a que la razón por la cual lo hiciste es falsa. Vamos a lo que decía arriba,    mientras no haya concenso lo ideal es dejarlo según su estándar   . Y da la casualidad que ese estándar fue cambiado sin alguna razón bien argumentada y sin hacerse público en el sitio donde se discutía.",0,0.0006216383771970868,0,es
"Para que veas lo ridículo y cansino que queda lo que propones: ¿por qué no añades en todos los artículos que enlazan a Londres un paréntesis que diga (oficialmente London)? ¿a qué es absurdo? Pues lo que estás haciendo es idéntico, así que por favor, ya vale.        15:16 17 nov 2014 (UTC)",0,0.3276524543762207,0,es
"No pasa nada. No era lamentable, pero afeaba la página de discusión. Muchas gracias! -) 95.23.14.",0,0.002188740996643901,0,es
"Para mí todas las religiones son sectas, son formas de controlar a la gente y condicionar su visión del mundo justificando que ellos son los únicos poseedores de la verdad. ",0,0.11165215820074081,0,es
"Por favor, no crees artículos autopromocionales o sin relevancia enciclopédica. Gracias ",0,0.0006525748176500201,0,es
"Me pueden decir que es eso de los derechos de autor? Lo que se vive en mi pais no es una obra de teatro, no es una novela, no es un programa de tv ni una pelicula. ES UNA REALIDAD SOCIAL! LA GENTE MUERE CADA DIA A CAUSA DE ESOS CRIMINALES, DECIR QUE HA INFRINGIDO DERECHOS DE AUTOR ES UNA OFENSA, SINO QUITEN EL ARTICULO DE USA, ESTADOS UNIDOS ES DE MR.OBAMA. Les agradeceria que hicieran el artículo, no tiene nada de parcial decir que son asesinos, pues no son humanos y no tienen derecho a opinar, no existen mas posturas que las del pueblo salvadoreño, harto de esta diarrea de sangre. 190.86.19.",1,0.8471652269363403,1,es
"Hola, avise a Dorieo que alguien traslado James Belushi por Jim Belushi y no tengo el botón trasladar, podrás vos, por favor.Quinto Bruto ",0,0.08328177034854889,0,es
"El partido lo jugó la U con 8 hombres, la fuente http i38.tinypic.com/2m4skmp.jpg El árbitro Cesar Pagano estuvo Bien, como lo indica esta ficha http i34.tinypic.com/rk4yeb.jpg Y no es ninguna denuncia  espuria  como usted lo califica. Podría ser tan amable de mover la discusión al lugar correcto para colocar las fuentes a Dierato y que un biblio pueda actuar. Saludos",0,0.0036189851816743612,0,es
"De seguir el discurso, Platonides, habría que añadir sin solución de continuidad   aunque bien fuera posible que los islamistas lo hiceran pensando que, al coincidir las fechas con la simbología de atentados terroristas islamistas anteriores, se pensase que no era posible tal casualidad y que sería atribuido a ETA ...  , etc, etc, etc. Hay que evitarlo o hacerlo, una de dos. ",0,0.01567448116838932,0,es
"Pues qué envidia, oye, que sólo con    imaginar    ya puedas obtener conocimiento. Pobres desgraciados como yo sólo podemos obtener conocimiento tras un arduo esfuerzo de recogida de datos perceptivos y de una elaboración cognitiva posterior. En fin, la fuente es esta: .",0,0.22161485254764557,0,es
"Saludos. Abriendo la página en la referencia, abajo de la foto principal, dice la fecha. Revisaré por si hubo cambios.Alejandro ",0,0.00029238604474812746,0,es
"O me estoy perdiendo algo o este párrafo es vandalismo:  No se considera la voz de Bayley como un ejemplo de voz humana. Pero aún así, su voz es extremadamente grotesca y muy interesante para canciones de torturas o lamentos, y la música de  Predator  se está moviendo cada vez más y más hacia esa dirección, para aprovechar el sonido característico de su ano.  Sugiero su eliminación.",0,0.5786020755767822,1,es
"Querido Enric, tal vez sí que podré incluso contribuir en el artículo si al fin termino esta discusión contigo algún día ;). No era mi intención hacer un ataque personal al hacer referencia a tu supuesto afán censor, pero permíteme que te diga (con la seguramente escasa diplomacia de la que soy capaz), que si fueras menos   guerrero   al escribir párrafos como el segundo de tu anterior mensaje, tendría mucho más difícil el poder criticarte (pues poco menos que me estás poniendo sobre aviso, amigo mío). Hombre, espero que mis referencias a la Gran Enciclopedia Aragonesa y a la Gran Enciclopedia Catalana, aunque poco enciclopédicas, sirvan para convencerte de que las posiciones que defiendo no son sólo mis   «teorías personales»  ... Ese y no otro era el propósito de mencionarlas aquí. )   Take it easy.   Un saludo, ",0,0.004592856392264366,0,es
"Hola: Feliz 2006. Vaya, vaya, al parecer me pasé en el ",0,0.0012854119995608926,0,es
Se trabajará en añadir más enlaces si es que eso es lo que induce a creer que no existe relevancia.,0,0.0005597464041784406,0,es
Gracias por la rapidez en arreglar mi metedura de pata. Intentaré no volver a meter el cuezo con tonterías. Popraka-luna.,0,0.3777439296245575,0,es
"Propongo el renombramiento de este artículo a  Imagenología médica , más acorde con el contenido de la página, y el más usado generalmente. ",0,0.0004213322536088526,0,es
"Hola. He revertido tus últimos cambios en Módulo:Sports table porque, desde que se hicieron, las plantillas no mostraban bien los datos. Salían todos los partidos ganados, empatados, etc a cero. No sé exactamente la razón, pero así era. Un saludo. ",0,0.00037606796831823885,0,es
"el verdadero punk en realidad uno no puede ir de hipocrita llamandose punk o anarkpunk o cualquier otro tipo si no lo es y la verdadera y cruel realidad es que los verdaderos punk son los que hacen la musica los que escribien la musica. bandas de mierda como lo son kudai, allison y nicky clan son una porqueria que se hace llamar punk o algo por el estilo, siendo que son una porqueria. las verdaderas bandas no tocan con grupitos de pop en los conciertos y su musica sus acordes son lo mejor",1,0.9448970556259155,1,es
"Gracias! Espero hacerlo bien. Un gran saludo.  Hola Geom. Algo hice mal . Feminist psychology sigue existiendo como redirección. Me parece que no debería existir en absoluto. Por favor, ¿podrás ver qué pasó? Muchas gracias. Un cordial saludo. ",0,0.0004583823902066797,0,es
"APRENDER A ESCRIBIR Este artículo deja muchísimo que desear, ¿ difuminacion  mundial? (mejor difusión)Jajaja, la ignorancia es la madre del atrevimiento. Ah, y es sólo un ejemplo de los muchos errores que hay. Yo tengo mejores cosas que hacer, así que si hay alguien que le importe un poco este grupo podía ponerse manos a la obra. Seguro que los de RBD se lo agradecen",0,0.015083469450473785,0,es
"Son ganas,,,,, uno totalmente entusiasmado con su artículo para que llegue otro que no se entera de nada y te lo quite, por favor dejar vivir, ganas de joder la pavana, logroñes, como no sabes lo que significa lo buscas en google y en tu biblioteca gracias!!! ",1,0.7362156510353088,1,es
" Curiosamente no hace muchos años que estaba señalizada justo al revés, como , con placas naranjas de autonómica de primer orden pero con nombre -a. Echaré un ojo la próxima vez que vaya a Tres Aguas, pero parece que alguien en la DG de Carreteras de la CAM no se termina de aclarar...",0,0.0007271389476954937,0,es
"Es mentira porque IU su idiologia es verderamente comunismo no puede ser ni socialdemacria ni nada que tenga que ver con la democracia IU no es democratico y de eso ahi prueba eje el comunismo viene de Extrema Izquierda o dicho de otra manera Revolucionaria y los Extremos no son democrata sus idiologias auntenticas son - extrema izquierda, comunismo, republicanismo, ecologismo y ecosocialismo, federalismo, etc. Todo aquello que venga de la izquierda y la ultraizquierda esta es la verdad. ",0,0.003168707247823477,0,es
" Bueno, luego de varios días (y recordando tu expresión de  encaje de bolsillos  xD) logré traspasar todo lo que pude al [artículo de Soledad]. No es perfecto pero debería bastar para que otros valientes se animen a agregar y corregir lo que ya está. Saludos!",0,0.0008182930178008974,0,es
"Es una banda muy muy mala, se la dan de anti-capitalistas y no les sale, jaja son muy malos no saben tocar los instrumentos como se debe, tiene dos guitarras al pedo, por que una no esta, repite siempre los mismos feos acordes tocados en la quinta, jaja, simple ruido de fondo, el Bajo, mejor no omito opinion, la bateria hace dos cosas que siempre se repiten, el vocalista no es la gran cosa, esto es muy malo y quien lo escuche debe sentir vergüenza la banda tiene menos de argentina que Hitler, aguante la carne asada pan, agua y vino toro y pampa! ALMAFUERTE! esa es una banda que hace al Rock Argentino respetable no como estos Shaila.",0,0.44517552852630615,0,es
"Hola Manu, Hay un usuario que borra todos los mensajes que dejo a los bibliotecarios sobre el borrado de un artículo sobre el artista y director de cine Martín Sastre. El artículo ya tuvo una votación por lo que vi y para quienes estudiamos su obra es de suma importancia. Pido disculpas si esta no es la via correcta para avisarte pero me hice un usuario y sistemáticamente el otro usuario borra todo lo que he escrito. Gracias María Inés Yagüe",0,0.00048040508409030735,0,es
"Ya arreglé el sistema de citas. Le agregé una imagen para ilustrar la discusión sobre la cronología. Subí dos versiones, pero no se cual sea la más conveniente. Podrías darle una revisada a al imagen? Gracias! ",0,0.0002742195501923561,0,es
"El comentario entre paréntesis sobre las vacas y el chocolate, me parece a mi o no viene al caso?  (lo que da lugar a que las vacas no den chocolate) ",0,0.0005037618102505803,0,es
de pronto se agacho y me dijo por mi nombre juan de trooya comeme toa la polla y me la comio,1,0.9793521761894226,1,es
"El libro 1984 no es una metáfora del fascismo, sino del totalitarismo sovietico, del comunismo. Por otro lado, Icke no creo que sea tan inculto como para decir que el hipotético gobierno mundial pueda ser de corte fascista, más que nada porque el fascismo es un socialismo autoritario con gran componente nacionalista¿Que nacionalismo hay en un mundo sin naciones? El comunismo es internacionalista y en la practica impone un capitalismo de estado. O Icke es un ignorante o tu no has sido muy imparcial en el tema.",0,0.6265496015548706,1,es
Tu lo que eres es un puto bibliotecario de mierda a mi que cojones me vas a bloquear tu yo puedo blanquear y vandalizar to lo que me salgas de los putos cojones en esta enciclopedia como me llegues a bloquear me voy a enterar de quien coño eres y te voy a rajar de arriba a abajo hijo de puta. Ya lo sabes te voy a seguir insultando y amenazando,1,0.9979616403579712,1,es
"No, con mucho gusto, y no sólo fue en Carolina Rodríguez, sino también la consulta de borrado de Centro Internacional. Saludos. ::::::100 % Bogotano:::::: (A la orden...) 05:18 29 abr 2006 (CEST) De nada =) ",0,0.0008521905983798206,0,es
"Pues en realidad no, mucha falta no hace. Lo que si hace falta es un buen cojín. ",0,0.014441946521401405,0,es
"Yo creo que esa referencia no es adeucada para decidir si es correcta o no la inclusión de Pascual Serrano como representante de la extrema izquierda. El artículo que sirve de referencia básicamente analiza el problema de ediciones asociado a la exclusión de  www.rebelion.org , no a la ideología de Pascual Serrano. No creo que sea aceptable como referencia para afirmar que Pascual Serrano es de extrema izquierda. ",0,0.00037427645293064415,0,es
"Pero tú mismo estás diciendo que el nombre es en portugués por lo que pienso que los españoles deben llamar a esa raya la frontera, que es la palabra que usamos para estas zonas geográficas, de todos modos he estado mirando por internet y he encontrado páginas que hablan de la raya o sea que lo doy por válido, veremos a ver si no salta nadie diciendo lo contrario. Cordial saludo.-",0,0.0004977037897333503,0,es
"== Biografía de un instituto!! Segun Biografía, una biografía es la historia de la vida de una persona. La historia de un instituto no creo que se pueda llamar biografía. Saludos cordiales ",0,0.0005716833984479308,0,es
"Tu sabes tambien quien censuraba, los Nazis, Diegusjaimes, tu eres mejor que un nazis, tu puedes ser libre y leer un libro, esto para ti, y tu lo sabes es un juego, igual para mi, pero yo me expreso como me da la puta gana, las normas de la wiki dicen que tienes que estar callado, como las normas de los militares, te han tomado el pelo, te dejas controlar por drini, cuando fue la ultima vez que dijiste algo genuino, cuando fue la ultima vez que escribiste algo de verdad con tu sangre como dice Nietzche. Hay Diesgus, se libre, declara tu libertad y deja esta mierda, este forum que no sirve para nada sino para leer sobre pokemon...",0,0.9370065927505493,1,es
"En fin, aquí otro ejemplo. Como el artículo Fútbol trata    exclusivamente    del Fútbol asociación, habría que hacer el traslado correspondiente y hacer que Fútbol (homonimia) se traslade a Fútbol. Pues no, WP:CT no lo permite porque el fútbol asociación es mucho más frecuente e importante que los otros y por lo tanto recibe el título de «Fútbol». Es entendible tu posición, pero hay que respetar la política, sobretodo cuando estamos ante un AB. Estamos ante un dilema que, insisto, no hay que tratar aquí. Michael Scott >>> 20:01 26 feb 2009 (UTC)",0,0.0005188491777516901,0,es
"He vuelto a borrar el texto por ser autopromocional. Para más información, lea Wikipeda:Autopromoción y mi página de preguntas frecuentes. ",0,0.0012114869896322489,0,es
"Si tienes idea de que vuelven a editar la vanidad esa que tu y yo sabemos, me avisas, por favor. Gracias Lourdes, mensajes ",0,0.0017201458103954792,0,es
"Veo que sigues empecinado en Tzipi Livni. Pues bien, hasta que no aprendas a escribir bien y sin sesgo voy a estar revirtiendo tus aportes. Tú decides si al final voy a tener que proteger el artículo o bloquearte a ti. ",0,0.05403457209467888,0,es
"Se ha discutido mucho, y todo han sido argumentos ad-hominem y largas reflexiones fuera de tema. A partir de este momento sólo debato argumentos sostenibles. ",0,0.00040309151518158615,0,es
"hola, soy Edilla, tengo varios IP, y como me bloqueaste me he puesto con otra como Edilla2, yo creo que 24 horas ya son justar para un bloqueo, simplemente por decir que el maricon, gay u homosexual como quieras llamar es una persena enferma, si bien eso es verdad, ya que varios expertos psiquiatras dicen que los  gay  cuando eran niños o fueron marginados o maltratados, osea trastornados,y el trastorno es enfermedad, pues bien, dicho esto ¿me desbloqueas o no?, lo justo es que fuera que si, pero bueno, lo que tu quieras, se que me puedo registrar con los nicks e IPs que quiera, pero yo quiero la mia original, saludos.",0,0.7322766184806824,1,es
eso se trata como la verda porque el mono se cumple el cuerp que nosotro tenemois y aya se tracta la teoria que nosotro eramos ante de loa teoria,0,0.018469126895070076,0,es
   Hasta ahora: (0-0)    Propuesto por  Plazo de votación (14 días) del 19 de septiembre al (editar) Categoría (editar) Motivación (editar) Redactor(es) (editar)   Tu voto a favor     Tu voto en contra   Comentarios,0,0.0004988384316675365,0,es
Por qué borran mis aportaciones? para que no quede patente la falsedad del señor Trujillo? Esto es un auténtica verguenza.,0,0.44652891159057617,0,es
"Si se hablara objetivamente, dragonforce no seria una banda de power metal, seria una melodic speed metal al igual que helloween, stratovarius y sonata artica, pero bueno. hace falta ser ignorantes.",1,0.6880484223365784,1,es
...por tu nombramiento como bibliotecario. (es que recien pasé por la votacion y vi que habia terminado). Saludos cordiales. ,0,0.000542264839168638,0,es
¿Viendo hacia el sur? ¿En qué kilómetraje de la vía está la estación - (debe ser algo así como km xxx+n00)? ,0,0.0006392185459844768,0,es
"El artículo refleja lo que dicen las fuentes, que el molinillo fue inventado en México por los españoles y más abajo, en el apartado historia, señala: [..] un hecho es que llegó a Europa y al resto del mundo procedente de México. El uso del molinillo se extendió no solo a España, sino a varios países más y ya viene explicado en el apartado correspondiente, como debe ser. Haga favor de no volver a revertirme sin argumentar porque «su frase» tiene que estar en la introducción. Además, es una falta a las políticas revertir en repetidas ocasiones, aunque lo haga como Ip.",0,0.0004567632859107107,0,es
"Tienes mucha razón. Cuando hizo la lista de páginas que iba a editar, solamente le di un vistazo somero, no se puede decir que la haya leído. Simplemente le di la orden de corregirlas a todas. Ya revertí todas las ediciones en las discusiones y el espacio Usuario. Muchas gracias por el aviso, fue un descuido que intentaré que no se repita. Saludos, Metrónomo s   truth of the day  : «Lo hizo el presidente» no es una excusa. 02:53 14 jun 2013 (UTC)",0,0.0006269534933380783,0,es
"REMEMBER: A diario mueren 35.000 personas de hambre en el mundo,ja,ja. Lo mas importante es que Pepito mata a su madre a puñaladas,eso si es noticia Recuerda:la mayoria de los dirigentes politicos (sobre todo en España )proceden de la abogacia,asi nos luce el pelo,me gustaria que alguna prensa tocase ese tema,alucinariamos. Recuerda:poder legislativo y judicial la misma cosa,jo Recuerda:al administrador de cualquier finca,le exigimos valia y resultados,ademas de tener ciertos titulos que lo capaciten al admistrador de España le basta un titulito de abogado Bueno paro por hoy P.D.me encantaria conocer el indice intelectual del rey",0,0.03884103521704674,0,es
Patetico es hablar asi de los argentinos.. nadie cruzo el rio para mirarlos.. la banda cruzo el rio y se mojo para qe le miraran,0,0.8519162535667419,1,es
"Se eliminan tres opiniones sobre Gurdjieff porque no aportan datos objetivos sobre él. En el texto ya se ha dicho anteriormente que la figura de Gurdjieff provoca discusión, y que unos le consideran un maestro carismático y otros un charlatán ególatra.",0,0.03724702075123787,0,es
"....... ni puto caso ........ deshace los cambios que hago, sin explicar por qué. Me manda un mensaje hecho en plantilla. Me recuerda a los contestadores del 905. Habeis desarrollado una burrocracia cojonuda. Anda y que os den, frikipedios.",1,0.7833316922187805,1,es
"A Deadpool Fox se lo folla cuando quiere, en teoría le cosen la boca y lo matan en X-Men, pero luego le sacan una maldita peli, eso se llama fidelidad.",1,0.9644684195518494,1,es
"Angus La consecuencia es que a partir de ahora cualquiera puede abrir una DECAB y cualquiera puede avalarla sin decir motivo (o bien diciendo un disparate si lo prefiere). En consecuencia en cualquier momento en cualquier esquina se juntan media docena y la lían parda. Pero por mor de ecuanimidad, también te digo que ahora me doy cuenta que Alfredobi tiene parte de razón porque cabe la pregunta  ¿y qué?  que él nos formula tan enfáticamente. Reconozco que estoy emocionalmente escandalizado por la ligereza con que se le está haciendo esto a Sanbec y por tanto no puedo descartar que mi juicio esté condicionado. Así que confieso que no puedo afirmar de manera tajante que mi idea de aquí termina el enciclopedismo y empieza el caos, no sea un mero apriorismo inventado para intentar evitar la escena de ver a la multitud arrancándole los botones.",0,0.011956658214330673,0,es
"Está bien, ya te has divertido un ratito pero por favor no sigas porque nos haces perder un tiempo tonto que nos gustaría emplear en otras ediciones. Saludos Lourdes, mensajes ",0,0.10887253284454346,0,es
"Buen día. No conozco la razón por la cual fueron borrados los enlaces de  Comunidades de Aficionados , pero en una sección bajo ese título, ¿qué otra cosa esperaban? Yo visitaba regularmente y trataba de mantener los enlaces en orden alfabético y estoy seguro de que, por lo menos la mitad de ellos, daban información adicional. Disculpen la intromisión. Sr. Ojeda; Noviembre 15, 2005.",0,0.00028196335188113153,0,es
Hola Ayudante. Lo primero darte las gracias por el trabajo que hiciste en el wikiproyecto. Ha quedado muy bien. Ya se que andas muy liado (he visto lo de Acad). Pero en cualquier caso no me resisto a pedirte que mejores en la medida que puedas o tengas tiempo Primera Guerra Mundial. Seguramente en las actuales circunstancias eres con diferencia el más idóneo para hacerlo. Poco a poco. O como consideres. Quizás involucrando también a otros. Solo si te es posible. Pero tu sabes que está allí pendiente desde hace mucho. Y lo que es más importante es lo más importante y lo demás debería estar en segundo plano. Otra cosa. También puedes intentar involucrar a otros en la redacción de los más visitados y dar los premios que consideres. Estoy seguro que desde tu puesto de Acad conoces quienes son en este momento nuestros primeros espadas y podrías intentar tirar de ellos para mejorar los más visitados. Un abrazo y gracias por todo lo que haces.Niplos-disc. 16:03 30 nov 2016 (UTC),0,0.0011335620656609535,0,es
"El ejemplo de los 30 años tiene un evidente componente de exageración. Pero, ¿sería tan claro que se trata de un abuso si se impone un bloqueo por dos años? Creo que hay que poner un límite. Hay que confiar en el sentido común, por supuesto, pero dicha confianza no debe ser ilimitada.",0,0.000511147256474942,0,es
"Quiero que sepas que para escribir ex cátedra como haces en la página de discusión de la ortografía española, primero deberías saber algo de ortografía, porque  álbum  lleva tilde. Y cuando pones  álbun  para referirte a la pronunciación figurada de la palabra, por qué le pones acento si es palabra llana terminada en ene? Listo, que eres un listo. No eres pedante, eres gilipollas. Suso de la ",0,0.9699217677116394,1,es
"¿Te has equivocado aquí al poner el enlace, o es que no has empezado con ella? (Creí entender que ya tenías algo, y por eso pregunto, nada más). Un saludo ",0,0.0006275626947171986,0,es
"Bahhh, todo el día discutiendo, como no tengo tiempo de editar mucho en artículos (que lleva su tiempo), miraba la lista de seguimiento y cada vez me habían lanzado otro derechazo, jaja. Si fuesen golpes de verdad ahora tendría la cara como el hombre elefante, y el pobre Link también, jeje. Me voy a sacar al perro y a dormir. Mañana quiero dedicarme a editar y pasar de estas discusiones que a ningún lado llevan, ¿has visto cómo han desviado el tema, simplemente para que muera el hilo? Ahora dice Egaida que habría que archivarlo, ¡pues por encima de mi cadáver! Bueno, me voy a descansar. Un beso.",0,0.16926150023937225,0,es
"Miedo me da el Leonudio, que vota a favor de Hazteoir.org y en contra de gaydar.com... Esperemos que impere la lógica wikipedista... ",0,0.009609270840883255,0,es
"Hola, Pertile. Tengo dudas respecto a . ¿No debería permanecer la plantilla por precisamente una localidad argentina?    Ralgisdisc    20:51 13 jul 2012 (UTC)",0,0.0007795548299327493,0,es
"la historia de los jabones judios entonces es un mito o es real? por q al principio dicen q es real y al final q es falso, entonces como es la cosa?",0,0.01556562539190054,0,es
"Genial! Por cierto, cómo vamos a valorar, de 1 a 10 o tienen otro puntaje.—   Taichi    - (*) 23:46 24 oct 2007 (CEST)",0,0.0009449373465031385,0,es
"Según este artículo San Martín era un mason: MASONES ILUSTRES ARGENTINOS, hasta un grupo masonico de Mendoza le hizo esta web: Logia San Martín. Además según el historiador Felipe Pigna cuando produjo el documental  Algo habrán hecho  tambien lo describió como un mason. 04:51 29 nov 2007 (CET)",0,0.003250619862228632,0,es
Hay mamita o papitoo hubieras puesto una foto mejor de mi Robert oh sea es decir no te has visto Luna Nueva ahora hay fotos sin camisa y mas bonnniiitooo.....(de lo que ya esss) Y para los envidiosos el que diga que Robert Pattison es decir mi robert no esta buuuurdaaa de buuuenoooo es o porque no se vio la saga de Crepusculo o essstaaaa buuurrrrddddaaaaa de ENVIDIOSO asi que por favor agarrenlo con dignidaad.... P.D. Si lo borras es porque eres hombrreee y essttaaas buurddaaa de envidioso UUUUUPPPSSSS...... que oso!!!,0,0.828748881816864,1,es
yo la voy a seguir poniendo la foto así que no jodas no la borres si es el campeonato acutual sino anda a jodas a otra pagina no jodas aca,1,0.9924389123916626,1,es
"  Totalmente de acuerdo con el comentario; Bush es un completo ignorante, únicamente se reunió con Hampton porque su personal le arregló la aparición. Un músico de la talla de Lionel Hampton no merece que en la página dedicada a él, aparezca al más ignominioso presidente norteamericano de todos   amclaussen",0,0.6593623161315918,1,es
   PUTOOOOO !!!!! MALATENDIDO !!!!! Anda a cuidar a tu mujer que la estan FOLLANDO 4 negros en tu casa GAY DE MIERDA !!!   ,1,0.9978764057159424,1,es
Encontré una página donde figura Titulares 13 como antecesor de Telenoche. Se emitió entre el  89 y el  92 y reemplazó a Buenas noches Argentina (1980-89). http://teleretrotv.blogspot.com/2010_08_01_archive.html ,0,0.00033584219636395574,0,es
 es que soy nuevo aqui y no entiendo la mecanica de la pagina les agradeceria si aceptan mis disculpas desde ya muchas gracias por el servicio gatos gays,0,0.31709524989128113,0,es
"chavez esta loco lo que le hace es un mal al pais, tiene sus cosas buenas pero escasas, ese es un mala conducta de la vida hay que matarlo",1,0.9884843230247498,1,es
hay sientas cosas sobre esas animales de sexo siferente al masculino lo que hay q hacer es meter suvir y bajar ponerla ne cuatro perr,0,0.9114338159561157,1,es
" En cuanto a cómo liberar contenido de una web personal, prueba a leer esto. No tengo mucha idea de html pero quizás baste que pegar por alguna parte de su web lo siguiente: ¡Un saludo!—",0,0.0006356136291287839,0,es
"Estimado Kurrop. ¿Me quieres explicar porque has puesto wikificar en Arco de los Gigantes, por ejemplo? ¿Porque consideras que es incorrecta esa presentación?. ¿Acaso no está estructurado, no se lee bien? (  ¡No hay que abusar de ese icono, por favor!  ). Un saludo, ",0,0.0005913881468586624,0,es
"Yo hablo con los dueños del circo, no con payasos como usted.38.132.120. Hazte así, que te has dejado algo de carmín en la cara.",0,0.9369037747383118,1,es
"Estimado Usuario Me-109-cito: Durante las Horas 12:00 o 1:09 Usted estaba escribiendo comentarios en paginas de Usuarios de este centro, en especial la del Usuario Jannsey , ahi le rogamos que no prosiga con esos comentarios ya que la gramatica es virtualmente respetada aqui, le agradeceria la colaboracion , se despide El Administrador xDDDD Que no coño que soy yo jajajajaja soy Jannsey, de seguro te cagastes cuando lo viste jajajajaja , por cierto ya hable con Diosa..jajajajajjaa perdona es que todavia me acuerdo de el mensage de arriba xDDDD como sea te quiero hermano a y recuerda que tu pura que trafica serera o como se escriba por la ventana del baño...ojala que no me blokeen a mi por estar comiento tanta basura ",1,0.9405771493911743,1,es
"Por Dios, un blog de un tipo que convierte en dogma sus propios criterios arquitectónicos, que se inventa cifras a su gusto y que además demuestra una profunda ignorancia sobre arquitectura con aseveraciones que rozan el ridículo; el blog de un auténtico   freak  , y lo coloca como información en una página que lee cualquiera que entre a informarse sobre el Centro histórico de Málaga ¿Usted a qué se dedica a informar o a desinformar? Busque referencias fiables o elimine la información, si no lo hace buscaré un mediador. Saludos. ",1,0.17216072976589203,0,es
Como hace de falta don ramon.. 22 años desde que murio y me rio igual de las tonterias de el viejo...,0,0.49244359135627747,0,es
"Compañero, muchas gracias por tu aporte a ese artículo. Verdaderamente quité ese fragmento más por lo que podría afectar por su vulgaridad a un tema tan delicado que por convición de que esa fuera la acción correcta. Tu aporte es objetivo, como idealmente se planteó que una enciclopedia debería ser. ",0,0.0005750664859078825,0,es
"Hola, Coherencia Creativa. Gracias por su rápida gestión a las recomendaciones. Ahora solo cabe esperar, el proceso de renombrado tarda dependiendo el número de ediciones del usuario y la cantidad de solicitudes que hayan en cola. ¡Saludos!. 15px|link=|alt=Psicólogo J☮AN | ¿Conversamos? 22:18 28 mar 2018 (UTC)",0,0.0004770771774929017,0,es
"Quería preguntar por qué se trasladó Gonzalo Rodríguez a Gonzalo Rodríguez (futbolista)? Si viera que en la página de desambiguación hay varios con el mismo nombre lo entendería pero solo hay uno, además del futbolista, y tiene su link rojo. Contestá en Discusión:Gonzalo Rodríguez (futbolista) por favor. Un saludo. ",0,0.00033532583620399237,0,es
"Gracias por tu apoyo. Es bueno saber que tu trabajo es apreciado. FAR, (Para dejarme un mensaje) 12:58 22 may, 2005 (CEST)",0,0.0007109443540684879,0,es
"NUNO todos sabemos que sos gallina, y por lo tanto, contas todo para tu equipo... es bien sabido que tu cuadro experto en abandonos, jugo 2 torneos fuera de la AUF, que hoy en dia los cuenten como uruguayos es igual que siempre...humo y mas humo....",0,0.21234311163425446,0,es
"Hola, yo no puedo ver el contenido que tú no has guardado, como es el de ese enlace que me pones. Si deseas mostrar un texto para evaluar si procede pasarlo a artículo, puedes crearlo en Usuario:Morvotron/Taller, que es tu zona de pruebas personal. Sobre la persona del artículo, te comento que fue borrado varias veces por la insistencia de crearlo sin fuentes fiables que demostraran su relevancia, solo un blog y un sitio web sin importancia, pero no diarios, libros o revistas que hablaran de ella. Saludos. ",0,0.00046123351785354316,0,es
"Se ha renombrado esta cuenta como parte de la finalización de la cuenta de acceso unificada. Si esta cuenta le pertenece, entonces puede ingresar utilizando su nombre de usuario y contraseña anteriores para obtener más información. Si no le gusta el nuevo nombre de la cuenta, puede elegir el que desee con este formulario después de ingresar: . Keegan (WMF) (discusión) 08:44 21 abr 2015 (UTC)",0,0.00030649808468297124,0,es
Chupar el Escroto muchos se preguntan lo que significa y el significado es: Accion de chupar el escroto el cual se puede usar en una oración como es: Al weonzalo le gusta chupar el escroto,1,0.9820582270622253,1,es
"Pues entonces empezamos con los escritores?? pero tendremos que crear las categorías de escritoras lesbianas y escritores gays, e incluírlas dentro de categoría de Escritores LGTB no? y ya de ahí empezar a listar los miles de artículos... los que escribieran sobre temática LGTB sin serlo pueden dejarse sueltos en Escritores LGTB, o les creamos una categoría específica: Escritores sobre temática LGTB. Ah! y cada artículo iría incluído en 2 categorías: en el caso de Mercedes de Acosta por ejemplo, iría categorizada dentro de Escritoras lesbianas y Lesbianas o ¿esta última sobra? Tú decides!    Chuck Norris    Cuéntamelo ",0,0.0387171246111393,0,es
"Yo tuerzo mi brazo, 30 y 4 me parecen números muy razonables. de 30 y 4. ",0,0.0025512303691357374,0,es
"La cantidad de hispanohablantes en Francia se expresa para 2006, en la tabla anexa correspondiente a Europa, y el cuadro versa sobre  los hispanohablantes en países donde el español no es lengua oficial , por ende debemos suponer que la estadística contempla hispanoparlantes de lengua materna, segunda lengua y lengua extranjera; la cantidad para Francia rebasa los 302,000 hispanohablantes. Usuario:Reynaldo Villegas Peña 25px mensajes  Pues no lo veo lógico. En estas tablas deberían aparecer sólo los hablantes nativos (como pone en el texto). Suso de la ",0,0.000259371823631227,0,es
"Llevo observándote... semanas o meses (ya ni me acuerdo) para ver qué fechorías de las tuyas haces cada día. Me he dado cuenta que casi nunca tienes iniciativa propia, siempre andas corrigiendo a los demás (la mayoría de las veces, sin motivos, sólo por el placer que te causa molestar o llevar la contraria a los demás), en vez de dedicarte a lo tuyo. ¿Por qué no te pones a crear artículos sobre las cientos de pedanías que faltan por hacer en Granada? Sería mucho más útil que molestar al personal. A mí me molestas, y mucho. Cada vez que leo  Macu  nosequé, 1º me acuerdo de la Macu de Aída (no sé por qué), y luego no puedo evitar resoplar cuando veo la clase de pollada has revertido. Es como pretender llamar a la sierra de la Contraviesa    Sierra Contraviesa   . ¡¿Para ti la Sierra de Cazorla, Segura y Las Villas se llama    Sierra Cazorla, Segura, Villas   ?! jejej Vete a dar la brasa a otro, por favor. 79.156.52.",0,0.2675515115261078,0,es
"A mi personalmente me gustaría la del H de P de Nicanor Costa Méndez, que además aparece en varios artículos por razones obvias. ",0,0.0004641101695597172,0,es
"Hola Amadís. Te escribo para aclarar los enlaces externos de  Nuria Fergó . Después de leer las normas, creo que tienes razón en la observación que nos haces, pero igualmente creo que es perfectamente correcto dejar el enlace según hemos vuelto a ponerlo ahora y está en estos momentos. Confío en que compartas nuestra opinión. Un saludo.",0,0.0005834620096720755,0,es
Es importante para el buen desarroyo de los burros y las mulas etc. para que el que esta leyendo esto se aprenda a acer la paja.,1,0.11486276984214783,0,es
"Pues bien, con toda razón fue destruido. En lo personal me parece que no era más que un ensayo. ¡Bendiciones!    Snakeyes -          ¿qué ondas?       03:40 6 feb 2008 (UTC)",0,0.0050825318321585655,0,es
"El amarillo es el color de la bilis, de la amargura, de los engaños, los falsos, los mentirosos ect ect",1,0.564164936542511,1,es
"A mí también me alegra que queden reflejadas, Petronas. Son colaboraciones de datos contrastables hechas de buena fe. Estoy muy orgulloso con ellas. ",0,0.0006584535585716367,0,es
"Soy un chico que intenta realizar una biografía a un idolo personal la cual intento cumplir todas las reglas pero por razones raras no entiendo por que lo eliminan, solo me aparece borrado rapido no se si podrias ayudarme.",0,0.0014123597647994757,0,es
"¡Gracias! Ahora mismo lo anoto. Con respecto a los limones, ahora se me ha dado por pensar si no será mejor un artículo extenso sobre limas y limones, mejor que uno separado para cada fruta. Hacemos una consulta lingüística, como la de manteca o crema de leche, y vemos que vamos sacando. ¿Qué te parece? Un saludo, Taragüí @ 12:54 11 feb 2006 (CET)",0,0.0005084208096377552,0,es
"Enhorabuena, pero de momento voy muy apurado con las ediciones que tengo asignado por mi mismo y a no ser que alguien me ayude en la edición todavía pendiente del Wikiproyecto:Naciones Unidas no tendré tiempo para tu wikiproyecto, de todas maneras me inscribo, que es lo que hago con mis interesados por si en alguna temporada de mis colaboraciones puedo colaborar. Suerte:    Raúl Cin       Comunicarme aquí         Sverige for España      -      example of hope for freedom...      18:44 26 feb 2013 (UTC)",0,0.00041361228795722127,0,es
Muchas gracias compañero por tu aliento! Siempre quedan dudas si esto que uno hace será realmente bueno... y todavía tengo que trabajar en este artículo. Ahora necesito uno de esos premios que los wikipedistas dan para comenzar mi vitrina!!!! Fue una bromita y no un lance... saludos cordiales desde la Argentina ,0,0.001163168577477336,0,es
"¿Que usted es un intelectual 100%, dice? ¡Qué arrogante, vanidoso y petulante! ¿Se da cuenta de cómo escribe? Si lo hiciera, no diría esas cosas. Baje sus humos y no de pie al   spam   escribiendo direcciones de correo electrónico ni de páginas... Sin embargo, estoy a favor de lo que opina respecto a este artículo. Una cosa no quita la otra. El título está bien. ",1,0.9073605537414551,1,es
"Se ha renombrado esta cuenta como parte de la finalización de la cuenta de acceso unificada. Si esta cuenta le pertenece, entonces puede ingresar utilizando su nombre de usuario y contraseña anteriores para obtener más información. Si no le gusta el nuevo nombre de la cuenta, puede elegir el que desee con este formulario después de ingresar: . Keegan (WMF) (discusión) 09:10 21 abr 2015 (UTC)",0,0.0003040982410311699,0,es
"Dé la cara y explíquese, me gustaría conocer quién es el burrócrata que me ha censurado dos artículos documentados,  José Antonio abierto al diálogo con la izquierda  y  José Antonio contra la guerra civil .Tan documentados que los testimonios provienen de adversarios políticos, que lo han hecho públicamente; claro, no se puede tolerar que se desmonte con argumentos tan contrastados esa visión sectaria que a toda costa quiere hacer de José Antonio, simplemente un personaje aborrecible al frente de una banda de matones. ",0,0.5510901212692261,1,es
"Al ver el título  Historia de Guatemala  imaginé encontrar más información sobre la Cultura Maya,pero mi sorpresa es que no, cuando nuestra historia prehispánica es una de las más ricas e interesantes del mundo. — El comentario anterior sin firmar es obra de . (21:51 26 abr 2009)",0,0.0002224912168458104,0,es
"En todas las fechas de los días 200 a 299 hay un GRAN error. Está mal siempre el número ordinal del día. El ordinal del 200 es ducentésimo y ha puesto en Todos los días BICENTÉSIMO. Imagino que se han confundido por tanto BICENTENARIO festejado últimamente, pero ESTA MAL y no sé como corregir todos los días. Son 100 nada más, pero no puedo dedicarme a hacerlo. espero que alguien pueda resolverlo.",0,0.004455692134797573,0,es
"¡Hola! ¿Cómo estás =)? ¿Me podrías hacer un favor? Me gustaría tener el logo de este artículo, ya que, viendo aquí, donde están todas las portadas de la cantante, no se encuentran. Te lo agradezco de antemano ). ¡Saludos cordiales! • MADONNA • 15:16 17 jul 2014 (UTC)",0,0.0007180010434240103,0,es
"Muchas gracias por sumarte! Vi que el artículo que decía sin relevancia, la verdad que en la redacción yo lo veo relevante. También te cuento que el Usuario:Gonce también es comodorense, así que cualquier temita de allí, ponete en contacto con el, que siempre está aportando muy bien. Yo estos días no he estado conectado, y anteriormente estube trabajando mucho en el Wikiproyecto:Islas del Atlántico Sur, ahora veo que hace falta en el de Patagonia. Saludos! 25px Gastón ",0,0.00037195978802628815,0,es
"...creo que no entendés mucho todavía: si encontrás páginas con «10 o 12 palabras» podes colaborar poniendole la plantilla , pero que existan y nadie las haya encontrado, no justifica en forma alguna defender un texto como:    Página que reflejará la historia y la actualidad de la Sociedad Española de Socorros Mutuos y Centro Español Cultural y Deportivo - Rafaela    , que es todo lo que yo borré el día 8/02/2008.- Por otro lado, es poco agradable decir  gracias  cuando se nota que se quiere decir otra cosa. De todas maneras, tenés los enlaces de ayuda y nuestra disposición para evacuar consultas. Eso si, disposicion para discutir no tenemos. ",0,0.0003508377121761441,0,es
Hola Netito: hace un mes no uso mi cuenta de usuario. Ne se lo que está pasando: Gracias90lop (discusión) 18:35 12 jul ,0,0.0016852226108312607,0,es
"bueno.aprobecho a decir..a reee xD me llamo mely, tngo 3 hermanoss..(laila,  Pinocho xD .i mi her la morocha estupida de melyy xD), weeexD un bso me voii:P",1,0.38193556666374207,0,es
"Es cierto, pudes fumar lo que quieras. Empero TIENES QUE RESPETAR A LOS DEMAS, PUESTO QUE TU ESRES EL DEMAS DE LOS DEMAS; no debes fumar en lugares donde esten niños, mujeres embarazadas y ancianos. EL REPSETO AL DERECHO (a no respirar el humo de tabaco si no lo desaen) AJENO ES LA PAZ. Yo soy fumador, un vicioso del tabaco. YO no considero que el tabaquismo seas una enfermedad puesto que dista mucha de la definicionm de esta, respeto a los demas no fumando en lugares publicos y cerrados, el humo de tabaco es muy dañino y si YO he decidido hacerme daño no tengo por que involucrar a los demas. Esto es un acto de civilismo y es intolerante cuando estas parado y un tarado viene junto a ti y prende un cigarrillo y su actitiud es de total ignarancia asi tu persona. (nota por: Juan Pablo Garcia e-mail: gcialeyvajp@prodigy.net.mx)",0,0.05232224613428116,0,es
"thumb|left|Con mis mejores deseos para 2016: un «árbol de navidad geológico». Formación de tobas en el Cañón del Sumidero (Chiapas, México) ",0,0.0007040391792543232,0,es
"Mucho gusto en saludarte. También vandalizaron mi página y muchas otras; hay gente que le sobra el tiempo para hacer bobadas. Lourdes, mensajes ",0,0.21488060057163239,0,es
"Entonces tampoco deberían tener cabida en la Wikipeida Rosendo, Ramoncín, Los Suaves, Siniestro Total y otra clase de gentuza que, con sus guitarrazos, no hacen gran favor a la  música  de conservatorio que pareces defender... ¡Ah, claro! ¡Esos sí! Porque, aunque al lado de los clásicos sean igual de patéticos que Chimo Bayo, son progres y hay que fomentarlos.",1,0.2650747299194336,0,es
Estas bien paraso era lo que corregiste (aun la transferncia a Boca no esta echa) y arriba de esa tabla dice  Loco Castro)Aldo Cazzulino ,0,0.5007330775260925,1,es
" ¿Y cómo es que usted no tiene fuerza para aceptar la verdad y prefiere seguir siendo el paladín, motivo de elogio, de los ignorantes? ",0,0.9199855923652649,1,es
" Pues lo siento pero sigo pensado que la  corrección  que realizas es totalmente irrelevante, sea a nivel de país o cualquier otro ámbito geográfico. Lo que te tienes que preguntar es, si escoges un visitante del mundo entero, al azar, cuál es la probabilidad de que estén buscando el periódico ABC publicado en España o el periódico ABC publicado en otro país hispanohablante. Si sinceramente piensas que esto no tiene nada que ver con el número absoluto de vistas o el número de interwikis, pues para ti la perra gorda (aunque eso no quita que el traslado sea innecesario puesto que , a día de hoy, ni siquiera hay ambigüedad). ",0,0.5164382457733154,1,es
"Gustavo, perdona la tardanza, es que estoy de acá para allá sin parar -) Mil felicidades y ya sabes, por aquí nos vemos. ¿Muchos regalitos? Un abrazo Lourdes, mensajes ",0,0.0015707412967458367,0,es
"Deja de esar estas cosas Foundling, ya nadie te quiere, nunca voy a ser tu amigo,. No eres cristiano, y nunca obedeces a Dios, y SI sigues ASI, nunca vas a llegar al Cielo, mi nombre es Diego Soto, y yo tengo 14 años, y eh visto muchas personas en YouTube que han regristado en el año 2005, 3 años atras de tu año de regristacion (2008). ",0,0.021797768771648407,0,es
"Estimado Edmenb, Cómo estás, tanto tiempo... Te envié un mensaje por e@mail. Un abrazo, y gracias! Titus ",0,0.0015236109029501677,0,es
"El término proviene del Inglés Heritage interpretation, donde el concepto que va en mayúscula es Heritage que setraduc como Patrimonio para esta práctica (los sinónimos herencia etc, no se usan junto a Interpretación). El concepto es Interpretación del Patrimonio, donde Patrimonio no es un adjetivo de Interpretación, por lo que no debe ir en minúscula.",0,0.00032978152739815414,0,es
"Trato de hallar la solución al problema del ancho (ni revirtiendo sirvió ), ahí veremos que se hace... Who? What? Where?@ 21:46 25 mar 2007 (CEST)",0,0.0008189541404135525,0,es
"Ignacio Mantilla no es ningún filósofo, es más creo que ha escrito tres cosas en toda su vida académica. Él es un burócrata colombiano que ha pasado por todos los cargos habidos y por haber en la Universidad Nacional de Colombia, así que es una vergüenza que aparezca en esta selecta lista de pensadores de nuestro país",0,0.10977348685264587,0,es
"Qué patetismo, dios mío. No sabéis ni cómo se llamaba el escritor, que por cierto ES DE MI CIUDAD, donde no hay polémica en torno a la unidad de la lengua (todos los intoxicadores venís de la capital, donde no ha habido miramientos a la hora de hablar a los hijos en castellano). Es Joan Roís de Corella.",0,0.5346037745475769,1,es
"TÚ SI QUE ERES TRISTE Y PATÉTICO CHAVAL, SI NO TE GUSTA LA HISTORIA REAL QUE TIENE ARAGÓN Y CATALUÑA MEJOR LEETE EL PLAYBOY.",1,0.9852551221847534,1,es
Se traslada hilos de conversación y reclamación en tablón de anuncios de los bibliotecarios.,0,0.0007759690633974969,0,es
" violencia indiscriminada contra civiles   mmm entonces que es el ejercito yanqui o el israeli que mata mas civiles que los grupos terroritas?? Me parece que diferenciar entre guerrillas y grupos no es el problema ya que muchos denominan a las guerrilas como terrorismo,,,",0,0.07661706209182739,0,es
"Hola, en el Wikiproyecto Física estamos intentando revivir un poco el proyecto. Parece adecuado clasificar a los usuarios en función de su actividad reciente. Por ello, si consideras que estás interesado en colaborar en breve, o que no deberías tener la marca inactivo, por favor, edita tu estado aquí. Todo comentario en la discusión es bienvenido. Muchas gracias. ",0,0.00032721098978072405,0,es
"Tu y otros abusadores lo unico que hacen es bloquear gente ,borrar articulos y robar. Yo estoy bloqueado en ia wiki sin razon alguna, y los articulos sobre pueblitos de brazil son una porqueria. Ojala te borren para siempre.",1,0.9786087870597839,1,es
"Encontre una primera edición en 1955, que no está referenciada en ninguna parte y un intento de hacer una 2 edición en 1959. Revisa los enlaces que agregue en Vuelta a Cundinamarca. Que opinas al respecto? Debería cambiarse el palmarés y el conteo de ediciones? ",0,0.00042302210931666195,0,es
"    Cinabrium   , tú eres un usuario antiguo; ¿es necesario qué te pida a ti también que cuides la etiqueta?.      energúmeno      -      xenófobo      -      cobarde      son tres calificativos que no corresponden en un debate. No hay que morder a los novatos, hay que intentar que se unan a nosotros. Te recomiendo que los taches, pues de lo contrario la IP podría querer llevarte al TAB. Saludos. ",0,0.09657400101423264,0,es
Una de las bases de datos más grande de heavy metal (http://www.metal-archives.com) usa esta etiqueta frecuentemente. ,0,0.0014125979505479336,0,es
PUTA EKUADOR PUTOS EKUATORIANOS ME CAGO EN EL REGETON DE MIERDA EN LOS LATIN KINGS Y EN TODOS LOS SUDAKAS COMO TU !!!ARRIBA ESPAÑA!!!,1,0.9932851791381836,1,es
"Hacer el p*** favor de volver a redactar el artículo,y si puede ser en español. Un niño de siete años tiene mejor sintaxis.",1,0.8586146235466003,1,es
¿No parece suficientemente fiable el BOE cuando al publicar la candidatura de Vox al Parlamento Europeo incluye a Jorge Buxadé como cabeza de lista? Sociedad Civil Catalana es una organización infiltrada por el más rancio nacionalismo español neo-fascista.,0,0.20199283957481384,0,es
"El término    vecindad    puede referirse: al    entorno   , en topología. Aparte (hoy) podemos ver que: Entorno (topología) (   entorno   ) es redirec. hacia Entorno (matemática). Fue un traslado se hizo: 12:07 19 abr 2011‎ ... (la única edición de Entorno (topología)) Lo que me interesa es (si es que es necesario encontrar esa referencia) que esta repetición mía, ayude para esa búsqueda. Otro tema diferente sería si se valorase que no es necesario encontrarla. ¡Ciao!. Pla y Grande ",0,0.0006566165247932076,0,es
"   MALDITO VIOLADOR DE MIERDA, POR ESO TU Y TU PINCHE RELIGION VALEN PARA PURA MADRE MALDITO DESGRACIADO, TU EL PAPA Y TODOS LOS MALDITOS SACERDOTES. METANSE TODOS AL VATICANO Y PRENDANSE UN CERILLO PUTOS DE MIERDA     Texto en cursiva  ",1,0.9973541498184204,1,es
¡Quién es el estupido(a) que para editando de uan manera incorrecta la seccion de musica? lo unico que hace es malograr la pagina borrando imagenes de artistas sobresalientes de la decaca y poniedo caiones quew ya no pertenecen a los años 2000,1,0.9729348421096802,1,es
"Hola JohnnyStar, ya he quitado la plantilla. Buen trabajo al mantener tus artículos referenciados. Saludos!    ZebaX2010    25px|enlace=Wikiproyecto:Videojuegos    [PRESS START]    05:23 7 ago 2018 (UTC)",0,0.00042405931162647903,0,es
"Hola Braulio, te agradeceré que dejes de revertirme, pues pierdo un tiempo muy valioso en desprestigiar esta porquería de enciclopedia, además de que no estáis capacitados para evitar que siga editando. Si quieres un consejo de amigo, búscate algo mejor que hacer, aquí pierdes tu tiempo. Saludos. 83.39.23.",0,0.3580625355243683,0,es
"No estaba enojado. Los comentarios bastante patéticos de que  no se nada  y el hecho de que reprimas en lugar de enseñar, habla de lo poco que verdaderamente aportas y que tú si te molestaste por algo que no tenía un dejo ofensivo. Que pena. ",0,0.8854658007621765,1,es
"le suplico atentamente que retire o tache el último comentario dejado en mi página de discusión. No estoy obligado a resolver problemas porque usted exija. Todo usuario, incluyendo bibliotecarios, somos usuarios voluntarios. Yo entro esporádicamente ciertos días por trabajo y usted me tira una acusación contra sin pruebas puntuales y me pone a leer una discusión larguísima sin señalar puntualmente las faltas. Que Zósimo sea lo que es él, eso es harina de otro costal, pero usted debe ser claro en qué está mal. pero a venir a señalar que me lavo las manos para no atender el problema, me parece muy descortés. He sido amable respondiéndolo, no es para que me señale acusatoriamente así. Evítese un segundo problema, le doy un día para que retire el injusto señalamiento.    Taichi 〒    17:30 24 jul 2015 (UTC)",0,0.002184100216254592,0,es
"Hola, . Se . Te agradeceré que revises la política de borrado rápido y sólo si crees que el artículo borrado no se ajusta a lo descrito ahí, expón tus argumentos al usuario que eliminó el artículo. No se considera una buena práctica volver a crear un artículo que ha sido eliminado por la aplicación de la política de borrado rápido, al menos que el artículo ya no cumpla con los criterios especificados en la política. Si la página la creaste con finalidades de hacer pruebas, se recomienda utilizar la Zona de pruebas. Gracias por tu comprensión, 12px    OboeCrack      (Discusión)   ",0,0.0003239231009501964,0,es
hola gente como estan no se quien decide la cantida de dinero a crear pero en argentina en el mandato de los k se emitio y se mantiene en sirculacion dinero trucho del banco central solo billetes de 100 pesos con una inscripcion donde dice banco de la republica argentina mas abajo dice de curso legal que quiere decir esa leyendita que esos billetes no son validos y fueron creados para parar un poco el problema interno lo que contrajo a su ves una influencia en la inflacion del pais hace ya unos meses que no veo uno pero todabia hay calculo que los estarn sacando de sirculacion bouvetes@hotmail.com,0,0.008659404702484608,0,es
"Buenas tardes, Soy José María Caballero González, y he publicado en mi blog y en papel nuevos trabajos de investigación sobre esta localidad (Saldaña), de acceso gratuito en ambos formatos. Se trata, por tanto, de información adicional sobre el contenido de la entrada y no tiene carácter comercial alguno. ¿Cómo se podría añadir esta información correctamente? Muchas gracias. Un saludo José María Caballero González 88.4.185.",0,0.0002546458854340017,0,es
Hola BlackBeast. ¿no te equivocaste al borrar el cambio de edad?. Te envío mi saludo.Héctor Guido ,0,0.010343208909034729,0,es
"eres un gilipollas, porque demonios me tocas las narices si yo no te he hecho nada maricón, vete a la mierda y no me toques los cojones tio mierda.",1,0.9973352551460266,1,es
" Sacate los pillos ... pero no lo asesinaron... se suicidó... aún ofreciendole extradicción... no vengas con pavadas... por lo demás tú serás vándalo, sacaste todo razgo de no neutralidad en el artículo de Allende, te faltó poco menos borrar mis fundamentos en la página de discusión. Revierto a última edición de Antoine. Antoine",0,0.20734775066375732,0,es
"Señor Tarawa, por que narices me quita la actualización de página?? La página estaba puesta correctamente como debería, me puede decir por que siempre me la desactualiza y la pone en su versión?? Encima que ayudo y voy actualizando esto, tu vas y lo quitas. Tu eres tonto o algo? Voy a ir deshaciendo todos tus cambios. Cualquier cambio que hagas, aunque sea otra cosa que no sea quitar lo mio, si no respondes y no das una explicación, te lo iré quitando todo. Un saludo. ",0,0.4601016342639923,0,es
Creo que habría que revisar este articulo y el del shah y el de leila. está lleno de mentiras . El que lo escribió debería leer alguna biografia sobre estes personjes,0,0.07019998133182526,0,es
"Me lo pregunto porque mas parece un chiste (aunque antes era peor), como el  anarco-comunismo , no es que de hecho este dudando de la capacidad de los franceses de actuar como imbeciles cuando la situacion lo amerita. 190.100.60.",0,0.5748322606086731,1,es
"Hola José Manuel: Mi texto original creo que tiene algún problema de coherencia y me he estancado al traducirlo. Por favor, si le puedes echar un vistazo. ¿Qué hago? Un abrazo.  Leído, te escribo en tu página de discusión.",0,0.0009000542340800166,0,es
"Ahora como está el artículo es demasiado confuso, sería bueno poner los datos biográficos (sin noñeces como la de  miedo a los insectos  o cosas similares que son dichas solo para dejar mal). Y al final, separar el tema del nazismo por ser un tema conflictivo y no claro (par algunos). Separando la biografia de esa parte se podría llegar a una edición mejor y más neutral.",0,0.0004139712546020746,0,es
"Espero que te lancen de aquí cuanto antes, inepto e incompetente. Eso está bin venao 212.59.212.",1,0.8891728520393372,1,es
"Creo que el filtro saltó por lo de  maricón de mierda , expresión que está en el artículo y que es considerada por el filtro como típica de entradas vandálicas (y que en este caso fue claramente un  falso positivo ). Por otra parte, veo que el artículo está publicado y sigue con el  maricón de mierda . La verdad es que me sorprende, y voy a tratar de informarme de por qué saltó antes y no ahora. Sobre 25 Live, deberías leer WP:AB y WP:AD para saber qué es un artículo bueno o destacado. No basta con que tenga información sino que las referencias deben estar en español, los pies de foto deben tener buen formato, etc. Cuando el artículo cumpla los criterior que ahí se indican para ser bueno o destacado, nomínalo si quieres, pero no antes. ",1,0.8010996580123901,1,es
esto es una pura mierda es todo mentira lo que dice sobre los militares es pura basura mentiras nada mas eso de los desaparecidos los militares no tienen nada que ver son personas que se fueron del país para incriminar a los militares y sacarlos del mando nada mas son todas patrañas lo que dicen estas paginas de Internet,1,0.988433301448822,1,es
"¿COMO TE VOY A AGREDIR FISICAMENTE SI NISIQUIERA SE DONDE VIVIS CAGON? Si fuera vándalo ni me hubiera molestado en hacer todas las ediciones que hice, se nota la envidia que le tenes a un novato de 14 años, das pena amigo. Saludos. Rated-",1,0.8831849098205566,1,es
" He realizado algunas modificaciones, sin embargo, está lejos de ser un artículo bueno principalmente debido a la falta de referencias y subjetivismos. El artículo da la impresión de ser un cuento de alguien, lleno de adjetivos para llamar la atención y carente de fundamentos. He retirado también listas enormes de cosas que habían en el artículo, fotos familiares, anécdotas, entre otros. Yo he estado ocupado en otros artículos, sin embargo, considero que como básico deberíamos tener los artículos de ciudades de Venezuela bien redactados. Un abrazo hermano The ",0,0.00032829775591380894,0,es
caamaño era un loco pero yo entiendo k ata lo sobaco le hieden a mierda lol pero k sucio coño maricon dk caamaño eso era un mmg si no entiende mamaguevo,1,0.993354320526123,1,es
dejese de tonteras y deje publicar el escudo oficial de club Jorge Wilstermann... o es delito? sino averigue usted mismo y coloquelo,0,0.39962905645370483,0,es
"Voy a crear una página especial para tus dudas. Tú editas allí y yo estaré atenta. Luego te digo el enlace. Lourdes, mensajes ",0,0.002085341140627861,0,es
Creo que en 14 días hay tiempo. Si no que se suban los artículos bien arregladitos. Además existe WP:RAD Escarlati -   escríbeme   02:51 6 ene 2007 (CET),0,0.000609296839684248,0,es
"   Uno de sus padres era de orígen gallego pero los 2 prongenitores de JOSE MARTÍ SON NACIDOS EN ESPAÑA    TE SALIO EL TIRO POR LA C...CARA DE R.... No soporto a estos ignorantes, osea...jejjejejej es bueno reirse de uno mismo hasta en los debates más científicos estando entre colegas o no tengan la licenciatura o no. Eso sí nosotros pongámamonos por los suelos y enfrentémonos que mientras otros haran películas de Disney (   otro español    y ésto no es legendario) o de Hollywood contandonos sus grandes hazañas en pos de la libertad de nuestra seguridad (y por su puesto y no nos lo van a decir pero es así del orden mundial pre-establecido por   siempre, siempre jamás  .",1,0.7151313424110413,1,es
"mexicano/s=dícese de los muertos de hambre que ocupan el territorio comprendido entre los Estados unidos( norte )y Guatemala (sur), es decir, ocupando la parte central del continente americano.",1,0.17992527782917023,0,es
"Usted no habrá querido ofenderme pero así lo parece, haciendo un comentario que en absoluto aporta nada, a no ser que lo que persiguiera fuese desautorizarme para futuras aportaciones. Soy lo suficientemente inteligente para reconocer sin avergonzarme que mi conocimiento del psicoanálisis no es ni muchísimo menos perfecto y probablemente nunca lo será. Yo no se si usted se considera una perfecta conocedora del psicoanálisis, pero ha demostrado en numerosas ocasiones tener una visión obtusa de las cosas y sobre todo tener una muy limitada capacidad para encadenar secuencias de razonamientos lógicos de tal manera que es imposible llegar a ningún acuerdo con usted, usando la razón. Esto que le digo se demostró cuando se empeñó irracionalmente en borrar dos artículos creados por mi, se los recuerdo, Silvio Fanti y Micropsicoanálisis, y en cómo argumentó para que se borraran, recurriendo a todo tipo de razonamientos corruptos y hasta a acusaciones falsas. Que los artículos permaneciesen le demostró que usted estaba equivocada, pero para llegar a esa conclusión me hizo perder a mi y ha otros editores un precioso tiempo. ",0,0.008086555637419224,0,es
Soy Guatemalteco y he estado en Guatemala. Hay much gente blanca y mestiza por alli. YO SE QUE NO ES UN PAIS DOMINADO POR LOS AMERINDIOS. La mayoria es mestiza. So el que diga que Guatemala es un pais indigena es ignorante.,0,0.8880927562713623,1,es
"Utiliza los parámetros thumb y left sin tamaño y añade un comentario en la imagen tipo:  Localización de XXX en la provincia de Gerona.  Tal y como lo pones, queda horrible, a parte de ya existir una información muy parecida. No me parece razonable crear una sección en un artículo solo con una imagen sin añadir nada de texto. He ido corregiendo algunas, pero no puedo corregirlas todas. Mira y toma como ejemplo a Puerto de la Selva o Palau-sator. Xavigivax ",0,0.00042812558240257204,0,es
"Bueno a mi también me jode el término pero de última comparado con las cosas que hacen no es tan grave, que violen la constitución una vez más... tarde o temprano la van a pagar.",0,0.35801494121551514,0,es
"Cómo puede ser no neutral el artículo sobre una felación?!?!?!?! Cri En serio, esto tiene que ser una broma y de todas formas, porque tanto problema, se coge el artículo de la wiki inglesa, se traduce y punto pelota... nunca mejor dicho. En serio que no lo entiendo. Una felación es una felación, como se hace para contarlo para que parezca no neutral. NO LO COMPRENDO, en serio, no lo comprendo. Meterse un pene en la boca es no neutral?!?! Esto me supera. ",1,0.9615666270256042,1,es
" Por favor, ¿he dicho yo algo de eso? No se puede ser más clasista. Hala, el que no está conmigo está contra mí. Así el colectivo homosexual tiene la fama que tiene.",0,0.6690475940704346,1,es
"Tras ampliar el artículo comento aquí un tema que me ha suscitado dudas: al tratar de reflejar lo leído en las fuentes que he podido consultar, parece que no es idéntica la cronología de la ciudad de  Filakopí I  (entre 2300 y 2000 a. C., en el libro de Helen Dawson) ni la de Filakopí II (2000-1600 a. C. en la misma obra) con la cronología de la llamada  cultura de Filakopí  (entre 2050/2000 y 1900/1850 a. C., citada entre otras en  El arte cicládico  de Rafael Agustí, que se refiere a ella como  cultura Filakopí I ). Me queda la duda de si son dos conceptos distintos, que es lo que he interpretado, o si se ha revisado la cronología y lo que antes englobaba unas fechas ahora engloba otras. Ocurre que no he visto hasta ahora una fuente que explique claramente si ambas son idénticas o no y lo comento aquí por si alguien encuentra información de fuentes solventes al respecto.",0,0.00025782198645174503,0,es
Los números los tienes aqui aquí o aquí por si te ayuda. Soldado de infantería | Si quieres hablamos ,0,0.002063950290903449,0,es
"cómo ahora se puede cambiar el nombre de usuarios de hasta 200.000 contribuciones te apetecía cambiar de animal, no? ",0,0.13918858766555786,0,es
" Estoy de acuerdo con tus precisiones. Veré lo que puedo hacer al respecto, aunque no sé cuándo lo podré hacer. No hacía falta que retirases el cartel, si crees que todavía no es neutral. Saludos. ",0,0.0005205279449000955,0,es
"Después del   peazo bandeja   que me acabas de regalar, ya no me puede importar nada de nada. Has dado con mi debilidad. ¡Qué rico! Menos mal que no lo trajiste ayer y ya no tengo que compartir; me he disfrazado de Carpanta. Gracias por tu generosidad, (ñam ñam). Lourdes, mensajes ",0,0.0920613557100296,0,es
"196.40.91.215, XSM34 es un amargado en el que nadie quiere que otro contribuya en los articulos en los que participa, yo creo que tendria que comprarse una vida propia y dejar de molestar a otros.",0,0.16323429346084595,0,es
"Gracias, pero algo es que no soporto a los anarquistas ni a los judios ni a los trotskytas, asi que cuidado conmigo, ah. Usuario:Hannibal Lecter 88",0,0.10004772245883942,0,es
"Estimado: Creo que cometiste un error en el artículo BKN, ya que es el nombre de la serie, no una abreviación, si te fijas, el artículo propiamente tal se trata de una serie de televisión y no de la palabra bakán. Por esto te pediría que lo deshicieras. SaludosE. N. Kopaitic A.[¿?] 01:37 19 feb 2008 (UTC) La verdad es que yo no veo tal serie, pero según lo que decía un usuario en un resumen de edición en el artículo, y la misma página de la serie el nombre, al parecer, sería BKN.E. N. Kopaitic A.[¿?] 16:40 21 feb 2008 (UTC)",0,0.0006227006670087576,0,es
"che, gil, que sacas la info de maringo??? es mi amigo.. y la biografia de el es real, la CONCHA DE TU MADRE!!!!! PLATONIDES BOTON!!! HACETE COJER POR UN BURRO NERD DE MIERDA CAGON... DA LA CARA!! PUTO!!",1,0.9964169263839722,1,es
El término adecuado es antisionista pues más que ser enemigo de los judíos fue enemigo de un estado judío y su influencia correspondiente en Medio Oriente. El término antisemita hacia un árabe es totalmente inadecuado y ridiculo.,0,0.5290125608444214,1,es
" El asunto quedó ya más o menos zanjado entre los que intervinimos, y el motivo también se expuso en las respectivas discusiones. Si lo rastrea podrá enterarse. No fue sólo por mi criterio. De hecho no lo fue en absoluto, porque si fuera por mí haría una limpieza y poda severa en la gran mayoría de artículos de   celebrities  , cosa para la que, evidentemente, no dispongo de tiempo. Un saludo. Cock ",0,0.001432944554835558,0,es
"Pues a mí me parece buena idea, porque realmente esa denominación de Ejército Popular (a secas) no la he oído prácticamente nunca. ",0,0.0024206778034567833,0,es
"Tu edición en La Roca Hirviente, Primera Parte (Avatar: La Leyenda de Aang) ha sido considerada como blanqueo de contenido y ha sido revertida por un robot automáticamente (ver diff). Si insistes en este comportamiento, serás bloqueado. Si consideras que tu edición es legítima, disculpa las molestias, infórmanos. ",0,0.0010653685312718153,0,es
"Nihilo sigue empeñado en calificar a García Oliver de líder. Rogaría que nos de una explicación, ya que etiquetar a un anarquista de  líder  es harto ridículo, si se me permite la expresión... García ",1,0.5068823099136353,1,es
"Eres un argentino naco sin educacion, tal vez has leido mucho pero eres argentino y eso no te sacara de tu pobreza ni de tu jodidez, seguiran siendo pobres por ignorantes y necios. Y todavia se creen el pene del mundo, pobres miserables. Por cierto nadie en el planeta los quiere, ¿eso no los hace sentir mal? En fin, saludos!",1,0.9970663189888,1,es
"Yo ya los he consignado. Si es necesario traigo la cita bibliográfica donde se demuestra el cambio de estrategia tras las tomas de Gabriel y Beatriz (Diem Bien Phu); que constatan que otra forma menos despilfarradora de vidas sí era posible. Y también puedo traer citas sobre la Ofensiva del Tet y sobre la Ofensiva de Pascua, todas ellas un reguero de sangre que no todos consideraron una sorpresa, precisamente. Pero desde luego, no las voy a traer porque una persona llegue y me acuse sin más de defender a los colinialista y de ser una racista. Por un tipejo así no me molesto más de lo imprescindible. Ceresnet",0,0.025324972346425056,0,es
"... wikiproyecto Santos. No me había dado cuenta de que te había apuntado, perdona mi torpeza. El proyecto estaba abandonado y lo retomé para darle algo de vidilla pero no tiene mucha. El objetivo es crear la máxima cantidad de artículos de santos o beatos, y si puede ser de buena calidad. Lo ideal es que los más importantes pudieran llegar a AB o AD, pero eso me parece muy ambicioso. Si creas algún artículo, o bien lo wikificas o amplias sustancialmente lo puedes añadir a la lisa creada para ese fin. Una tarea que hay que hacer es poner la plantilla de infobox Santos a todos los santos que no la tengan. Así que trabajo hay mucho y pocos colaboradores. Un saludo. ",0,0.0003959930327255279,0,es
Buenas! Ya he referenciado y mejorado la redacción de mi artículo sobre Marino Darés. Creo que ya se podría retirar el código de  sección sin relevancia enciclopédica  Muchas Gracias!,0,0.00033067248295992613,0,es
Un echo objetivo es que el partido anticapitalista frances es un partido de extrema izquierda y esto es un echo objetivo ¿por que hay usuarios que intentan ocultarlo?,0,0.01792656071484089,0,es
"Hola Fernando: Pues ya están hechas las fotos, he leído tu mensaje justo cuando he estado por Écija, ya las iré subiendo, miraré por flickr a ver si hay alguna más. Un saludo. ",0,0.000576330698095262,0,es
"Jajaja, pues ya puedes armarte de paciencia, que igual si la presentas ahora acaba en julio. xD Te arrancarán la piel a tiras, pero eso es tradición... xDDDD Raystorm is ",0,0.0337793342769146,0,es
"/* Comentarios al respecto *\ Las únicas locomotoras que posee FGV son 4: { 3 Alsthom situadas en Alacant, y 1 Naval-Rolls Roice situado en València-sud). NO",0,0.0003991697449237108,0,es
"SOS PUTA IMBECIL LARGATE A LA VERGA SI LEES ESTO IMBESIL HIJO DE PUTA -/ LARGATE A LA VERGA IMBECI, NI TU MADRE TE QUIERE CHE BOLUDO IMBECIL ESTUPIDO IDIOTA CAREVERGA",1,0.9956865906715393,1,es
"Bueno tal vez no se entendio pero cuando sale la pagina para ver mas resultados acerca del nombre sasuke estaba escrito  Sasuke,personaje del manga y anime gay  lo cambia a  Sasuke,personaje del manga y anime Naruto  Desde cuando naruto es un manga y anime para gays?? xDDD Quizá yo no sabia.. o algo asi -_- Si estaba bien pongalo de vuelta como estaba, error mio.",0,0.1095338985323906,0,es
"- Esto no es un foro, si no tienes aportaciones argumentadas que hacer respecto al artículo, sobran la demagogia y las falsedades que has dicho.",0,0.06821861118078232,0,es
"Oh, acabo de leer lo del ridículo. Y bueno, supongo para no hacer el ridículo hay que dejar que pongas lo que se te canta y que lo interpretes como se te antoja, ¿no? Tu definición de ridículo es tan particular como las de   multimedia   o   imagen  . ",0,0.9376475214958191,1,es
"Hola, veo que pusiste un aviso de  wikificar  en este artículo; pero me rompo la cabeza y no veo a qué te refieres.",0,0.06549946963787079,0,es
Ya he visto que me ha respondido en su propia página. Esperaba una respuesta en la mía. Le he vuelto a mandar otro privado. A ver que me responde. Saludos. Dr ,0,0.0007181385881267488,0,es
"SNCF no es el administrador del ferrocarril francés, es la empresa encargada de la explotacion comercial del ferrocarril francés. Réseau Ferré de France és el equivalente a ADIF en nuestro pais. Podeis consultar el articulo de RFF en francés para comprobarlo. Dejo el enlace oficial a RFF también. Un saludo",0,0.0004705038445536047,0,es
Se trata de una compañia artistica. Veo muchos articulos enciclopedicos sobre artistas y compañias. Creemos que seria importate tanto cultural como articticamente que se conociera este colectivo de artistas. Gracias Mas informacion del colectivos en www.bineuralmonokultur.com. Saludos Ariel Dávila,0,0.00030335551127791405,0,es
"El artículo DES 21 no tiene nada de autopromoción.Si el criterio seria así, todos los artículos de bandas tendrían que ser borrados, es ridiculo.",0,0.2638172507286072,0,es
"25px Hola, . Te agradeceré que no edites arbitrariamente los artículos; otros editores deben perder tiempo valioso en revertir tus acciones y empaña la imagen que pueda hacerse de Wikpedia un visitante ocasional. Recuerda además que las ediciones arbitrarias pueden ser consideradas un acto de vandalismo (lo que nos obligaría a bloquearte). Puedes visitar la página de ayuda para informarte y tienes la zona de pruebas para hacer ensayos de edición. AS-W (discusión). 20:03 9 nov 2018 (UTC)",0,0.000409106258302927,0,es
"Hola, gracias por las correcciones, pero no estoy todavía seguro de remover la plantilla. Prefiero que otro bibliotecario revise. Saludos.    Taichi 〒    03:15 19 mar 2014 (UTC)",0,0.00034856569254770875,0,es
"Lo siento, creo que no me expliqué bien. Quería decir que al menos se comentara que parte de la inspiración para Warcraft vino de D&D parece que lo deja muy claro. Pero bueno, haced lo que queráis; lo mío son artículos cómo éste. Yo, aunque tenga bastante material de Warcraft en papel -el JdR (que fue traducido al castellano y editado por la Factoría, por cierto, cómo algunas novelas) y algunos manuales no traducidos-, no paso del WIII y su expansión; el WoW me parece, por muchos jugadores que tenga y al menos comparado con el resto de la saga, bastante mediocre.",0,0.003408184042200446,0,es
con tanto grado de alcohol consumes que despides a Dodo y a Petronas cuando andan al día de hoy por ahí tan frescos? ¿O es que el cojuelo te ha atrapado? ,0,0.005778490100055933,0,es
"Supongo que eso de que eres un adicto al porno, es un vandalismo hecho por otro. ",1,0.6641842126846313,1,es
"... lo que dijiste de la ficha de Fernando III de Castilla. Evidentemente prima su relevancia como rey, así pues, he dejado la ficha como estaba, argumentándolo en el resumen de edición. Además con los reyes tenemos series homogéneas, razón por la cual, por ejemplo, Alfonso X lleva el título de Castilla y no el cognomento de  el Sabio  por el que es conocido desde el punto de vista literario. Un abrazo. Escarlati -   escríbeme   23:25 11 sep 2011 (UTC)",0,0.0003353399224579334,0,es
"Esta sección es para discutir sobre el contenido del artículo, no es un foro de debate ni mucho menos un espacio para insultar con términos como  imbecilidad generalizada ",0,0.3045194745063782,0,es
"El peñón de Calpe es de ALICANTE y nunca ha sido Gibraltar (Geb-el-tarik). Los románticos a partir del XVIII y muy dados a inventarse historias (Vikingos con cuernos, tartanes escoceses según clan etc...) lo han confundido y MOZART (que no sabía de que pie cojeaba) la cagó con su  oda a Calpe . ¡ASÍ DE CLARO! ¿Queréis referencias? ¡Buscadlas! (maravilosa enciclopedia...)",0,0.22972583770751953,0,es
"La bandera inpendentista es la bandera   no oficial   de los Países Caralanes, y como no existe ninguna oficial, la que has puesto es aceptable ",0,0.0021487141493707895,0,es
"... y no tan santas parece. Siempre es bueno tener de regreso a usuarios que se refugiaron por un tiempo en otras ediciones hermanas de la wiki. Sin ánimos de hacer polémica, ruido, o lo que fuere; pero creo que tu mensaje a Taichi no fue de muy buena fe que digamos. En lo próximo, a ver si podemos evitar las provocaciones y tratar de mantener los problemas en el mínimo porcentaje posible, ya que este lugar lleno de ruido totalmente no creo que le guste a nadie. Saludos, Gizmo II ¿Si? 04:59 29 jun 2006 (CEST)",0,0.0005958944675512612,0,es
" Hola, Ultrasiete. He leído tu mensaje. Mira, ahora no tengo mucho tiempo para responder. Déjame el fin de semana para pensar. Por cierto, no te tomes nuestros desacuerdos como nada personal. Un saludo. ",0,0.0023543660063296556,0,es
" Estimados: cuando se habla de Santiago Leyden como  fallecido , entiendo que no se trata de que Lacoste lo remplazó porque falleció sino que simplemente lo remplazó y se encontraba fallecido al momento de escribirse la nota que sirve de fuente (http://www.pagina12.com.ar/diario/deportes/8-37302-2004-06-27.html). Me parece que ahí se da la confusión: Leyden estaba vivo cuando Lacoste lo remplazó y muerto cuando se escribió la nota. Saludos! ",0,0.00047473161248490214,0,es
"Hola. Acabo de crear este artículo, pero no estoy seguro si   regnum in se ipsum divisum   se escribe separado o junto (  regnum in seipsum divisum  ) como lo leí acá. Saludos Jaontiveros ¡dixi! 23:45 15 sep 2009 (UTC)",0,0.0003828418848570436,0,es
"La verdad, esto está mal  v... Esto no se puede así, voy a editar la página, y se van a joder, porque los dañaré por donde más les duele >:v",1,0.9227026104927063,1,es
"Veo que vas añadiendo las ediciones que tienes, tal vez te interese poner esta plantilla Plantilla:Ediciones que se actualiza sola, saludos ",0,0.00041626146412454545,0,es
"En la biografía dice que Rodriguez Larreta es el actual presidente del PRO, este dato está desactualizado, propongo ponerlo al día. Espero comentarios hasta el sábado para impactar el cambio.Luciarobertassi",0,0.0004270507488399744,0,es
"Pero vaya miea de enciclopedia, ya no hablamos del artículo escrito no dice más que información repetida i inservible para todos mejor",1,0.13808806240558624,0,es
"Hola, de mi último mensaje estuve creando bastantes artículos de los barrios no  oficiales , ahora quedan sólo 4, ¿ podes crear los artículos de los barrios de Congreso y Primera Junta ? yo me ocupo de los otros 2. Ramiro 20px — ¿Consultas?¿Respuestas?",0,0.0007202986162155867,0,es
"Con tu permiso te he revertido el mensaje de este por decir de alguna manera  señor con sentido común y defensor de los valores democráticos , pero sin darme cuenta había otro mensaje encima de ese que no tenia que haber eliminado, si quieres puedes revertirme y modificar el ultimo mensaje de tal manera que no tengas el mensaje de este energúmeno.",0,0.003563147271052003,0,es
"Ya corrían de una vez esta información, como es posible que aparezca como danza folklórica de Perú, si en realidad es una danza folklórica de Bolivia. Basta de esto no sean tan sin vergüenzas!",0,0.3368588387966156,0,es
"Perdona pero no. Dado que la SQM no es un trastorno organico y la FC si, no pueden englobarse en la misma categoria. Las referencias que has aportado son invalidas porque no se refieren a ninguna teorizacion de los sindromes de sensibilidad central. Por cierto, estoy esperando tu respuesta en el articulo de SQM.",0,0.0005379238282330334,0,es
Pues creo que tu podrías hacer los que faltan del sur y yo los del norte. Además quisiera también completar los de la liga del Pacífico. Saludos ya me voy pero estamos en contacto. 05:21 5 mar 2008 (UTC) PD. Perdoón me equivoqué y te lo puse en tu pagina de usuario,0,0.0010140312369912863,0,es
"No queda claro por qué este bloqueo permanente. El usuario hizo sólo una edición, y no fue claramente vandálica. La segunda también la revertí, pero no hubo aviso de ningún tipo por el cual tuviera advertencia de que se lo expulsaría. Si hubiera sido un títere, no queda claro en el motivo de bloqueo. Siger15px  abajo estaba el pez en el anzuelo   20:14 4 dic 2010 (UTC)",0,0.0023552868515253067,0,es
"Por qué razón te hice trasladar la página? P Porque no quiero estar ahí solito como un orgulloso. Vamos, que no puedo usar tantos signos de exclamación como Laura, pero puedo intentarlo. Hey! Hey! Jarisleif! (Hakkaa Pääle Pohjan Poika!) 01:27 26 abr 2008 (UTC)   Pd: enlace directo. Esa sección y las 16 secciones siguientes (aprox. ya me perdí P)  ",0,0.0008954911027103662,0,es
"Txo: he restituido la página, que este mismo troll había vandalizado. También sigue dando la murga aquí. Una joyita. ",0,0.32970792055130005,0,es
"Creaste esto. Hace poco han creado esto otro y hoy le han quitado la referencia al Espasa, cuando puedas ¿podrías comprobar si la referencia era cierta? Iba a fusionar ambos artículos, pero no me fío de que realmente proceda de donde decía. Un beso y que no pases mucho calor por tierras extremeñas.   Anna   (Cookie) 16:22 16 jun 2011 (UTC)",0,0.0007800912717357278,0,es
"Por favor, firma tus comentarios en las páginas de discusión. Por otro lado, puedes defender a Iker Jiménez y dar las pruebas que estimes oportunas, de hecho todos podemos hacerlo (y diría que debemos hacerlo incluso), pero con respeto, con educación y con seriedad. Esto no es el patio del colegio, ni somos todos adolescentes, ni es una competición a ver quién deja mal a quién. Esta es la página de discusión de un artículo, y las discusiones que en ella se encuentren deberían ir única y exclusivamente orientadas a la mejora de dicho artículo. Así que los intentos de discutir con gente de opinión diferente a la tuya (excépticos) sin aportar nada al artículo de la discusión, están totalmente fuera de lugar. Por otro lado, lo que un sujeto diga de sí mismo carece por completo de objetividad (que Iker Jiménez se proclamase la reencarnación de Napoleón no lo convertiría en éste, sino en alguien que afirma serlo, y es algo totalmente diferente). Y en cuanto a la información contenida en el artículo, debería ser única y exclusivamente enciclopédica.",0,0.00047610385809093714,0,es
"Uno de los políticos más belicistas, racistas e implacables de la historia argentina convertido casi, en un santo. Genial canciller, magistral y maquiavélico funcionario, pero en extremo cruel e implacable. El artículo es una vergüenza y es evidente que está escrito por parientes ya que al final habla de donde se encuentra radicada la su descendencia, un dato pueril y superfluo en extremo.",1,0.5697004795074463,1,es
" donde obtuvo el título de bachiller en humanidades y otras sandeces  >> en España, el título de  sandeces  es un insulto. espero que en Bolivia no exista este campo de estudio. borradlo de una vez.",0,0.018715517595410347,0,es
"Me estoy dando cuenta que ultimamente estan sabotendo este espacio y otros que estan dentro de la enciclopedia, lamento profundamente este tipo de eventos, no se cual es la razón`por la cual este espacio tan productivo e incluyente sea estropeado por gente, si se les puede llamar asi casi la mitad de esta pagina ha sido borrada y el trabajo y tiempo invertido por wikipedista para estos no vale, vale es su amor por no conocer, por ser disfrutar la estupidez...",0,0.7510694861412048,1,es
"por favor chilango perredista NO estes borrando o modificando paginas y enclaces en otras paginas del norte de la republica. NO ESTES SABOTEANDO PAGINAS, ESTO ES UNA ADVERTENCIA.",1,0.28741690516471863,0,es
Esto me recuerda una canción que decía:   Los hermanos Pinzones eran unos mari...neros y se fueron con Colón que era otro mari...nero  .:D Saludos y gracias a ti también.,0,0.1536066234111786,0,es
"El catolicismo es la cosa más horrenda que pudo haber INVENTADO la ociosa mente humana. Si la actual demografía de Europa es baja, no todo es culpa de Hitler, Franco y Mussolini (católicos, por supuesto): también se lo debemos a Inocencio con su  Santa  Inquisiciòn",0,0.08340653777122498,0,es
"MUERTE AL COMUNISMO, DESTRUCION AL MONARQUISMO DISFRASADO DE ROJO, DECAPITACION Y TORTURA A TODOS LOS SOCIALISTAS COMUNISTAS Y A TODAS SUS FAMILIAS. EXTERMINACION MASIVA DE PERSONAS YA CONTAMINADAS DEL ROJO DE LA REVOLUCION. GENOCIDIO ES LO QUE REQUIERE!",1,0.9943923354148865,1,es
"Contra la imbecilidad no se puede hacer nada, estando desbloqueado igualmente tendría problemas con estos usuarios cuando me cruzase con ellos por aquí. No hay problema, nuevo títere y listo, a seguir con mi deber. Gracias por tomarte tantas molestias conmigo. Que tengas un buen día. ",1,0.3801576793193817,0,es
"Por mi parte pienso que el nombre es Ferrocarrils de la Generalitat Valenciana, en valenciano. Así es como se constituyó la entidad y, al igual que no traducimos empresas como American Airlines o MSC Cruisers, no debemos traducir FGV al castellano, que además de incorrecto, me parece ridículo.",0,0.07873422652482986,0,es
COMUNISMO??? RAZA ROJA???? QUE ES ESA BASURA??? CREO QUE HOY EN DIA YA NO TENDRIA QUE HABER UN PENSAMIENTO ASI!!!! LA ETIMOLOGÍA DE ESE PENSAMIENTO ABSURDO ES SER LA CONTRA DE TODO PENSAMIENTO LIBRE E IGUALAR HACIA ABAJO. BASTA DE ESTA VIOLENCIA COMUNISTA QUE SE QUIERE IMPONER!!,1,0.8866823315620422,1,es
"¿Por qué borras constantemente el artículo de Ottaviano Riario? Si se ha añadido más información que antes. No entiendo que te molesta que esté ahí. Si el artículo es falso lo entendería, pero como es real, no tengo ni idea qué problema hay. 47.63.198.",0,0.0014766374370083213,0,es
" ¿como era lo de   no imponer tu criterio  ? Si se hicieron objeciones y se hizo una nueva propuesta, lo que corresponde es que o respondas a las objeciones o que objetes la nueva propuesta, no que pases directamente tu   proopuesta   al artículo. Sin embargo, no voy a revertir tu edición aún, sino que voy a esperar a que pases por aquí a responder a este hilo. Por otro lado, te comento que no necesito autorización de Marcelo para acordar con él, le guste o no, acuerdo con él... Saludos.Mans «...When you knock me down I get the f**k back up again!» 12:11 13 oct 2017 (UTC)",0,0.03510181978344917,0,es
Gracias. Buen trabajo. Ahora creo que la página Vehículo eléctrico de batería debería fusionarse o suprimirse y redirigir a Automóvil eléctrico. Gracias. Saludos 90.94.25.,0,0.0004640055703930557,0,es
"Me parece un gran trabajo, el único pero que le encuentro es que los mapas sean en tonos de verde parecidos, y como no hay línea divisoria entre los territorios a veces se confunden los estados. De resto bien hecho.    Shadowxfox    (discusión) 21:14 11 ene 2010 (UTC)",0,0.0004663561412598938,0,es
" Justo como no hay las imágenes de los presidentes antiguos con la banda deberían estar todos en la misma condición solo para no hacer parecer que se le da mayor importancia a unos que a otros, lo mejor seria que se usen estas imágenes miniaturadeimagen|50px|izquierda| miniaturadeimagen|50px|izquierda Además esa Imagen de Kuczynski es la misma que esta en su al igual que la de los demás mandatarios.",0,0.0005772947333753109,0,es
"En los casi 3 siglos de dominacion española ingresaron al pais al rededor de 400 mil almas españolas, ahora saquen su cuenta cuantos serian sus descendientes, tambien tomando en cuenta que se sabe por logica elemental que cada español fornicaba tambien con sus esclavas negras y amerindias, sino como creen ustedes que Peru gobernara ingente territorio por casi 3 siglos? hagan funcionar sus cabecitas por favor.",0,0.36881619691848755,0,es
No hay registros de bloqueo en ninguna cuenta. No será otra de tus bromas? Hey! Hey! Jarisleif! (¡Hakkaa Pääle Pohjan Poika!) 22:28 25 ene 2008 (UTC),0,0.06751900911331177,0,es
"... por patrullar. Tengo la costumbre de borrar mirando el historial y no el artículo. He cometido errores y estoy tratando de ser cuidadosa cada vez. Seguiré tu sugerencia y colocaré el otro artículo en seguimiento. ¡Ah! y bloquearé al otro usuario. Gracias, saludos, Laura ",0,0.0009244449902325869,0,es
"Un error de este tamaño no puede atribuirse a otra causa que no sea la INFINITA IGNORANCIA infinita ignorancia de quien la ha escrito. Amén de informarse y estudiar un mínimo, sería necesario que el autor, o autores, de este panfleto inmundo explicaran de que pozo de mísera inmundicia han sacado topónimos como La Puebla de Segur, San Juan de Viñafrescal y otros que nunca se han utilizado. En fin, por suerte para todos, siempre ha sido y será LA POBLA DE SEGUR manque le pese a esta panda de IGNORANTES. Ho escric en castellà doncs em fa la impressió que les “llums” d’aquests lingüistes no donen per entendre un borrall d’altra llengua que no sigui la del IMPERIO. Au, a cagar a la via, la via del tren de LA POBLA, és clar.",1,0.769027054309845,1,es
"Encontrando en el texto:  lo que sumado a otros muchos logros lo convierten en uno de los tenistas argentinos más importantes de la historia junto con Guillermo Vilas, José Luis Clerc, Gaston Gaudio y Guillermo Coria.  He agregado a Juan Martín del Potro dado su gran logro de la Copa Davis por primera vez en la historia del Tenis Argentino demostrando un rendimiento excelente y me lo han rechazado, desconozco el motivo, pero me parece bastante lógico incorporar a este Tenista en esa lista",0,0.00037456685095094144,0,es
"Tercera, el profesor en Berlin se llamaba Joseph Hermann SCHMIDT, no Schuld(?), a Simpson vivía en Edinburgh, no Berlin. Power.",0,0.00041676434921100736,0,es
"Perdona, he  machacado  unas ediciones tuyas en Unión Europea porque estaba corrigiendo una cosa. Si me das unos minutos sin editar en el artículo las repongo. Un saludo, ",0,0.001450220588594675,0,es
NO LO BORREN QUE TODO MUNDO SEPA LA CLAASE DE PUTO MARICON Y RATERO QUE ES HIJO DE TODA SU PUTISIMA PUTA ZORRA MIERDA Y OGT MADRE,1,0.9957089424133301,1,es
Lo del historial entendido y sólo mi parte sin tus secciones vacías ¿es así? 14px Dorieo ¡Homerízate! 18:44 10 dic 2007 (CET),0,0.020553600043058395,0,es
Por dignarte a cuidar las páginas de este ignorante de cartón que no le llega a la altura de...¿quién? XD Moitos bicos. Ensada mensajes ,1,0.8453617095947266,1,es
"¡Ja, ja! ¡Qué considerado eres, Locutus, te debo mucho! Te avisaré en cuanto la última revisión de mi artículo sobre la bipedestación homínida salga a la luz. Por otra parte, ya te contaré un día la historia que hay detrás de este maldito artículo, ¡no te la podrás creer, de veras! Faustino Núñez Hernández > faustinonunezhernandez@yahoo.es > http://faustnh.digitalzones.com/index.",0,0.5371238589286804,1,es
"Por otro lado    NO HE HECHO UN CORTA Y PEGA    ya que he añadido referencias al articulo que    TU HAS VANDALIZADO, BORRANDO LAS REFERENCIAS    Y PASÁNDOTE POR EL FORRO MIS DERECHOS DE AUTOR, QUE TANTO CACAREAS. No hay más ciego que el que no quiere ver ..",1,0.8663425445556641,1,es
Creo que no hay ningún artículo de la Selección Argentina Sub-23. Puedo crearlo? ,0,0.0007958182832226157,0,es
"Tal y como aparece en el   Diccionario de topónimos españoles y sus gentilicios  , de Pancracio Celdrán, está referenciado tanto    Pobla de Segur    como    Puebla de Segur   , así que se aplica el siguiente paso de WP:TOES on en su defecto WP:CT. ",0,0.0004604529240168631,0,es
"Menudo cenutrio estás hecho, chaval. Anda, deja de hacer criaturadas como llamar  catalufos  a los catalanes como haces en la pàgina dedicada a Øvrebo, y aclara un poco tus ideas: el nacionalismo se cura viajando, dices, pero apoyas las reclamaciones del pueblo saharaui. Otra cosa es Kosovo, claro. Y así según convenga. Utilizamos una vara de medir u otra en función de los intereses del nacionalismo español, ¿no? Éste no se cura viajando, a lo visto. Peazo intelctual estás hecho, macho.",1,0.4512512981891632,0,es
"¿¿No fue con Felipe II que el Imperio alcanzó su máxima esplendor? Que coño Carlos III, el mayor imperio lo tuvimos cuando se incluyeron Portugal y sus colonias, justo en el Reinado de Felipe II en 1580 tras la Batalla de Alcántara. Con Carlos III Portugal ya se había independizado....",0,0.6496380567550659,1,es
"Desde luego, pero esta vez pienso concursar, no puntuar. Seguro que ni siquiera nos dan un premio chiquitín, los jodíos... ¡Con lo que hemos currado! ¬D Hispa ...las quejas ",1,0.7840306162834167,1,es
"Te lo dije en tu sección de discusión, deja de ser  Mala Leche  con mi persona, no te metas en los artículos que yo haya creado y reconoce que trabajas para el binominalismo y eres bien descarado para finalizar con  Saludos .ROCKAN9OL ",0,0.2622522711753845,0,es
"Cuando termines la edición tendré que revisar el artículo entero, pero antes te recuerdo dos cosas por si fuese conveniente a tu trabajo: 1) si la historia del club va a quedar muy amplia, siempre puedes crear un anexo y en el artículo principal se dejaría un resumen, porque ahora mismo es difícil de abarcar; 2) en algunas frases te invitaría incluso a revisar WP:NONOTICIAS, porque hay algunas frases que directamente no se entienden o no tienen contenido enciclopédico. Un saludo. Mister ",0,0.0003839685523416847,0,es
NO JA UNO CONFIADO DE Q LA ASQUEROSA AREA ESTA HECHO Y SE SALE GANANDO UNA MALA NOTA COJAN OFICIO PAQ ENTONCES PARA Q SIRVE EL FLAMENTE INTERNET VOLETAS,1,0.9285030364990234,1,es
"No te preocupes, tal vez yo también  peque  de  escribir no muy finamente  cuando me expreso al comunicarme con alguien. Es muy de agradecer lo que vas a hacer. Una sola cosa ¿apreciáis mi colaboración?, ¿se habla de mí entre-cables?, también de muy de agradecer el decírmelo, mi autoestima ha subido un pelín (no es guasa). Un saludo. Usuario:",0,0.0025722647551447153,0,es
"Concuerdo, eso hubiera sido lo esperable; sin embargo, en tu intervención en el TAB hablabas de que no había una solicitud por parte tuya, no de que no se te hubiera avisado. Saludos. — ",0,0.0004088460118509829,0,es
"Tengo que rectificar. No es el mismo puteal. El de la Moncloa tiene escenas de Zeus y Atenea, y la imagen que yo tengo es de un  puteal báquico  con relieves de Hércules y Sileno borrachos y unos grupos de sátiros. Y efectivamente, procede de Roma. Perdón por el error.",0,0.0013393837725743651,0,es
"¿Ya se acabó lo bueno? Pues parece que te fuiste  ¿Yo cuidándote los helados para que ahora me tengas manía? Está visto que no se pué ser buena. Pues hala, sí, me voy a tostarme a la playita y aquí te quedas poniéndote al día del variado y exótico surtido de novedades. ¡Ah! y mas vale que te apliques, porque a mi vuelta pienso pedirte un informe detallado de todo lo acaecido, como penitencia por envidiosa, jejeje. Pssstt, pssst También tenemos a Sergi de vuelta   Anna   (toc toc) 04:05 29 ago, 2005 (CEST)",0,0.13108065724372864,0,es
" ¿Estais seguro que el gran cerdo representa a Marx? Yo al leer la novela y ver la pelicula, me parece que representa a Lenin, como impulsor de la revolución, y que deja a sus dos subditos en manos de ella: Napoleón y Snowball (Stalin y Trotsky).",0,0.6540811657905579,1,es
"malparida perra sarnoza con callos de pus en la ingle!!!!!!!!!! maricona peera sin hijos, con ganas de sexo brutal, mejor vete a dormir, hijo de la grandisima $· %$%· que haces todavia leyendo esto... ah????????? coño de mierda",1,0.9968792200088501,1,es
"Hola! ¿Me podrías borrar Pirates of the Caribbean: On Stranger Tides que está redirigido a Piratas del Caribe: On Stranger Tides, para trasladar este último al inglés? Es que eso de tener el título mitad y mitad, pues como que no ",0,0.003786497050896287,0,es
"CLIMA... Por Dios tanta maldita imbecilidad, esas no son las unicas fuentes de donde viene la informacion, para empezar como va a ser elr ecord minima de -8 cuando la ciudad acaba de cumplir 300 anios y en el periodico la semana pasada aparecieron notas respecto a las temepraturas minimas de la ciudad hasta de -13.5C ademas en esta pagina http://www.e-local.gob.mx/work/templates/enciclo/chihuahua/ habla claramente que el record minima es -15 en enero de 1949! igual si sigues borrandola yo seguire cambiandola con los datos que bien me he quebrado la cabeza consiguiendo de muchos lados r__r para que tu llegues con una triste pagina nomas a cambiar todo",1,0.9233018159866333,1,es
Autor anónimo del blog: Lo que no cuenta la Psicoterapia Gestalt. Un blog más propio de un adolescente resentido que de un profesional de la ciencia de la astronomia. Este señor triunfa más como blogero en la sombra que como astrofísico. Coincido con la anterior discusión. Un saludo.,0,0.000785678334068507,0,es
"Hola, . Se . Te agradeceré que revises la política de borrado rápido y sólo si crees que el artículo borrado no se ajusta a lo descrito ahí, expón tus argumentos al usuario que eliminó el artículo. No se considera una buena práctica volver a crear un artículo que ha sido eliminado por la aplicación de la política de borrado rápido, al menos que el artículo ya no cumpla con los criterios especificados en la política. Si la página la creaste con finalidades de hacer pruebas, se recomienda utilizar la Zona de pruebas. Gracias por tu comprensión,    Popimays       Mensajes    00:22 30 may 2010 (UTC)",0,0.000328280555550009,0,es
"left|40px Tu edición en Hidruro ha sido considerada como vandalismo y ha sido revertida por un robot automáticamente (ver diff). No insistas en hacer ediciones como ésta o serás bloqueado. Si consideras que tu edición es legítima, disculpa las molestias, infórmanos. ",0,0.0012353890342637897,0,es
"Hola, Fobos. Infortunadamente, no sé nada sobre asteroides (o sobre astronomía, en general), y realmente no siento interés por el tema: los artículos que edité al respecto probablemente los elegí de una categoría al azar o en forma automática (mediante el editor AutoWikiBrowser, para hacer mantenimiento de rutina). Lamento no poder formar parte del Wikiproyecto. De cualquier forma, gracias por invitarme. Un saludo cordial. –    AVIADOR    • •   ¡A tus órdenes!   • (– 6h) 05:31 26 nov 2013 (UTC)",0,0.0007827525842003524,0,es
"Veo una estupidez seguir  discutiendo  por eso, la verdad. Quizás HHH tendría que haber colocado la plantilla , o no se. El caso es que fue un error y no creo que lo vuelva a repetir. Saludos, 16:25 30 jun 2008 (UTC)",1,0.48169052600860596,0,es
"Hola.    la Constitución no impide que la vía del artículo 151 sea usada por cualquier región no considerada como nacionalidad histórica, es decir, por cualquiera que no sea Galicia, País Vasco y Cataluña   Problema de base en tu argumentacion: para ti las unicas  nacionalidades historicas  son Galicia,Cataluña y Pais Vasco. ¿En qué te basas? No sirve de fundamento utilizar tu propia hipótesis inicial. Es más consecuente la versión que existía. ",0,0.0003674110339488834,0,es
"Estamos bien jodidos, vuriloche. Se fueron otros cuatro biblios buenos. Sugerencias, directivas, órdenes serán bienvenidas.    Emilio    - Talk to ",1,0.7331415414810181,1,es
"EL MAYELO ES TODO UN INEPTO, ABUSO FISICAMENTE DE MUCHOS NIÑOS EN LA EPOCA EN LA QUE DABA CLASES EN EL REGIO CONTRY, ES UN CORRUPTO VENDIA EXAMENES POR ESO LO BOTARON DEL REGIO CONTRY",1,0.9786051511764526,1,es
"¿Es relevante? No conozco a nadie que edite sobre estos temas y como es un a tira española, pensé que podrías saber. un abrazo.",0,0.01358508225530386,0,es
"¿Sí? Pues si consultas sus explosiones de histerismo en el Café, verás que también me llamó vándalo, dictador, fundamentalista, mentiroso y manipulador. Qué bonito. Pero eso sí, él va de víctima. ¿Qué apostamos a que vuelve a editar todos los artículos de las narices para dejarlos como a él le gusta sin explicar nada antes, por mucho que se le pida? Lo dicho: cabezonería a tutiplén, y a llorar que son dos días. No morder a los novatos, abuso de autoridad, etcétera. Qué morro. ",0,0.5293868780136108,1,es
"No existe el copyright en la pagina web que señalas. Los datos son empíricos, no son alterables. Las fuentes para extraer datos son lícitas. De cualquier manera te aseguro que me importa un comino lo que hagais con el artículo, ya me aburri de esta chorrada donde hay que escribir como y cuando querais algunos crios que estais aquí como si esto fuera la espasa-calpe. Agur.",0,0.4284083843231201,0,es
"Los montoneros emplearon tecnicas terroristas, por lo tanto son terroristas. No hay imparcialidad, son terroristas por sus acciones cometidas, no porque a alguien se le ocurra.",0,0.1609833687543869,0,es
"En el apartado correspondiente a su carrera, no se ha mencionado su primer partido en un torneo ATP. 2002 A la edad de 15 años se convierte en el jugador más joven de la Historia en ganar un partido en un torneo oficial de la ATP, concretamente en el torneo International Series de Mallorca, donde accede como invitado de la organización y vence en primera ronda al paraguayo Ramón Delgado (81 jugador mundial en ese momento) por 6-4 6-4. Rafael Nadal ocupaba el puesto número 762 del ranking mundial. En su encuentro de segunda ronda, frente al belga Olivier Rochus, Nadal pierde por 6-2 6-2.",0,0.0004456684982869774,0,es
"...todo el día de hoy conectado en ese canal, . Un saludo y un abrazín, ",0,0.0006471702945418656,0,es
"HOLA CHICOS, AQUI ESTAMOS CON LA MEJOR ELECCION LA DISCUCION DONDE PUEDEN PREGUNTAR COSAS Y YO RESPONDERE LA MEJOR ELECCION ES UN CANAL DE JUEGOS DE YOUTUBE HABRAN MUCHAS SERIES, AQUI LES DEJO LAS PRIMERAS: La Vida de Jonh (Los Sims 4) Una Historia de Amor (Los Sims 4) Twin Shot Home Sheep Home Electric Man Madagascar:La Serie AQUI LOS LINKS DEL CANAL: FACEBOOK:https://www.facebook.com/pages/La-Mejor-Eleccion TWITTER:http://twitter.com/lucaselige YOUTUBE:https://www.youtube.com/channel/UCxAB-sNVWPU2NElGkP7tGTg La Mejor Eleccion y su ",0,0.015412724576890469,0,es
"== Re: Se pueden buscar las coordenadas exactas, de hecho me has hecho hacerlo, pero ya estaban en Anexo:Bienes de interés cultural de la provincia de Toledo. Las he metido en wikidata. Esencialmente se trata de añadir una declaración (coordenadas,   P625  ), hacer copy&paste de las coordenadas cambiando la O por la W, dando guardar y marchando. Si hiciera falta, buscar las coordenadas manualmente no es muy difícil, con google maps botón derecho qué hay aquí te salen ya con grados decimales.",0,0.0004726568004116416,0,es
"MI NOMBRE ES RICHI TERRE I EN UN CAPITULO DE LOS SIMSON DICE HOMER: APU,ME PRESTAS 50 DOLARES? Y LE CONTESTA VALE PERO SINO TE CORTARÉ LAS PIERNAS. Y YA SE ACABA.TENDRIA QUE SER O NO NO ME PODRIAS CORTAR LA CABEZA LAS PIERNAS SI QUE LAS USO. Texto de titular RICHI TERRE",0,0.7999019026756287,1,es
"Ya pues yo hago lo que se me da la gana por la cosa que haces, y la pela de pin** que me has dicho.",1,0.8031108975410461,1,es
"110px   <span style= color: white>Has sido conmemorado por una manada de inoficiosos cual héroe patrio, Un grupo de gente sin absolutamente nada mejor que hacer ha desperdiciado valiosos minutos de sus vidas nominándote y votando por ti para ganar algo realmente inútil e irrelevante. Eres el wikipetiqueta del año En inciclopedia [] creemos que lo ",0,0.2770066559314728,0,es
"Este artículo es vergonzoso. Este alakasam confunde todo, el texto debe ser neutral, ni positivo ni negativo, y pone todo malo, y ya se desvirtúa todo. Poco serio. Que hay calles en mal estado, seguramente, pero no son todas. Si vos ves todo negativo tratate en el psicologo, que es problema tuyo, no contamines con tu mala onda a una enciclopedia que es pública. Una pena que en Cordoba haya gente con tanta ignorancia y soberbia. Que pobre tipo. Saludos",1,0.23859025537967682,0,es
"Gracias por tu felicitación del Nuevo Año. También yo te deseo lo mejor para 2009, confiando en que la crisis económica global no nos afecte demasiado y todos conservemos la salud. Respecto a los artículos que me dices quieres proponer para artículos buenos o destacados, adelante, no pongo ningún reparo. Son básicamente traducción de los artículos en inglés con algún añadido. El de Gregorio Nacianceno ya es destacado en inglés. Si hace falta algún retoque o «azulearlos», me lo dices. Por lo demás, como digo en mi página de usuario, tengo por norma no proponer yo misma artículos a los que he contribuido como candidatos a destacados o buenos, pues me parece presuntuoso; pero que si alguien quiere proponerlo, «no hace falta que me pregunte, adelante y suerte». Pues eso: suerte.",0,0.00034451225656084716,0,es
"La iglesia Cátolica y su financiacion escondida, (ya quisiera que alguna vez hicieran publica la informacion de sus fuentes y su gastos,)",0,0.0029998200479894876,0,es
"Hola nuevamiente: El  borrado rápido  fue para mi una sorpresa bastante desagradable. Por un lado, poque trabajo en diferentes WPs donde el costumbre es que, antes de tomar una medida de este tipo, se la discute con los interesados. Por otro lado, porque en este momento mi trabajo consiste, esencialmente, en corrigir, mejorar y completar las páginas sobre Angola - que acusan deficiencias mayores o menores en todas las WPs. Lo que pasa es que una página sobre Isabel dos Santos es absolutamente indispensable en este contexto, lo que explica porque hay estas páginas en en-WP, fr-WP, de-Wp y pt-WP. Por esta razón empezé a escribirla tambien en es-WP. Propongo entonces que hagas la reconstitución da la página, para que yo pueda desarrolarla. Gracias ",0,0.00034409770159982145,0,es
"Espero que tú y tus seres queridos disfruten de la noche buena y de la navidad, y que todo sea feliz. Como usuario, me resta decir que eres un buen bibliotecario e incansable colaborador. Saludos desde América del Sur.        17:39 24 dic 2018 (UTC).",0,0.002229021629318595,0,es
chingen a su madre moejadsjf adeklñsfhadsfoe akjklifnjdakisjfoi jiadlofs juioufj aklidhskfijauejsdloihf adkshfj hkjasdhbhjxhvjkhjsdf hupoia dhfsbhcxkvjzl huodyhasu yf8oi adfskjudhf kuyguiadfshghh cxjvhvkujlihfoius dhfuo DSHJGADSJDGajADNBS GADS adhjshjADS Jadsgdfshjgdfskj dghfsagadfsh adfs gdfsh adgfshdgfadfsgdfsjhadfsjkadkfsjhadfsudfs hjdfsghjdfs dhfjs hj h hfh dfgads h dhfs dfs,1,0.014478927478194237,0,es
Tu si que eres una verguenza... ¿A que c*j*n*es viene toda esa parrafada sinsentido? Si tan malo te parece el articulo mejoralo y deja de hacer perder el tiempo.,1,0.8907843232154846,1,es
"primero , el premio nobel es un premio a la obediencia ideológica, y no a la inteligencia escritora, y segundo, que sábato fué engrandecido por el solo hecho de ser servil a ciertos intereses, que no son los míos ciertamente. apesta",0,0.7646995782852173,1,es
"Épale! Qué deliciosa sorpresa! D Me encanta ese platillo y se antojan aún más en estos tiempecitos patrios, sí Señor! Gracias por el detalle Jao ;) A ver qué cocino yo y traigo por aquí en estos días también. Saludos y que estés de maravilla. )    Link58    30x20px   That s my name   04:20 2 sep 2011 (UTC)",0,0.06165393069386482,0,es
Sephiroth te deseo cuelate en mi habitacion y hazme el amor mi cuerpo tiene hambre de ti quiero ser tuya eternamente cariñito mio follame follame y follame,1,0.989352822303772,1,es
"Hola. Creo que has sido el que realizaste el artículo sobre ésta batalla. Pones que no se sabe la fecha ni el lugar exacto. ¿Sabes si el 1 de septiembre correspondería a la batalla en Tamarón y el 4 si hubiese sido en Támara, o no tiene nada que ver?. Un saludo.  Hola, de nuevo. Muchas gracias por la información y perdona si te he hecho perder mucho tiempo buscándolo. Un saludo. ",0,0.00041853287257254124,0,es
"De qué vas? Tu nivel de retrasismo mental me sorprende.  ceuta y melilla estan incluidas tanto en el mapa como en los cuadros.  ¿Tu sabes lo que es un mapa o te tengo que hacer un dibujo? Eso NO es un mapa, son dos puntos. En un mapa saldría en continente africano y dentro de él se distinguirían Ceuta y Melilla. saludos  amigo ",0,0.7029720544815063,1,es
Comienzo a incorporar el   prometido   desarrollo del moderno Egipto tras completar las obligadas lecturas. Saludos. ,0,0.0007361116586253047,0,es
Hola no se cual será el objetivo pero tu bot está cambiando un parámetro aqui que afecta a la visualización de la plantilla. Puede que halla que cambiarle alguna cosa más para que no de problemas saludos. Miguillen ,0,0.001597334397956729,0,es
"Chulo (Bautista Williams) Chico cumplidor se la re come. Tiene dos mascotas Homer un perro asqueroso que ni se mueve y Numa una perra que nadie conoce la raza. yyyyyyyyyyyyyyyyyyyy vite un chico millo el chulo, pero que capo el chulo Historia Muy facil de dejar pillo la verdad, se tiene que dar cuenta de la realidad.",1,0.6295080780982971,1,es
"Esto no tiene nada de informativo, màs bien parece una sandez colocada por alguien que adora Televisa, dejen ser no? Atención, le puse el cartel, al parecer esta información amarillista la han creado a partir de IP s anónimas, sugiero un cambio radical a este artículo.   Taichi 2.0    (あ！) 09:16 14 ene 2006 (CET)",0,0.0018592540873214602,0,es
"Estoy totalmnte contigo, fueron 5 antifascistas a agredir a un militar ke venia de la manifestacion convocada por democracia nacional, si no me ekiboko, ke hariais vostros? pos atako, i ademas era un puto sharp, i red skin, peor nada.. eso n oes malo no....",1,0.5753141045570374,1,es
"Ya las había revisado, y sirven pero para una información mas básica, y creo que es necesario crearla porque especifíca más a lo que se dedica.",0,0.0009098089649342,0,es
"Farsa: Bueno estos juegos parecen una farsa por que china esta mintiendo y haciendo trampa, segun la ley general olimpica los atletas tienen que tener 16 años o mas para competir mientras que china tiene a unas 3 bajo los 16 años. Tambien la niña china no canta es otra y los fuegos artificiales son una farsa. Bueno adios y aaaaaaa!",1,0.20393860340118408,0,es
"Aquí tienes el problema con dicho usuario Lista de episodios de One Piece, en la discusión de dicho articulo se negaba a intervenir en la discusión que había sobre este y en las ediciones podrás ver como ignora lo que le digo. La discusión y conclusiones que se sacaron sobre el tema están copiadas en mi propia discusión del perfil. Estos días a parte se han dado otros casos de copias de contenidos: , o Ya llevo mucho tiempo pidiendo que se ponga solución a estas copias como para que actitudes como la suya lejos de evitar que sucesos como estos se repitan lo promuevan.H-",0,0.0026316912844777107,0,es
"Lo que debe hacerse es explicarse con claridad las diferencias y evitar confundirlas. Que dos cosas coincidan aproximadamente en el espacio no quiere decir que sean lo mismo. Es como confundir España con la península ibérica, que coinciden mayormente, pero no son lo mismo.",0,0.0003333531494718045,0,es
Me parece vergonzoso lo que la izquierda española está haciendo con el Sr. Aznar. El sectarismo y manipulacion de la verdad que realizan no es propio de un pais civilizado. Señores: BASTA YA!!!,0,0.06774882227182388,0,es
"Acá los únicos retrógrados son ustedes, que ven el nombre  protitucion  como algo tendencioso. Si una prostituta es una prostituta, como quieren definirla? Trabajadora sexual... que ridículo! es como que a un zapatero le digamos  trabajador de zapatos , a un tacista  trabajador sobre un auto . Se le llama prostituta y nadie se lo toma a mal, no va a ser tendencioso el término a menos haya gente que lo censure...",1,0.8935966491699219,1,es
"Mi aviso fue referente a este cambio. Sustituiste la información por otra totalmente distinta. Recuerda, si deseas publicar alguna información, puedes hacerlo creando un artículo nuevo. De paso te doy la bienvenida (arriba) para que leas todas las políticas del proyecto. Un saludo.    Snakeyes -          ¿qué ondas?       18:45 28 feb 2008 (UTC)",0,0.0023919197265058756,0,es
"Soy usuario del Wikiproyecto:Ciudades, y aunque no soy experto con las tablas, le anuncio que arregle el problema que había con la tabla del Wikiproyecto:Eurovisión, solo compare las tablas de los Wikiproyectos ya mencionados para arreglar el problema. Saludos. Felices vacaciónes de Semana Santa. Juan ",0,0.00036332602030597627,0,es
"no es que se llame en la wiki catalana así es que toda la vida se ha llamado así menos en vuestra biblia. incluso en la wiki francesa y inglesa se llama la pobla de segur. que manera de hacer el ridículo. Que me dices: porque se acepta la pobla de lillet y no la pobla de segur?. venga, dame una respuesta",0,0.04064415767788887,0,es
"Estimado usuario de nivel mediocre. Le sugiero que automáticamente se detenga y deje de vandalizar páginas con un navegador que usa para visionar pornografía de doble banda. De lo contrario, un bibliotecario con poderes de administrador interino y chapa le bloqueará e inutilizará su conexión de red a las 3 de la tarde. Gracias por su colaboración, de último aviso se despide:    Jefe superior de bibliotecarios.   ",0,0.08015269786119461,0,es
mejor yo propongo que me chupen la pija tragas de mierda y encima no se que carajo estoy haciendo viendo esta pagina culiada,1,0.9956175088882446,1,es
"Me agrego tardíamente a la felicitación general. Te deseo lo mejor durante estas fiestas y una próspera década nueva, como pasa el tiempo. Un fuerte abrazo. ",0,0.00034834843245334923,0,es
"Killo me voy a casar en poco tiempo, necesitaré un reportaje de mi boda, me imagino que no es buena idea pedirte un presupuesto ahora. Menos mal que hay otro gabinete en Mogue si no lo pasaría putas. 09:55 30 nov 2007 (CET)",0,0.3780824840068817,0,es
maestro. si vos sabes muy bien que carlos portell el presidente de banfield es un chorro porque no dejas que lo pongamos TALADROMAX,0,0.4595392644405365,0,es
"Feliz año, Macarrones. Gracias por la felicitación navideña ¿Qués de tu vida? Ya me cuentas. Un fuerte abrazo.",0,0.013417026959359646,0,es
25px Hola. Te agradeceré que no me toques los cojones; otros editores deben perder tiempo valioso en romperte la cara y empañas la imagen de Podripedia que puede hacerse un desgraciado ocasional. Recuerda además que los subnormales como tú pueden ser encerrados en un frenopático (lo que nos obligaría a llamarles). Puedes visitar el campo de tiro para coger un arma y volarte los sesos para hacernos un favor a todos. Gracias. 95.21.123.,1,0.9122822880744934,1,es
"Tú que estas borrando estudios y ponendo otros en su lugar. No eres parcial y estás haciendo propagando de los mismos estudios, porque te interesa el resultado de ellos. Eres racistas.",1,0.9042298197746277,1,es
" Dime dónde dice en    esos    cambios que acabas de exponer que utilizo el término de  País Valenciano , o debo estar ciego o debes de estar inventándotelo porque no veo nada. No sigas con tus delirios panfletarios irracionales porque no encontrarás nada bueno. ¿No me vendrás con la idiotez de que  País  es el singular de  Países  ni lindezas absurdas de ese estilo, no? Yo soy hijo de mis padres, y no por ser  hijo  singular de  hijos  tengo hermanos. Lo dicho, delirios panfletarios. Joanot Martorell ✉ 20:07 24 nov 2005 (CET)",0,0.300396591424942,0,es
"Lamento que el eficaz acoso al que te ha sometido cierta ex bibliotecaria pueda haber pesado en tu decisión. Espero que no. En todo caso, ya sabes que te estamos esperando con los brazos abiertos. —",0,0.006954996380954981,0,es
"No borres los mensajes colombiano cocainomano latino asqueroso. Contestá como hombre, sino que va a pensar tu vieja que me la estoy garchando ahora?? va a pensar que tuvo a un puto, trolo, soba hongos... andá a traficar cocaina, mula",1,0.980855405330658,1,es
"Si, tienes razón y lo estuve valorando. Pero como explico en el artículo, la historia está íntimamente ligada a la del aeropuerto y es en el artículo del aeropuerto donde la he puesto. Si marcan el artículo del destacamento, entonces procederé a llevar la historia allí, aunque creo que perderá parte de su gracia. Tal vez le añada algo, pero posiblemente será reperir cosas que ya están en el del aeropuerto. Saludos cordiales. ",0,0.00038081425009295344,0,es
"Tu cuenta no se puede borrar. Si quieres eliminar tu email, puedes hacerlo editando tus preferencias. ",0,0.0035663365852087736,0,es
"¡Hola, Jorjum! Acabo de publicar el Portal:Rally. Incluye el rally raid y el Pikes Peak, porque son hermanos. Amplialo todo lo que quieras. ¡Que andes bien! ",0,0.0027848100289702415,0,es
No ayudo mas con informacion de la pagina son muy mala onda para borrar la wuea disculpen las grocerias pero molesta si van a hacerse cargo de la pagina pongan la informacion luego pu o sino no pongan nada no wuebeo mas aqui,0,0.023734774440526962,0,es
"Si crees conocer algún dato interesante sobre tu ciudad, Madrid, únete al wikiproyecto:madrid, creado ayer, e invita a otros madrileños wikipedistas a continuar el sitio",0,0.0005536246462725103,0,es
"Hola, chavalote. Soy tu primo, Torrente, ¿Nos hacemos unas pajillas...? Pues nada, solo decirte que en vista de que cada vez que hablas sube el pan y que no tienes ni P*** idea de la película, te he borrado todos tus comentarios sobre Bildu. En efecto, te he hecho lo mismo que el PP pretendía hacer con los abertzales: censurarte. Adios, chavalín.",1,0.5427899360656738,1,es
"Disculpe mi mala ortografía pero le escribo desde un teléfono móvil. Como le decía quite lo que tenga gaNas de mi artículo, publiquelo si es tan amable y deje de marear porque esto empieza a ser ridículo. Un saludo le responderé mañana",0,0.38641074299812317,0,es
"Gracias por tu mensaje. Está bien como solución provisoria pero lo definitivo es corregir esas páginas , lo que ya empecé a hacer. Te envío mi saludo.Héctor Guido ",0,0.0004936019540764391,0,es
Rasca huevos en Bruselas y también en el lavabo pero nunca los rasca en la prisión. La gallina catalana Es un caso singular. La gallina catalana Está loca de verdad.,0,0.40462419390678406,0,es
"250 px|thumb|¡Enhorabuena Cobalt! Ya eres un   malbhado vivlio  . ;) ¡A censurar, destruir y morder novatos! XD Raystorm   (Yes?)   19:13 18 feb 2008 (UTC)",0,0.4078618884086609,0,es
"¿Pendía de un hilo? Erik, ¿te volviste loco? ¿De verdad sentías tanto remordimiento por ese  insulto  (¡que no lo era!) a un  wikipedista  (¡que era otra cosa, y que ahora está expulsado, ya sabes por qué!)? ¡Pff! El mayor error que hubo en todo el rollo con Dark NO fue el títere, NI lo que le dijiste, sino que tú te hayas azotado tanto por eso. 18:51 25 dic 2007 (CET)",0,0.7078514099121094,1,es
"dejate de romper las pelotas deshaciendo los cambios sobre el articulo de rico, estas contradiciendo parrafos agregados desde el  articulo carapintadas  y del libro  malvinas, bajo palabra  donde dice que Seineldin le propuso a Rico derrocar a Menendez en malvinas, y no Rico a Menendez como lo dice este articulo Ultimo aviso!!!!",0,0.8163976073265076,1,es
"Felices fiestas, espero que Santa olvide lo bestia que eres y te traiga unos regalitos ;). Próspero 2008, mis mejores deseos, bla, bla, bla. Espero que vivas el nuevo año con esperanza y paz, don de Jesús. Un saludo. —       19:14 23 dic 2007 (CET)",0,0.43022456765174866,0,es
"El resumen que da Salamandra no es correcto, ya que choca en algunos puntos con lo que ocurre está escrito en el libro. Como los peligrosos viajes de Harry y Dumbledore. ",0,0.0009645172394812107,0,es
"Y luego tienes la desfachatez de decir que yo presumo mala fe. Resulta que proponer un artículo de Libertad 17 como Artículo Bueno es mi   venganza   por las acusaciones que formuló contra mí en otro artículo. Deja de elucubrar malos y ridículos pensamientos. Respecto a la CAD, no he sido yo quien ha confrontado contigo (no te mencioné en ningún momento) sino tú. Concretamente lo hiciste en esta edición en la que me citabas expresamente. A partir de allí, yo me he limitado contestar a tus ediciones. La iniciativa ha sido tuya, como viene siendo habitual en los últimos meses. Y eres tú quien sigue prolongando la discusión; y en dos sitios distintos, además. Y, como es habitual, eres tú quien primero habla de presunciones de mala fe, mal ambiente, bloqueos y tal y tal. Pero claro, la culpa es mía por no guardar silencio.",0,0.026269949972629547,0,es
Cuando cantan  vamos a matarles el tercero   anda preparando el cajon para el tercero   vamo a matar una gallina y a racing el tercero ,1,0.8616476058959961,1,es
"Amigo, como se usa para insertar vueltas lideradas la plantilla de competición automovilística, puedes poner enlace de un ejemplo?    oSepu    ",0,0.001723145367577672,0,es
"De antemano envio un saludo y felicitación a todos aquellos que han contribuido en la organización de este artículo...Les comento que soy nuevo en el uso de los foros, pero me he permitido expresarles mi opinión con el afán de contribuir en este proyecto.....    El punto que deseo comentar es el siguiente:     El Ejército Mexicano es resultado de la evolución de las fuerzas revolucionarias emergidas del Ejército Constitucionalista, al ser sometido éste a la reorganización y modernización impuesto por el general Joaquín Amaro; tal programa incluyó la revalidación del grado para los altos oficiales, imposición de disciplina principalmente entre generales y jefes, profesionalizando los cuadros de jefes y clases, combatiendo la corrupción y mejorando en todos sus sentidos los servicios del ejército. Además, canalizó las aspiraciones políticas de los excombatientes revolucionarios . En el párrafo citado con anteioridad se puede entender que el Gral. Joaquín Amaro  canalizó las aspiraciones políticas de los excombatientes revolucionarios , dichas aspiraciones políticas fueron canalizadas con la fundación del  Partido Nacional Revolucionario  en la que el Gral Amaro nunca participó.....Por lo tanto me he perimitido eliminar esa parte del párrafo original en el mencioando artículo.... Sin ánimo de entorpecer su loable trabajo, espero sus comentarios....",0,0.00031455670250579715,0,es
"Y si quiero ponerlo como referencia bibliográfica relevante sobre el tema, ¿dónde lo debo poner?. A parte no es un libro si no un artículo que se puede consultar a través de internet gratuito. Un cordial saludo.",0,0.0004544896073639393,0,es
"Por desgracia los reyes castellanos nos impidieron tener nuestro siglo de oro cuando hubiera tocado, pero que sepais que el siglo XIX con la Renaixença y parte del XX en Catalunya se vivió este siglo de oro que según algunos ignorantes no existe.",0,0.38778114318847656,0,es
Hola veo que el artículo ha sido modificado y hace referencia al reclamo argentino pero no deja claro quien actualmente administra la región si se lee especificamente en párrafo donde se habla de TIERRA DEL FUEGO... Gracias un saludo ,0,0.0006044909823685884,0,es
"Fue abandonar por sus propios y deleznables compañeros, llenos de cobardía. Naturalmente la policía buscaba a los otros dos  héroes , que lo que querían era matar a los del furgón blindado. ¿Si no porqué iban armados?. Hace falta desvergüenza para considerar a ese miserable como un ser humano. Sus parecidos son los SS alemanes o la NKVD soviética. Murió porqué quería matar. Ya encontró su juez (para los creyentes). Y para los no creyentes, el olvido. Propongo anular y eliminar la página. El personaje es irrelevante. ",0,0.30892443656921387,0,es
"A mí, como a los demás, me da mucho gusto que estes de regreso, haces mucha falta. Ahora te va a tocar a tí levantarnos el ánimo, que yo sigo igual y Link se nos esta deprimiendo también. Recuerda que tenemos una colaboración pendiente. Abrazos, muchos, que al fin y al cabo son gratis.",0,0.0015350920148193836,0,es
"PD: Y no, evidentemente, desde lo poco que entiendo de estos temas  irredentos , no tiene que ver uno con el otro, pues panhispanismo parece, según se quiere desprender de la lectura del artículo, un movimiento principalmente americano, que parece dejar a España un poco de lado, por desconfianzas a causa del pasado colonial. El problema es que no se sabe ni quién ha propuesto esto del panhispanismo, ni quién desconfía de España, ni quién desconfía de Argentina y México ni quién nada, pues el artículo no tiene referencias y tal como está podría ser fuente primaria o incluso bulo. Así que no le puedo decir. Por cierto, el mapa es francamente desconcertante. ¿Un mapa de la unión ibérica con Portugal para representar un supuesto  panhispanismo ? ¿Hay alguna fuente que afirme que... Nápoles es  pretendida  por alguien hispano? ¿Grecia? (...) Y así con todas las banderitas de la ficha. ",0,0.0028063112404197454,0,es
"El jueves, la verdad es que no lo se, ¿pero como si Lenin mantiene relaciones sexuales con su madre?, digo que no lo se porque nunca he comprado el jueves.Fernando ",1,0.8025989532470703,1,es
de la republica independiente de tarija: para empezar tengo dos amigos pelotudos que dicen que todos los perros nacen sin cola sus nombres son:Enzo y juan pablo pereyra,1,0.1653091013431549,0,es
"Totalmente de acuerdo con tu postura sobre FCH. Esos que oponen vulgaridad a la razón te digo, no merecen mayor atención. Abundan los hombres-masa que, educados por tan sólo lo que alcanzan a cachar en televisa o tv-azteca, se quieren ahora auto-postular expertos en derecho electoral, ciencias políticas e, incluso, en estadísticas aplicadas! Sólo chécate como me replicó un chupasirios una observación sobre el recuento de 9% en la página de discusión de las elecciones. Siempre pantera! ",0,0.14894509315490723,0,es
"Me parece buena solución, creo que queda bastante claro sobre lo que trata el artículo. Por mi parte, este párrafo está listo. ",0,0.00040394780808128417,0,es
" Ese montón de mensajes en tu página de discución, demuestran tu mediocridad aquí. Sólo te la pasas deshaciendo ediciones que no son de tu agrado, a pesar de estar bien redactadas. Me das muchísima lastima, ojála tomes esta plataforma con seriedad. No deberían existir personas como tú haciendo uso de sus  privilegios . Ni siquiera sabes escribir adecuadamente, tu contenido es redundante. Qué tengas un buen día. Ve a estudiar, quizá eso despeje tu cerebro un poco.  — El comentario anterior sin firmar es obra de 2800:4F0:523:2170:1969:10EB:293B:BEF ( • • bloq). 23:57 13 abr 2019 (UTC)",0,0.4096578359603882,0,es
"Además, teniendo en cuenta que    fue un ferviente adepto al régimen cristo-fascista del golpista Franco Bahamonde   , y por lo tanto poco amigo del idioma y la cultura propios de Galicia, tiene gracia esta galleguización.83.35.69.",0,0.5755430459976196,1,es
"Hola Emilio. ¿Dónde podemos encontrar info sobre las conocimientos astronómicos de los anasazi? Me voy a fijar en la Wiki inglesa. Otra cuestión: ¿te parece que ni siquiera tenemos que mencionar las  teorías  de la paleoastronáutica? Yo ya las  lavé  mucho poniéndole que fueron inventadas por un  hotelero , pero mi duda es que toda la materia es famosa precisamente por esos tópicos... por eso no sé si ignorarlos. ¿Qué opinas? ",0,0.001320678391493857,0,es
"Hola puto hijo de re 1000 puta, te recomiendo que te vallas a la concha de tu madre antes de que aca se arme la gorda. PD: Soy Gay",1,0.9968209266662598,1,es
"Holas Ramos10, estás añadiendo imágenes con copyright por docenas, haciéndolas pasar por tuyas. Por favor, deja de hacerlo porque nos jodes a todos. Will ",1,0.8714161515235901,1,es
"Hola Julio, disculpa por la tardanza en responder, estoy bastante ocupado y estate tranquilo que tus comentarios no me molestan en lo más mínino, sino al contrario. Sobre el Ducado de Montalto, tienes razón con que Fernando el Católico otorgó esa dignidad al Gran Capitán, que fue rehabilitado por Alfonos XIII y demás detalles que me aportas, como puede leerse aquí. Sin embargo deben ser dos títulos distintos de igual nombre. Tengo entendido que el otorgado al hijo de Fernando I de Nápoles se refiere a Montalto Uffugo, aunque puede que me equivoque en este punto. Lo seguro es que en Italia existen varios lugares llamados Montalto. Desde luego sería fundamental añadir en el artículo la información referida a la concesión al Gran Capitán y su posterior rehabilitación y vigencia. Si te parece, me encargo yo. Saludos. Fdo.  Hola Julio, gracias por tu contestación. He cambiado lo que me indicaste. Por favor, échale un vistazo a ver si me he olvidado de algo. Saludos. Fdo. ",0,0.0004244690353516489,0,es
"Hola . El 15 dic 2015 una IP realizó cambios vandálicos en este artículo. He corregido dos, pero te agradecería le echaras un vistazo por si queda alguno más sin corregir. Gracias anticipadas y saludos cordiales. Antón ",0,0.00036134745460003614,0,es
por abandonar el horno y parar los pies al de la   poronga   (a ver si era Brad Pitt quien estaba editando y he cometido el error de mi vida al denunciarlo...). Voy yo también al horno. Besos ,0,0.10607722401618958,0,es
"Este artículo rezuma juicios de valor anti-anticatólicos y trata de hacer aparentar a los católicos como víctimas. Es justamente eso lo que me está haciendo cada día más convencido anticatólico. Y que conste que cuando digo  convencido  quiero decir justo lo contrario de  ferviente . el fervor es una cualidad propia de los católicos. Por ejemplo: Cuando hace referencia a Isabel I de Inglaterra menciona que  restableció agresivamente la persecución contra aquellos que permanecían leales al catolicismo y rehusaban caer en apostasía . Vamos. No se puede ser más torpemente manipulador. Ahora va a resultar que acogerse a la reforma y rechazar los manejos de la iglesia de los Borgia y la pornocracia es etiquetado como  apostasía . Manda huevos. Pues bueno. Si eso es apostasía, estaré encantado de ser apóstata.",0,0.01837262138724327,0,es
"Yo opino igual, es más largo el listado que el resto del artículo sin aportar nada. vanbasten_23 23:52 29 may 2008",0,0.0014955369988456368,0,es
"Leí por ahí un comentario tuyo que me pareció simplemente fantástico, destacadísimo*****, así que le puse una   estrellota   y me lo colgué en mi PU -D. Si excede los márgenes del derecho a cita del país donde vives ;-), o si de algún otro modo (te) molesta, pues vas y lo quitas, que pa  eso esto es una wiki. Un saludo Mar del ",0,0.0876867026090622,0,es
SI ME CRITICAS POR VANDALISMO ENTONCES ARREGLA LA CANCION PERROS SALVAJES DE DADDY YANKEE DICE CLARO QUE EL REGGETON NO ES MUSICA LA EDICION NORMAL ES QUE AHI DADDY YANKEE TRATA A LOS ROCKEROS COMO DE NENAS Y SON UNAS MUJERES PERO SOLO VEO UNA CRITICA AL REGGETON!!!,0,0.8094503879547119,1,es
"Hola, te viso como bibliotecario que acabo de Fusionar Ministerio de Vivienda, Ordenamiento territorial y Medio Ambiente con Ministerio de Vivienda, Ordenamiento Territorial y Medio Ambiente de UruguaySé que después tiene que intervenir un biblio para terminar de solucionarlo. Gracias.",0,0.0007162709371186793,0,es
"Hola Surrell: Participo de tus dudas acerca de la interpretación de este versículo y mucho más de la conclusión que se saca en el artículo. Este enlace y la Nacar-Colunga de toda la vida no me parece que fundamenten en modo alguno lo que sostiene el artículo. La cita bíblica parece referirse más bien a que el hombre es el único animal que tiene conciencia y sentido del tiempo, hecho que se debe, me supongo yo, a que es el único que tiene memoria abstracta. Desde luego, este razonamiento parece arriesgado aplicarselo a los ángeles, que también son criaturas, aunque sobrenaturales. No sé, de todos modos, si tu consulta iba por ahí. Estoy a tu disposición.",0,0.0030806330032646656,0,es
¿En una notebook la masa del puerto USB esta tambien a tiera? y en electronica a la masa se le denomina tierra solo en el idioma inglés o en malas traducciones. 190.3.27.,0,0.0017395614413544536,0,es
"Hola. Bueno no estoy 100% seguro, pero vivo a unos 25Km de ahí, y de toda la vida le llamamos así. De todas formas, te dejo algunos enlaces a webs para que veas que no me lo invento xD . Lo de puertos ya no lo entiendo.... Por que es un unico puerto... Pero que el nombre está equivocado te lo garantizo. Un saludo, y gracias. ",0,0.0007585807470604777,0,es
"No firmé el comentario anterior, te decía que dónde te dejo un mensaje para copiarte lo que se está haciendo?2.39.117.",0,0.009032389149069786,0,es
En Historia de Namibia ouse una fuente en ingles. que no sé ingles la puse por ser usada para el articulo resultado elecciones sudafricanas de 1.948. Así que espero que no sea borrada. ,0,0.00027731352020055056,0,es
"Ahora me doy cuenta de que ya existen estas categorías (Científicos de Cuba, Economistas de Cuba, etc,), pero están en otro sitio y, al parecer, quienes hacen als notas no als encuentran y no lasd incluyen",0,0.0006620724452659488,0,es
" Entonces el problema era por la referencia y no por que era difamación, Gracias por explicármelo ahora se por que era esa guerra de ediciones. Buen Día DJorge ",0,0.0005549549823626876,0,es
"Hemos encontrado al usuario al que hace referencia lo de las demencias. ¿Extrema derecha? Perdona, pero yo conozco a mucha gente valencianista, y ni por asomo son de extrema derecha. El valencianismo es un movimiento CULTURAL, y un SENTIMIENTO, no está sujeto a la política. Tildarles de extrema derecha es lo que hace el catalanismo para desprestigiar el valencianismo. Además, si se supone que las teorías catalanistas son tan irrefutables, ¿por qué directamente no se las muestran para convencerles? Respuesta: porque las teorías catalanistas son una farsa, sustentadas por el dinero de la Generalitat de Catalunya. Por cierto, el catalanismo está muy vinculado con la extrema izquierda, ¿eso no cuenta? ¿O es que la extrema izquierda es permisible? Hipócritas.",1,0.7307574152946472,1,es
"¿Se podrían incluir referencias de la supuesta charlatanería en el artículo? Se vierten opiniones muy duras contra alguien pero no se incluye ninguna referencia de lo que se afirma. Se esgrimen supuestos comentarios de agrupaciones como la AECC, pero no se dan referencias, y una búsqueda de tales comentarios en las respectivas páginas no da resultado. Pareciera que el escritor del artículo no tiene más interés que el desprestigio, sin molestarse en presentar pruebas, con lo que únicamente provoca el desprestigio de si mismo.",0,0.0009098562295548618,0,es
"TBDM metalcore???????????????? de aqui a cuando esta banda utiliza voces limpias por lomenos yo no las he escuchado , puede q se acercquen al deathcore y a veces me parece q lo son ya q a veces tiendo a confundir el deathcore o el death melodico , pero metalcore?????????????? , pienso q deberian borrar metalcore , y dejar solo death metal melodico-190.75.137. (Panque)",0,0.0927802175283432,0,es
"Hola, Negro José (aguante el tema jeje), voy a hacerte una pregunta: ¿autorizaste a Willyboy para que quite la imagen de Gelpgim22 que decía   DALE DALE LOBO CARAJO Y LA **** QUE ME PA***  ? Digo porque, si no lo hubieras hecho, yo no dejaría tan fácilmente que borren comentarios de mi discusión sin mi constentimiento (o si no preguntale a Sabbut por una acción mía en el pasado). Sólo quería saber, porque además Willyboy pensó que había sido yo y borró un mensaje en mi discusión que contenían calumnias hacia mí. Un saludo. 15px Chosquitas Tus dudas aquí... 23:51 14 jul 2009 (UTC)",1,0.7560598254203796,1,es
"Buenas Sr. FAR ayer pusiste una cartela de Sin Relevancia Aparente en dota me gustaria saber cual es el motivo por el que consideras mi articulo irrelevante, si te fijas en la discusion del articulo, puse que publique esto ya que dota esta siendo masivamente jugado desde hace un par de años, se realizan varios torneos alerededor del mundo( algunos incluso respaldados por blizzard entretainment ) y he sido consultado en foros etc. sobre este juego a raiz de que hay un video de un dj que esta de moda y que habla sobre DotA y a la gente le llama la atencion de que se trata esto. Tambien he recibido una cartela aunque no tuya de que el articulo necesita ser wikificado, si me puedes dar una mano en eso te agradeceria ya que el usuario que puso la cartela casi no habla español, soy nuevisimo en esto y quiero aprender asi que estoy dispuesto a escuchar comentarios y criticas",0,0.0006645537214353681,0,es
"Se ha renombrado esta cuenta como parte de la finalización de la cuenta de acceso unificada. Si esta cuenta le pertenece, entonces puede ingresar utilizando su nombre de usuario y contraseña anteriores para obtener más información. Si no le gusta el nuevo nombre de la cuenta, puede elegir el que desee con este formulario después de ingresar: . Keegan (WMF) (discusión) 08:43 21 abr 2015 (UTC)",0,0.000307906826492399,0,es
"¡Hola Engarbo! No me felicites a mí, sino a Claudedeu, que ha traducido todo el artículo desde el inglés. Yo me he limitado a hacer pequeñas mejoras... a ver si entre todos conseguimos que sea un artículo destacado. ¡Ahora a por todas las canciones! ) —",0,0.000991872395388782,0,es
"Chacho, de donde te sacaste lo de k en Canarias se le llama tiburon amarillo, jodio batalla? Nos vas a espantar a los turistas, terrorista. Aqui no hay tiburones tigre",0,0.8889325857162476,1,es
"Traduje este artículo de en:. Si se te ocurre un nombre mejor, por favor traslada. ¡Gracias! ",0,0.0005174325197003782,0,es
"Hola Desmond gracias por el interes, estare trabajando en el articulo esta semana eso solo fue una linea para comenzar, necesito realizar un resumen de los personajes y la trama agradeceria si alguien me ayudara, lo hago para completar un poco la informacion de Nobuhiro Watsuki. ",0,0.0004421006888151169,0,es
oe tu la mierda k lo estas leyendo instala en la compu WORMS FORZE para pc esta locazo... y mira youjizz,1,0.9812402129173279,1,es
"Señor Rapomon, déjeme comentarle que su falta de conocimiento acerca de latinoamérica provoca que utilice definiciones demasiado ingenuas y propias de alguien ignorante. Decir que en latinoamérica hablamos dos idiomas es una total estupidez, así como decir que estamos más  americanizados . Creo que debería investigar un poco más sobre el tema para poder, luego, opinar seriamente y con fundamentos.",1,0.8815941214561462,1,es
"Hola, a ver, unos arreglillos. Creo que habría que recolocar varios apartados. Así que mejor te digo el orden que me parecería a mi, y que sería así: Geografía. Demografía. Historia. Espacios naturales. Simbología de Moguer. Economía. Cultura y tradiciones. Monumentos. Hijos ilustres. Ciudades Hermanadas. Bien creo que esta sería mi forma de ordenarlo. Ya dirás que te parece. Miguel Ángel  fotógrafo  ( Dí lo que quiera, killo) 14:40 8 mar 2008 (UTC)",0,0.0011892425827682018,0,es
"He contestado a cada punto. Gracias por la revisión, me ha reconfortado bastante poder revisar cada sugerencia. 01:47 5 mar 2015 (UTC)",0,0.00043152758735232055,0,es
" es vasco Que asco, que asco Ontzak es un ladrón Entró a un mercado y se robó un jabón (pero nunca lo usó) Pero sobre todas las cosas, es vasco Que asco, que asco Esto te lo dedico por ser la prostituta virtual del bibliotecario Marcelo (el remo no te ha olvidado) Ulloa de ",1,0.9726658463478088,1,es
"El capítulo dedicado a las armas indica:  El mejor sistema actual de registro, basado en la memoria magnética, puede guardar alrededor de dos gigabits por centímetro cuadrado; los físicos creen que el límite físico de la capacidad este sistema —no alcanzado aún— es de alrededor de 25 gigabits por centímetro cuadrado (64 gigabytes/in²).[1]  No he leido la fuente original de los datos, pero 25 gigabit por centímetro cuadrado representan 25x2,54x2,54/8 gigabytes/in² ~ 20,16 gigabytes/in². Para pasar de cm² a in², hay que dividir por 2,54² y para pasar de bit a bytes hay que dividir por 8 Creo que se deberian borrar estos datos hasta que se aclare cuales son los datos reales",0,0.0003791683411691338,0,es
" Lo siento BetoCG, pero Jmundo tiene razón, una cosa es tener derecho a escribir EN las discusiones, cierto, pero no es lo que él está reivindicando. m: 20:58 18 feb 2009 (UTC)",0,0.0005924744182266295,0,es
"maldicion!!!! demonios estoy loco por agregarle imagenes al maldito articulo que aca bo de crear. me dice que lo suba a commons................si, ya lo subi. AHORA QUE!?!? ya la imagen subio ahora? como hago que aparezca en el articulo? llevo meses exprmiendome el cerebro tratando de saber esa vaina...................ayudame!!!!!!!!!!!!!!!!",1,0.9893572926521301,1,es
"Hola Nacho. Pues no es un pueblo cualquiera, es un municipio. Y como cualquier municipio, es factible conseguir datos para hacer el artículo. Alguien probablemente encontrará necesario hablar sobre Nadadores, y le pondrá más información al asunto. No te preocupes por los enlaces en rojo. Almas caritativas se encargan de ponerlos azules. Saludos. 15px Kuí kuu-de Yavidaxiu Ka an-",0,0.0003007278428412974,0,es
"el Kusillo(bufon andino) se presenta no solo en danzas bolivianas, también en las peruanas, favor de ser mas concisos, aymara no solo es Bolivia también es Peru",0,0.06437148153781891,0,es
"Creo que al hablar del racismo en España sería bueno que no se ocultara información respecto a que muchos de los grupos discriminados son irónicamente los ascendientes de una grandísima parte de los españoles. Por ejemplo en lo que respecta al antisemitismo en España, queda claro que se trata de hechos que llaman doblemente la atención, ya que se trata de un odio que va de  judíos  (marranos que los españoles llevan en su sangre) hacia judíos.",0,0.05728214979171753,0,es
  Gustavo   -      May I help you?      03:13 24 sep 2006 (CEST) A mí me gusta su presentación y su estructura.,0,0.0002774193126242608,0,es
"¿Esta imagen de la   izquierda radical   era de su página de usuario? Hay cada engendro últimamente dando vueltas... fijate, hay uno que me amenaza en mi discusión porque el   Premio al Héroe del Trabajo Socialista   es    contenido comunista   . Ya le irá la KBG encima xD. Saludos, galio hablemos ",0,0.037449367344379425,0,es
" No, yo no puedo hacer la revalidación porque no cumplo con los requisitos para hacerlo. Habría que contactar a algun usuario que haya participado intensivamente en el proyecto. Saludos, ",0,0.0005060837720520794,0,es
solamente tengo que decir que pauling violaba a los niño menores de 12 años como michael jaccsson era muy zorro,1,0.9165385365486145,1,es
"Nacido el 26 de marzo de 1994 primo politco de la ex-esposa de uriel y la borrega ROBERTO MONTOYA MARTINNEZ es denominado u hombre muy mentiroso sus mas grandes mentiras son: -papanieto -nobio d madona -su fam. llena el azteca -ex de melisa de 3 (la q estaba el otro año no la actual) -etc Roberto es un niño mentiroso q va a la esc. sec colegio hispano,el busca llamar la atencion con sus mentiras pero todos se burlan de el , es muy exagerado en todo lo q hace cuando se cae dice q s fracturo o dice otra mamadas",0,0.8541246056556702,1,es
"Buenas tardes, MONUMENTA. He creado la página del pintor Victorio Manchón, pero ahora no se situarla en la web. Cuando puedas, me dices cómo hacerlo. Gracias. ",0,0.0030572861433029175,0,es
"Para mi este hombre es mercancía averíada y un auténtico fracaso del mass-media, es una opinión mia, pero evidentemente hay más información de Juan Camús que no de artistas de nivel internacional, este artículo es autopromocional y no nos engañemos, está hecho por el mismo Juan Camús. Sin más dilaciones y sin acritud, exigo que se resuma toda esta parrafada a dos líneas (que ya es mucho pedir) para este artista regional fracasado.    Golden23   ",0,0.07962771505117416,0,es
"Propongo la traducción del artículo de la wiki inglesa en:Spanish architecture, que aunque no es completo (sobre todo en lo relativo al siglo XX), da una visión general de la arquitectura en España a lo largo de los siglos. Si alguien más se anima, entre varios podríamos traducirlo entero, y completar en los vacíos.Pipino el ",0,0.002340195933356881,0,es
"El argumento no es sobre la vida de Otón I y Otón II (ciertamente padre e hijo), sino sobre Otón II y Adelberto de Italia, hijo de Gismonda, viuda de Berengario y reina de Italia. ",0,0.0009676440386101604,0,es
Veo en el historial que has intentado dos veces crear una página de usuario con el nombre de MigLar. Bueno esto no funciona así. Primero te tienes que dar de alta haciendo click en uno de los links que están hasta más arriba que dice Inicio/Crear cuenta. Una vez que hayas hecho eso podrás crear tú página de usuario. Gustavo Rodríguez -   Gsrdzl      DISCUSIÓN    04:28 22 oct 2008 (UTC),0,0.0005271006957627833,0,es
"Canarias actualmente posee una población de 2.075.968 habitantes y una densidad de 278,8 hab/km², siendo la octava Comunidad Autónoma de España en población, en cuanto a las islas la principal población del archipiélago se encuentra en la isla de Tenerife, que es la isla más poblada de España y la más urbanizada del archipiélago, con casi un millón de habitantes. La otra gran aglomeración de la población es la isla de Gran Canaria, el resto se reparten en las demás islas restantes. La extensión total del archipiélago es 7.447 km².Cifra de población referida al 01/01/2008 según el Instituto Nacional de Estadística GRACIAS.",0,0.0003609847044572234,0,es
"Agresividad, delincuencia, patologías mentales, bases biológicas del papel de la mujer en la sociedad. El cacao de the bell curve y los CI Predeterminismo biológico VS Predeterminismo socio-cultural",0,0.025594515725970268,0,es
Muchísimas gracias Taichi por tu apoyo y que esta nueva oportunidad sirva para demostrar mi compromiso con el proyecto. Un fuerte abrazo ,0,0.0003118846798315644,0,es
"Estaba vien como estaba antes, sino la introducción quedaba muy reducida. La trayectoria es explicada durante todo el artículo, no es necesario crear otra sección para ello. Por eso continuaré, si es necesario, fusionándolas. ¿Entiendes?No noto ninguna necesidad para separar parte de la introducción, casi nunca se hace. Saludos!!",0,0.00041760908789001405,0,es
"Hola, estaba haciendo patrullas de artículos nuevos y vi que habías hecho este artículo: Pontificios Colegios en Roma; si tienes tiempo y te acuerdas, creo que estaría bien que pusieras alguna referencia. Un saludo. Natrix 15px|No a la ",0,0.0004530122969299555,0,es
Se puede trasladar desde Medusa a Medusozoa. La filogenia más actual agrupa a las medusas en un clado.,0,0.0028590532019734383,0,es
Lamentablemente este es el único lugar en el que se produce esta discusión. Parece más bien un empecinamiento de los cuatro anti-catalanistas de siempre. Sant Boi o San Boi suena demasiado catalán y -como es bien sabido- a los catalanes hay que matarlos a todos por pretender hablar en otro idioma que no sea el cristianísimo español.,0,0.8375623226165771,1,es
"Hola Takashi, he traslado el texto aleman del dibujo  Zentralamerikanisches Geschwader  en espanol. Saludos, ~~GerardoGerd ",0,0.00033032524515874684,0,es
Me acabn de robar el movil y la cartera. ME CAGO EN SU PUTA MADRE MUERTA DE TODOS LOS GITANOS,1,0.9630264043807983,1,es
"Puse la descripcion Pentecostal, puesto que de otra forma parece sugerir que los Adventistas no creen en la uncion del Espiritu Santo. Los Adventistas si creen en el Espiritu, pero no de la forma en que creen los Pentecostales. Por definicion de su credo, los Soldados de la Cruz son un grupo pentecostal, ya que creen en un segundo bautismo en el Espiritu posterior al bautismo de agua, y afirman la continuacion de los dones sobrenaturales de sanacion, lenguas, y otros mencionados en la Biblia. Tambien Gordon Melton, en su enciclopedia de religiones Americanas, clasifica a este grupo dentro de la familia Pentecostal. Si no consideran esta clasificasion correcta, favor de explicar el por que.",0,0.0004556665080599487,0,es
"Hola. No deberías arreglar lo que no está dañado, lo digo por tu edición en Francisco (el puto amo) dorado gayo, así que te pediré que no lo vuelvas a hacer. Este tipo de ediciones no son necesarias. Un saludo. (    ) 23:58 22 ago 2010 (UTC)",0,0.6579575538635254,1,es
"Muchas gracias por tan gran detalle, un abrazo desde Canarias y disfruta del día tu también. 20px O.o°• мαя •°o.O ...Dime!!!* 21:50 8 mar 2013 (UTC)",0,0.0010997557546943426,0,es
"Me dio mucha pena por Chile que sus propios medios dijeran  nos quedamos sorprendidos, en un país acostumbrado al respeto por las instituciones como es Chile, la actitud de la gente que salió a robar los supermercados...  Realmente como se nota que la prensa es una mierda en todos lados. A ver que pasaría en París si mañana hay un terremoto y no tienen que comer.    Alakasam    ",1,0.7646738886833191,1,es
"   ¡Felicidades!    por tu valioso tiempo en el proyecto esperamos que sigas contribuyendo más, salutacione, salutaciones マレイバ | ",0,0.0008760713972151279,0,es
"¿Por? ¿Por retirar imágenes que el usuario que las subió ha dejado de describir según las normas? ¿Por integrar una plantilla dentro del artículo? Me temo que quien está pecando de arrogante es usted. Pero, eso sí, la fama me la llevo yo.    PD: De los insultos que recibí en el Café mejor no hablar, ¿verdad?  ",0,0.08185570687055588,0,es
"Por supuesto, puedes comenzar a crear, trabajar un artículo o lo que consideres. ",0,0.0009710985468700528,0,es
"Hola Marcelo: Ya he cambiado mi firma como me lo recomendaste, y si bien sabía del nombre del otro usuario, desconocía que en su firma decía su nombre. Gracias por el aviso, saludos.    Esteban16      mensajes   17:28 28 oct 2017 (UTC)",0,0.00033363638794980943,0,es
"Muchas gracias, lo enlazaré cuando llegue al retablo, ese que ahora dicen que no es suyo, pero que de momento así lo llaman. Nos vuelven locas los historiadores. Ayer hubo   colgamiento  . ¿Ya tienes los premios? Lourdes, mensajes ",0,0.017249226570129395,0,es
"aberracion de las tortugas , este bicho raro no para de jugar al fortnite , Brawl stars i otros juegos de mierda mas . Se caracteriza por ser Calvo Gustarle Los chicles de menta i Cacaolats",1,0.7910962104797363,1,es
" D ya yo creía que me había olvidado, pero bueno muchas gracias... saludos, cuídese... nixón? 04:19 23 feb 2009 (UTC)",0,0.3214694559574127,0,es
"Gracias por tu revisión. Me gustaría pasar las referencias a ese formato pero lo cierto es que son puras páginas web, así que como llenaría los campos? Eso de autor, año, etc. etc. cómo lo llenaría? 7:28 20 jul 2007 (CEST)",0,0.00041109437006525695,0,es
"A cuenta de esto, te recuerdo que una cosa es la información en sí, y otra la valoración personal que le acompaña. ¿ Ostenta el dudoso honor ? Venga, si te suspendieron, ve a quejarte al profe de turno. -P ",0,0.053565096110105515,0,es
"Perdón, no recordaba bien el título. Me parece muy bien que hayais eliminado los links de los otros libros hacia éste. No era por buscar rumorología, simplemente era porque habían desaparecido los links en otros artículos y era por saber lo que había ocurrido. Gracias Touareg",0,0.00029342822381295264,0,es
"qUERIDO PUPI TU QUE COMO UNA FLECHA PASASTE, DEJASTE TU DESPLIEGUE DE FUTBOL ,GOLES Y ABRAZOS, SABEMOS QUE TENES QUE SER UN PROFESIONAL PERO HABLAR TAN DE FRENTE DE ESPERAR MOTIVACION, HACIA FALTA, Y SI LA MOTIVACION ES ESTAR TRISTE O DEPRIMIDO, NO ESTAS EN TU DERECHO, AY VA LA PELOTA PUPI HACELO Y GRITALO O NO LO GRITES,NO TE OLVIDES DE COBRAR LOS PESOS ROÑOSOS QUE TE DEN PARA CLAVAR LA ESTACA SON CODIGOS DE LA VIDA PUPI TE TOCO LA SUERTE DE CLAVAR LA DAGA HACELO ESTARAS TERMINANDO CON LA ILUSION DE MUCHOS LOS QUE TE QUIEREN DE VILLA CRESPO",1,0.8977149128913879,1,es
"El libro es muy bueno y didáctico. Ya voy pensando en los posibles articulillos porque tengo fotos de portaladas. Me avisas cuando vayan saliendo, por favor. Gracias Lourdes, mensajes ",0,0.0014304821379482746,0,es
Web oficial Web de la “Nochevieja en Agosto” de Bérchules Web de Granada en la red.com Web de Ideal Digital Web de la Junta de Andalucía Web de los apartamentos y casas “Mirador de los Bérchules”,0,0.0004886911483481526,0,es
"Para un cuaderno escolar, pase; pero para algo que pretende ser una enciclopeda... menudo engendro. Quienes desconocen las normas gramaticales y ortográficas le harían un bien a esta cosa si se abstuvieran de publicar en ella.",0,0.06565336138010025,0,es
"Se ha retirado la plantilla traducción que colocó en el artículo el 08 de dic de 2007, ya que ha transcurrido bastante tiempo desde que colaboró en él por última vez (el 27 de oct de 2008). Si dejó partes sin traducir revise si es necesario hacer limpieza. Bigsus-",0,0.00031202746322378516,0,es
"Hombre de paja no es un apelativo que le dirija a usted sino el nombre de una falacia argumental (haga clic aquí: hombre de paja). El texto sobre estas líneas que emitió usted es una colección de hombres de paja (puntos 1, 2, 3 y 4) y de difamaciones (el resto), además de una falta de civismo general.",0,0.00470193475484848,0,es
"Pues si lo dice el Larousse, así será. No he tenido tiempo de comprobarlo, pero en su día (cuando traduje desde en:) busqué y hallé más menciones a los personajes en cuestión (hay varios con el mismo nombre) como  Lico  que como  Licón . Corrijo de todas formas... Sí, he traído bombones. Pero no te voy a dar, que crean adicción. Un beso sí que te doy: (K). ",0,0.002585475565865636,0,es
"Qué divertido. ¿Has añadido en las   noticias   que te dedicas a llamar  payaso  a usuarios anónimos, o eso prefieres que no se sepa? ",0,0.1751554310321808,0,es
¿Cómo estás hermano? Hace rato que no te escribo... Imagino que estás atareadísimo.. Un abrazo 10pxLeo †el tonto no ve el mismo árbol que el sabio† 18:43 15 may 2007 (CEST).,0,0.23365825414657593,0,es
"Muchas gracias por tu colabotación. Últimamente me llamaron la atención los temas relacionados con la parte austral del país, sobretodo los relacionados con las Malvinas y las islas Georgias y Sandwich del Sur, aunque también me interesa la Patagonia argentina. Ya me vas a ver en la lista de miembros de tu wikiproyecto. Saludos.    JM    | ¿Hablamos? 18:15 9 ene 2014 (UTC)",0,0.0004365767235867679,0,es
"Este tema lo tocamos hace algún tiempo y no se ha hecho nada al respecto. Por favor, algún bibliotecario tenga a bien eliminar la lista de vicepresidentes que aparece en este artículo y trasladarla al artículo sobre Cuba, (¿Seccion    Gobierno y política    tal vez?). Saludos. ",0,0.0005068559548817575,0,es
"   Animo a la gente a que cambie a KDE. Esta mentalidad de Gnome de  los usuarios son idiotas y están confundidos con la funcionalidad  es una enfermedad. Si piensas que tus usuarios son idiotas, sólo los idiotas lo usarán. No uso Gnome, porque se está esforzando en ser simple, y hace mucho que alcanzó el punto en el que al ser simple no hace lo que yo necesito que haga. Por favor, diganle a la gente que use KDE   Linus Torvalds crítica duramente a Gnome. Linus Torvalds fue quien creó este grandioso sistema, así que sin él Microsoft sería el dueño de todo, absolutamente todo. Por ende su opinión es importantísima, de hecho sus argumentos son perfectamente validos. Gnome ofrece las mismas funcionalidades que Windows 95, pero de ahí no evoluciona, sin sus autores porque sus autores se confundirían, o como dice Linus, son idiotas y están confundidos.",1,0.5911339521408081,1,es
"   LE RESPONDO: ES SENCILLO. EL 98% DE LOS ESTUDIOS Y ENSAYOS QUE USTED SUGIERE, SON FINANCIADOS POR LABORATORIOS FARMACÉUTICOS. ¿DE VERDAD ES UD. TAN INGENUO DE CREER QUE LES INTERESA FINANCIAR O PROMOVER ESTUDIOS Y PRUEBAS SOBRE TERAPIAS NO INVASIVAS Y NATURALES COMO EL BIOMAGNETISMO? CREO QUE NO.   ",0,0.05081065744161606,0,es
"Miseria ¡Cuánta miseria por una puta raya joder! Me da igual estar en el talego si ya tengo lo que quiero niño saca ya el caballo que de ti yo estoy huyendo eh tú qué sabes de mí? ná de ná tú qué sabes de mí? ná de ná! tú qué sabes de mí? ná de ná, ná de ná, ¡ná de ná! Leo mi futuro en el poso del cola cao y como elr esto de la gente más o menmos ,alñamente al final como las modas, me serás indiferente, al final como las modas, me serás indiferente. No sé quién está peor, si estás tú o lo estoy yo, si no me amas ¿por qué me llamas?, si no mamas ¿por qué me llamas? Es un ritmo criminal, Papa Luna tenia razón, Libro de Consolación eeh!!! tú qué sabes de mí? ná de ná tú qué sabes de mí? ná de ná tú qué sabes de mí? ná de ná! tú qué sabes de mí? ná de ná, ná de ná, ¡ná de ná! Miseria, Canciones de amor y droga, Albert Pla",1,0.9907951951026917,1,es
"Continuando la aclaración: Efectivamente coincido en que las afirmaciones de caída de  nieve  en las cimas más altas de Costa Rica y Panamá puedan deberse a desconocimiento de la nieve verdadera, dado que las granizadas finas cuando son muy copiosas se acumulan hasta dejar un manto blanco en el suelo. Por otro lado, si bien la cima del Chirripó puede ser más fría que la del Volcán Barú, la diferencia no ha de ser significativa porque ambos montes están aproximadamente a la misma latitud, a igual distancia de los océanos, y el desnivel entre ambas cimas es apenas 345 metros. Es más, los reportes sin confirmar afirman temperaturas mínimas históricas de -8º y -6ºC respectivamente.",0,0.0005343749653548002,0,es
"No es video, es un audio, grabado de un noticiario radial. Mañana te lo subo, porque mi conexión ADSL ya está muerto por hoy. ( Un saludo. Mex ",0,0.0018250758294016123,0,es
"¡Hola! Sí, efectivamente lo tenía como un borrador... inconcluso. Sin embargo, ya lo he trasladado a Enrique Hermitte y podés agregarle los homenajes tranquilamente ;). ¡Saludos! 20px Agustín Ma   ¿Alguna pregunta?   02:55 13 ago 2011 (UTC)",0,0.0007296253461390734,0,es
"   ¡Felicidades!    por tu valioso tiempo en el proyecto y esperamos que sigas contribuyendo mas, salutaciones Maleiva | (discusión) 02:45 18 nov 2011 (UTC)",0,0.0010921696666628122,0,es
que sabes tu si son afirmaciones debiles o no ? son super famosos en la mayor parte del mundo quiza no deberian estar en esta pagina pero si estan no es problema tuyo habemos otros que si nos interesa tu simplemente no pases por aqui o tan ocioso eres que te metes en una pagina que nisiquiera te interesa,0,0.20755670964717865,0,es
"Disculpe usted yo no he borrado ciertas partes por ser malo si no por creer que no valen la pena que alguien lo lea debido a que son puras mentiras cominista , espero que usted no sea comunista. ",0,0.2306489497423172,0,es
Disculparas las fatas ortográficas y de mas pero es que aparte de estar medio dormido lo escribi al apuro ya que estoy algo ocupado,0,0.07019362598657608,0,es
"Estoy como Marina. He seguido editando pero pequeños arreglos de sintaxis, negritas, citas y otras cosas. Todas correcciones menores que no hacen a lo esencial del articulo. Se me ha convertido en un vicio, releer y corregir. Perdón, no lo toco mas. Los invito a que hagamos lo mismo para ver si se nos escapo alguna palabra o frase repetida, algún término vacío, etc. Diego.R.",0,0.0016734350938349962,0,es
como quieran saber la vida es especialmente para uno mismo y no a de ser compartida por pestes invasoras de nuestra niebla del mortal egoismo,0,0.10624418407678604,0,es
"No he leído el artículo completo, he de reconocerlo. Al echar un vistazo rápido vi enseguida un error que es característico entre la gente al referirse a las antiguas poblaciones de Canarias. En La Gomera nunca hubieron  guanches , en La Gomera han vivido siempre  gomeros . El gentilicio es el mismo que tienen hoy, los  guanches  son sólo los pobladores de Tenerife. El poblamiento de las Islas se produce en torno al siglo V a.e. Las personas que se establecen en cada isla desarrollan sus culturas de forma autónoma, ya que aún hoy no se tienen evidencias arqueológicas con peso que certifiquen los contactos. Así cada isla tendrá una sociedad con substrato cultural común, de origen norteafricano, y con gentilicios propios: bimbaches (El Hierro), guanches (Tenerife), canarios (Gran Canaria), ...Fernando Javier ",0,0.00023870801669545472,0,es
"Este tonto del puigdemont es lo que se merece, porque la historia lo recordará como un tonto integral que no valía para nada. Como mucha otra gente. Un auténtico capullo es lo que es este. Esto no te sabe ni montar una estufa.",1,0.9800825715065002,1,es
"Ya es hora de separar los artículos, o (se podría esperar a saber para que juegan la final de la temporada (que titulo se le dará)). Oponerse a reconocer que va a ver campeon del Inicial y del Final es absurdo. Una cosa más  debe entenderse  es lo mismo que  será considerado , para mí sí porque es una aclaración, como dice el título  CAMPEONATO DE PRIMERA DIVISIÓN 2012/2013 – ACLARACIÓN .",0,0.0010071741417050362,0,es
"No, en lo absoluto. Creo que colocaste la información mejor desarrollada que yo. A próposito, ¿el período orbital del Vanguard varía? En el artículo dice que es de 134,2 min y haces un cálculo a base de 162,8 min. De verdad que eso me confundió bastante. Un abrazo,    Der Kreole       Wie geht’s dir?    6 oct 2008 3:05 (UTC) Ok, entendí. Gracias por aclararme la duda,    Der Kreole       Wie geht’s dir?    6 oct 2008 3:24 (UTC)",0,0.0005445899441838264,0,es
"Hola Harold, en ese tema poco puedo hacer, mi consejo es que hables con ese usuario e intentes llegar a un consenso. Se que hay editores a los que no les gusta que aparezcan en los artículos y a otros que si, normalmente se respeta la opinión del editor principal o del usuario que creó el artículo. Si sus explicaciones no te convence o te revierte sin mas, no inicies una guerra de ediciones, lleva el asunto al TAB. Saludos    Tarawa    ",0,0.0007228563190437853,0,es
Buenas tardes. ¿Me podrías dar consejos en mi estadía wikipedista? Ya que no tengo experiencia. ¡Muchas gracias! Negro ,0,0.6012328863143921,1,es
¿Por casualidad no conocerás el trol de una IP que realiza ediciones sensacionalistas y chismosas en este artículo? ;) Juan 20px Déjame un mensaje ,1,0.11664839833974838,0,es
"A PESAR DE LO QUE DIGAS SKING, HAY UNA VOTACION PARA HACER RESPETAR POR ENCIMA DE TU ESTUPIDO EGO PD:MAMÁ MÁS BIEN MI PRESA COMO DICES EN San Lorenzo de Almagro.",1,0.9617230296134949,1,es
Por favor no confundir el nombre original     Regata     con el de     Regatta     empleado an algunos mercados. Se emplea el primero en el artículo haciendo mención al otro ene l apartado  otros nombres  de la ficha. Gracias Car ,0,0.00033627645461820066,0,es
"Se dice que muchas fuerzas políticas aprueban propuesta de Anoeta y que unicamente PP y PSOE ven inconvenientes. Que facil es manipular una previsión. Veamos qué fuerzas políticas y sumemos número (el número no lo es todo pero es la principal regla de la democracia). Por lo demas, que poco se ha tardado en quitar de ETA la previsión organización terrorista. Qué curioso. Como se protege a los cobardes asesino",0,0.6138835549354553,1,es
"¿Destacada, señalada...? Es una de las cosas más odiosas de traducir del francés, la cantidad de significados con las que puedes toparte XD        19:49 28 ago 2012 (UTC)",0,0.10042665898799896,0,es
"Hola a todos: ¿No os parece que la frase que dice que el Gobierno de Zapatero está bajo crítica de que ha violado la Constitución española con sus nuevas leyes orgánicas, además de español indio, es muy partidista? Primero, que no viene a cuento en este artículo, y segundo, que son palabras muy fuertes que incluso los recursos de inconstitucionalidad aún no respaldan. ¿Qué opináis? Javier Fernández Collantes (estoy inscrito, pero ya se me ha olvidado cómo conectarme)",0,0.0007834305870346725,0,es
"Hola Netito, gracias por revisar mi arti. He visto tus comentarios en la discusión. No me han quedado muy claros algunos. ¿Serías tan amable de explicármelos? Yo modificaré lo que me digas,. Saludos. Dark Power ¿  Algún problema  ? 20:40 11 jul 2007 (CEST)",0,0.000576817081309855,0,es
" Ironhide es un personaje ficticio del universo de los Transformers, un gran guerrero el cual no se    rindio peleo por la causa autobot durante años, el traidor de sentinel prime lo asesino por la espalda   .  Dios, ¿Qué es esto? ¡Un mono ciego redactaría mejor eso! 186.122.241.",1,0.8635681867599487,1,es
"He borrado la referencia a Ana Carrasco Villapún, puesto que no contiene ninguna referencia, y además la afirmación de que es mundialmente conocida es completamente falsa, Como español nunca he escuchado hablar de dicha persona y una simple búsqueda en Google demuestra que no hay datos relacionados, tiene toda la pinta de haber sido añadida por un auténtico troll.",0,0.13769318163394928,0,es
Tenés algún problema que me amenazar en denunciarme por vandalismo por poner un link pertinente a un artículo? Si te animas a amenazarme también anímate a denunciarme así accedo a ltus datos personales y te hago la denuncia por amenaza. Fácil amenazar anónimamente. ,0,0.07658196985721588,0,es
"Hola, la fuente que has puesto para el blasonado no es válida porque es wiki y wiki no puede ser fuente primaria.Por otra parte, ¿no habria que pasarlo a medio punto y ajustar si lugar, los colores?SanchoPanzaXXI Tu mensaje a la Insula de  bueno, si tienes a mano una fuente perfecto, sino dime he intentaré buscarla. Es cierto que el diseño con escudo frances en punta es el que siempre se vé, no sé por que razón...(y luego no sé de que se quejan por el centro, si tampoco es que respeten las tradiciones...)SanchoPanzaXXI Tu mensaje a la Insula de ",0,0.0006271763704717159,0,es
"ASI ES,A ESO ME REFERIA EXACTAMENTE,LA FECHA DE FUNDACION DEL ACTUAL DEPORTES TEMUCO AHORA PASO A SER 1960 DESPUES DE LA DESAFILIACION Y GRACIAS A LA INTENDENCIA. AHORA LOS DEMAS CLUBES TAMBIEN ESTAN EN ESTAS CONDICIONES,VALE SEÑALAR QUE LA PAGINA DE LA ANFP NO ES DE FIAR YA QUE POR EJEMPLO AL CLUB SAN MARCOS QUE ES UN CLUB SUSESOR DE DEPORTES ARICA APARESIA EN LA PAGINA DE LA ANFP SIN FECHA DE FUNDACION Y SOLO DESIA:CUMPLEAÑOS,MIENTRAS QUE LOS OTROS CLUBES DESIA FECHA DE FUNDACION.EN LA PAGINA OFICIAL deportestemuco.cl mensionan la fecha de fundacion de 1960. DEPORTES VALDIVIA,SAN MARCOS,OVALLE,LOTA SCHAWER POR DAR EJEMPLOS SON EQUIPOS SUSESORES DE LOS CLUBES QUE ESTAN DESAPARESIDOS DEL FUTBOL CHILENO SIN IMPORTAR SI ES FUSION O NO LA REFUNDACION EN SI ES EL MISMO CASO EN ESTOS CLUBES.",0,0.07008111476898193,0,es
"Que Kurt Cobain fuera bipolar solo se menciona en un programa sensacionalista llamado  Autopsias de Hollywood  de Discovery Channel que comete varios errores biograficos asi como, atribuir a Kurt la supuesta bipolaridad por motivos ridiculos, dando por cierta su teoría sin ninguna fuente ni prueba.",0,0.13531693816184998,0,es
"La historia del CD Málaga que se quiere añadir está sin referenciar. Un artículo bueno como el del Málaga CF, no acepta aportes sin referencias fidedignas. Saludos. ",0,0.00042170911910943687,0,es
"Te entiendo, porque a mí me ocurre lo mismo ;oD, soy un vaguete de mucho cuidado y cuando veo la Wikiversidad y pienso en moverla a es.wikibooks y, que posiblemente en un futuro haya que moverla de nuevo a es.wikiversidad.org, y luego... menudo rollo. Si algún día me encuentro con ánimo la muevo, pero no ahora. ya veremos. Sueño con que alguien tome iniciativa en Wikiversidad para que me dé algo de oxígeno y coger impulso. Es bastante desconsolador ver que estoy trabajando en algo en lo que muy poca gente, o nadie pone interés...Javier ",0,0.004787336569279432,0,es
"Sí si pero los sargentos provisionales y los nombres de militares republicanistas del   Ejercito Popular   como en China o Rusia, comunmente Rojo, segun nuestra   hipotesis  , una majaderia sin duda que les jodan tambien. O eran legitimos dueños de...",0,0.3491094410419464,0,es
Hola Esteban Has marcado la página de Liliana Benveniste por plagio sobre una página del sitio eSefarad. Liliana Benveniste es cantante reconocida. Además es mi esposa y entre los dos somos propietarios del portal eSefarad que además realizamos conciertos y actividades por eso puede coincidir texto pero en todos los casos es propio Gracias  Marcelo Benveniste,0,0.0003214037569705397,0,es
"Muchísimas gracias por todas vuestras consideraciones e indicaciones. Estoy plenamente de acuerdo con ellas, y he trabajado arduamente en las mismas, con lo que considero haber mejorado la calidad del artículo en cuanto a: Mejora de la redacción del primer párrafo de la intro. Eliminación del presente académico o de modestia del artículo, y sustitución del mismo por fórmulas de carácter más impersonal. Eliminación de vínculos internos innecesarios o superfluos. Reestructuración de la intro, incluyendo alusiones a las fuentes de las que se ha obtenido la información, así como una referencia general al tema del artículo. Además, he incluido mayor número de referencias y bibliografía. Gracias, una vez más, por vuestras sugerencias, y confío en que la calidad del artículo mejore cada vez más. ¡Un saludo! El redactor, Casio de ",0,0.00023322789638768882,0,es
"Gracias por el comentario y ya estoy trabajando en mejorar el articulo.. Te agradeceria si me guiaras en el proceso, como así si me recomendaras como tengo que hacer para buscar un mentor. Saludos, ",0,0.000417087459936738,0,es
"Si esta un diario extinto como  Barricada , Por qué no estan otros diarios historicos de Nicaragua como  El Centroamericano  de la ciudad de Leon,  Novedades  organo oficial de PLN y del gobierno somocista;  La Crónica  y  La Flecha , y otros mas. Asi seria completo el articulo. Bayardo Mendez, Managua, Nicaragua.",0,0.0009526754729449749,0,es
"- Hay que estar muy tarado para encabezar un texto enciclopédico de una diosa clásica con referencias al feminismo. Por favor, no hagan el ridículo y quiten eso.",0,0.6525687575340271,1,es
"Dejaros ya de tonterias y cambiad el nombre, este nombre nunca se habia usado, solo durante el franquismo y la verdad es que cualquier a habitante de Cerdanyola le sangraran los ojos solo con ver esto. Entiendo que tengais mania a todo lo que este en catalan, pero a diferencia de Gerona y Lerida no tiene sentido usar Sardañola.",0,0.20493437349796295,0,es
"En estos casos prevalece el nombre correcto, no la traduccion que castellanamente se le quiera dar. Resultados de google:     Resultados 1 - 10 de aproximadamente 70.200 de  Junta de galicia  Resultados 1 - 10 de aproximadamente 4.300.000 de  xunta de galicia . (0,07 segundos)    No teneis P. idea ignorantes, cambiad ahora mismo el enlace del artículo.",1,0.03187400847673416,0,es
"Si se han levantado dos de los tres bloqueos impuestos en su día, solo queda pendiente uno de ellos. Puesto que presenté una solicitud de desbloqueo, pido que se examine y se responda. En la argumentación que ya ofrecí con anterioridad destaca el hecho de que el denunciante no señaló en su queja comportamientos míos que —según él— fueran constitutivos de violación de ninguna política, y el bibliotecario que impuso la sanción tampoco señaló que yo hubiera incumplido política alguna en relación con esta denuncia. Solo por esos motivos, la tercera sanción debería ser levantada y borrada de mi historial. Pero, a la vista de hechos relevantes anteriores y posteriores, pido que se tengan en cuenta estas cuatro quejas interpuestas contra el denunciante y todavía no resueltas: una, dos, tres y cuatro. Solo la primera es mía. Creo que todas, particularmente la cuarta, contribuyen a esclarecer los motivos de la denuncia presentada contra mí que acabó en sanción por la que he estado bloqueado tres días y medio.",0,0.00023227099154610187,0,es
"Claro, que esperabas, los españoles no pueden faltar tergivesando las verdades históricas (que Inglaterra DERROTÓ A LA GRAN ARMADA ELLA SOLA) y teniendo que arruinar todo con su rancio nacionalismo.201.164.235.",0,0.48745787143707275,0,es
Estoy trabajando en los dos triunviratos por lo que aún no estan terminados. Si tienes un poco de paciencia verás el resultado en unos días. ,0,0.0011776720639318228,0,es
" Administradores Gracias por la información. Estoy más despistado que un pulpo en un garaje. Ahora me entero de que además de Bibliotecarios existen Administradores. Yo me preocupé siempre por el fondo, descuidé la información y a veces las formas de presentarlo y por ello me pasó esto. En fin, paciencia y tiempo al tiempo, que no se tomó Zamora en una hora.",0,0.0010766735067591071,0,es
"HOY EN DÍA LAS CACAS DE LOS CHICOS APESTAN MUCHO Y NOS DAN GANS DE VOMITAR, ES POR ESO QUE, CON EL NUEVO REMOVEDOR DE CACAS 3000NO TENDREMOS QUE LIDIAR MAS CON ESTA COCHINADA.. ¿SABÍAS QUE LA CACONA DE TUS HIJOS ESTÁ LLENA DE BACTERIAS?¿ENTONCES, PORQUE TE LA COMES? BUENO, SIN MAS REMEDIO, ME VOY A LIMPIARLE LA CACONA A MIS 5 HIJOS A MANO.. CHAU",1,0.786629855632782,1,es
"Muy cierto; desplazan su peso en agua. Eso dice el principio de Arquímedes. Desde luego, es propio de la jerga decir de desplaza; pero no se puede decir que no pesa. 83.213.168.",0,0.0040635536424815655,0,es
"Hola. ¿Para qué lo vamos a reponer si está Condado de York (Pensilvania)? Saludos. Michael Scott >>> 00:24 17 ago 2008 (UTC) Ah, entiendo. ¿No es posible que crees el artículo de nuevo, sin reponerlo? Porque puede llevarnos algún tiempo hacer lo último, hay que ubicar a un biblio y etc... Saludos. Michael Scott >>> 00:33 17 ago 2008 (UTC) Ok, la he restaurado y he agregado más información para que no sea borrado. Saludos ",0,0.0003415004175622016,0,es
"Somos una piña... jaja!! Ya me he enterado de que tan propuesto pa ser biblio... estás hecho un chapón por cierto... chapón de chapar de estudiar, no de chapero... a ver si la vamos a liar... jaja Miquiñooos, veo gatitos en el jardín... más bunitus. Pos eso... Voy a seguir haciendo q trabajo... ;S",0,0.1828114539384842,0,es
"Una usuaria feminazi me ha bloqueado por editar artículos afines a su ideología hembrista. Si ellas tienen la libertad para hacer apología de la ideología de género en esta página yo también debería tener esa misma libertad de poder sacarles de su error. ¿wickipedia no es una enciclopedia libre? Pues que me dejen editar tranquilo o si no cambiad el eslogan po  wickipedia, la enciclopedia de la mujer feminazi ",0,0.39901745319366455,0,es
"¿Qué contenido ideológico tiene este programa si lo único que hace es burlarse de los mongos que salen en la televisión?, además antes había un programa asi que lo conducían el señor que quiere mucho a los perros (no me acuerdo el nombre) y también existen un montón de programas así en toda la tele. Chau ",0,0.047164760529994965,0,es
" Bendita paciencia la de TyK y Hob... digo Hub, que habrá que cambiarle el nombre... Señor granaino, yo gracias a dios no soy granaino, aunque he vivido 11 años en esa gran ciudad y me he zampao más tapas de calamares en el Teruel y palmera de chocolate marrón en los 6 duros y bocadillos de medio metro en la parra que tú y en esos 11 años, aunque sea un cateto de pueblo queda bien claro el problema de Granada, que no es más que un puro resentimiento y profundo dolor por no poder extender su explotación a un ámbito mayor. Yo soy un poco bastante menos diplomático, así que no me toques los cojones, pk malafollá me sobra y si ves que falta algo o sobra algo, lo haces como todo el mundo, con consenso y aportando referencias, entre las que no entra lo que tu piensas. En fin... viva Andalucía y mucha mierda pa Graná y pa Sevilla y restantes capitales y aspirantes p vivan los pueblos de Andalucía!!!! Sr. Hob proceda a revertirme ))) que ya me he quedao agustico.",1,0.391844242811203,0,es
"Hola, Hola, Esteban. Con respecto a la primera pregunta, te diré que es la traducción exacta de las anotaciones de Herschel, que emplea el término inclined. Pero creo que lo puedo sustituir por  virado  al rojo sin problemas. Significa un matiz de color. En cuanto a esas numeraciones se refiere, aunque parezca mentira, al nombre de los anillos. El origen de estos nombres procede del tiempo y la forma en que fueron descubiertos y se discute ampliamente en el artículo. Sobre el lenguaje: tienes razón. Pero se describen técnicas de óptica muy avanzadas, y conceptos muy poco accesibles como las resonancias orbitales. En este tipo de artículos tan especializados siempre andamos con el mismo dilema: ser claro o ser riguroso. Confío en haber puesto suficientes enlaces azules para compensar las dificultades del lenguaje.Un saludo: ",0,0.0004218397953081876,0,es
  ****== y por qué bloquea usted la página??== de Ricardo Abdahllah sólo por qué se dice que ha irrespetado a los cristianos. Este es un hecho cierto y comprobado. No se puede tapar con un dedo lo nocivo que es ese sujeto.,0,0.2859669029712677,0,es
"Hola. Serías tan amable de explicarme por qué borraste el artículo (Sayén) que había publicado?? Creo que sería interesante incorporar en la enciclopedia los significados de los nombres ....... si, porque es un subnormal pedante con baja autoestima",1,0.24185346066951752,0,es
Estenelo. Ni la más p.... idea. (¡qué cómoda resulta a veces la ignorancia para pasar la bola!). ,1,0.447236567735672,0,es
"Porque era sir pelotudo, fue nombrado por la reina Isabel otra pirata, eso explica porque un pirata tenia titulo de nobleza. El nombre es Francis Drake, como vas a traducir el apellido, pedazo de tarado.",1,0.47984740138053894,0,es
"El peor presidente de Bolivia, derrochando los millones que nos dio la madre tierra, jamas agradecio que Carlos Palenque abriera los ojos contra el imperialismo, jamas agradecio a lideres como el mallku, el peublo alteño y las villas de la urbe paceña que echaran a Gonzalo Sanchez de Lozada. Evo morales rinde tributo a los sectores mas ociosos del pais, los mineros, los choferes de minibus, lso empleados del sector salud, los profesores, los cocaleros, los narcotraficantes, los loteadores, rentistas, etc... y es lacayo de Garcia Linera quien realmente gobierna el pais.",0,0.13600213825702667,0,es
" Discute primero en el artículo de Bandera de la Comunidad Valenciana, donde dice:   No tiene fijadas unas dimensiones oficiales, pero se utilizan de facto dos proporciones (alto:largo), 1:2 y 2:3. Se considera que la primera forma es la tradicional, se utiliza sobre todo en edificios de gran simbolismo histórico y en cotas altas y, por tanto, su uso es de mayor solemnidad. La segunda forma, en cambio, es moderna de uso general y común, probablemente por mimetismo con la forma 2:3 de las banderas de España y de la Unión Europea que, juntamente con la señera, se utilizan en las fachadas de los edificios gubernamentales de la Comunidad Valenciana.   La única referencia legal que hay sobre el tamaño es para afirmar que no puede ser mayor que la bandera de España, ni menor que la bandera de  otras Entidades  (aplicable a la Unión Europea). Además, cuando se iza sola (como en la Torre de los Serranos en Valencia), su proporción suele ser de 1:2. Saludos. Joanot Martorell ✉ 11:12 28 sep 2007 (CEST)",0,0.00036102274316363037,0,es
" Salvador Sostres,    ¡Sostres!    (un libelo con patas), llamando populista a Ada Colau en su columna.",0,0.11118257790803909,0,es
"Tiene todo que ver. La abreviatura «geol.» dice que es un término geológico y se aplica sólo en geología, no es un mero adjetivo. La tradición se fundamenta en las revistas de astronomía. Tendrías que haber puesto, en todo caso, un . Por ejemplo, San Google dice: «Quizás quiso decir: transneptuniano» cuando buscas «transneptúnico», y si comparas los resultados de ambos términos, puedes ver cuáles tienen mayor autoridad. Más referencias: , , , ...",0,0.00034158964990638196,0,es
"EL DISTRTIO DEL PUTUMAYO, ESTA DENTRO DE LA PROVINCIA DE MAYNAS. DE LA SIGUIENTE MANERA: PAIS PERU REGION/DEPARTAMENTO: LORETO PROVINCIA: MAYNAS DISTRITO: PUTUMAYO CAPITAL: SAN ANTONIO DE EL ESTRECHO.",0,0.007569890469312668,0,es
"Luego, decir que en el Registro de los partido políticos el nombre es inscrito pero en una institución (Parlamento Vasco, Europeo...) aparece mencionado es mentir y llamar tontos a quienes lo leen.",0,0.6221612095832825,1,es
"Me temo que este sujeto, títere y todo, tiene razón en lo que señala. Si la propia organización proclama no ser nazi, es información que hay que reflejar. Hay que reflejarla de acuerdo al punto de vista neutral junto con lo de página 12, pero no la podemos omitir: no podemos dar a entender que se consideren nazis si no lo hacen. Obviamente, esa declaración no tiene sentido. ¿Esvástica, saludo nazi, traducciones de nombres nazis, celebraciones nazis... y resulta que no son nazis? No, no tiene sentido, pero está bien. Pongamos todas las cosas como son: que quisieron hacer esto y aquello, que les negaron la personería jurídica, y que declararon no ser nazis. Expongamos el sinsentido en toda su insensatez, y cualquier lector con media neurona (o con un céntesimo también) puede encontrar el verdadero sentido solito y sin ayuda. ",0,0.0505002997815609,0,es
"El artículo que nominaste como artículo bueno, The Fame Monster, ha sido aprobado 18px, ve a Discusión:The Fame Monster para los eventuales comentarios sobre el artículo. Si además eres el redactor o traductor principal, ahora que ya sabes bien qué es un artículo bueno, puedes evaluar algún artículo nominado en el cual no hayas trabajado en forma significativa, para aprobarlo o reprobarlo según corresponda tal como lo indican los procedimientos.Gracias por tu participación. Mavelus ...",0,0.00030323260580189526,0,es
"¿Te acuerdas de mí? Yo de tí si y también me he acordado de solicitar tu bloqueo, impostor.   Dferg, ¿dígame?   16:17 25 ago 2008 (UTC)",0,0.504125714302063,1,es
"Propongo la eliminación de la sección de  Goles memorables , por falta de referencias y por ser información poco enciclopédica. ",0,0.0007235772209241986,0,es
"Veo que eres una persona vastante meticulosa y eso me alegra, aunque creo que la perfección no existe, simpre es bueno estar cerca de ella. ¿No cres?",0,0.04317345470190048,0,es
"¿Usuario expulsando creando guerra de edición? Pero si yo era el que estaba añadiendo información correctamente, con sus referencias, con todo, y sin plagiar, a pesar de que han alegado eso. Sois unos sinvergüen-zas, el vándalo no soy yo, ha quedado más que claro en ese artículo. Y encima, para colmo, borráis el resumen de edición, el culpa os inculpa del delito que cometéis. 77.208.181.",0,0.5893208384513855,1,es
"Hola. Lo tendré en cuenta aunque no sé si participaré pues no tengo mucho tiempo libre. Gracias, Juan ",0,0.0005659700836986303,0,es
"Para mi, el Baloncesto es el mejor deporte que hay y pienso que ponerle importancia a cómo se le llama en cada pais es una total pérdida de tiempo, enfoquémonos en el deporte, en su historia, en sus reglas, no en costumbres língüísticas o culturales, ¿A quién coños le interesa eso? Vayamos al grano, el juego se llama Baloncesto, mejor conocido por Básquetbol en español y Basketball en inglés, sus alteraciones son simplemente cuestion de cada país o lengua, nada indispensable ni importante.",0,0.3954063057899475,0,es
Ya mañana empieza el Campeonato Mundial de Ciclismo en Ruta de 2013 en Florencia (Italia). Saludos. ,0,0.00036566428025253117,0,es
"Lo que se pretende con ello es, por un lado, solventar la suspicacia de una mayoría de bibliotecarios, y por otro, impedir que una abundancia de mimebros entorpezca la deliberación del comité. Nos pareció que 7 miembros era un buen término medio, aunque otros piensan que cinco aumentaría la agilidad del comité. Es un número que habrá que concretar aquí. ",0,0.0006432740483433008,0,es
"El que incurre una guerra de ediciones eres tu realmente, asi que explicate bien y trata de dialogar antes de tomar accion por favor.The Joker who ",0,0.05969332158565521,0,es
"De mi consideración: He visto con preocupación que has  actualizado  hasta 5 veces consecutivas el mismo articulo. Ruego utilizar el boton de previsualización, y redactar bien el articulo, un par de comas o un tilde mal puesto no son necesariamente meritos paraseguir acumulando ediciones. Por favor ten mas cuidado. -MILO 20px ",0,0.000910990871489048,0,es
He retirado en la ficha de autor el lugar de fallecimiento en el que por error había dejado el nombre de Panamá y la bandera. ,0,0.001075645675882697,0,es
"Se ha renombrado esta cuenta como parte de la finalización de la cuenta de acceso unificada. Si esta cuenta le pertenece, entonces puede ingresar utilizando su nombre de usuario y contraseña anteriores para obtener más información. Si no le gusta el nuevo nombre de la cuenta, puede elegir el que desee con este formulario después de ingresar: . Keegan (WMF) (discusión) 10:46 21 abr 2015 (UTC)",0,0.00030169132514856756,0,es
"Hola Hprmedina, pude constatar que tanto tu como Farisori, han borrado consecutivamente la página de discusión de la Plantilla de universidades Argentinas. Como veras, el borrado de paginas de discusión es considerado un vandalismo, así que es esta la primer advertencia. Si quieres discutir sobre la necesidad de esta plantilla podemos hacerlo allí. Un saludo. ",0,0.000567031092941761,0,es
"Perdona pero es que estás completamente equivocado. No es vandalismo, el comentario que he eliminado era un comentario carente de argumento, atentatorio contra el honor, con intención de engañar y sin fondo ninguno. Al igual que el resto de los que he borrado. Antes de acusar de algo tan estúpido como vandalismo a nadie, podrías al menos enseñar  de que se trata esto  o algo parecido, pero lo que no voy a hacer es quedarme callado ante un comentario que daña el honor de las personas.",0,0.20471687614917755,0,es
"Bueno me parece que cuando realmente tenemos la aptitud adecuada es todo mas facil. Por mi parte estoy totalmente deacuerdo con las nuevas propuestas de mejora en el de los Niño y la propuesta para el de los Pinzon. Txo ya se que lo debo poner alli pero como lo hemos comentado aqui, tambien quiero manifestar aqui mi consenso. Me ha gustado mucho que el amigo M.A. haya administrado su experiencia y superioridad de amistades, con generosidad, y creo que con sinceridad ha aceptado tender la mano para desbloquear las disputas. Lo agradezco y lo tengo en cuenta. Por mi parte el articulo de los Hermanos Niño y Pinzon es  (es broma), estan con las últimas aportaciones muy bien. Ahora podemos pasar a desbloquear el de la Niña posiblemente dialogando los dos. Así que gracias Txo por el tiempo perdido. Saludos ",0,0.00023101651459001005,0,es
"Parece mentira que tú y otros catalanófilos estéis empeñados en decirle a la gente lo que habla. Si te apecete, visita Aguaviva y verás cómo nosotros pensamos que no hablamos catalán (por cierto, las hablas medievales tienen multitud de rasgos idénticos, menos lo catalán, al parecer, según lo das a entender -a lo mejor es que sois de otro planeta-).",0,0.27289506793022156,0,es
"He visto lo del copyvio. En fin, técnicamente, el problema que hay es de formato, porque el wikipedista sí que citó, como nota al pie, la fuente de donde copió el contenido, por lo que no hay plagio posible (es un párrafo citado de una página que tiene más contenidos). El problema que hay es que la redacción no es compatible con la forma que redactamos aquí, por lo que así, solo y pelado, ese texto no funciona muy bien que digamos, pero como parte de una sección quizás sí que podría funcionar. En fin, saludos. ",0,0.0003267838910687715,0,es
"Mi querido colonizador Don Angel Luis Alfaro: claro, la mayoría de los migrantes españoles del siglo XVI-XVIII fueron colonizadores y conquistadores, pero no todos lo eran, también migraban sacerdotes, misioneros, trabajadores, mujeres, esclavos, niños, marinos, comerciantes, escritores, científicos, artesanos, etc. Por ejemplo, en otras corrientes migratorias, como la de los portugueses, la mayoría eran comerciantes (no colonizadores/conquistadores), o los africanos, la mayoría eran esclavos-trabajadores (tampoco había colonizadores ni conquistadores). El texto no dice  colonos , sino  colonizadores  que son términos distintos. Lo saluda con humildad, el colonizado 25px ",0,0.0008051079348661005,0,es
"Se ha renombrado esta cuenta como parte de la finalización de la cuenta de acceso unificada. Si esta cuenta le pertenece, entonces puede ingresar utilizando su nombre de usuario y contraseña anteriores para obtener más información. Si no le gusta el nuevo nombre de la cuenta, puede elegir el que desee con este formulario después de ingresar: . Keegan (WMF) (discusión) 11:13 21 abr 2015 (UTC)",0,0.0002976773539558053,0,es
"No, te estoy avisando. Ya que has decidido empezar a firmar, debes saber esto. Gracias. Díjolo LMLM > ¡Contáimelo! 16:50 21 jun 2012 (UTC)",0,0.0018323855474591255,0,es
"Punk? chale, vuelve a buscar para ver qué es punk de verdad, por que de punk no tiene ABSOLUTAMENTE NADA",0,0.11281736195087433,0,es
"Te ayudo, pero... ¿podrías explicarte mejor? Y por favor, tus mensajes en una misma sección. Saludos. ",0,0.0006814249791204929,0,es
"No hay de qué darlas. Lo del canvas, entiendo que es por eso, pero es que oil on canvas se traduce por tela, no por lienzo. Así que seguiré poniendo sobre lienzo.Enrique ",0,0.0005782405496574938,0,es
"Quizás el usuario sea un poco homofóbico, pero dime: ¿alguna vez lo has visto violar la wikipetiqueta?, ¡nunca!, sería un bibliotecario ejemplar. Tomatejc Habla con el ",0,0.3835514187812805,0,es
"el chifa forma parte de la variada gastronomia peruana ,ahora no me sorprenderia que los chilenos tambien digan que el chifa tambien se consume en chile y que tambien es oriundo de chile ,ya seria el colmo",0,0.007889983244240284,0,es
"Si buscas  Intelligent Software Components  entrecomillado ya no estás buscando las palabras genéricas. Acabo de hacer la prueba y salen 81.600 resultados, y he revisado las diez primeras páginas (100 primeros resultados) y hablan casi exclusivamente de iSOCO. Y ya no es el volumen de referencias, sino la calidad: muchos enlaces desde webs de proyectos europeos de investigación, por ejemplo. ",0,0.0003357567184139043,0,es
"Ahora quedó de lujo, es más cómodo de leer, yo lo intenté pero no supe. ",0,0.0009430062491446733,0,es
"Buenas tardes. Viendo los artículos del resto de centros universitarios que hay en la categoría en la que se enmarca cedeu, no entiendo porque se cancela el artículo. La linea es la misma y después de leerme y releerme las normas no veo en que fallo. En el artículo de la Universidad rey Juan Carlos se ve como aparece cedeu en centros adscritos e incluso en su propia página web. Me gustaría saber exactamente en qué estoy fallando para poder crear el artículo conforme a las normas porque a mi se me escapa. Muchas gracias por anticipado Gonzalo ",0,0.0003444569301791489,0,es
"Se ha renombrado esta cuenta como parte de la finalización de la cuenta de acceso unificada. Si esta cuenta le pertenece, entonces puede ingresar utilizando su nombre de usuario y contraseña anteriores para obtener más información. Si no le gusta el nuevo nombre de la cuenta, puede elegir el que desee con este formulario después de ingresar: . Keegan (WMF) (discusión) 11:21 21 abr 2015 (UTC)",0,0.00030888826586306095,0,es
"Perdón por lo que hice, me pase de #$%&, espero que acabando tu justo bloqueo, trabajes con nosotros. ",0,0.4209021329879761,0,es
"Es insano ese patriotismo del mexicano con el mexica. He cambiado la parte que dice  Lamentablemente otro enemigo silencioso, la viruela, dio muerte  por  Sin embargo, la viruela le dió muerte .",0,0.7736861109733582,1,es
"¿Te importaría dejar de vandalizar artículos? No es por nada, pero estás quedando en ridículo delante de todo el mundo, aparte de ganándote un bloqueo a pulso. ",0,0.5679756999015808,1,es
" Me parece perfecto FAR y muchas gracias por tu ayuda y comprensión. En la entradilla he puntualizado en fechas y actual dedicación. En cuanto a las referencias, no he podido encontrar nada de actas o documento fundacionales, lo siento. Pero he añadido a la bibliografía, 2 libros editados en el 1976 con la taquigrafia de los dos primeros encuentros. Y como referencias solicitadas en ese párrafo, he añadido hemeroteca de El País con el II Encuentro  ¿Hacia el Pacto Social?  y un libro editado por el Ministerio de Administraciones Públicas, en el cual, tiene un apartado el fundador Manuel R.C.(y representante de Euroforum) en donde habla de la formación permanete y residencial, entre otros temas.(Pags 185-195) ¿Te parece correcto, así? Muchas Gracias por tu valiosa ayuda, por tu paciencia y dedicación ",0,0.0002726927923504263,0,es
Luego Michan Ballack gime tanto que le dice a su madre la típica frase de solterón con peluca: Si queréis un trío me hacéis un llama y cuelga,1,0.638937771320343,1,es
"He quitado la plantilla de sin relevancia, creo que aunque la redacción del artículo no diese muchas fuentes si es una autora relevante: es colaborado de varios periódicos, escritora, sale en una antología y tiene visibilidad en el movimiento cultural, al menos de Madrid (movimiento 15m, casa encendida, mediolab) y Sevilla; he añadido más referencias y enlaces externo. ",0,0.0002932674251496792,0,es
"Gracias por lo de la complementación jaja, todos los días se aprende algo nuevo (no tenia idea de lo de las simples). Muchos saludos:3:Dani3l Cifras18px25px ",0,0.0003673262835945934,0,es
"Me siento un poco culpable, no estoy seguro si debi haber colgado ese verso ahi, Da una impresión de entre patético y bello, por favor no me cuelguen a mi si cometí un error, de verdad no estoy seguro si corresponde. ",0,0.06937442719936371,0,es
"De acuerdo con otorgar a cada una de las teorías un peso proporcional al número y relevancia de historiadores que las apoyan. Por otra parte, aprovecho para comentar que también habría que explicar las diferentes teorías que existen sobre cuándo y cómo llegó Colón a Portugal. Ahora mismo el artículo solo menciona la del naufragio en 1476, la cual según Antonio Rumeu de Armas es una  burda y escandalosa superchería .",0,0.002653248840942979,0,es
"Hola, por favor, cuando puedas echa un vistazo al texto y me dices que te parece. Gracias. Un saludo. Tramas ",0,0.000958639255259186,0,es
"Para la creación de esta página estoy utilizando un archivo de texto generado a través de un proyecto de la Encyclopedia of Life, por favor tomen en cuenta que el texto es generado automáticamente y necesita corrección de algunos errores propios del procesamiento automático. A medida que vaya mejorando el proceso de generación automática y validación de la información, iré publicando versiones actualizadas. ",0,0.0003605398233048618,0,es
" Ah, vale!. Nada chico, yo no tengo la culpa de que haya tanto ocioso que escribe bobadas, ni gente que viola copyrights, ni... ¡Más quisiera yo que estar haciendo artículos! xD ",0,0.2337452918291092,0,es
"Ya es AB. Supongo que no leerás esto hasta el día 1 (dentro de un año ¡Dios!). Hasta entonces. Un abrazo.  ¿Casi? noooo... un año antes. Pásatelo muy bien en la Villa y Corte, que no te atragantes con las uvas, cuidadín con las burbujas del cava (si son las de Freixenet avisa) , y si bebes no conduzcas. Disfruta de las magras proteicas salmantinas (jamón y chorizo de Guijuelo) y hazles una foto para ponerme los dientes largos. Un fuerte abrazo. ",0,0.0027258535847067833,0,es
" Las características del recorrido hacen necesario el tendido de rieles especiales entre Buenos Aires y Rosario y el reacondicionamiento de los existentes entre Córdoba y Rosario.  A ver, a ver, a ver. La via rosario cordoba solamente necesita ser  reacondicionada  para que puedan correr trenes a 300 kmh ? Quien es el imbecil semianalfabeto que escribe estos articulos ??190.191.63.",1,0.4256230890750885,0,es
"No. No se hace: bajo ninguna circunstancia se le puede llamar gobierno, a un regimen fascista, que lo único que hizo fué pisotear libertades. En los gobiernos, mi estimado, la gente elije a los presidentes, y nó se impone como un malnacido y más encima asesinando gente. Saludos.",0,0.44124215841293335,0,es
"pequeñito hombre con corazón enorme. Es un famoso actor londinense, sus peliculas mas laureadas son: el cartero siempre la mete dos veces, fue a por trabajo y se la metieron por abajo.",0,0.013954753056168556,0,es
"Había visto la página del niño, pero no he entrado todavía. Eran algunos enlaces que tenía pendientes de artículos míos. Está de p... m.... Es lo que tiene la infancia. Salud. ",0,0.23272551596164703,0,es
"Jejeje, hace mucho que puse ese artículo, me pareció que era motivo de alegría lo que contaba ;-) Gracias por la visita. Saludos, Eric -   Contact   21:35 10 nov 2008 (UTC)",0,0.0005796236218884587,0,es
" 700px|center|link=WP:LDR ¡Felicidades Ph03nix1986! Por haber invitado a de la    Liga de Revisores   , el equipo de administración te concede:     {{plural:{{#expr:floor (3 < 5)}}|insignia|insignias }} heraldo de     Firmado:    Pho3niX       Discusión    03:26 24 dic 2016 (UTC)",0,0.0004916604957543314,0,es
"Este atitudo es tipico de los persones ignorante. Escocia tiene tres idiomas - escoces, gaelico y ingles. Tu es escoces, y en uno de tus idiomas:  Gin ye dinna like, lump it.  (si, soy escoces an aw)",1,0.5810529589653015,1,es
Este artículo tiene varios enlaces en *color rojo*. No es casual. El motivo es dar pistas sobre artículos que existen en «en.wiki» pero no en «es.wiki» y que son cortos y fáciles de traducir para animar a los que les gustan las traducciones y mejorarán directamente estos artículos de donde proceden los enlaces en rojo. Saludos.,0,0.00023734182468615472,0,es
"Nada, Macarrones, me quité del barullo. Entro de pascuas a ramos y confío en los buenos oficios de los que por aquí seguís. Cualquier día, voy y dejo Féisbuk también. Un gran abrazo. A pasar unas navidades cojonudas y un 2016 mejor aún. Póngame usted a los pies de su señor, ",0,0.10382810980081558,0,es
"En reacción química he hecho corregido ración química por reacción química, pero hay un error que no sé subsanar:« Una    reacción química    o    cambio químico    es todo proceso químico en el cual dos o más sustancias (  llamadas activas  ), por efecto de un factor energético, se transforman en otras sustancias llamadas productos. Esas sustancias pueden sesto]]s.». ",0,0.0009533591801300645,0,es
Deja de joderme pinche puto de la grandisima perra que te pario y yo pongo lo que se me de LA PUTA GANA en esta puta pagina.,1,0.9959790706634521,1,es
"Tienes mucha razón. En mi escritorio tengo un archivo que voy completando lentamente (tenemos muchas páginas de scripts) con la ubicación del original, para mantenerlos actualizados periodicamente. Y en aquellos casos en los cuales no figuraba la fuente en la página, lo añadí. Esto no será la excepción. Gracias por el aviso. Metrónomo-Goldwyn-Mayer ",0,0.00030793267069384456,0,es
"Hola. Estás creando una serie de artículos con una grafía incorrecta (como RegiÃ³n Puno) que luego redireccionas al nombre correcto. Por favor, no lo hagas más ya que estas redirecciones serán borradas. Te dejo unos enlaces que te ayudarán a conocer mejor el funcionamiento de la wiki. Si tienes dudas, puedes preguntar. ",0,0.0005060029798187315,0,es
"Hola Platonides, como estas? estaba revisando las paginas solicitadas para su traducción y me encontré una que me interesa y que estoy dispuesto a realizarla de la forma más neutral posible. Es la pagina de Cultura de Cuba la cual me imagino que fue bloqueada debido al vandalismo. Estoy dispuesto a realizar la traducción del ingles al español, y pasártelo a ti si prefieres para que luego me permitas escribirlo. Muchas gracias y espero tu pronta respuesta. Pasa por mi pagina y me dejas un mensaje para ponernos de acuerdo. ",0,0.00038076829514466226,0,es
Aqui otro mas que se suma a la peticion de calificar a Fidel Castro como lo que verdaderamente es: Un dictador. ¿Cuantas personas mas hacen falta para que nos hagan caso?,0,0.15400800108909607,0,es
Tengo aqui en mis manos el codigo de tramos de la DNV (la biblia). La ruta 9 comienza en la gral paz pero con el kilometraje ya en 12. (no hay kms 0-11 en la ruta 9). Supuestamente con esos 12000 metros uno llegaría hasta el mojón del congreso. (supongo).,0,0.0004823170602321625,0,es
"Ha superado el límite de advertencias necesarias para ser acreedor a un bloqueo. En breve, un bibliotecario considerará las medidas pertinentes.",0,0.0007082019583322108,0,es
"Modifico un poco lo que he expresado, y estoy en todo de acuerdo contigo respecto a esos  porteños  (que me repugnan a mí en cuanto porteño) que mencionas...se pueden sumar algunos  próceres  más de la Banda Occidental, ahora eso sí hermano -y te digo con todo afecto: hermano- por lo que sé de Rivera, lo considero un traidor a Artigas, a Lavalleja, al Uruguay.",0,0.03355972841382027,0,es
"Decir que Paul Preston simplemente inventa es tan BESTIA como decir que la iglesia simplemente se ha limitado a cambiar la historia y esconder los casos de violación de niños. Tan BESTIA señor. Por desgracia, todavía, no nos mandan los señores que usted menciona (no hay ningún gobierno que ellos presidan, punto y aparte). Decir que el presidente del estado español trata con respeto y admiración a Otegui es igual de cierto que decir que Aznar mató a las victimas del 11-M. Y simplemente decir que mañana mismo le reventaré la cabeza al señor..., luego pediré perdón (yo seré más digno y lo haré a su familia) y más tarde el señor Randroide hará un artículo alabando mi idiosincrasia. Necesito que alguien me diga que significa memo (ah! claro, el capitán). ",1,0.3491223156452179,0,es
"Anteayer, el usuario Goldorak me solicitó  socorró  por, a su juicio, un acoso contra él. Ayer me encuentro que él es quien habla de  inmundicias  de otros usuarios, es decir, la situación contraria. Tras solicitar mi intervención de varios usuarios, tú entre ellos, retiro sus comentarios que puedan suponer un ataque personal. Hoy, me encuentro, de nuevo tras un aviso, que un comentario tuyo tilda a Goldorak de  tirano  o  bravucón . Evidentemente lo he retirado. Te pregunto si hay algún modo de que mañana no me encuentre con un nuevo mensaje despectivo o insultante en alguna discusión de quien el día anterior me solicitó, con buena razón, que tomara cartas en el asunto. ",0,0.004811784718185663,0,es
"Te voy a rajar vivo bibliotecario de m,erda, ya lo sabes hijo de la gran p.ta me voy a cagar en tus muertos",1,0.995319664478302,1,es
"Pues desde mi punto de vista todo te molesta, nunca estás de acuerdo con nada. Por cierto, si cada vez que se requiere realizar un cambio en esa parte hay que pedirte permiso estamos jodidos.    Beto·CG    18:01 19 may 2010 (UTC)",0,0.611844539642334,1,es
"Hola Chris, sólamente me pasaba para saludarte y también decirte que cualquier comentario que haya hecho sobre el artículo, no tiene nada de personal. He visto que has hecho unas revisiones muy detalladas de unos ABs, admiro tu capacidad de trabajo, y no, no eres un Wikicaballero en formación...ya lo eres!! Saludos, ",0,0.008586768060922623,0,es
"Te esperábamos como agua de mayo. Veo que te has convertido en ave diurna... Lourdes, mensajes ",0,0.09449321031570435,0,es
"Juan Manuel, quiero decirle que lo vi jugar al futsal y usted me parece un desastre. Maximiliano Leon a quien cita en su biografía es aun mas muerto que usted. Dedicate al periodismo, muerto de hambre no ganaste nada. Saludo atentamente. 190.51.32.Aquella",1,0.7383533120155334,1,es
"En mi opinión mientras mas información tenga el articulo mucho mejor, es mas faltan crear las páginas de algunos equipos del Torneo Argentino B que juegan la copa, lo del anexo tampoco me parece correcto, sino para cada torneo del fútbol tendríamos que crear un anexo con los equipos participantes Arg ",0,0.00041695174877531826,0,es
"Hola de nuevo Posible2006. Haciendo una pequeña corrección en el artículo sobre el ojo humano he visto por casualidad que hay dos referencias que se llaman , una en el segundo párrafo de la sección  Estructura  y que hace mención al libro  Tortora - Derrickson: Principios de Anatomía y Fisiología  y otra (también llamada ) en el segundo párrafo de la sección  Pupila e iris  que hace mención al libro  León Perlemuter: Anatomo-fisiología . El problema es que después se hace una llamada a esa referencia en la sección  Examen del polo anterior , por lo que no se sabe a cual de las dos se refiere y nos remite al primero, y la llamada de la sección  Pulila e iris  al llamarse igual nos lleva al libro de  Tortora - Derrickson  en lugar de al de  León Perlemuter . Un saludo, ",0,0.00027753968606702983,0,es
"Estoy buscando como se le dice a un becerro, cuando cumple el año de edad y no lo encontre... saludos",0,0.007065086159855127,0,es
"ːː Lo de la plantilla se me habrá pasado. Suelo traducirlas todas. De hecho, ahora las miro. Una vez puestas en esta manera (reunidas en la sección referencias y no distribuidas por el texto) es muy fácil con buscar y reemplazar. Otra cosa que voy a aprender con este concurso, ya que no sabía hacerlo así y es mucho más cómodo.",0,0.00036729074781760573,0,es
"   R   :   No, si lo no quiere justificar que lo no justifique, no hay problema, todos opinamos distintos.  Sergio Andres ",0,0.0010262321447953582,0,es
    Primer encuentro   : 1984    Último encuentro   : 1985    Total de partidos   : 2    Victorias del Real Sporting de Gijón   : 2    Victorias del Real Oviedo Vetusta   : -    Goles del Real Sporting de Gijón   : 11    Goles del Real Oviedo Vetusta   :1    Eliminatorias ganadas por el Real Sporting de Gijón   : 2    Eliminatorias ganadas por el Real Oviedo Vetusta   : -    Máxima goleada del Real Sporting   : 6-0 (1984/85),0,0.00043277748045511544,0,es
Este programa es una mierdita porque elimina los programas de descarga asi que weiies no lo descarguen si no van a cagar su PC,1,0.9794753789901733,1,es
"Efectivamente, andas sobrobrado de  de tonterías ya andas sobrado . Eso que calificas de chorradas y estupideces (¿me estará llamando chorra y estupido?) no era más que un intento para poder romper la actitud que mantienes, no solo con los topónimos, sino en general (recuerda lo que te paso con visistante). Me guardo mis chorradas y estupideces y mi calificación sobre como te considero que eres. La verdad, harias un buen favor a la wiki si dejaras de conectarte durante un tiempo.",1,0.8495520949363708,1,es
"YA LES DIJE QUE FUE VIOLADO POR ESO SU JETA DE FELICIDAD LE CLAVAN UNA ÑONGA DE 30CM Y EL FELIZ PINCHE MARICON ASQUEROSO EN VARIAS OCACIONES ME CONTRATO PARA QUE ME LO COJIERA Y ME ROGABA QUE SE LOS DEJARA IR EN LA JETA EL PAGA BIEN ME REGALO UN AUTO ME CONTO QUE SU ESPOSA ERA UNA PINCHE FRIGIDA YA QUE EN VEZ DE QUE EL SE CHINGARA, ELLA LE TENIA QUE METER UN DILDO POR SU ANO Y LE GUASTABA GRITAR SI POR MI ANO SI MAMI ASI QUE RICOOOOOOOOOOOOOOOOOOOOOOOOOOOOOOOOOOOOOOOOOOOO PINCHE PUTO",1,0.9685424566268921,1,es
... pero me gusta mucho el trabajo que haces en la wiki. Un saludo y a tu disposición para lo que precises. ,0,0.0016547776758670807,0,es
"Qué tal: Según los académicos, puto es un tío que goza de un buen  ¡concúbito!  con otro tío. Pero de  prostituto , nada. Supongo que los académicos tendrán muy claro todo esto de putos, putas, prostitutos, y prostitutas. Saludos. ",1,0.9540960192680359,1,es
Me parece que cmo buen socialista que eres NO TIENES IDEAS CLARAS. El socialismo es ATEO y combate el cristianismo y toda idea religiosa. Ese es un principio que se aplica a rejatabla en todo gobierno socilista. Por ejemplo: ESPAÑA.,1,0.06954004615545273,0,es
"Hola, Disculpá, pero no he tenido tiempo de escribir todo lo que habría que escribir sobre este insoportable caso. ¿Te hace mucho lío verificar si es también ? En tal caso dicusión del artículo se está produciendo un monólogo, pero con varias IP y nombres de usuarios. Gracias. ",0,0.0010164754930883646,0,es
"¿Realmente la ciudad de Alicante tiene predominio lingüístico valenciano? Nací, vivo y estudio allí y en el único sitio que veo el valenciano es en clase de la asignatura. La gente en Alicante odia el valenciano, entre otras cosas porque muchísima gente no es nacida en la Comunidad Valenciana.",0,0.008945945650339127,0,es
"Que no hombre, no te voy a decir cosas duras, eres tontorrón. Estoy de acuerdo en que hay que   pulir   la redacción, hecha a la carrera y hace ya mucho tiempo, cuando cuidábamos mucho menos que ahora los artículos. Mañana me ocupo, ya verás como queda bien. Y sí, créete que hay esa cantidad de lenguas y que cada día perdemos alguna, por desgracia. Lo he leído en más revistas, serias. Anda, no te enfurruñes, aventurero. Lourdes, mensajes ",0,0.7130998373031616,1,es
hola me llamo robot loco yo boy a ir a tu casa hoy dia mismo en la noche te boy a matar,1,0.980620801448822,1,es
"Y tu eres del pueblo de Juande Ramos, que es mi primer apellido P xD. Bueno, que no llevo mucho tiempo en lo de los espacios de usuario y me ha hecho ilu que escriba alguien ^^. ",0,0.012023596093058586,0,es
"Por favor, Tito García no estuvo casado con Marujita Díaz. Simplemente trabajó en  Pelusa , al igual que en decenas de películas.",0,0.00045744652743451297,0,es
"Buenas, te escribo porque seguís actualizando esta wiki: Cambiemos. El logo que estás poniendo es viejo. Se hizo el cambio correspondiente, pero seguís revirtiendo los cambios. Muchas gracias Saludos P.",0,0.00040285990689881146,0,es
"Hola Uruk. Si no me equivoco eres el encargado de actualizar los artículos solicitados. Quería comentarte que he movido el artículo Óxido de oro(III) a Óxido de oro (III), dejando un espacio entre el paréntesis y el nombre del elemento, ya que aunque en los artículos en inglés se titulan de esta forma, he consultado en la categoría Óxidos y este es el formato mayorítario. Había otro en este formato y lo moveré cuando te deje este mensaje para homogeneizar la categoría. Un saludo. ",0,0.0003613943117670715,0,es
"La xenofobia esta penada por la ley española si este partido hubiera convocado manifestaciones xenofobas como se dice aqui no hubieran sido admitidas por los tribunales ni las delegaciones del gobierno que autoriza dichas manifestaciones. Otra cosa diferente es lo que hayan gritado algunos de los asistentes. El partido convoca por tanto manifestaciones contra la inmigración ilegal, ni xenofobia ni racismo o es que no sabeis que hay personas de ednia gitana o africanos. Por lo tanto hablar de actos racistas o xenofobos me parece mas bien mal intencionado, debido a que es un delito y pido que se cambie por inmigración ilegal. http://www.20minutos.es/noticia/222135/0/gitanos/partido/ultraderecha/",0,0.02342830039560795,0,es
"Te agradezco mucho el dato que me acercas. Me faltaban justamente los clubes y no sabía cómo hallarlos. Ese es mi principal problema, muchas veces quiero contribuir pero no sé de dónde sacar la información. De nuevo mil gracias. ",0,0.0004989057197235525,0,es
"Jaja, que tonto, yo. Olvidate de lo que te dije (aunque no sé si conviene firmar como IP). Suerte con lo del tema del bloqueo. Mafores - Expón tus argumentos - ",0,0.4949020743370056,0,es
"Da pena ver gente que valora tan poco su propia cultura. La lengua castellna es mucho más rica que la de sus vecinos europeos, tenemos una literatura que ya quisiera tener la francesa, y bueno, eso de que nada original se escribe en español (castellano), anda majo, vete a una librería que creo que no pasas por ella desde el siglo de oro. Y eso de que somos inferiores, habla por tí ROBINJUD, válgame el cielo, uno se siente inferior cuando no tiene otra cosa que hacer que compararse con los demás, yo no me comparo, vivo como quiero. De hecho el resto de los europeos se mueren por vivir en España",0,0.22234374284744263,0,es
El artículo fue borrado tres veces consecutivas en los últimos días sea por plagio sea también por evidente redacción promocional (vamos que el texto estaba tomado tal cual de la publicidad de la asociación). Dado que al parecer existe un evidente conflicto de intereses no veo oportuno permitir la recreación del material. Máxime cuando se trata de un artículo que difícilmente pasará los niveles de relevancia requeridos para una enciclopedia. Saludos y esperamos ver contribuciones tuyas en otros artículos y ámbitos. ,0,0.0003744072455447167,0,es
"Coño Vaya, qué poco ha durado la página en blanco. Hablaremos.;). Buen fin de semana.",1,0.9549630880355835,1,es
Creo que nosotros no somos quienes para dar nuestras hipótesis sobre este animalucho.Tico déjame un ,0,0.6378432512283325,1,es
"SERVILISMO, unicamente eso El unico ciego sos vos, donde se ha visto tanta bajesa, animosidad y servilismo como el tuyo, ni siquiera defiendes a tu pais, a un tercero que ya sabemos cuanto es responsable de las miserias de este mundo. Eres como la p... pagada sin brindar el servicio. Pobre de vos. Cubaquen",1,0.6611391305923462,1,es
"Hola Txo, gracias por tu mensaje. En realidad el artículo es simplemente la descripcion de una de las teorías creacionistas para interpretar el relato del Génesis. Es la forma de interpretar el texto biblico con más adeptos en la actualidad y la que más se acerca a la descripción científica de la evolución del sistema solar. Voy a trabajar más en el contenido. Desde ya muchas gracias. ",0,0.00035816559102386236,0,es
"Hola Carrousel, te agradezco mucho que me hayas dado la bienvenida. Saludos, -sebrev- (discusión) 14:35 12 jul 2011 (UTC) Entonces gracias Pierrot. -sebrev- (discusión) 14:44 12 jul 2011 (UTC)",0,0.0005290544941090047,0,es
"Me parece que primero es transexual (o transgenero), luego es travesti. No creen? Deberíamos dejar en claro que es transexual, porque un hombre puede ser travesti, vestirse de mujer, sin ser transexual. Y Florencia es una mujer transexual ¿No les parece que sería una mejora usar el término  transexual ? Porque da menos lugar a confusiones. ",0,0.309927374124527,0,es
" bueno, de hecho lo cambie por que se puede se puede unificar teniendo en cuenta que hacen parte del sector primario. Considero que esa seria una mejor organización. También actualice esa información por que eran cifras del 1999, asi que mucha de esa información parece estar mal y debe ser revisada. Por ejemplo aquí hay algo que dice en el café que esta escrito a forma de noticia.... Sin embargo, en marzo de 2000 se conoció una noticia sorprendente:  por primera vez en su historia, Colombia, el segundo productor mundial de café, para atender la demanda interna y algunos pedidos externos, tendría que importar el grano debido a la precariedad de sus últimas cosechas. la importación se haría efectiva a partir de 2001, o antes, si las cosechas no mejoran... hay que mejorarle la redacción, además que se nombra solo el sector primario de la economía.",0,0.00044246893958188593,0,es
"Son todos unos puto-s de mierda por culpa de ustedes a la argentina le va a pasar algo muy malo. Dios no lo va a permitir, la ira de Dios se aproxima y los principales afectados seran ustedes pero la concecuencia repecutira en los argentino de buena fe no unos simples desviados con una enfermedad sidosos por asi decirlo. y otra cosa no lo borren para verse ustedes mismo lo que son deformaciones de la vida. yo no quiero contruir un pais donde su suelo es pisado por gente deprabada sexual que solo piensa en onersela al otro siquieren haganlo pero no semetan con los chicos. si lo borran es porque estan a favor de lo que digo. y otra cosa .............pobre de ustedes...",1,0.9957648515701294,1,es
Ya respondí en la página de discusión del artículo a la etiqueta que pusiste.,0,0.0013074545422568917,0,es
"En esta sección, se debería incluir, las 24 horas de Le Mans, dado que es una competición de gran historia y trascendencia en este deporte, y en el 2009 fue ganada por el piloto español Marc Gené. Estoy contigo, es un logro muy relevante",0,0.0008203767356462777,0,es
"Increible, la tipa intento asesinar a alguien y solo le dieron 3 años por mas enferma que estuviera. A otros los joden de por vida solo por equivocarse en contar dolares y dar menos vuelto.",0,0.5309091806411743,1,es
Por favor axenciacpn dejar de vandalizar páginas relacionadas con Cantabria para adapatarlas a tu delirante nacionalismo panasturiano. Esto no son tus blogs de copio-pego-tergiverso-noreferencio noticias donde puedes campar a tus anchas. Gracias.   uhanu    (¿si?) 23:30 4 sep 2011 (UTC),0,0.0840858444571495,0,es
Jugar nim e sla puteria.....hijos de su re puta madre voy a joderlos a todos jugando manada de coños hijos de puta D,1,0.9967106580734253,1,es
Cuál es la idea de trasladar esta página desde tordo (el nombre del pájaro) a moltrus sarasasa? Cualquiera que busque información sobre el tordo le va a ser más difícil encontrarla.,0,0.004594888538122177,0,es
"Por cierto, que a quien se le tendría que mandar es a Mercè Molist. Ya ha hecho varias cosas sobre la wiki pero no sé si tenemos algún medio de contacto con ella. ",0,0.0005484413122758269,0,es
"Gracias por la bibliografía y los interwikis, no los podía encontrar a los malditos ;). Saludos, Gizmo II Sí? 09:22 3 jun 2006 (CEST)",0,0.5869696736335754,1,es
He corregido las groserías pornográficas que agregaste a las paginas de    vibrador    y    transistor.    Haz el favor de entretenerte con otra cosa. Mejor ve lee un libro haber si aprendes algo. ,0,0.049379944801330566,0,es
"Lo decía más que nada por el comentario de Poromiami, ojalá se pueda tachar para que no malinforme. Por eso dejé el comentario en la página principal. -    3 3 3    - 06:48 25 sep 2007 (CEST)",0,0.0007849247194826603,0,es
"Tienes razón: hablar contigo es una perdida de tiempo. Esta provado mas alla de toda duda que tus ideas son puntos de vista que nadie defiente. Triste, y dedicate a algo mejor que historia, quieres? asi nos ahorrarias el tener que conversar con personas que poco o nada conocen del tema.  Resentido? Acomplejado? Tranquilisate! No estoy tan abajo como para responder tus insultos. Como tu mismo dijiste en otra oportunidad,  ahora que sabes la enfermedad, debería (tú) sentirme mejor . Espero que se te pase lo de etnocentrista. ",0,0.1392427235841751,0,es
" Notificación de borrado rápido en «:Proyecto de Reanimación Urbanística: La Turbina. Parque de la ciudad avileña. Provincia de Ciego de Ávila,Cuba.» ",0,0.0005410706507973373,0,es
yo solo entiendo una letra pero no se q es esa letra y en esa pag la imagen de seth apaece del lado sarjark y no muestra su edad(en el video q t di si) pero igual esta genial la pagina ,0,0.0015899749705567956,0,es
"Hola. ¿Por qué revertiste mis cambios si esta nominada, pero no se sabe aún si gana o no?",0,0.0013090743450447917,0,es
Propongo reconstruir este artículo basándonos en su versión en inglés que parece algo más neutral.    Warko2006    ,0,0.00028627816936932504,0,es
"Igor21 es muy cansino leer tus perolatas de maestro ciruela, así que por favor deja de aburrirnos con tus homilías. Sanbec ✍ 16:12 10 ago 2008 (UTC)",1,0.2070140838623047,0,es
LA ECONOMIA (SOBRE TODO LA ESPECULATIVA CAPITALISTA) ES MUY MALA... JUEGA CON LA VIDA DE LAS PERSONAS... QUE HACER¿?? CAGARNOS DE HAMBRE CON EL SOCIALISMO?? O CREAR LA NUEVA ECONOMIA EQUIVALENTE!! ARNO PETERS UN GENIO.-,1,0.45182207226753235,0,es
Bueno dado lo inutiles que son los usuarios que deciden quien puede escribir y quien no sin la mas minima razon demuestra lo poco seria que es esta¿enciclopedia?(dudo que alguien aprenda realmente con esto)y lo poco que se ajusta a la realidad por mi parte no la recomendare a nadie y por supuesto me alegro de no contribuir a esto que llamais enciclopedia libre.Mas vale consultar enciclopedias mas veridicas sin errores historicos y sin errores de consideracion.Que os vaya bien pandilla de sabios...,0,0.10750851035118103,0,es
