comment_text,y_true,y_prob,y_pred,lang
"Arkadaşlar ben konu eklemek istiyorum Vikipediye ama daha yeni üye oldum nasıl yapılır?Bilgi paylaştıkça yayılır.  Deus Ex Machina:Deus ex machina (deus ex māchinā, çoğulu deī ex māchinīs) (Okunuşu: deus eks makina); bir kurgu veya dramada beklenmedik, yapay veya imkânsız bir karakter, alet veya olayın senaryo akışı içinde beklenmedik bir yerde aniden ortaya çıkması, örneğin anlatıcının bir anda uyanıp her şeyin rüya olduğunu anlaması veya aniden ortaya çıkan bir meleğin sorunları çözmesi için kullanılan Latince kalıp. Birebir çevirisi  makineden tanrı  olup, antik Yunan tiyatrosunda bir tanrıyı canlandıran karakterin bir vinç (machina) yardımıyla yukarıdan indirilmesi anlamında kullanılmaktaydı. Antik Yunan döneminde yazılan tiyatro eserlerinde, eser yazarlarının çok sık başvurduğu bir yöntemdir. Hikayenin gidişi öyle karmaşık, içinden çıkılamaz bir hal alır ki, artık yazarın üretebileceği ilginç bir çözüm kalmaz ve sıklıkla başvurulan bir yöntem olarak da mitolojik tanrılar bir anda ortaya çıkarak olaya müdahale eder; ölmesi gerekeni öldürür, kurtarılması gerekeni kurtarırlar.Bilgi paylaştıkça yayılır. ",0,0.00028811488300561905,0,tr
Ağıllı köyü 20 kişilik bir köymüş... Azıcık uğramıştım... İyi geceler...  İlgilendiğin için teşekkür ederim. Bu köy işleri kolay değilmiş. Vikipedide 40000 nüfuslu köyler de var ) Hiçkimse ilgilenmediği için aynen duruyor. İyi geceler. Takabeg ,0,0.0014356394531205297,0,tr
"Fatih Kumser 12 Mart 1991 yılında Çaycuma da doğmuştur. Şuan Aydın Adnan Menderes Üniversitesi Turizm Rehberliği bölümü öğrencisidir. Liseyi Çaycuma Anadolu Lisesi nde 6,7,8. sınıfı Çaycuma Barbaros Kutlutaş İÖO nda 5. Sınıfa kadar köyde Yukarı Taşçılı İÖO unda okumuştur. Üniversitede hazırlık sınıfında bölüm bi rincisi olmuştur. Burs Kazanmıştır.",0,0.0005069257458671927,0,tr
"Bende o öyle değil hiç bir eksiklik yok tamamı Tarihi verilere ve gerçeklere uyuyor.Gördüğüm kadarıyla verilen yabancı kaynaklar çok istisnai ve olağandışı bir iddia içeriyor,ayrıca verilen kaynakların tam metin tercümesi veya o iddianın yer aldığı metnin tamamı verilirse kendimiz de kontrol edebilir güvenilir ve doğruluğunu ondan sonra tartışabiliriz! Ayrıca tekrar ediyorum Federatif bir biçimde bağımlı olmak o devlete hizmet etmek onların kölesi olmak demek değildir,Köleler silah üretmez!Demircilik ve silah üretimi çok eski ve çok derin bir zanaattır,Köleler ordu kurup başkalarını itaat altına almaz,ve bağlı bulunduğu devleti kendisine hakaret etti diye ani bir baskınla ortadan kaldırmaz!Tarihi gerçekleri ve tanımlamaları iyi bilmek anlamak ve kullanmak gerekir.Kamuran Ötükenli ",0,0.00585312582552433,0,tr
" Rehberlik  eğitimden farklıdır, bir kategori olarak varolarak  eğitim  kat. altında yer alabileceğini düşünüyorum. Ne dersiniz? Levent Abi  Ben de hiçbir kategoriye bağlı olmayan kategorileri temizlerken karşılaştım ve çok da emin olamadım. Eğitim veya psikoloji kategorilerinde olabilir gibi düşünmüştüm. Siz konuya daha hakimseniz lütfen bildiğiniz gibi değiştirin.    d   enisutku *:!? ",0,0.007976056076586246,0,tr
"Bu haliyle gerçekten çok iyi, yukarıda yapılan yorumlarda da belirtiliği gibi ince ayrıntılar daha sonra eklenebilir. e.c. ",0,0.0008774632005952299,0,tr
"Çok teşekkürler Elmacenderesi, hep birlikte daha güzele.. Kolay gelsin. Metal Militia  Teşekkür ederim elmacenderesi, sana da kolay gelsin ! Mskyrider   ileti    Merak ediyorum da acaba şu ana kadar çok hoşgeldin mesajı gönderdiği için hoşgörüden dolayı ödül alan oldu mu?Sabri76 ",0,0.000767421443015337,0,tr
"gayda bir enstruman, insan degil neden hep bu baglantiyi veriyorsun2002:80A4:9DB8:0:0:0:80A4:9DB8  Vay, IPv6. Haklısın dalgınlık sonucu gayba yerine gayda yazdım ve diğer yerlerde de kopyala yapıştır sonucu aynı bağlantıyı verdim. Düzeltir misin? cobija₰     NOT:    Aslinda sadece  Gizlenen-İmâm  olarak kalsinlar, zira Gayba tarifine tam uymuyorlar. 2002:80A4:9DB8:0:0:0:80A4:9DB8  Gaydalari  Gizlenen-İmâm  olarak deistirdik 3 maddede gordunuz mu? 128.164.157.184  Elinize sağlık. cobija₰ ",0,0.5639086961746216,1,tr
"Said Nursi nin risalelerinde yazanları güvenilir kaynak kabul etmenin bazı sakıncaları var. Mesela Tarihçe-i Hayat risalelerinde bile kafkas cephesinde düşman ateşi altında siperlerin dışında dolaşırken   vücuduna 4 gülle isabet ettiğini ve birşey olmadığını   yazıyor. Bu gibi efsanelerin, remzlerin de yer aldığı eserde yazılanları birebir doğru kabul etmek yerine kendi risalelerinden bu bilginin bulunduğu yazılabilir. Ayrıca sadece tarihçe-i hayat tan alıntılar yaparsak burası bir nevi tarihçe-i hayat risalesinin anlatımı olmuş olur. Oysa ki amacımız bu değil.Bruno Giordano ",0,0.0006370361079461873,0,tr
Önerini köy şablonları altında mı yapalım yani yoksa ilçe sayfasında mı? bir tane örnek yapabilir misin benim zihin durma noktasında )) kan şekeri düşüyor olmalıEtrüsk ,0,0.11614976078271866,0,tr
"Merhaba Sargon, mesajını gördüm ve önerin için teşekkür ederim. Adımı çalışma grubuna kendimi ekledim. Umarım doğru şeyi yapmışımdır, Vikipedi nin prosedürlerine henüz çok hakim değilim. Elimden geldiğince eksik maddeleri tamamlamaya çalışırım. C.F. Whitewater (mesaj)",0,0.0004024570225737989,0,tr
"Ya arkadaşım elimde dönemin Türk dergilerinin dahi Don Johnson ile yaptıkları röportajlar var, kalkıp da niye vikipedi sayfasında yaptığım değişikliği geri alıyorsun !? İnsanlara köstek olmaktan başka bir işe yaramıyorsun, şikayet edeceğim seni !",1,0.7865804433822632,1,tr
"Katkılarınız için teşekkür etmek istedim sadece ) Elinize sağlık, iyi işler çıkarıyorsunuz. Yardım isterseniz bana ulaşabilirsiniz diyecektim ama üstteki yazıyı da okudum. Olsun, yine de el elden üstündür ) İyi çalışmalar, bölmeyeyim ben...RapsarEfendim? ",0,0.0009973495034500957,0,tr
"Bu maddeyi ip toparlamaya çalışıyor galiba. Keşke reddetmeseydin.    MEOGLOBAL      Bana mesaj atın     Afedersin dönüş yapmayı unuttum. Mesajını gördüğüm gibi açıklama yaparak işlemimi geri aldım, teşekkürler. ) Utku Tanrıveremesaj ",0,0.001698021311312914,0,tr
" 50x50px|leftVikipedi ye hoşgeldiniz. Herkesi ansiklopedimizin gelişmesine katkıda bulunmaya davet ediyoruz. Katkıda bulunma hakkında daha fazla bilgi almak için hoşgeldiniz sayfasına göz atabilirsiniz. Bununla birlikte, gelişmeye katkıda bulunmayan, boş, hakaret vb. değişiklikler    vandalizm    olarak tanımlanır ve eğer bu tavrınızı sürdürürseniz daha fazla uyarılmadan    engellenebilirsiniz   . Lütfen, diğerlerinin emeklerine zarar vermek yerine ansiklopedimizin gelişmesine yardımcı olun. Teşekkürler. Manco Capac ",0,0.00046015193220227957,0,tr
Merhabalar sevgili Akhilleus. Tablo konusundaki yorumunuz için içtenlikle teşekkür ederim. ) İyi çalışmalar. Utku TanrıvereMesaj ,0,0.0005251709371805191,0,tr
" left|55px    Lütfen telif hakkı saklı içerik eklemeyiniz   . Vikipedi de telif hakkı saklı içerikler kullanılamaz. Unutmayın ki; Vikipedi Amerika Birleşik Devletleri Telif Hakkı Kanunu na tabidir ve söz konusu kanuna göre; yayımlanmış her türlü çalışma (aksi belirtilmediği sürece), sahibine otomatik olarak telif hakkı kazandırır. Sadece özgür lisanslı (Kamu malı, GÖBL, Creative Commons vs.) kaynaklardan içerik aktarmanız mümkündür. Daha fazla bilgiyi    Vikipedi:Telif hakları/SSS    ve    Vikipedi:Telif hakları    sayfalarında bulabilirsiniz. Unutmayınız ki uyarılara rağmen ısrarla telif hakkı saklı içerik eklemek bir politika ihlalidir ve Vikipedi kuralları (madde 8) gereği    engellenebilirsiniz   . Teşekkürler, iyi değişiklikler! Uğurkentmesaj ",0,0.0002372832241235301,0,tr
"Sayfada bir sürü tarihi referans verilmeden yazılmış bilgi var. Düzeltmeler ve eklemeler de sürekli geri alınıyor. İnsanlar bu sayfada yazanlara kayıtsız şartsız inanıyorlar maalesef. En son epeyce ekleme yapıp bazı gerçekdışı bilgileri silmeye çalıştım ama bütün değişikliklerim geri alınmış ve eski yanlış bilgilere geri dönülmüş. Değişiklikleri geri almak yerine neden tartışma sayfasını kullanmayı denemiyoruz? Kaynaksız bilgiler geri gelebilsin diye eklediğimiz bilgiler de neden silinsin değil mi ama? Sorularım bunlar, cevaplarını en yakın zamanda bekliyorum. Ce sum (mesaj) ",0,0.0014465206768363714,0,tr
Bir sonraki Türkiye genel seçimleri sayfasından buraya anketleri taşıdım. Fakat arşivleme olayını bilmediğim için arşivleme yapamadım. İlgili birisi yaparsa veya nasıl olacaksa uygun şekilde yapsın lütfen.. İtalyakurdumesaj atın! ,0,0.002518368884921074,0,tr
"Tekrar hoşgeldiniz, öncelikle lütfen size yukarıda gönderilmiş olan  Hoş geldiniz!  mesajında bulunan    mavi    kelime ya da kelime öbeklerini tıklayarak açılan sayfaları okuyunuz. Bu sizin Vikipedi işleyişi hakkında daha detaylı bir bilgi almanızı sağlayacak ve böylece Vikipedi içerisindeki değişiklikleriniz kalıcı bir boyut kazanacaktır. Teşekkürler.   Cnk  ALTDS    ",0,0.0004180902324151248,0,tr
Ya.. Güzel kardeşim bir incele tüm konuşmalarımı.. sürekli bana      NEGATİF      eleştiri yapılıyor. Bir değil iki değil...Sizde insan olduğumuzu unutmayın. yoksa ben niye olumsuz yanıt verenlere kızıyım.. bir kişide demezmi bu adamın iyi katkılarıda var...Birsürü küfürlü maddeyi temizlemiş. Sizde beni anlayın..KarCet ,0,0.020485704764723778,0,tr
"Madde Demet Akalın maddesine aktarılmalı, başka sanatçı maddelerinde de diskografi kısmı ayrı madde olarak açılmamış, maddeye eklenmiştir.   KediÇobanı    İleti   ",0,0.001327324309386313,0,tr
Abi bugün pazar. Dışarıda hayat var. Kendini akşama kadar burda paralaman doğru mu? Git gez toz abi be. Biliyorsun mezarlıklar vazgeçilmez adamlarla dolu. Control freak olma. Çünkü öldükten sonra nasıl olsa solucanlara böcüklere dur sen önce sol tarafımı ye deme gibi bir şansın olmayacak. O yüzden gez toz be abi. Yerine bakarlar nasıl olsa. 85.110.233.170 ,1,0.35265782475471497,0,tr
"Bu arada ben giriş kısmını kabataslak çevirdim, nasıl olmuş? Anlaşılır mı? Bakabilirseniz sevinirim. Üşengeçliğim tutmazsa bu akşam bitiririm çevirisini. Sonra bir kontrol edebilirseniz sevinirim. İç bağları da hallediyorum, yalnız    peer    rewiew için nasıl bir çeviri kullansak tam karar veremedim. Eşdenetim zaten de, çok şık durmadı açıkçası. Ne yapsak adını?   Merube 89        msj      ",0,0.001266187522560358,0,tr
"Bu sayfaya aday gösterdiğiniz cümleyi göremiyorsanız, muhtemelen adaylığınız onaylanmış ve kuyruğa girmiş demektir. Cümlenizin kuyruğa girdiğini kontrol etmek için kuyruğa bakabilirsiniz. Eğer cümleniz kuyrukta veya Ana Sayfa da değilse, muhtemelen silinmiştir. Eğer cümleniz sekiz günden daha eski ise, çözümlenmemiş sorunlar varsa ve bu sorun hakkındaki tartışma tavsamışsa adaylık silinir. Eğer adaylığınızın haksız yere silindiğini düşünüyorsanız, tartışma sayfasında bunu sorgulayabilirsiniz, ama genelde silinmiş adaylıklar ancak olağanüstü durumlarda geri getirilir.",0,0.00047126979916356504,0,tr
" Peki o zaman, o sürümde yapılan 3 değişikliği de gördünüz. Sormak istiyorum  Ruha  nın anlamı nedir? Ve eklenen resmin kaynak ve lisans bilgilerine baktınız mı? İyi çalışmalar ",0,0.000698758929502219,0,tr
"thumb|left|Hayvanlar alanına yaptığı güzel katkılardan dolayı Mskyrider a bu  Penguen yıldızı , kabul etmesi dileğiyle sunulmuştur.  Mini not: Şöyle bir baktım da; katkıda bulunmadığınız tek alanın Tiyatro olduğunu gördüm. Kimbilir belki aklınızda vardı ama? İçten sevgilerle.. ",0,0.000687139923684299,0,tr
Aseksüelleri lütfen toplumdan dışlamayın.Onlar sadece karşı cinslerini o şekilde sevmek yerine saf ve temiz bir şekilde seviyorlar.Bu arada insanların aseksüelleri uzaylı olarak görmesi umrumda değil.Onların yaratılışında bu var ve bizlerde onları hoşgörüyle karşılamalıyız.78.172.108.113 78.172.108.113 78.172.108.113 ,1,0.36867886781692505,0,tr
" Garbino tekrar merhaba. Gönderdiğiniz linklerdeki bilgileri okudum ve bu doğrultuda bazı düzeltmeler yaptım. Yaptığım ilaveler doğrulanabilirlik için yeterli midir bilmem açısından lütfen Hakan Okay sayfamı tekrar kontrol edebilir misiniz? Yanlış yoldaysam en azından bileyim ve gerekli düzeltmeleri yapayım:).Noraelnora İyi akşamlar Garbino son mesajımdan sonra birkaç ilave daha yaptım umarım olumlu bir dönüş alabilirim senden. Merakla cevabını bekliyorum. Noraelnora(mesaj)  Ellerinize sağlık, kayda değerlik ölçütleri sağlanmıştır. Maddede ansiklopedik bazı düzenlemelerde ben yaptım ve şablon çıktı.. İyi çalışmalar.. Garbino ",0,0.00032838163315318525,0,tr
"Tekrar merhaba; bu konuda yapabileceğiniz en iyi şey, radikal değişikliklerle, o sitede yazılı olanları kendi cümlelerinizle yeniden yazmak olacaktır. Kopyala-yapıştır yöntemi, daima  telif ihlali  uyarısıyla karşılaşma riskine sahiptir. Ben şimdi bilgisayar başından ayrılacağım için, bundan sonra sorunuz olursa  Son değişiklikler  kısmında aktif gördüğünüz bir kullanıcıya iletip yardım alabilirsiniz. Kolay gelsin, sevgiler. Levent Abi ",0,0.0006154326256364584,0,tr
"merhabalar, şablonlarla ilgileniyorsunuz acaba şablonunuda elden geçirebilir misiniz ? Madde düzenini sabote eder bir hali var ) kolay gelsin. Boyalikus ",0,0.010424096137285233,0,tr
"Sevgili vikipedi yöneticileri dış bağlatılara alevikonseyi.com adresi eklenmiştir,çünkü o sitede ansiklopedi sitesi,bircok bilgiyi bulmak mevcuttur,kurum ve kuruluş sitesi deyildir tamamen bilgilendrme amaçlı yayınlanan sitedir,lütfen dış bağlantılar bölümünü değiştirmemenizi rica ediyorum.. Yunus Emre44",0,0.00039177501457743347,0,tr
Madem tarafsizsiniz papalikla ilgili yazdigimi neden degistiriyosunuz ben taraf tuutugum icin yazmiyorun hz. kisaltmasini gunumuz tarihinde oyle yazilmasi gerekiyo cunku siz nasil türksünüz türkler islamın son halifesi olmuş bir millet daha peygamberinize saygı duyulması gerektiğine sahip çıkamıyosunuz!! Zikreddin (mesaj) ,1,0.2621113955974579,0,tr
"Şu giriş bölümünün genişletilmesi yazıyının kalitesini oldukça arttırmış, elinize sağlık. Benim önerim,  özet  diye bir alt başlık oluşturarak girişin kısa tutulması ve şu an olan özetin biraz daha genişletilmesi. (Bunun için önümüzdeki birkaç gün içinde bir özet sayfası oluşturup size ulaştırabilirim. Gerekli kontrolden geçirerek makaleye ekleyebiliriz.) Ama dil konusundaki endişelerin hala devam ediyor. Verdiğiniz örneklerden biri:  Mutezile mezhebi ehl-i sünnet vel cemaat dışı kabul edilir ve ehl-i sünnet ile pek çok noktada farklılıklar arzeder.  Son derece karmaşık ve anlaşılmaz olan bu cümleyi şöyle Türkçeleştirebiliriz:  Mutezile, Sünni İslam inancından birçok noktada ayrılır ve Sünni İslam cemaatinin dışında kabul edilir.  (Tabii bu olabileceğinin en iyisi değil ama bir-iki dakika içinde bu tercümeyi yaptım.) Dil konusunda da önümüzdeki birkaç gün içinde makalenin bazı yerlerinde tercümeler yapar, tartışma sayfasına koyarım. Uygun bulursak makalede değişikliği yaparız. Saygılar DenizRC",0,0.00045552689698524773,0,tr
"Iyi aksamlar Merube 89, sizden acilen yardim istiyorum. Bu sabah 3 saat icinde seckin madde olan Charlottenburg-Wilmersdorf maddesini güncelledim. Yaptigim degisikler madde icin cok önemli bilgiler. Madde de  En son ilçe parlamento seçimleri  bölümü eskimisdi, 2006 inin verileri vardi, oysaki ben 18 Eylül 2011 in verilerini yazdigim ve kaynaklandirdigim halde bu degisikliler Kullanıcı:BetelgeuSeginus tarafindan onaylanmadi. Madde yi genelde ceviren ben oldum ve bilgileri ekleyen ve kaynaklandirana. Bu degisikleri siz onaylarsaniz gercekten cok iyi olur, cünkü yani sabahin 4 de 3 saat bir madde#yi günceliyip sonra gereksiz yere kabul edilmemesi insanin sinirlerini bozuyor. Simdiden tesekkür ediyorum size Sero1988 20 Kasim 2011, 17:42 (UTC)",0,0.000835017825011164,0,tr
 Abdulla (Apo) has issued a remarkable statement....... Benim demek istediğim kısaca şu: oradaki davranışların incelemiş kullanıcılara karşı VP:İNOV ihlali olarak algılanabilir. En kötü ihtimal ... Ben öyle düşünmek istemem ama davranışların hoş görünmemiştir herhalde. Eğer senin acelen yoksa vaktin olduğunda araştır veya kullanıcıları sıkıştırmadan beklersin. Anlaştık mı ? Bu arada büyük bir sorunun  çözüm  ü hakkında yanıtını almadık. Takabeg ,0,0.004364383406937122,0,tr
"Ellerinize sağlık, size de çok kolay gelsin )  Vikipedi sayesinde kilo alacağım gibi görünüyor... ) Tekrar iyi çalışmalar. ) Utku Tanrıveremesaj ",0,0.0007643047138117254,0,tr
"Ne biçim ansiklopedicisiniz. İnsan hangi padişahın döneminde yapılmaya başlandığını, ilk hangi padişahın ikamet ettiğini, en son hangi padişahın burdan dolmabahçeyegeçtiğini yazar. Siz galiba saçma sapan maddelerle meşgul olmaktan ansiklopedinin asıl amacının tarihi anlatmak olduğunu unutmuşsunuz. Kahrolun...",1,0.8122746348381042,1,tr
"Maddelerde değişiklik yaparken, lütfen    tarafsız bir bakış açısıyla    ve ansiklopedik bir dilde yazmaya özen gösterin. Maddelere imza atmayınız, maddelerde reklam yapmayınız, e-posta ve telefon numarası gibi özel bilgilerinizi paylaşmayınız. Kendinizi tanıtabilmek için kullanıcı sayfanızda    Babil    şablonlarını kullanabilirsiniz. Kullanıcılarla mesajlaşırken lütfen nezaket kurallarını unutmayın, herkesin aynen sizin gibi Vikipedi yi geliştirmek amacıyla katkıda bulunduğunu ve iyi niyetli olduğunu varsayın.    Beş temel taş   ,    imza kullanımı   ,    cesur ol   ,    engelleme politikası   ,    oy kullanımı    politika ve yönergelerini mutlaka okuyun. Aynı kişiye ait birden fazla hesabın ya da farklı kişilere ait olsa bile birden fazla hesabın tartışmalarda avantaj sağlamak amacıyla birlikte hareket etmesinin    kuklacılık    olarak değerlendirileceğini ve bunun yasak olduğunu unutmayın. Politika ve yönergeleri okuduysanız, değişiklik yapmayı ve Vikipedi de neler yapabileceğinizi artık biliyorsanız    cesur olun    ve değişiklik yapmaya başlayın!...    Haydi kolay gelsin!    İyivikiler... —    [ho?       ni!]    ",0,0.001329600578173995,0,tr
mal mısın sen. insanlar öğrensin diye finansal terimleri çevirmeye çalışıyorum. vaktimi harcıyorum burda. ne yapıp ettiysen sayfa düzenlenemiyo şimdi. iyi bok yedin. dünyada sadece 4 dile çevirisi olan önemli ve tarihsel finansal bi kavram üzerinde çalışıyorum. senin gibi ne idüğü belirsiz hıyar piç ediyo benim emeğimi. git kendin çevir ok biliyosan dangalak herif.,1,0.9833796620368958,1,tr
"Fakirin afyonudur. İtalyan uyruklu esmer sevgilimle yaşadığım hazza dayalı hayatı çekemeyenler ikide bir bana İslamı propaganda edip duruyorlardı ) Aslında kıskanıyorlardı, din bahaneleri ) yok kız gavurmuş, yok müslüman değilmiş, ırkı tutsa bile kültürel değerleri uyuşmazmış vss. vs.. bir sürü saçmalık. Tabi ben beraberliğin tadını çıkarmayı sürdürüyordum aynı zamanda ).85.99.37.100 ",1,0.8932752013206482,1,tr
"Sayın Sakhalinio  Kayda değerlik  yazısını okudum, yollanış olduğum biyoğrafi burata belirtilen özelliklerin neredeyse tamamına uyuyor.  1-Söz konusu kişiden bağımsız olarak[1], birden fazla, birbirinden fikirsel olarak bağımsız[2], yayımlanmış[3], güvenilir ikincil kaynaklar tarafından bu kişinin konu edilmiş olması.  Bu kritere uyuyor, kendisi adına Erciyes üniversitesi öğrencileri tarafından hazırlanan yazılı bir tez olduğu biyografide veriliyor. Ayrıca yine ayrı bir kaynak Kayseri Büyükşehir Belediyesi tarafından basılmış olan Kayseri Ansiklopedisinde hayat hikayesinden bahsediliyor  http://www.kayseri.bel.tr/web2/uploads/eDergiler/kayseri-ansiklopedisi-cilt1/index.html#/65/zoomed  2- Kişinin, önemli sayılan ödüller kazanmış olması. Biyografisinde almış olduğu ödüller yazılmış. 3- Kayda değerliği gösterilmiş ürün veya hizmetlerin savunuculuğunu yapmış olmak. Bu kişinin yazdığı onun üzerinde kitabı vardır, ayrıca çekmiş olduğu bir çok belgesel vardır. Sayın Sakhalinio sadece hatamın, kaynak göstermemekte olduğunu düşünüyorum, bu kriterler yetmiyorsa size diyeceğim bir şey yok.",0,0.0002708174579311162,0,tr
Kaynakların çoğunluğu hadislerden alınmıştır ...... islamın tek kaynağı kurandır ve hadislerden kaynak yapılamaz ........ 93.91.196.205 ncrv,0,0.0039585307240486145,0,tr
"güney afrikada yaşam mücadelesi veren beyaz aslanlar 30 taneler Beyaz yelesi, beyaz tüyleri ve mavi gözleriyle  ormanların kralı  değil, bir başka dünyanın olağanüstü bir canlısı gibi görünüyor. ve ayrıca bu özellikleri nedeniyle beyaz aslanlar bu renkleri ile avlarına normal aslanlar gibi yaklaşsada avlarının beyaz aslanları farketmeleri daha kolay oluyor peki neden karlı bir yerde değilde güney afrikada yaşıyorlar ve sadece 30 taneler bence normal bir aslan 1 milyonda bir sanşla mutasyona uğramış ve yavvrularının rengi beyaz olmuştur çünkü bu beyaz aslanlar karlı ortamda yaşamlarını daha kolay sürdürürler Yazan:Mehmet ali KILINÇ 88.254.66.74 ",0,0.0081192497164011,0,tr
lan bana bek terbiyesiz bana öyle abuk sabuk konuşma şimdi birde 1.dünya savaşının etkileri bölümüne bak da konuş hıahhıah hıah hıttin terbiyesiz herif metal asker,1,0.682935357093811,1,tr
Donkey and Monkey suçsuzdur onun hatası yoktur o IP sen bir sürü insan giriyor google vs. Ama yurttaş tete kuklası diorsan benim sen yararı olan Donkey and Monkeyi boşa engelledin amcula beyinli,1,0.6817267537117004,1,tr
" Gey[1][2] (İngilizce: Gay), eşcinsel anlamında bir sıfat, terim ve isim.  diye başlayan bir maddeden siz ne anlarsınız? (Bu cümleyi yazanın Türkçesinin zayıflığı dışında?) Türkçede bu kavramın karşılığı  eşcinsel  imiş. Peki biz hangi Vikipedideyiz, Farsça filan mı? Türkçe Vikipedide isek Türkçe yazacağız. Tartışacak kurşunu olan burada atsın, sayfama penis resmi filan koyup beni yalandan homofoblukla suçlamasın. Ben sadece Türkçeye vurgunum, kötü birşey ise onunla suçlayın. E4024 (mesaj) ",1,0.8484477400779724,1,tr
Selamlar. I. Mehmed Giray maddesinin adında bir gariplik var. I. Mеhmed Giray şeklinde yazdığımda buraya ulaşamıyorum nedense. İkisi arasında ne fark var anlayamadım. Ben mi göremiyorum acaba?RapsarEfendim?  Görüşünüşe göre bug. Küçük I büyük i falan derken sistemin kafası iyice karıştı herhalde. Bugzilla başvurusu yap üşenmezsen.    Vito Genovese    ,0,0.028745688498020172,0,tr
Merhaba Superyetkin. Bundan hemen hemen 15 gün önce etiketlemiş olduğum sayfalarla ilgilenen hiçbir hizmetli yok. İlgilenebilir misiniz? İyi çalışmalar.Türk Süvarisi ileti ,0,0.0006820305134169757,0,tr
60px|left Merhabalar. Katkılarınız ve ilginiz için teşekkürler. Yerleşim yerlerine ait maddelere daha sıklıkla o yöreli kullanıcılar tarafından katkı yapılmaktadır. Ancak çoğu zaman bazı kurallar gözardı edilmektedir.    Siz de bu mesajı muhtemelen bu kurallara uymadan gelişigüzel bilgi eklediğiniz ve yorum yaptığınız için aldınız.    Lütfen katkı yaparken aşağıdaki kurallara uyunuz.    Kuralları okuduktan sonra bu çerçevede maddeyi yeniden düzenleyip uygun bir hale getirmeniz dileğimizdir.    Aksi takdirde katkılarınızın bir kısmı silinmek durumunda kalabilir. Ansiklopedik dil kullanınız. Buna örnek olarak    Köyüm    ya da    Köyümüz    ifadesi yerine    Köy    ifadesi kullanılması gerektiği verilebilir. Altyapı ile ilgili şikayetlerinizi burada dile getirmeyiniz. Ancak mevcut durumu ifade ediniz. Yerel yöneticileri öven veya yeren ifadeler kullanmayınız. Muhtar veya belediye başkanlarının isim ve soyisimlerinin sadece ilk harfini büyük harfle yazınız. Mevcut alt başlıkları bozmamaya özen gösteriniz. Tüm cümleyi büyük harfle yazmayınız. Büyük harfleri sadece genel Türkçe kullanım kuralları dahilinde kullanabileceğiniz yerlerde kullanınız. Maddeye başka kaynaklardan birebir kopyalanan bilgileri yapıştırmayınız. Kendi isminizi veya yöreli olan ancak ansiklopedik olmayan şahısların özel isimlerini maddeye eklemeyiniz. Çapasapı ,0,0.001431462587788701,0,tr
"thumb|right|200px|Silerken bir yandan da atıştırırsın üstadım. Hem ne zamandır da yemiyorduk, özleşmişsindir belki.    Yabancı     msj    Pardon o zaman ) Afiyet olsun, kolay gelsin.    Yabancı     msj     web ustası ymış üstadım nasıl korktum bilemezsin.. Neler gördük bilmiyor.. Boşver uğraşma, yorma kendini. Bak iki kelimeyle verdim yanıtını. Uğraşsın dursun.. Sevgiler, gözlerinden öptüm.  Bilgilendirme Yanıt Slmlar Biraz önceki mesajda dediğiniz gibi doğru bir şeye değindiniz.Fakat Internet sayfasındaki süre aşımı sonucunda benim deneme tahtasında yaptığım bir deneme oraya yansımıştı ve oraya bir yarı koruma koymuşum.Ayrıca oturumu kapattığım için benim pek de haberim oldu denemez.Böyle bir hata yaptığımı katkılarımda gezinirken görünce hemen kendi yaptığım korumayı kaldırmak istedim ancak farklı mı anlaşıldım blemiyorum gerisi size kalmış birşey arkadasım. ii günler. Muhammet Mert Ketencigil Kullanıcı adı: Mertceza Saygılar.flopik666 ",0,0.08567506074905396,0,tr
Haklısın özrümü kabul et sadece tavsiyede bulunmak istedim böyle bir şey bidaha asla olmaz merak etme iyi vikiler. Ve ilaveten verdiğin cevabın çok sert olduğunu düşünüyorum. Haddimi aştığımıda ayrıca düşünmüyorum ben sana öyle yada şöyle birşey yapacaksın demedim ve bunu kimsede kimseye diyemez. Sadece bir konuda tavsiyede bulundum bunu beğenmek beğenmemek sana kalmış ve bu Vikipedide gayet normal birşey. Sende bana önceden tavsiyede bulunmuştun ve ben kibarca cevap verdiğimi hatırlıyorum. Açıkçası sende beni hayal kırıklığına uğrattın bu verdiğin sert cevapla. Neyse sana olan saygımdan daha fazla birşey yazmıyacağım ama verdiğin bu cevap beni üzdü açıkçası.    Gençfenerbahçeli98    ,0,0.1246132031083107,0,tr
"Selam tembelejderha uzun süre oldu, son değişikliklerde seni tekrar görebilmek sevindirici:) Umarım işlerin yoluna girmiştir. Görüşmek üzere Ugur Basak     mesaj       Hoşbulduk Uğur, ben de sevindim geri döndüğüme. ) İşler yolunda, tatil de iyi geldi. Artık bir süre buralardayım, bir ara görüşelim IRC de. Kolay gelsin. -Tembelejderha ",0,0.0003911136300303042,0,tr
"İki cümlede iki hata yapmışım bu sefer bir  ve  de fazla kaçmış. Şu şekilde nasıl olur? Türkçe Vikipedi de şu anda xxxxx geçerli madde var. Bu sayıya ;  yönlendirme ,  tartışma ,  resim ,  kullanıcı ,  yardım ,  Vikipedi ,  şablon  alanlarındakiler ve iç bağlantı içermeyen maddeler dahil değildir. Geçerli madde sayısına bu sayfaların sayısı eklendiğinde ise toplam xxxxx sayfamız mevcuttur. Mart 2003 den bu yana toplam kullanıcı katkısı sayısı xxxxxxx, sayfa başına ortalama katkı sayısı xxxx olmuştur.Uğraştırdım biraz, kusura bakma.M. Kemal Selanikli ",0,0.00044787200749851763,0,tr
"Selanik adı Türkçeye Thessaloniki olarak girmedi ve sıkça kullanılmadı ve kullanılmıyor. Fakat Stepanaket adı Türkçeye girdi ve sıkça kullanıldı. Ali Birinci,   Genel Türk tarihi   başta olmak üzere basılmış kitaplarda da o dönemi anlattığı bölümlerde defalarca    Stepanakert    adı geçiyor. Çünkü o dönemde yani Sovyet döneminde kentin adı Stepanakert ti. 1991 de Hankendi oldu. Ve Türkçedeki kullanımı da Hankendi ağırlıklı oldu. Selanik ile arasında büyük bir fark var. Takabeg ",0,0.00015690154395997524,0,tr
    Kullanıcı adı veya IP adresinizin erişimi durdurulmuştur    Erişiminiz hizmetli Test Hizmetlisi tarafından durdurulmuştur    Sebep:  Vandalizm      (Vikipedi engelleme politikasına bakınız)    Bu şablonu şeklinde kullanınız. Not:X hizmetlisi engellediyse yerine yazmanız yeterlidir.    Kategori:Kullanıcı uyarı şablonları,0,0.0003815351810771972,0,tr
"Merhabalar, öncelikle destekleriniz için teşekkür ederim. İllk iki kaynağı bağımsız olsa da tanımlamalar açısından faydalı olacağını düşünerek koymuştum. bunların kaldırılması daha mı uygun olacaktır ? 1000 lik liste ile ilgili olarak bir tanesi türkiye ihracatçılar birliğinin resmi sayfası, diğeri ise İzmirli şirketler ile ilgili haber yapmış bir gazete sayfası, ikisinin de farklı anlamda maddenin kayda değerliğini göstereceğini düşünerek koymuştum. Son olarak, Türkiye Cumhuriyeti nin son yıllardaki önemli projelerinden olan MİLGEM projesi ile ilgili bağlantılar maddenin kayda değerliği açısından yetersiz midir. Bu konu da değerli yorumlarınızı rica ederim. Şimdiden teşekkür ederim. Raskana (mesaj) ",0,0.0002986393228638917,0,tr
"Bu durumu kartpostal olarak değerlnedirmeyin.Önemli olan fotoğraftır. Yüklediğiniz resmin (kartpostaldaki resim) telif hakları saklıysa ve VP:AK politikasına uymuyorsa silinir. Eğer kamu malı veya diğer özgür lisanslıysa bunu da göstermeli, belirtmeli ve kaynak vererek doğrulamalısınız. Tavsiyem resimleri kendiniz çekin. Telfle ile ilgili bir sorun yaşamayzsınız.Saygılar, iyi çalışmalar.   Mach   iavelli msj ",0,0.0007016793824732304,0,tr
" 50pxMetin Nuran Çakallıklı Anadolu Lisesi isimli maddeye, bekletmeli sil prosedürünün uygulanabileceğini ifade eden bekletmeli sil şablonu eklenmiştir. Her türlü katkı için minettar olsak da, bu madde Vikipedi nin içerik politikalarıyla uyumsuz olabilir ve ilgili silme uyarısı tam olarak hangi açıdan uygunsuz olduğunu açıklamaktadır (ayrıca Vikipedi ne değildir? ve silme politikası sayfalarına bakarak daha fazla bilgi edinebilirsiniz). İlgili bekletmeli sil etiketini kaldırarak, silme önerisine itiraz edebilirsiniz; fakat    lütfen    niçin ilgili silme önerisine itiraz ettiğinizi ya değişiklik özetinizde ya da maddenin tartışma sayfasında belirtiniz. Ek olarak, lütfen maddeyi belirtilen sorunlardan yola çıkarak geliştirmeye çalışınız. Her ne kadar bir bekletmeli sil etiketini kaldırmak, silme önerisini geçersiz kılsa da, madde yine de silinebilir Eğer herhangi bir hızlı silme kriterini karşılıyorsa hızlı silme yoluyla, veya silinmeye aday gösterilerek, topluluğun silinmeyi fikir birliği ile onaylaması sonucu silinebilir. Levent Abi ileti            ",0,0.00040060191531665623,0,tr
"3. seçenek fena gözükmüyor, var olan kısımla bunu değiştirmemizde yarar var. Teşekkürler, iyi çalışmalar... - Noumenon   mesaj    katkılar   ",0,0.00812272634357214,0,tr
"Maddelerde değişiklik yaparken, lütfen    tarafsız bir bakış açısıyla    ve ansiklopedik bir dilde yazmaya özen gösterin. Maddelere imza atmayınız, maddelerde reklam yapmayınız, e-posta ve telefon numarası gibi özel bilgilerinizi paylaşmayınız. Kendinizi tanıtabilmek için kullanıcı sayfanızda    Babil    şablonlarını kullanabilirsiniz. Kullanıcılarla mesajlaşırken lütfen nezaket kurallarını unutmayın, herkesin aynen sizin gibi Vikipediyi geliştirmek amacıyla katkıda bulunduğunu ve iyi niyetli olduğunu varsayın.    Beş temel taş   ,    imza kullanımı   ,    Cesur ol   ,    Engelleme politikası   ,    oy kullanımı    politika ve yönergelerini mutlaka okuyun. Aynı kişiye ait birden fazla hesabın ya da farklı kişilere ait olsa bile birden fazla hesabın tartışmalarda avantaj sağlamak amacıyla birlikte hareket etmesinin    Kuklacılık    olarak değerlendirileceğini ve bunun yasak olduğunu unutmayın. Politika ve yönergeleri okuduysanız, değişiklik yapmayı ve Vikipedide neler yapabileceğinizi artık biliyorsanız    cesur olun    ve değişiklik yapmaya başlayın!...    Haydi kolay gelsin!    ",0,0.0006199361523613334,0,tr
"1922 de osmanlı bitti , tanrının verdiği  kutsal kan  geleneklere göre bozuldu. o yüzden perihan bir sultan değil. sana sadece gülüyorum, ciddiye almıyorum. yaşlı ve huysuz bir kadınsın. yazdığın birçok şey yalan, barboros hayrettin paşaya iftira atıyorsun. Hiçbir kitap dediklerini yazmaz. Yalan söyleyerek tarihi değiştiremezsin en fazla günahların artar. perihan önemli biri değil, sadece yaşlı ve kendini önemli zanneden biri. saba i nihavend, yazdi",1,0.27472883462905884,0,tr
Merhaba. Bilmeni isterim ki burası İsmailik konusu hakkında yalan yanlış şeylerin reklam edileceği bir sayfa değildir. Kendinizi düzeltiniz..68.100.170.227  Neyi reklam ettiğimi açıklar ve belgelerseniz sevinirim. Vikipedi olur olmaz ahkam kesme sayfası değildir bu yüzden siz kendinizi düzeltiniz. Sapphicgirl (mesaj),0,0.060518790036439896,0,tr
hadi gidin sürünün bokların üstünde ezikoğluezikler.yunanların adasına 1974te yaptığınız işgal döneminde yaşasam gönüllü olarak eoka-b ye katılır sivil türklere türlü psikopatlıklar uygulardım88.232.136.222 ,1,0.9956232905387878,1,tr
"Selamlar Teacher0691, Katkıların için öncelikle ellerine sağlık. 4 adet (Karadağ Futbol Federasyonu, Lüksemburg Futbol Federasyonu, Kuzey İrlanda Futbol Federasyonu, Malta Futbol Federasyonu)federasyonu EXCEL dosyanda güncelleyebilirmisin? Sayfaları şu an için olmamasına rağmen bırakalım kırmızı olarak dursunlar. İyi Vikiler, Fenerli1978Buyrun beniiiim? ",0,0.0004719079297501594,0,tr
 Yaptığım çok doğru değil ancak şurada devriyelik için başvuruda bulundum. Olumlu ya da olumsuz yorumlarınızı bekliyorum sizden )     Mc   Aang ,0,0.0009514177800156176,0,tr
"Türkiye nin yerleşim birimleri hakkında nasıl katkıda bulunabileceğini buradan daha ayrıntılı öğrenebilirsin. Örneğin; maddede kullanabileceğin şablonlar, sayfanın daha düzgün görünmesini sağlayacaktır, doğru kategoriye eklersen arayanlar daha kolay bulacaktır vb. Kolay gelsin! Eddie Guerrero ",0,0.0007790367817506194,0,tr
"Tekrar merhaba Khutuck. Kaliteli madde statüsü için Juche Kulesi ve Marksizm-Leninizm maddelerine epey emek harcayıp kaliteli bir hale getirmiş ve Kaliteli maddelere aday göstermiştim (Adaylık sayfaları    bu    ve    bu   ). Maddenin daha hızlı statüye kavuşabilmesi için katkılarınızı, desteklerinizi ve aday sayfalarındaki görüşlerinizi görüşlerinizi bekliyorum. Ahmet Turhan (mesaj) ",0,0.0008639415609650314,0,tr
"Büyük çoğunluğu turunçgillerin oluşturduğu tarım ürünleri ve turizm, ekonomisini ayakta tutmaktadır. Ayrıca dünyanın en iyi kömürlerinin üretildiği Tukarçal kömür havzasına ve değerli mermer yataklarına sahiptir. En eski ipek yollanndan biri de Kuzey Kafkasya üzerinden gelip Abhazya da denize ulaşmaktadır. Ormanlarının çeşitliliği sayesinde ağaç ürünleri sanayiinde gelişmeler göstermiş, son yıllarda ise doğal dengenin korunabilmesi için ormanlar koruma altına alınmıştır. Ancak Abhazya nın en önemli gelir kaynağı olan turizm 4 yıldan bu yana artarak süren ekonomik ve siyasi ambargo nedeniyle büyük darbe yemiştir. Avrıca, üretilen malların dışarıya satılamaması yüzünden ülke büvük ekonomik sıkıntılar yaşamaktadır.",0,0.0004833044658880681,0,tr
"   Doçent Dr. Ömer Refik Özerdem    1998 yılında Plastik ve Estetik, Rekonstrüktif Cerrahi uzmanı olmuştur. Amerika daki çeşitli üniversite hastanelerinde 5 yıl kadar, üst ihtisaslar yaparak akademik kariyerine devam etmiştir. Alabama Üniversitesi Hastanesinde Estetik Cerrahi Fellow u olarak dünyaca ünlü Plastik ve Estetik Cerrah Dr L. Vasconez ile beraber çalışma imkanı bulmuş, aynı yerde öğretim görevlisi statüsü kabul edilmiştir. Miami Üniversitesinde Yüz (maksillo fasyal cerrahi) cerrahisi üzerine eğitim almış, burda ise Dr A. Wolf ile çalışmıştır. Lazer ve endoskopik girişim, saç ekiminde eğitimler almıştır. Avrupa Board ve Türk Plastik cerrahi derneği yeterlilik diplomaları sahibidir. Amerika Plastik Cerrahi Derneğine ( Corresponding olarak) üyeliği bulunmaktadır.",0,0.0001949523139046505,0,tr
 konudan bağımsız teknik birşey söylemek isterim.  karşın   rağmen  demektir ve sık yapılan bir yanlış olarak  karşılık  yerine kullanılır. düzeltilse iyi olur..    kibele    ,0,0.00551307387650013,0,tr
"   İddia:   Aynı anda oturum açmak    Cevap:    İnsanları saf mı zannediyorsunuz bunu anlayamadım hala.      Eğer bunlar benim kuklam ise ve aynı anda oturum açabiliyorsam neden sadece bir defa oturum açayım?      Başka zamanlarda neden birleşik oturum açmayayım? Bu iddiadaki mantık yürütmesine yine Noumenon ve hukukçu arkadaşımız Pinar ın da bilecekleri bir mantık yürütmesi ile cevap vereyim, çünkü o sınıfa giriyor.    Bu iddia bir Circulus in demonstrando, Argumentum ad ignorantiam ve Petitio principii dir.    Circulus in demonstrando:     Ulaşılmak istenen sonuç dayanak noktası olarak ileri sürüldüğünde oluşan safsata olarak tanımlanır.      Argumentum ad ignorantiam:     ispatlama mecburiyeti safsatası     ",0,0.08697084337472916,0,tr
"Uyarınız için teşekkürler ben cümle hatasını düzelttim lakin en:Madeira wine giriş cümlesinde tuz biber olayı anlatılmakta. Kendisine kaynak konusunda tembihte bulunmuş, yoksa silinme riskinin artacağından bahsetmiştim oda kayda değer bir kaynak olarak Posta gazetesini göstermiş. Giriş cümlesiyle alakasız bir kaynak ama maddenin kayda değerliğine kefil olabileceğini düşünmüş olabilir. Ryan O Reily (mesaj) ",0,0.0005507360328920186,0,tr
"Mola umarım önemli bir sorun nedeniyle değildi. Kendinize çok iyi bakın, iyi geceler   Merube 89        msj       ibni rüşd e yönlendirme vardı zaten. eski haline geri çevirdim. haberin ola.. )    ki      bl    Sert dalgaları aşıp, durgun sulara en kısa zamanda kavuşmanız dileğiyle, sağlıcakla   Merube 89        msj       olur.ilginize tşk",0,0.023382382467389107,0,tr
" Bence bu konuda endise yok. Ben 10 yildir Belcika da Flaman bolgesinde yasiyorum. Burada ki herkes  Vlaams  (Flamanca) yerine  Nederlands  (Hollandaca) kullaniyor hangi dili konusuyorsun denildiginde. Devletin anayasasinda zaten  Vlaams  degil  Nederlands  yazili resmi dil olarak. Hatta otesi, Belcika da yasayan ve Hollandaca yi iyi konusan biri olarak dilden bahsedilirken  Vlaams  denildigini 100 kereden belki 1 inde duyuyorum, geri kalan 99 seferde herkes Hollandaca diyor. Hollandaca konusan iki kisi arasinda birbirine dil soruldugunda ise  Vlaams ,  Nederlands  yerine direkt kendi diyalektlerini soylerler, ornegin  West Vlaams ,  Limburgs ,  Antwaarps  etc. Saygilarimla BillyG ",0,0.0005788826965726912,0,tr
"Mao Zedong ve Mao Anying.jpg kaynak ve lisans sorunu    64px|left|Dosya telif sorunu       Mao Zedong ve Mao Anying.jpg    adlı dosyayı yüklediğiniz için teşekkürler. Dosyanın tanım sayfasında içeriğin kimin tarafından yapıldığı ve telif statüsü hakkında yeterli bilgi bulunmamaktadır. Eğer dosyayı kendiniz yapmadıysanız, içeriğin sahibini belirtmelisiniz. Bir internet sitesinden elde ettiyseniz nereden aldığınızı net şekilde gösteren bir bağlantı veriniz. Eğer dosyanın lisansını biliyorsanız    telif etiketini ekleyiniz   . Yüklediğiniz diğer resimleri kontrol etmek için bu bağlantıyı tıklayınız.    Hızlı silme kriterleri gereğince kaynak ve lisans bilgisi eksik olan dosyalar işaretlendikten bir hafta sonra silinirler   . Sorularınız için Vikipedi:Medya telif soruları sayfasını kullanabilirsiniz. Teşekkürler. SakhalinioBuyrun beniiiim?  , uyarınız için teşekkürler. Commonsa kamu malı lisans etiketiyle eklendi. Ahmet Turhan (mesaj)  Bu iki görsel zaten lisanslı bir şekilde burada yer alıyormuş. İkisini de silelim derim. Ahmet Turhan (mesaj) ",0,0.00026100859395228326,0,tr
Eyvallah hocam; sana ve sevdiklerine (küçük Zeynep de dahil olmak üzere) hayırlı kandiller dilerim.    Ds      Murat      ileti    ,0,0.011851116083562374,0,tr
"Yönlendirmelere olan yönlendirmeleri botlar düzeltiyor galiba? Hazır bu maddeden bahsetmişken, isim değişikliği için silinen Safari maddesi Afrika safarisini konu alıyor olmasın? Tembellik edip bakmadan başlığın Safari (Web tarayıcısı) olmasını rica etmiştim. — Pınar [m]  Ben de bakmadan silmiştim aynı tembellikle.. ama geri getirdim az önce, ki değilmiş, anlam ayrımı imiş, ama Safari adıyla ) şimdi daha iyi oldu galiba, ne dersin? M. M. ",0,0.0008153741946443915,0,tr
"Merhaba Sayın Rapsar, burada olan sayfa ile ilgili olarak iki gün önce yeni şablon düzenleyip çalışmaya başladım.Öncelikle bu sayfanın tartışma bölümüne göz atmanızı rica ediyorum.Tartışılan konu içeriği sanırım sayfayı gölgeliyor nitelikte.Ayrıca burada da aynı konu var.İlk bahsettiğim yerdeki şablon başlıkları hangisinde olmalı? İkincisine ihtiyaç var mı?Tek olarak çalışılamaz mı? Çünkü İle bağlı bütün ilçe-belde-köylerin zaten ayrı ayrı sayfaları var.Bilgilendiriseniz sevinirim.İyi çalışmalar...Eğitmen Mahmut (mesaj)  Merhaba. Tartışma sayfasında bayağı uzun şeyler yazılmış, bu sebeple konu her ne ise titiz çalışmak, ona göre karar vermek lazım diye düşünüyorum. Kabaca konuyu bir özetlerseniz yardımcı olmaya çalışayım. Ama şu anda başka konulara odaklandığım için bu konuya çok fazla odaklanamayacağım maalesef. Öte yandan Türkiye deki yerleşim maddeleriyle ilgili çalışmaları bulunan Kullanıcı:Sadrettin in de görüşlerini alabilirsiniz. İyi günler.RapsarEfendim? ",0,0.0002737133181653917,0,tr
"İmla hataları geçmişte oldu halen yapıyorum ve bundan sonra da olacak. Neden mi? Yazarım yazıyı ve anında şutlarım.(Bu yazıya özellikle dikkat etmedim, sadece tekrar okuduğum için yanlışları düzelttim) Katkılarımdan görüleceği üzere bu konu ile ilgili pekçok değişiklik yapmışımdır. Başkalarının hatası ise    Hukuk ilkeleri gereği    beni bağlamaz. Metal Mili   tt   ia nın    t   lerinin çift yazımında benim hata yapmamın sebebi gayet basit; harfler çift gitmiş yanlış gitmiş farketmiyor, asıl olan o an derdimi anlatmak. Ayrıca;  Erdemsenol Metal Militia ya attığı mesajlarda bu yazım yanlışını yapmıyor, sadece Metal Militia adının tepede dev puntoyla yazmadığı sayfalarda bu hataya düşüyor   diyor ama unutuyor ki Alp Er Tunga tepede gördüğünde dahi hata yapıyor.    bu önerme bir Argumentum ad logicam dır.   ",0,0.0016310643404722214,0,tr
" Yukarıda yanıt verdiğimi düşünüyordum, biraz daha açmaya çalışayım. Başlığın  Gezi Parkı protestoları  olması İstanbul a ya da Gezi Parkı na varolanın ötesinde özel bir anlam yüklemiyor.  Taraflılık  ile bunu kasdediyorsanız, ben bunu görmüyorum. Bu ifadeyi ben olayların hepsinin orada geçtiği biçiminde anlamıyorum, bu ifade kullanıldığı zaman İstanbul un diğer yerlerindeki (örneğin Gazi Mahallesi) ve diğer şehirlerdeki (örneğin Eskişehir deki) olaylar da aklıma geliyor. Böyle kullanım örnekleri de var, örneğin Express dergisinin bu konuyla ilgili  gezidirenişi  kapaklı özel sayısında Gezi Parkı dışındaki olan bitenden de bahsediliyor. Olaylar burada alevlendi, dolayısıyla bu olayları bu isimle anmak mantıksız değil. Elbette mutlaka gerekli de değil, beni rahatsız eden, bunu hiç tartışılmadan yapmış olmanız. ",0,0.0005667787627317011,0,tr
"50x50px|left    Vikipedi    ye hoş geldiniz. Herkesi ansiklopedimizin gelişmesine katkıda bulunmaya davet ediyoruz. Katkıda bulunma hakkında daha fazla bilgi almak için hoş geldiniz sayfasına göz atabilirsiniz. Bununla birlikte, gelişmeye katkıda bulunmayan, sayfa boşaltma, hakaret vb. değişiklikler    vandalizm    olarak tanımlanır ve eğer bu tavrınızı sürdürürseniz daha fazla uyarılmadan    engellenebilirsiniz   . Lütfen, diğerlerinin emeklerine zarar vermek yerine ansiklopedimizin gelişmesine yardımcı olun. Teşekkürler. Krystal (mesaj) ",0,0.00036015731166116893,0,tr
" Aslinda hurrice ve hurri halki üzerine pek ürün kalmamis, az sayida hurrice çivi yazilari var. Bunu biliyoruz ki kafkas iç savas nedenleri yüzünde , bir takim göç yasanmis, gürcistan/lazistan dan anadolu göç eden  hatti  halki vardir. Ve ondan sonra Cecenistan (çeçence  vaynakh )  dan göç eden hurriler olmus. Dilbilimciler hurrice bir proto çeçen dili oldugun biliyorlar. Hurri çeçenler yani  nakh  halki yeni sehirler kurmuslar kürdistanda, örnek  sehr-nakh  şırnak veya  nakh-i-civan  nahcivan. O dönem Hurri çeçen toplumu medlerin göç altinda kalir ve beraber karisirlar. O yüzden kürt kürtürü ve kürt dili irani dilerinde çok degisik. anladinmi?? Alsace38 (mesaj) ",0,0.0011544416192919016,0,tr
"   Tüm ilgililere   : Vikipediden kopya yapan siteler hakkında ki tartışma 3-4 ayrı yerde birden başlatıldığı için bu tartışmaların hepsini biraraya topladım, burda: Vikipedi tartışma:Standart GÖBL ihlali mektupları . Ayrıca çözüm olarakta bu sitelerin listesini oluşturmaya başladım, burda: Vikipedi:Standart GÖBL ihlali mektupları#GÖBL Ihlali Yapan Sitelerin Listesi. (sayfan dolmus myskrider kardes, shunu bi arshivlesen iyi olur. Yaguar maddesi icin de eline saglik, insanin cerceveleyip duvara asasi geliyo:-) Selamlar    Erdall    ",0,0.0003166342794429511,0,tr
kullanıcı iki seferdir bu isimleri ansiklopedik olmadığı gerekçesiyle çıkartıyor. itirazım olduğu için maddeyi eski durumuna getirdim. bu bilginin neden ansiklopedik olmadığının açıklaması yapılmadan çıkartılmasını vandalizm olarak değerlendiriyorum. ayrıca maddenin diğer vikilerdeki sürümlerine de bakılmasını öneririm.    kibele    ,0,0.0011316852178424597,0,tr
"{{#ifeq:100pik|yok | | {{#if:100pik | 100pik }} }}    Haftanın İş Birliği Projesinde 1. oldunuz!    Merhaba Ömer Berkay, Bu haftanın iş birliği projesine katılımınız için çok teşekkürler! Her Vikipedi de bulunması gereken maddeler (Felsefe ve Din)i oluşturma konulu projedeki başarılı performansınız ile bu haftaki projede    1.    oldunuz. Katılımınızın devamını umuyorum. Sevgiler... İyi Vikiler.   Ayrıntılı Bilgi   #   ileti    ",0,0.00033963803434744477,0,tr
sağol mesajın ve bu geceki katkın için. Anlasa da anlamasa da bizler sayesinde çok şeyi öğreneceklerine eminim. kal sağlıcakla.Düşünenadam ,0,0.04540112242102623,0,tr
" pek birşey yapmamıştım ama bu çiçek çok güzel, içim açıldı. sağol. kibele  Önemli olan yardımcı olman, bu arada bu çiçek zamanı geldiğinde bu sayfa için bir istekte daha bulunmama yardımcı olacaktır umarım:) iyi çalışmalar Ugur Basak     mesaj      ",0,0.0012745630228891969,0,tr
"Evet, Tokat lı olup olmadığınızı merak ettiğimden sormuştum. Memleketinizi ziyaret etmiştim; birkaç ay önce hoş bir yer, küçük, sakin lakin biraz daha alt-üst yapı sorunları halledilse Safranbolu yu anımsatır diye düşünüyorum. İleriki günlerde tekrar ziyaret etmek istiyorum. Sorum olcak demiştim; şu ki şehrin kalesi ve üzerine bir başlık açmayı düşünüyorum. Bilginiz varsa rica edecektim. -    Nebe?   viye ",0,0.0008505928562954068,0,tr
Günaydın. Sabah sabah başınızı ağrıtmaya geldim. Bana bir resim üzerindeki yazıları hangi programla değiştirdiğinizi söyleyebilir misiniz??    Captain Bradley    ,0,0.18582826852798462,0,tr
"Sevgili gönül dostları, Bu sayfada biriken talep yükünü görünce, süreci başlatan kişi olarak ufak bir hatırlatmada bulunmak istiyorum, naçizane. Bu süreç, VP:SAS ve VP:KT gibi topluluğun karar alması için geliştirilmiş bir süreç değil. Burada sadece basit bir konsept söz konusu: Hizmetlilerin diğer kullanıcılarda olmayan bir yetkisi (geçmişinde birden fazla sürüm olan sayfaların hedef olduğu durumlarda taşıma işlemi gerçekleştirme ve sayfa geçmişi birleştirme) var ve bu yetkinin kullanımına yönelik talepler için merkezi bir platform burası. Bu değişikliğin yapılması için ya kuralların ya da emsal kararların kesin olarak bu taşıma işlemini destekliyor olması ya da işlemin ihtilaf yaratmayacak bir işlem olması gerekiyor. Diğer bir deyişle, taşıma taleplerinin altında tartışma yaşanması, doğrudan bu talebin reddedilmesi için yeterli bir neden. Tartışma genel bir uygulamayı mı konu alıyor? Topluluk kararı gerekiyor demektir. Talebin reddedilmesi gerekir. İki kullanıcı bu taşıma işlemi konusunda anlaşmazlığa mı düştü? Sayfanın tartışma sayfasında konunun çözülmesi ve talebin reddedilmesi gerekir. Yapılması gereken, talepler için (potansiyel görülüyorsa) başka kullanıcılara itiraz zamanı bırakmak ve  ihtilaf  yoksa teknik yetkiyi uygulamaya koymaktır. Bu bağlamda, mevcut talepler için de bu hususların gözetilmesini rica ediyorum.    Vito Genovese    ",0,0.00030964190955273807,0,tr
"İslam ve diğer ibrahimi dinlerdeki bazı kavram ve inançların kökenleri ile ilgili antropoloji biliminin bulgularını özetleyen bir seminer bağlantısı, dış bağlantılarda verilmesi belki daha uygun olurdu, ancak uzun bir paragraf kaynaksız gibi duruyor, onun için orada vermiş oldum, dış bağlantılara alınabilir. kolay gelsin. 46.196.241.178 ",0,0.0010942296357825398,0,tr
(: komedi arkadaşım sabah beri küfreden yedi ceddime hakaret eden sensin. ben de susup izleyecek miyim seni? Yaptığın küfürleri veritabanından silerken yeni küfürler üretmeye çalışıp durdun. benim seviyemi sen mi belirleyeceksin? Aklın kıt kıt olduğu kadar da provakatörcülük mesleğini icra ederken zorlanmayışın normaldir. Hadi bakalım yürü ense tıraşını göreyim. (: neyse kahvaltımı yapar yapmaz şu ip adresinden seni takibe alayım. İyi ki telekomda tanıdıklarımız çok bi şekilde senin kim olduğun çıkar ortaya.,1,0.6211328506469727,1,tr
İyi günler! Aptullah isimli kullanıcı 2 kere    vandalizm    mesajı aldığı için engellenmesi gerektiğini düşünmekteyim. Eğer haksızsam sebebini bana mesaj olarak gönderir misiniz?    musmus4444   ,0,0.07088539004325867,0,tr
"Merhaba Vito Genovese, devriyelik grubu artık yok mu? artık hiçbir sayfa devriye edilemiyor. İzin hatası uyarısı çıkıyor. Kumul ",0,0.0022724829614162445,0,tr
"Selamlar. Burası gibi yerlerden  aynen kopyalanan  içerikten meydana geliyor, bunlara izin verilmmiyor Vikipedi de (bu telif konusunun açıklamasıydı).   İleri teknoloji imkanlarına sahip cihazlarla ve geniş bilgisayar ağı ile donatılmış Uğur Soğutma, her türlü rekabet yarışında önde olmayı amaçlamaktadır.   gibi ifadeler ansiklopedik bir değer taşımıyor ve reklam niteliğinde ifadelerdir. İyi çalışmalar.RapsarEfendim? ",0,0.00031071327975951135,0,tr
tenezül edip kulüp logosuna bakarsınız madde de o şekilde kalır bu maddede yapılan değişiklikler vandal sayılır diye şikayet açmak durumunda bırakmayın bilmediğiniz maddelere de lütfen müdahil olmayın (Pipapo7 (mesaj) ) Aynı şeyi ellinci kere söylüyorum. Maddeler bu kurala göre adlandırılır. Katkı yapayım derken saçma sapan argümanlarla vandalizm yapma artık. cobija  Bakın vikipedi sizin oyuncağınız yada ego savaşınıza alet edilecek bir platform değildir. Rica ediyorum değişiklik savaşına son verin. kulübün logosu MSK Urfa. Kulüp Memleket diye yazılınca vikipedide hoş durmuyor bu şekilde kalması bir sorun teşkil etmiyorken ki bu sayfayı ben oluşturdum beni pişman ettiniz artık sahiden sayenizde sevdiğim platformdan soğudum böyle kalsın. Voleyboldan bihaber siz bu değişikliğe gelince aslan kesiliyorsunuz son verin lütfen çok içinize sinerse şikayet edin beni karar verilsin öyle mutabık olalım ama bu şekilde kalmasına bu sefer izin vermeyeceğim bilginize(Pipapo7 (mesaj) ),0,0.04264112561941147,0,tr
". Vandalizme her yer uğrayabilir, bu sebeple kendinizi kısıtlamayınız, vandalizm son tahlilde sizin topluluğa ulaşmanızı çok kısa geciktirebilir ama engelleyemez, siz düşüncelerinizi paylaşın. Süzgeci anladım, halihazırda tipik resim dosyaları belki engellenebilir ama bu tiplerin wikimediada sonu yoktur, kaldı ki usulünce wikimediada bulunan bir resmin engellenmesi de sorun teşkil edebilir, o yüzden bürokratları işaret ettim, daha wikimedia açısından bakmaları gereken kullanıcılar oldukları için. İyi çalışmalar...Vikiçizer (mesaj) ",0,0.010580467991530895,0,tr
"Irak devletinin demoğrafik yapısı karmaşıktır . aynı ırktan olupta ayrı mezheplere dayanan araplar,daha çok sünni olan kürtler, ve ırak türkmenlerinin birlik olamamasınında başlıca sebebi olan şii ve sünni ayrımı yaşanmaktadır,hristyan asuri , keldanı topluklar ve şabaklar yaşamaktadır. etnik yapıda sayfada belirtildiği gibi % 70 civarında arap, %15-20 kürt,% 9-10 civarında türkmen ve diğer toplumlardan oluşmaktadır",0,0.0038728443905711174,0,tr
evet. Bu sayede kullanıcılar sizi tanıyabilir. Bu imzayı sadece  kullanıcı mesajı  ve madde   tartışma   sayfalarında kullanmalısınız. Asla madde içine imza atmayın. Ayrıntılı Bilgimesaj ,0,0.0005322587094269693,0,tr
"Merhaba . Bildiğim kadarıyla hesap silme, hesap kapatma bulunmuyor. İsterseniz bunu Kullanıcı:Vito Genovese ye bir sorabilirsiniz. İyi çalışmalar.Vikiçizer (mesaj) ",0,0.0011140656424686313,0,tr
"Selam dostum. Şimdi bu anonim çoğu zaman futbolcu maddelerindeki golleri listeliyor. Öğrenmek istediğim şey ise örneğin Uğur Uçar maddesinde Karabükspor daki gol sayısını 38 yapmış. Maçkolik te bu sezon 2 (hatta birini kendi kalesine atmış )), TFF de ise 1 golü gözüküyor. Bu parantez olan yer ile normal alana hangi maçlardaki golleri yazılıyor futbolcunun. Bana kısa bir açıklama yapman mümkün mü? Teşekkürler.i.e.msj  Selamlar. 38 olan gol değil maç sayısı ) Parantez içindeki kısım gol sayısını belirtiyor. O anonim, her hafta Karabükspor un oynadığı maç sonrasında o sayıyı güncelliyor. Bilgi kutusuna yalnızca lig maçları ve gollerinin de yazıldığını belirteyim. Doğru güncellemeler, onaylayabilirsin.RapsarEfendim? ",0,0.0005779149360023439,0,tr
Mən 1999-cu il ilə bağlı konkret fikir söyləməmişəm. Şahdağ xalqlarının 45 min nəfərdən çox olması ilə bağlı əsaslar isə mənim və digər Şahdağlı tədqiqatçıların hesablamalarına söykənir. Həmçinin bu və bu resurslarda da 45 min rəqəmi dəqiq göstərilib. Azərbaycan Respublikası Dövlət Statistika Komitəsinin hesablamalarını mən real rəqəmlər hesab etmirəm. Çünki o hesablamaların hansı formada aparılmasından xəbərim var...    Cek Li Taran   mesaj ,0,0.00026369650731794536,0,tr
 Görüşü nereden bildireceğimi bilmiyorum buradan yazayım. İlerlerken sabit Türkçe olarak kalmıyor diğer eğitim sayfasına geçiyorum hop İngilizce oluyor elle tekrar dili seçmek zorunda kalıyoruz. Aranan Kan (mesaj) ,0,0.0011394113535061479,0,tr
 O da olmazsa bu bağlantıya bak abicim yanlış hatırlamıyorsam TFF nin sitesinden site adı göstererek kaynak alınıyor.   BU BÖLÜMÜ DİKKATİNİ ÇEKSİN DİYE YAZIYORUM.   ,0,0.20881833136081696,0,tr
" Saygınız için öncelikle teşekkür ederim. Sözlerinizde sonuna kadar haklı olabilirsiniz fakat konuyu iyi bilmeniz bir kanıt oluşturmamaktadır. Bende kesin emin olmamakla birlikte sizinle aynı fikirdeyim. Lakin bizim maddeye müdahalemizden önce bilginin doğruluğuna yönelik adım atmış insanlar da var. Belkide biz doğru bildiğimizi sanıyoruzdur. Bu görüşle ilgili uygun bir kaynaktan konuya yönelik rehber niteliğinde kanıt sunmanızı tavsiye ederim. Tezinizin değerini kat ve kat arttırır. Ben tıp doktoruyum ama görüş bildirirken bile doğrusu böyle demem; şu kaynakta böyle yazıyor, kaynağım şu özelliklere sahiptir derim. Kaynağı da yazılı ortamlarda savunduğum düşüncemin sonuna eklerim ki başkaları da açıp araştırabilsin. O zaman konuya yönelik kimse bu tip hatalarla karşılaşmaz. Site uygun kaynaklarla zenginleşir. Bu site içindeki en küçük bilgi için bile önemli. Aynı tutumda olmanızı öneririm. Yorum ve inceliğiniz için ayrıca çok teşekkür ederim. Birisini kırdımsa ya da farketmeden hata yaptımsa şimdiden özür dilerim. saygılarımla - Antmqr mesaj at ",0,0.0002962594444397837,0,tr
"Halil Eker Gaziantep in Nurdagi ilcesi Demirler koyunde 1983 yilinda dunyaya gelmistir. ilkokulu tandirli koyu ilkokulunda bitirdikten sonra ortaokulu 1994 ve 1999 yillari arasinda nurdagi merkez aslanli ilkogretim okulunda, ayni zamanda nurdagi talebe yurdunda kalarak tamamlamistir. lise egitimi icin ise devlet parasiz yatili sinavini kazanarak 1999 ve 2002 yillari arasinda islahiye teknik lise ve cok programli lisesinde bilgisayar bolumunde 4 yil okuduktan sonra teknik lise bilgisayar bolumunu bitirerek bikgisayar teknisyeni olarak mezun olmustur ve daha sonra oss sinavinda istedigi puani alamayinca koyu olan demirler koyunde 2 yil babasinin yaninda cifcilikle ugrasmistir. ve 2004 yilinda askerlik tecilini bozarak askere gitmeye karar vermistir. ve askerligi acemi birligi izmir yeni foca dan yaptiktan sonra ustabirligi dagitiminda manisa kirkagaca gitmistir. 2006 yilinda askerlik gorevini buradan tamamladiktan sonra koye gelerek evlenerek nurdagi merkeze yerlesmistir. ve ordan nadir yag sanayinde laborant olarak ise baslamistir. yil 2011 suan halen laborant olarak devam ediyor...",0,0.0005648141377605498,0,tr
" 45x45px|left Lütfen uyarıları dikkate alınız. Vikipedi işleyişini aksatmanıza yönelik davranışlarınız için size yapılan uyarıları önemsememeniz, vandalizm olarak değerlendirilebilir ve    engellenebilirsiniz   . M. Yalçın Yalhı ",0,0.0008719707257114351,0,tr
"İbn-i Sina Farstır. Bu bilgiyi neden sürekli değiştiriyorsunuz?-     Kuz     ๛  Merhaba. Maddeye göre evet, öyleymiş. Maddede Türk veya Fars olduğu yönünde iddialar vardır gibisinden bir bilgi vardı diye hatırlıyordum ben. Neyse, değişikliği geri getiriyorum. İyi çalışmalar.RapsarEfendim? ",0,0.0007125003030523658,0,tr
"Merhaba sevgili Teacher0691 AWB Hakkında bir soru daha sormak istiyorum.Siz AWB de hatalı sayfayı nasıl buluyorsunuz Yani hiç hata yapmadan siz ve vikiçizer gibi sayfaları bulmak için ne yapmam lazım bir sürü fonksiyon denedim hep hata yaptım database dump viki search text hepsini denedim. Lütfen yardım edin. Saygılar iyi Akşamlar.   Doruk843    16.04, 25 Kasım 2018 (UTC)",0,0.0012021271977573633,0,tr
"Erkekler arasındaki cinsî sapıklık. Homoseksüellik. Allahü teâlâ âyet-i kerîmede meâlen buyurdu ki: Sizden önce âlemlerden hiçbirinin yapmadığı hayâsızlığı mı yapıyorsunuz? (A râf sûresi: 80) Tefsîr âlimleri buradaki çirkin işin livâta olduğunu bildirdiler. (Celâleyn) Lût kavmi gibi livâta yapanları, suç üstü yakalarsanız, ikisini de öldürünüz. (Hadîs-i şerîf-Birgivî Şerhi) Erkek, erkek ile livâta yaparken arş titrer, sallanır. Melekler de bu iğrenç işe muttali (haberdâr) olup, yâ Rabbî emr etsen de, yeryüzü o ikisini ta zir etse (cezâlandırsa), gökyüzü onların üzerine taş yağdırsa derler. Allahü teâlâ;  Ben (hilm sâhibiyim) acele etmem. Benden bir şey kaçmaz  buyurur. (Hadîs-i şerîf-Hüsn-üt-Tenebbüh) Üç şeyden dolayı, Allahü teâlâ gadaba gelip Arş titrer. Haksız yere adam öldürme, erkeğin erkeğe, kadının kadına gidip livâta yapmasıdır. (Ebû Tâlib Mekkî) Livâta yapanlarda çok tehlikeli olan İt uru ve Aids hastalığı hâsıl olmaktadır. (Seâdet-i Ebediyye) (Kaynak: Dinî Terimler Sözlüğü) 2001:A98:C060:80:C4F7:F4D4:E751:71D5 ",1,0.14235608279705048,0,tr
16 ya hak veriyorum. Hatta su anki baslik da ( Muhammed (peygamber) ) dusununce tarafli. Herkes Muhammed i peygamber bilmiyor; biraz onyargili olmus.    Yalansoylemez    dogru soyluyor:   Muhammad ibn Abdullah  daha uygun bir baslik olur. Baska bir secenek olarak  Muhammed (din)  de diye olabilir ama ilki daha net. Bazi mitoloji basliklari Jupiter (tanri); Venus (tanrica) diye dusunulmustu. Ayni mantikla bunlarda hatali olur. Unutmayin bir zamanlar bu inanislar hakimdi dunyaya. Bu isimler su an (mitoloji) olarak cevirilmis ki daha tarafsiz duruyor. Citrat♫ ,0,0.003853077068924904,0,tr
"oldukça basit bir İngilizce seviyesiyle konuşayım tercümesini bana sen yap,  I told you not to remember me  hadi burada ne dediğimi bana tercüme et.78.162.3.54 ",0,0.014803978614509106,0,tr
"Selam Khutuck. Bir maddeye koruma ya da birisine bir engel verirken tarihi kendim belirlemek istediğimde yazarken bir sıkıntı oluyor. Zaten Türkçe kabul etmiyor İngilizce yazmak lazım o birinci sıkıntı. İkinci ise şöyle anlatayım.   15:00, 18 January 2012   tarihine bir koruma vereceğim. Karekterlerden birini giriyorum imleç en sağa gidiyor bir tane daha giriyorum yine en sağa. Her seferinde mouse ile en başa alıyorum. Bunu düzeltmek mümkün müdür?Reality ",0,0.0017967785242944956,0,tr
"Şimdi arkaplan renginin iki şablonda da aynı olması iyi olur. Yapabilirseniz 2 dakikada hemen size zahmet, sevinirim. İyi çalışmalar.Westnest  Superyetkin        Bu sayfada görüldüğü üzere,    Vikipedi editörü    teriminin    Vikipedi kullanıcısı    olarak değiştirebilir misiniz? İyi çalışmalar.Westnest  Merhaba. Orada sözü edilen   editör  le sürüm kontrolü uygulamasında kullanılan   editör   farklı. Bu değişiklik için topluluk kararı gerekli. Superyetkin       ",0,0.00032053899485617876,0,tr
" left|55px    Lütfen telif hakkı saklı metin eklemeyiniz   . Vikipedi de telif hakkı saklı içerikler kullanılamaz. Unutmayın ki; Vikipedi Amerika Birleşik Devletleri Telif Hakkı Kanunu na tabidir ve söz konusu kanuna göre; yayımlanmış her türlü çalışma (aksi belirtilmediği sürece), sahibine otomatik olarak telif hakkı kazandırır. Sadece özgür lisanslı (Kamu malı, GÖBL, Creative Commons vs.) kaynaklardan içerik aktarmanız mümkündür. Daha fazla bilgiyi    Vikipedi:Telif hakları/SSS    ve    Vikipedi:Telif hakları    sayfalarında bulabilirsiniz. Unutmayınız ki uyarılara rağmen ısrarla telif hakkı saklı içerik eklemek bir Vikipedi suçudur ve Vikipedi kuralları (madde 8) gereği    engellenebilirsiniz   . Teşekkürler, iyi değişiklikler! Eldarion ",0,0.0002296566526638344,0,tr
" 160px160px   VikiProje Siyaset Ayın İşbirliği    İyi günler, iyi Vikiler. VikiProje Siyaset bünyesinde Ekim 2016 iş birliği projesi     Kamboçya Krallığı, Demokratik Kampuçya ve Kampuçya Halk Cumhuriyeti ile ilgili maddeler ve Kamboçya kategorisine yeni alt kategoriler oluşturmak     olarak belirlenmiştir. Kamboçya ile ilgili bilgiler Türkçe Vikipedi de sınırlı seviyede. Kamboçya ya dair tarihi, politik, kültürel, coğrafi vb. konulara dair birçok madde oluşturulmayı beklemekte. Kamboçya kategorisine yeni alt kategoriler oluşturmak suretiyle ansiklopedimize katkıyı hedefliyoruz. Bu kapsam İngilizce kategori sayfası yardımcı olabilir. Katılımlarınızı bekliyorum.   Daha fazla bilgi ve katılım için      TIKLAYIN.    Ahmet Turhan (mesaj) ",0,0.00022570064174942672,0,tr
"   Nazik olmak Vikipedi de bir kuraldır.    Buradaki ifadeleriniz bu kurala aykırıdır. Lütfen tekrarlamayınız. Vikipedi de katkıda bulunmaya devam etmeden önce, yukarıdaki hoşgeldin mesajında bağlantısı verilen kuralları incelemenizi ve size yapılan uyarıları ciddiye almanızı öneririm. İyivikiler...    homonihilis    //    ileti    ",0,0.0018982666078954935,0,tr
"Merhaba DenizRC. Sen de bakmışsındır herhalde, bir kaç harf hatası var sadece. Konunun bütünlüğü ve anlatım, bana göre gayet de iyi. Kutlarım. Gerçekten çok iyi bir çalışma oldu. İçerik olarak katılmadığım nokta ise, Feodalizmin bir örgütleniş biçimi değil, bir üretim biçimi olduğu noktasında. Ancak geçen yüzyılın ilk üç çeyreğinde, Feodalizmin bir üretim biçimi olduğu analizi, Marksist tarihçilerin tezlerini çağrıştırdığından olsa gerek Batılı tarihçiler, örgütleniş biçimi analizini benimsediler. Soğuk Savaş ın sona ermesi ardından Batılı tarihçiler de bu analize daha fazla yönelmeye başladılar. Ama Feodalizmi, örgütleniş biçimi olarak analiz etmiş olman da maddenin bütünlüğünü bozmamış, düzenin alt yapısını belirgin biçimde açıklamışsın. Fikrimi sorma inceliğin için tekrar teşekkür ederim. İyi çalışmalar, esenlikler dilerim. Makedon 22:57, 16 Haziran 2006",0,0.0003608219849411398,0,tr
"Fethullah Gulenin sayfasinda benzerine baska hicbir sayfada rastlanmayacak sekilde savcinin iddianamesi nerdeyse tamamen konulmustur. Oysa bu iddiannameden beraat etmistir. Yani bu iddianamenin savcinin kisisel gorusu olmasi disinda hic bir hukuksal yada gercek payi kalmamistir. Bu yuzden Fethullah gulen davasiyla ilgili kismin kisaltilip sadece hakkinda dava acildigini ve bu davadan beraat ettigi seklinde degistirilmesi gerektigini dusunuyorum Su sekilde degistirilebilir: Ankara 2 No lu Devlet Güvenlik Mahkemesi tarafından 22 Ağustos 2000 tarihinde Fethullah Gülen hakkında  Laik Devlet yapısını değiştirerek yerine dini kurallara dayalı bir devlet kurmak amacıyla yasadışı örgüt kurup bu amaç doğrultusunda faaliyetlerde bulunmak   gerekçesiyle 10 yıla kadar ağır hapis istemi ile baslatilan yargılama beraatle sonuçlandı. Önce Ankara 11. Ağır Ceza Mahkemesi, ardından da Yargıtay 9. Ceza Dairesi nin oybirliğiyle aldığı beraat kararı dün Yargıtay Ceza Genel Kurulu nun gündemine geldi. Başsavcı nın itirazını görüşen en üst yargı mercii, Gülen in devlet aleyhinde hiçbir faaliyeti olmadığına hükmetti. Beraat ve onama kararlarını hukuka uygun bulan Genel Kurul, suçlamaları kanıtlayacak hiçbir delil bulunmadığıni belirrti. Lrzgnr313  Ünlü kişiler hakkında açılmış davalar ansiklopediktir. Davanın sonucunu da yazmak gerekir. İddianamedeki ifadeleri madde içine koymak gereksiz, dipnot olabilir belki.Bruno ",0,0.0006510212551802397,0,tr
Selam Docbaba. 1978 tarihili Cadılar Bayramı filmini biliyorsunuzdur herhalde. O sayfayı geliştirmekteyim. Elinizde o filme ait bilgi varsa eklyebilir misiniz? Ayrıca o film Türkiyede sinemaya Yabancı adı ile girdi. Fakat bu ad bugün hiçbir yerde kullanılmamakla birlikte Vikipedi kuralları gereği sayfanın adını Yabancı yaparsak kimse bu filmin Halloween filmi olduğunu düşünmeyecek.   Lord Lєəthєrfəcє     Sizin gösterdiğiniz Halloween 2 değildir efendim. Buda yine Türkçe isimlendirmeden kaynaklanıyor. Sizin Halloween 2 diye gösterdiğiniz film Halloween Resurection. Bu film Korku Bayramı 2 adı ile sinemaya girdi. 2003 tarihli. Serinin 8. bölümü. Halloween 2 ise serinin ikinci bölümü olup 1981 tarihli. Türkiye de ne adı ile sinemaya girdiğini bilmiyorum. Ayrıca Giovanni Scognamillo nun Canavarlar Yaratıklar Manyaklar adlı kitabında da Halloween filminin adı Yabancı diye geçiyor. Ama Vikipedi kuralları gereği galiba Yabancı yapacağız. Ne yazık ki. İyi akşamlar.   Lord Lєəthєrfəcє    ,0,0.0003143846115563065,0,tr
"Hakemlik için aynen maderibeyza nın düşündüğü gibi deişiklik sayısı ve üyelik süresinden ziyade fikri, vicdanı hür, adaletin yüceliğine inanmış insanlar olmasının yeterli olacağını düşünüyorum. Nasılsa insanlar seçilirken, seçmen kaç aydır üye olduğunu ve değişiklik sayısını göz önünde bulunduracaktır. İlla ki bir sınır olacak deniyorsa ben de 2 ay ve 1000 değişikliğe  evet  derim. Zamanusta ",0,0.0012477041454985738,0,tr
Madde kurallara uygun şekilde düzenlendi. Konu ile ilgili detaylı bilgiyi bu ve şu sayfalardan alabilirsiniz. Eldarion ,0,0.00041402806527912617,0,tr
vakfıkebirde ya ekmek 50-60 senelik yeni bir kültür yada yaylacılık yeni  keşfedilmiş . tabiki ekşi maya ekmek vakfıkebir e sonradan kazandırılan bir yiyecek. vakfıkebirli uzun yıllar mısır ekmeğini tüketti. hatta bir mektupta  bu sene o kadar kurak oldu o kadar kurak olduki buğday ekmeği yemek zorunda kaldık  yazacak kadar beyaz una yabancı. nasıl olurda yaylayı tarihi yeni sayılabilecek ekşi maya vakfıkebir ekmeği ile ilişkilendirirsiniz. maddeyi okuyanları yanıltmayalım. turanstudio ,0,0.0037615576293319464,0,tr
"Kolay gelsin. 43 ve 44 numaralı filtreleri oluşturmaya çalıştım. Bunlar test sayfasında öngördüğüm vandal değişiklikleri yakalıyor fakat aktifleştirdiğim halde gerçek değişiklikleri algılamıyor. Sebebi ne olabilir? Bu arada, arayüz çevirisine de yardım etmek isterim uygunsa tabii. Alperen (mesaj)  Arayüz çevirilerine yardımcı olmak istediğiniz için teşekkürler. Süzgeçlerde ise herhangi bir soruna rastlamadım. İsterseniz bir süre bekleyelim ve hangi durumlarda etiketleme yapıl(ma)dığını inceleyelim. İyi vikiler. Superyetkin       ",0,0.002135019050911069,0,tr
Seçkin Liste adayına oy verdim. Destelemek isterdim; ancak bu durumda destekleyemedim. İyi çalışmalar dilerim. →Ayrıksı ɣ /ɐj.ɾɯk.sɯ/ İleti ,0,0.0013259679544717073,0,tr
"Merhabalar, İkazın için teşekkür ederim. Daha dikkatli olacağım. Burda kanaatimi belirttim gelgelelim vikipedistleri suçlama kısmı amacını aştı. Kırıcı ve suçlayıcı olabileceğini akıl edemedim. Politik davranmak kanaatini gizlemek yerine fikrimi söyledim. Bruno ",0,0.0008044560672715306,0,tr
Müskirat kelimesini de birisi buraya yönlendirme yapsa iyi olur. ben nasıl yapıldığını bilmiyorum. Süleyman Habib ,0,0.001514879404567182,0,tr
"Caner TÜRKMENOĞLUCaner Türkmenoğlu (mesaj)     Caner Türkmenoğlu    , 1991 Kocaeli Türkiye doğumlu olup Avon Otomotiv de finans bölümünde çalışmaktadır. Caner Türkmenoğlu (mesaj) 1991-06-16 Firma - Tarih Avon Otomotiv - 2015 Lise eğitimini Çayırova Ticaret Meslek Lisesi nde [] tamamlamış ve Kocaeli Üniversitesi nden mezun olmuştur. http://www.kocaeli.edu.tr/ Tarih Okul-Bölüm 2004-2005 , 2008-2009 Çayırova Ticaret Meslek Lisesi - Muhasebe 2009-2010 , 2012-2013 Kocaeli Üniversitesi - Muhasebe ve Vergi Uygulamaları 2011 yılında iş hayatına atılan Caner Türkmenoğlu, şuanda çalışmış olduğu şirkette staj yapmıştır. Caner Türkmenoğlu (mesaj) 2008.08.20 - Halen",0,0.00032704041223041713,0,tr
"Piramit Nüfus oranını gençler altta olacak şekilde piramit yapabilir miydiniz? Cevap bekliyorum. Cevap vermediniz ya da o şekilde yapmadınız.     ğa          aw       Selam Kibele. Acaba şurda dalgınlıktan bir hata mı oldu diye sormak istedim. Gerekçe olarak engelleme gerekçesi yazmışsın fakat kullanıcının mesaj sayfasını yarı korumaya almışssın. Kolay gelsin.Reality  selam.. bir yanlışlık yok. kullanıcı ksy ihlali yüzünden engellendi ve ıp ile gelip mesaj sayfasındaki çıkartılan içeriği ekelemekte ısrarcı oldu. mesele budur. kolay gelsin.    ki      bl    Selam Takabeg. Şu sayfanın Türkçesi Şu, şunun Türkçeside şu mu? Bana göre Orbit-Orbital arasında bir fark yok fakat İngilizce de farklı görülüyor. Orbital hem fizikteki atomun etrafındaki yörüngeler anlamını verirken aynı zamanda dünyanın çevresinde dolanan uyduların yörüngesini de ifade ediyor. Dünya nın güneş etrafında dolandığı yörüngeyi de. Kısacası Orbital yörünge anlamına geliyor. Fakat orbit de yörünge anlamına geliyor. Ancak orbiti kimyada kullanmıyorlar. Fakat onun dışında kullanılıyor. Ancak Orbitali kimya konularında orbiti bunun dışındaki konularda kullanıyorlar. Bilgili olduğun için sana danışayım dedim. Doğru mu oluşturduğum sayfalar. Kolay gelsin.Reality  Bir tane anlam aylımı maddesi yeterli bence. Takabeg ",0,0.0009199344785884023,0,tr
Sağol ama bu değil. Geçmişte maddenin benim tarafından açılıp ilk önce 50 civarında katkı yaptığım gözükmesi gerekirdi:-/ Neyse boşver. selamlar    Erdall    ,0,0.0018166915979236364,0,tr
Merhaba. Saldırıları gerçekleştirdikten sonra yankılarını okumak bizlere tarifsiz zevk veriyor. Kibele ye taktık. Kibele bu siteden nazikçe gidene kadar saldırılarımız sürecek. Sevgiler ve iyi çalışmalar. Bir grup psikopat adına hayalet IP. ,1,0.4000435173511505,0,tr
"Kasıtlı olarak Mahidevran Sultan sayfasının gelişmesini ve insanların bilgilenmesini istemiyorsun. Verdiğim bilgilerden kitap olanı Mahidevran Sultan ın çocuklarını, şablon olan ise kökenini gösterirdi, sen ise sanki ben şablonda çocuklarından bahsediyor demişim gibi kötü niyetli bir biçimde vandalizm uyguladın. Yeter artık sizi halam nezdinde bize hakaret etmekten şikayet edeceğim.",1,0.07157966494560242,0,tr
Lütfen Pan-farsizm maddesi üzerinde değişiklik yapmayınız. O bir yönlendirmedir. Bunun yerine Pan-İranizm sayfasında değişiklik yapabilirsiniz. Ek olarak Pan-farsizm maddesini açmak istiyorsanız bunun için sağlam kaynaklar göstermeniz lazım. Kolay gelsin.Reality (mesaj) ,0,0.0004176251823082566,0,tr
Selamlar Vito. Dosya:Türkan Şoray 04.jpg şu dosyanın adil kullanım şartlarını karşılamadığını düşünüyorum. Yani yaşayan bir insan ve özgür lisanslı bir fotoğrafı bulunabilir. Silinmesi için etiketleyim mi? Daha önce de etiketlemiştim aslında ama neden silinmemişti anlamamıştım. ,0,0.0003989684919361025,0,tr
 Şu kullanıcının da katkılarının olumlu olduğu düşüncesindeyim. Kaynaklandırma ve bilgileri düzenleme konusunda beyaz listeye alınma için uygun bir kullanıcı olduğunu öngörmekteyim. Sizin düşünceniz nedir? Ahmet Turhan (mesaj) ,0,0.00037648944999091327,0,tr
"Merhaba, maddenin diğer dillerdeki Vikipedi maddesindeki bilgiler ve diğer kaynaklar çerçevesinde geliştirilmesi için çalışmalara başlamayı planlıyorum. Dahil olmak isteyenlere duyurmuş olayım. İyi vikiler... эртлй ილეტი იაზ ",0,0.0005981241120025516,0,tr
"Bu  bence  denilip üzerine yorum yapılabilecek bir konu değil. Dil kuralları belli, bu kuralların da arasında özel ad yerine kullanılan tabirler büyük harfle yazılır gibi bir şey var mı? Cobija (mesaj) ",0,0.0005512031493708491,0,tr
", ilkinin sonlandırılıp ikincisinin ayrı bir turnuva olarak başladığına dair bir kaynak bulabilir miyiz? Dönem yayınları olursa özellikle çok iyi olur. Ben de olumlu bakıyorum. Nasıl zamanında İstanbul liglerini ayırdık, bunu da ayırmak lazım.RapsarEfendim? ",0,0.0005074723158031702,0,tr
"selam, Gottfried Leibniz makalesini geliştiriyorsunuz ama Gottfried Wilhelm Leibniz varken bunun olması olanaksız. isterseniz katkınlarınızı o sayfaya yapın, çünkü bu sayfanın içeriği silinecek. yardım sayfalarına bakarak ayrıuntılı bilgi edinebilirsiniz. saygılar. Tembelejderha ",0,0.00044023196096532047,0,tr
Son olarak belirttiğim iki noktayıda en kısa sürede çözüme kavuşturacağınıza inandığım için adaylığı kapattım. Kısaca seçkin madde olasmı için önerdiğiniz Iğdır maddesi seçkin statüsü almıştır teşekkürler.   Mach   iavelli msj ,0,0.0011274988064542413,0,tr
" Merhaba Bermanya.Burada yer alan bilgilerden eksik olduğunu düşündüğüm hususları kaynak göstererek tamamlamaya, katkı sağlamaya çalışıyorum.Özellikle  Tarihçe  bölümünde.Geri döndürdüğünüz sürümdeki o kısım sizce uygun mu? Daha önce Rapsar ın o bölümle ilgilieleştirdiği kısımları düzeltmiştim halbuki.Önerilerinizi öğrenebilirmiyimİyi çalışmalar...Eğitmen Mahmut (mesaj) ",0,0.0003433189704082906,0,tr
"Sayın üstad ben tartışma değil bilgi almak amacıyla bağlanmaya çalışıyorum hukuksal açıdan öğrenmek istediğim, bu ülkenin resmi dilinin Türkçe olduğu enazından resmi kurumlarda ve resmi görevli zatların bunu kullanmak zorunda olduğu kanunlarla belirtilmiş midir.Eğer belirtilmediyse söylenecek söz yok ama ben belirtildiğini düşünüyorum ve bu güne kadar bir çok kürt kökenli vatandaş yüksek görevlerde bulunduğu halde kürtçe denen dili kullanmamışlardır. Ben Biz Kaç Kişiyiz Muğla ili denetim kurulu üyesi olarak soruyor ve bilgi almak istiyorum. Başbakan RTE nin televizyonlarda kürtçe konuşması ve TRT 6 logosuna yeşil rengin ilave edilmesi vatan hainliği suçu kapsamındadır yada değilmidir?Zira ben mümkünü olursa bu konuda vatandaş olarak dava açmak düşüncesindeyim.Konu hakkında beni hukuki anlamda aydınlatırsanız bahtiyar olurum. Saygılarımla Ender Birgören not: imza nasıl atılıyor beceremediğim için ayrıca özür dilerim",0,0.00073095882544294,0,tr
"merhaba, sayın Sakhalinio, oluşturduğumuz Sami Özdağ sayfası neden silindi bilgi verebilir misiniz? kendisi anadolu da büyük hizmetler yapmakta olan bir kuruluşun yöneticisidir. girilen kayıtlara ait kaynaklar da belirtilmiş idi ve bu bilgiler kendisinin bilgisi ve talebi doğrultusunda eklenmişti. neden uygun görülmediği hakkında bilgi verir misiniz? aynı kategoride birçok kişi maddesi var ör: Murat Ülker sayfası bulunmakta, tam olarak neden kaldırıldığını öğrenebilirsem çözümü noktasında hareket edebileceğiz. seccad (mesaj) Sonerceliktas",0,0.0003103429335169494,0,tr
"Ben genelde telifli makalelerin gitmesinden yanayim. Cogunlukla yazim hatalari ile geliyorlar. Turkce birimi olusturmak biraz zor, genelde ben gordugum yerde duzeltiliyorum (yaptigim hatalarin yaninda). ",0,0.002783774631097913,0,tr
"Selamlar. Madde kategorilerinde bir yanlışlığınız var. Örneğin Sosyal Demokrat Fırkası maddesinde iki tanesini kaldırdım. Partiler>>> Komünist Partiler>>> Avrupa daki Komünist Partiler>>> Türkiye deki Komünist Partiler Kategori ağacı böyle gidiyor. Bizim en üst nokta olan Türkiye deki Komünist Partileri seçmemiz lazım. Lütfen dikkat edin. Nasıl olsa düzeltilecek, bu kategori yanlışlıklarını düzeltmekle uğraşan botlar ve kullanıcılar var. Onları meşgul etmemiş olursunuz. Size tavsiyem Vikipedi:Araçlar/HotCat kullanın. Ayrıca bir parti hem komünist hem de sosyalist partiler kategorisinde yer almamalı (istisnalar elbette olabilir). Birini sildim. II. Enternasyonal üyeleri için Sosyalist Parti kategorisi daha uygun bence. Bundan sonra bu konuya daha çok ilgi gösterirseniz daha iyi olur. Kolay gelsin, katkıya devam. İyi Vikiler. Sultan Galiyev (mesaj)  Mesaj biraz    buyurgan    olmuş. Kusura bakmayın, biraz meşguldüm, aceleyle yazdım. Amacım yardımcı olmaktı. Tekrar iyi vikiler. Sultan Galiyev (mesaj)  Katkılarınız beni sevindirmekte, eğitmekte ve ileride daha kaliteli maddeler yaratmam için beni mutlu etmektedir, teşekkür ederim. Ahmet Turhan (mesaj) ",0,0.0007632395718246698,0,tr
Bunu hangi gerizekali degistiriyor? Turkiyedeki kirim tatarlari sadece ankara nin 1 koyunde mi var? Eskisehir de hic yok mu? Ki Eskisehir Turkiyede tatarlarin en yogun oldugu yerdir. Asagida yazdiginiz o gerizekali ingilizce kaynakta oyle yaziyor diye aynisini gecirmek zorunda misiniz? Hic beyin yok mu sizde? Biraz arastirin! Bilmediginiz konuyu internete ilk rastladiginiz websitesini kaynak alip yazmayin. Boyle aptal durumuna dusmeyin!,1,0.8978257775306702,1,tr
 Beyaz Zenci senin ne siiikimden ismin var öle? Hem beyaz hemide Zenci. Aynı pragdon yani a*mcığa DON gibi yada bambinin a*mcığı gibi hem ermeni hemide top yani topitop da diyemiyoruz senin içün. ermeni ile top yani tekerlek–yumuşak aynı şeyler emme zenci ilen beyaz zıt.kafa garıştırıyo en iyisi sen BU s*i*k*i*mden ismiin deyiştir.Ayrıca saksoyu üzme. O saksoyu güzel çekiyo gibime geliyoooo. Hehhehheeeeeee....İstersen burada bi sakso atabilir hepimiz için. Eğer ermeni toplardan malzemeyi gurtarabilirse hehhehheeeeeee. 1400px Beyaz Zenci ,1,0.9484491944313049,1,tr
Sayın kanaatimce bu maddemizdeki durum bir veya birden çok notla çözülebilecek nitelikte değil... Ayrıca o notun içeriği hakkında dahi kullanıcılarımızın tarafsız bakış açısı yönünden bir anlaşma zemini bulmakta zorlanacaklarını düşünüyorum...,0,0.00047248159535229206,0,tr
Erdal eren e katil denilmesi kesinlikle yanlıştır 17 yaşında birisini yaşını büyüterek öldürmek hangi hukuk a hangi kitaba ve hangi vicdana sığarki daha bluğ çağına bile girmemiş tüyü bitmiş delikalnlıyı idam eden bu bu sistemi uygulayan insanlara allah akıl fikir versin hesabını sorar allah. kim olursa olsun insan değilmi!!!!!!!!!!!!!!!!!!!!!!!!!!!!!!!!!!!!! Erdal.,1,0.5524628162384033,1,tr
Cevap vermeden mesaımı silmişsiniz. Lütfen yönergeleri okuyun ve ona göre telif kopnusunda birşeyler yapmaya çalışın. İyi günler.Muratsahin ,0,0.004084027837961912,0,tr
"Hörmətli Samral, mən fars versiyasın görməmişəm, ancaq inanmıram ki, Rəsulzadə  qaf  hərifini “Rəiseyi-Kürd” kimi oxuya bilərdi, üstəlik bəzilərinin bunun güya  Kürd rəisi  olduğunu sübut etməyə çalışması bu  qord/kord  iddalarını ciddi olmadığını göstərir. Bizdə nağılları da çox sevirlər, bir çox ciddi faktlar nağıllaşdırılır, məsələn, Nizamidə erməni şəhzadəsi olan Şirin güya Azərbaycan gözəli imiş və ya günümüzdə özünü tarixçi adlandıran birisinin İsgəndərin Bərdə olması və ya  Dərbənd keçidi haqqında  iddialar etməsi (birincini Nizami yazıb, ancaq hazırda İsgəndərin bu bölgədə olmadığı dəqiq faktdır), Nizaminin türkcə divanı olması və s... Ən əsası, mötəbər mənbələrin nə yazmasıdır və  qord/kord  iddası heç bir mənbədə yoxdur, Rəsulzadə də Nizaminin anasının kürd olamasını açıq-aydın yazır,  Kürd qızı anam da bizi tərk etdi  sözləri də Azərbaycanda çap olunub, hər şey aydındır, Sizin etirazınız məsələyə şəxsi münasibət bildirməkdən başqa bir şey deyil⇒email ",0,0.0004269115161150694,0,tr
"...ve şablonların biraz daha vurgulanacağı bir tasarımın önerisi için,  Yapımcının hakları ile ama kullanabilinir  bölümüne biraz müdahele ediyorum... Doruk Salancı ",0,0.20563894510269165,0,tr
"Selamlar syn. Elmacenderesi. Arşive kaldırılmış olan şu devriyelik başvurusunun ilgili hizmetli konumundaki arkadaş tarafından adil olarak kapatılmadığı konusunda görüş bildirmek isterim. (Gerekçeyi bile belirtmemiş). lütfen verdiğim tepkiye ve verdiğim cevaplara bir bakın. Kötü niyetli, uzlaşmaz biri olsaydım eğer, vikipedist arkadaşlara öyle mi cevap verirdim. Ya da onca polemik konusu olmuş   özür   kısmını bile silmeyi düşünebilen birinin, varın sizin istediklerinize olabilecek tepkisini siz orantılayın!? Bir de, taraflı davrandığı açık olarak belli olan bir kullanıcının yazdıklarına destek vermek sizce ne kadar doğru bir davranıştır. Ama olsun, gene de sorun yok benim açımdan. Hiç bir zaman, kalp kırmaktan ve dargınlıktan yana olmadım. Bundan sonra da olmam. Ama önce konuyla ilgili tüm yazılanları okuyun ve vicdan terazinizde/beyin mizanınızda lütfen bir tartın. Hayırlı geceler, güzel uğraşlar diliyorum. Jumpeax (mesaj) ",0,0.0009412133367732167,0,tr
"Merhaba 78.166.19.208, Oluşturmuş olduğunuz İslami terörizm adlı sayfa, Vikipedi nin hızlı silme kriterlerinden g2 uyarınca silinmeye aday gösterilmiştir. Sayfanın silinmeye neden aday gösterildiği ile ilgili daha fazla bilgi almak için, ilgili kriterde verilen açıklamaları okumanız önerilir. Bu uyarıyı gördüğünüzde sayfa silinmiş olabilir. Eğer sayfanızı bulamıyorsanız silme kayıtlarını kontrol edebilir ve sayfayı silen hizmetli ile irtibata geçebilirsiniz. Σuphemia ",0,0.002063922816887498,0,tr
JAN ın anlamı ne? interwiki link ne olabileceğini araştırken uygun bir şey bulamadım... en:Military grid reference system olabilir mi? katpatuka ,0,0.0021963040344417095,0,tr
" Şunlar mı ari ırka mensuplar, bildiğin Türk la bunlar, maymun gibi bişeysiniz ırk olarak http://www.affa.az/upload/Image/Hafis-Memmedov01(3).jpg http://www.affa.az/upload/Image/Mirkamil-Rehimov(2).jpg http://www.affa.az/upload/Image/Anar%20Nezirov.jpg Şu da bomba, http://www.affa.az/upload/Image/Aysun-Eliyeva(2).jpg Hem bu nasıl bir dilmiş azerilerin azeri türkçesi öncesi dilleri? Böyle bir dil varsa ortaya çıkarılmalı. Hangi dil bu soyu tükenmiş lisan ) Şuna biz aşağı ırktanız o yüzden kendimizi diğer Türklerden ayırt etmeye çalışıyoruz diyin gitsin. Tekkaşlı sanatçınız Günel e değinmiyorum bile. )96.44.148.137 ",1,0.7981593608856201,1,tr
"İyi günler, aklımda bir VikiProje fikri var ancak bunu yaparken kimden izin almam lazım vb. bilmiyorum. VP:Vikiproje sayfasında da bulamadım. Yardımcı olabilir misiniz? Teşekkürler.    Tomasson   mesaj ♫  Merhaba. Uygun bir konu ise ve açılması gerektiğini düşünüyorsanız açabilirsiniz ) Daha geniş kapsamlı bir proje dahilinde sürdürülebileceğini düşünüyorsanız o şekilde de sürdürebilirsiniz. Size kalmış.RapsarEfendim? ",0,0.0003913838299922645,0,tr
"Tekrar selam Vikiçizer, artık lüütfeen devreye girin, aksi takdirde Vikipedideki bütün maddeleri silmeye başlayacak, Yargıtay Başkanı, Danıştay Başkanı olsun, Büyükelçi olsun yakında siyasetçileri bile silerse şaşırmayacağım. Ya uyarın kendisini ya da engelleyin aksi takdirde giriştiği eylemler yüzünden zaten yasaklı olan vikipediye bundan sonra hiç girmeyip, hiç bir türlü katkıda bulunmayacağım, beni vikipediye katkı yapmaktan soğuttu, kaynakları da beğenmiyor. SAS a taşıdığı Danıştay Başsavcısı oylamada kalsın çıktı sonucu beğenmedi tekrar SAS a taşıdı, bazı maddeleri acaba KD midir diyerek SAS a taşıdı KD şablonu koyacağı yerde, yöntemleri kötüye kullanıyor. Ayrıca büyükelçiler benim bildiğim kadarıyla (aslında politikacı olmasa da) eskiden valilerin siyasetçi gibi  X (politikacı)  başlığı ile açılması gibi açıldıkları vardı yani KD politikacıların 1. kriterindeki    Uluslararası   , ulusal veya il/eyalet düzeyinde    mevkiye sahip olmuş politikacılar    kriteriyle değerlendirilmesi gerek. SarvSarv 17.39, 18 Mayıs 2018 (UTC)",0,0.0009772456251084805,0,tr
"bu yaptiginiz insanlari bezdiriyor, eften püften seyler yüzünden insanlar verimli olmadan kaciyo. bu bir suctur. ve hepsini rapor etmiyor muyum saniyorsunuz. parentez yok dedim sen var diyor musun o zaman ispatla, simdi istesem yuzlerce ornegini getiririm. fakat senin niyetin farkli. uzum yemek istemiyosun ben burdan gideyim bag sana kalsin istiyosun bu olmicak ben bagciyim gitmem hakkimi yedirmem!!!!!!! Manaviko (mesaj) ",1,0.6396287083625793,1,tr
Merhaba Niveles. Bot aracılığıyla değişiklikler yaptığınızı farkettim. Bot kullanmak için şu sayfadan bot başvurusu yapıp onay almanız gerekiyor. Botunuzu botlar listesinde göremedim. İyi çalışmalar    Mukaddime   ileti  Bot değil AWB. Vikipedi:AutoWikiBrowser/CheckPage listede de adım mevcuttur. II. Niveles (mesaj) ,0,0.0002795204345602542,0,tr
"Merhabalar. Bilim maddesinde bilim felsefesi bölümüne bir ekleme yapmıştım. Kaynaklarda da belirttiğim üzere sözcükler güncel sürümdeki biçiminde geçiyor. Maddenin SM olması nedeniyle kırmızı görünmesi hoş durmuyor. Şimdilik örneğin  olgusallık  olmayan maddesi yerine  olgu  var olan maddeye bağlantı vermeli miyiz? Yoksa bu sorun yaratmaz mı? Teşekkürler, iyi vikiler ➫Yâ bolum    ✉     Peki madem öyle, şimdilik mavi hallerine çeviriyorum. İleride gerekli maddeler oluşturulunca yazdıkları bağlantılara çeviririz. Teşekkürler ➫Yâ bolum    ✉     Ayrıca bazı maddelerin kullanılabilir, mavi maddelerini bulamadım. Onlar kırmızı kalabilir. Ne de olsa konu dışına çıkmamak da çok önemli. İyi vikiler ➫Yâ bolum    ✉    ",0,0.00033297325717285275,0,tr
"Yeterli ve çok kapsamlı görüşlerin belirtildiği bir tartışma ortamı yok, bu yüzden vikipedi için çok hassas olan bu konunun daha fazla tartışılması gerekli, bunun için bir süre kısıtlamasının anlamı yoktur, kimse tartışmazsa süre bitince kişiler istediği değişikliği yapabilir diye bir şey olamaz, politikaları değiştirme yetkisi topluluğun tamamına aittir, bir bürokrat değiştiremez, sağlıklı ve net bir sonuç elde edilmeden yapılacak değişiklik kabul edilebilir olmayacaktır. Sevgilerimle... e.c. ",0,0.000498599314596504,0,tr
 Bu arada ben hallettim İstiklal Marşı maddesini haberiniz olsun ) NooNEas  Güzel olmuş emeğinize sağlık... Fakat ben anlamları ile birlikte yazmayı düşünüyodum. Fakat artık düşünmüyorum... !!!ELİFFF!!! !!!ELİFFF!!!  Teşekkür ederim. O zaman başka maddelerde görürüz isminizi umarım ) NooNEas ,0,0.03403535485267639,0,tr
" Köy çeşmesine baktım, ancak sizin de dediğiniz gibi yabancı yerleşim adları için belirli bir yönerge yok. Bu durumda sizce o ülkenin resmi yerleşim adları direk Türkçeye mi çevrilmeli? Resmiyette il/ilçe kelimeleri varsa bunu Türkçe vikide madde adında kullanmalı mıyız?     Nushirevan11         Ⓜ    ",0,0.0007107780547812581,0,tr
"   Hoş Geldin !    Merhaba, tamamen gönüllü katılımcıların çabalarıyla 250 dilde oluşturulmaya çalışılan ansiklopedinin Türkçe bölümü    Vikipedi    ye hoş geldin! Bu ansiklopedi beş ana madde üzerinde şekillenir, katkıda bulunmadan önce okumanızda yarar vardır. Katkıda bulunmaktan lütfen çekinmeyin. Vikipedi nin yazım kuralları basittir. Ne şekilde madde yazabileceğiniz biçem el kitabında ayrıntılı olarak açıklanıyor. Herhangi bir sorun olursa, yardım sayfalarına bakabilirsin. Diğer kullanıcılardan yardım istemekten çekinmeyin; yeni bir katılımcıya yardım etmekten mutluluk duyacaklardır. Tartışma ve kullanıcı mesaj sayfalarındaki yazılarınıza,   ansiklopedi maddeleri hariç  , lütfen imza atmayı   (   ~~~~   )   ihmal etmeyin. İletişim için Köy çeşmesiOrtak çalışma alanı Topluluk portalıTelif hakkı kaybolmuş bir eseri eklemek istiyorsanız VikiKaynakBir terimin sözlük açıklamasını yapmak istiyorsanız VikiSözlükBir şeyin nasıl yapıldığını tarif etmek istiyorsanız VikiKitapÖzlü sözleri eklemek istiyorsanız VikiSöz En çok sorulan...Burada Bulmak istediğim konuya nasıl erişirim? Gezinti Bir madde için ekleme yapacağım ama telif hakları sorunu ne olacak? Kaynaklar Madde hakkında nasıl tartışırım? Tartışma sayfasını kullanın Bir madde için yapıcı eleştiri nasıl yapılır? Tavsiye Bir kullanıcı ile sorunum var. Ne yapmalıyım? Nezaket   (saldırı yasaktır)   ve Sorun çözümü Kolay gelsin. lütfen yukardaki ilke ve kuralları okuyunuz Delamorena ",0,0.0007483591325581074,0,tr
" Ek olarak, anf nin haberinde iki tankın imha edildiği yazılmış. Gelen görsellerde bir tankın isabet aldığı ancak hasarın   imha   derecesinde olmadığı ortada. Doğruluğu ispat edilmeyen, gerçekliği tartışmalı cümleleri maddeye eklemeyelim.thecatcherintherye   mesaj    ",0,0.0006154812290333211,0,tr
"Merhabalar; Yüklediğiniz resimleri ve medyaları uygun lisans etiketleriyle etiketlemez ve kaynağını açık bir şekilde belirtmezseniz, nerede kullanılacağına dair uygun bir açıklama da yapmazsanız yüklediğiniz bu dosyalar silinebilir.Konu ile ilgili ayrıntılı bilgiyi Vikipedi:Telif ve Vikipedi:Resim telif etiketleri sayfalarımızda bulabilirsiniz.Saygılar.25pxSağlamcı  Not:Bu mesaj Manisa Tarzanı ile ilgili yüklediğiniz resimden dolayı gönderilmiştir.",0,0.00028925735387019813,0,tr
Yaklaşık bir saat önce Rüzgâr Bizi Sürükleyecek sayfasını Rüzgâr Bizi Sürükleyecek (film) sayfasına yönlendirmişsiniz. Ancak Vikipedi:Adlandırma kuralları (filmler) yönergesinde de belirtildiği üzere maddenin adının Rüzgâr Bizi Sürükleyecek olması gerekiyor. Ancak yaptığınız bu yönlendirmeyle normal editörlerin bu değişikliği yapmasını engellediniz. Bir ilgilenebilir misiniz? Bu hataya ne yazıkki Vikipedi de çok maddede rastlanıyor.    ◄bekiroflaz § mesaj►    ,0,0.0005433997139334679,0,tr
Noumenon değişiklik sayacıyla ilgili ayrıntılı bir açıklama yazmış sağolsun; doğrudan gönderdim sana. Dur bakalım hayırlısı...    Ds      Murat      ileti    ,0,0.0012039204593747854,0,tr
":Resim:Esin engin.gif resminde kaynak sorunu    :Resim:Esin engin.gif    resmini yüklediğiniz için teşekkürler. Ancak dosyanın tanım sayfasında içeriğin kimin tarafından yapıldığı hakkında ayrıntılı bilgi bulunmamaktadır, yani telif durumu açık değildir. Eğer dosyayı kendiniz yapmadıysanız, içeriğin sahibini belirtmelisiniz. Bir internet sitesinden elde ettiyseniz nereden aldığınızı net şekilde gösteren bir bağlantı veriniz.Diğer yüklediğiniz resimleri kontrol etmek istiyorsanız bu bağlantıyı tıklayın.    Kaynaksız ve lisanssız resimler hızlı silme kriterlerinde belirtildiği üzere işaretlendikten bir hafta sonra silinirler.    Telif hakları saklı olup adil kullanım politikasına uymayan resimler    48 saat sonra silinirler   . Sorularınız için Vikipedi:Medya telif soruları sayfasını kullanabilirsiniz. Teşekkürler.    Mach   iavelli msj ",0,0.0004818260786123574,0,tr
"25px|alt=Bilgilendirme simgesi Merhaba, ben . Bir maddeden (:Şablon:Antikomünizm adlı) değişiklik özeti olmaksızın içerik sildiğini gördüm. Değişiklik özeti yazmak gelecekte kullanıcıların değişikliği anlamasına yardımcı olacaktır. Eğer yanlışlıkla yaptıysan sorun değil, hatayı geri aldım. Deneme yapmak istiyorsan Deneme tahtasını kullanabilirsin. Eğer hatalı olduğumu düşünüyorsan veya sormak istediğin bir soru varsa aracılığıyla benimle iletişime geçebilirsin. Teşekkürler! Dr. Coalmesaj ",0,0.00041176838567480445,0,tr
"Merhaba Suelnur, Bu şablonu Şablon:Roma İmparatorları hep böyle görmek istemiştim. Ellerine sağlık. Benim şu şablon konusunda sıkıntım var. İngilizce orijinalinden değişiklik yaparak aktarmıştım ama üst mavi kuşak kayboluyor ve bu da sayfa sonlarında şablonun formatını bozuyor. Yardım edebilirsen ya da edebilek birisini tavsiye edebilirsen sevinirim.tyrex ",0,0.00039468889008276165,0,tr
"Selam Mukaddime. Nasılsın? İyisindir umarım. Senden bir ricam olacak. Ben yaklaşık 1 ay buralarda olamayacağım. Yoğun bir sınav maratonum var. Köy çeşmesine yazdım, Rapsar a, kibele ye yazdım, uygun olan çıkmadı. Son çare olarak sana mesaj attım . İlgilenebilir misin acaba 1 ay?  Ayrıntılı Bilgi köy çeşmesinde günde 2 saat ilgilenebilirim demiş. 2 saat yeterli bence.    Mukaddime   ileti  O zaman ben sorumluluğu 1 aylığına ona devrediyorum. Yardıma ihtiyacı olursa sen ilgilenirsin umarım. Kolay gelsin, bana dua et sınavlarım için... ",0,0.0006054574041627347,0,tr
Merhaba Yabancı. Gagavuzca Vikipedi bir kaç gün önce açıldı. Gagavuzca orta seviyede biliyorum ve zaten Türkçe ye çok benziyor. Hizmetli olmak için başvurmak istiyorum ama ne başvuru sayfası var ne de onay verebilecek bürokrat. Meta da da bir şey bulamadım. Vikiçizer beni size yönlendirdi. Eğer biliyorsanız söyleyebilir misiniz?    Emperyan     ileti    ,0,0.00037625839468091726,0,tr
" selam metal, şu yolladığın  kullanıcı adı öyle değiştirilmez, böyle değiştirilir  uyarısını kullanabilir miyim ben de? yani, kısa yolu nedir kısaca? selamlar.    kibele     mesaj    Umumi arzu üzerine aşağıya ekliyorum kodlarını, oradan 5 saniye içinde c-p yapabilirsin, sonra sistem kendisini imha edecek ) Şaka bir yana, kısayol varsa da ben bilmiyorum, vaktiyle bir yerden kopyalamıştım. Sevgiler. Metal Militia  60px|left   Kullanıcı sayfanızı    veya kullanıcı mesaj sayfanızı  adını değiştir  sekmesine basarak değiştirmemeniz önemle rica olunur. Bu işlem gerçek anlamda    kullanıcı adınızı    değiştiremez; sadece kullanıcı sayfanızı başka bir sayfaya    yönlendirir   . Kullanıcı adınızı değiştirmek istiyorsanız    bu sayfaya    gözatabilirsiniz. Teşekkürler. Metal Militia ",0,0.0005980895948596299,0,tr
İşler kesat heralde bu ara silinecek pek resim kalmadı. Seni taklit ettim fb logosunu sayfama döşedim ) Bizde herşey dobra dobra hem kanatlı hem renkli takım tutarız ) Dedim bir kerede soru sormadan bi nehaber diyeyim. Sana iyi sildirtmeler ) Bu kez kendin adaylığını koy artık. Sayfada şuan aday yok oy veremiyoruz kimseye. Yeni imzamıda unutmadan atayımPATRON ,0,0.41878002882003784,0,tr
"Silinmeyi gerektirecek kadar kötü bir surumda değil. Düzenle şablonu eklenebilir.  Doğu Prusya Taarruzu, Bagration Harekâtı, Dinyeper-Karpat Taarruzu, Kamenets-Podolski kuşatma halkası, Lvov-Sandomierz Taarruzu, Baltık Taarruzu (1944), Dinyeper Taarruzu ... aynı kullanıcı açmıştır. Kategori ve bilgi kutusu ekliyoruz. Yine de böyle devam etmesin. Takabeg ",0,0.0005513739306479692,0,tr
" Merhaba Uğur Bey, mesele ilgili sitelerin telif durumu değil. Arkadaşımızın çabası olumlu, ancak bazı tereddütler doğuruyor. Kişisel çekimim olduğunu belirttiğim resmime dahi aynı etiketi koymuş. Nedenini sorduğumda bunu dahi koyamayacağımı, hatta alıntı yapılan sitelerde  Kaynak gösterilerek alınabilir  ifadesi olsa dahi bunun yapılamayacağını falan söylüyor. CC lisansını adeta zorunlu tutuyor. Oysa resim yüklerken böyle bir koşul yok. Tek şart kaynak gösterilmesi. Koyduğum resimlerin hepsinde kaynak var ve telif bakımından hiçbir sorun yok.",0,0.0003261234669480473,0,tr
"Sende maşallah her alanda aktifsin:) Bu arada oyunlarada bir merakın var sanırım. Hangi oyunları oynuyorsun?JustForFun (mesaj)  Eyvallah ) PS3 te sağlam oyunları oynuyorum (nadiren de olsa artık). Ondan önce PS2, öncesinde PS1 ve daha da öncesinde atarilere kadar dayanır geçmişim ) Belli bir tarza bağlı değilim, hoşuma giden her oyunu oynarım.RapsarEfendim? ",0,0.00297049293294549,0,tr
"Album 1167 300 300.jpg lisans sorunu 64px|left|Dosya telif problemi    Album 1167 300 300.jpg    adlı dosyayı yüklediğiniz için teşekkürler. Ancak dosyanın tanım sayfasında telif statüsü hakkında yeterli bilgi bulunmamaktadır. Vikipedi telif haklarını çok ciddiye alır.     Lisans  ve  kaynak  bilgisi eksik olan dosyalar hızlı silme kriterleri gereğince işaretlendikten 7 gün sonra silinirler.    Eğer dosyanın lisansını biliyorsanız    telif etiketini ekleyiniz   . Yüklediğiniz diğer dosyaları kontrol etmek için bu bağlantıyı tıklayınız. Sorularınız için Vikipedi:Medya telif soruları sayfasını kullanabilirsiniz. Teşekkürler. Utku Tanrıveremesaj  :Dosya:Album 1167 300 300.jpg için adil kullanım gerekçesi    32px|left|⚠      Album 1167 300 300.jpg    adlı dosyayı yüklediğiniz için teşekkürler. Yüklediğiniz dosya adil kullanım politikasına uymak zorundadır, ancak bu politikaya nasıl uyduğunu gösteren bir açıklama veya gerekçe bulunmamaktadır. Dosya tanım sayfasına, kullanıldığı her madde için ayrı ayrı olacak şekilde bir    adil kullanım gerekçesi    yazmalısınız. Yüklediğiniz diğer dosyaları kontrol etmek için bu bağlantıyı tıklayınız.    Gerekçesi eksik olan adil kullanım dosyaları hızlı silme kriterleri gereğince bir hafta sonra silinirler.    Sorularınız için Vikipedi:Medya telif soruları sayfasını kullanabilirsiniz. Teşekkürler. Utku Tanrıveremesaj ",0,0.0002794226456899196,0,tr
":Fransız İhtilali sayfasında yaptığınız deneme için teşekkür ederiz. Denemeniz çalıştı, fakat ya geri alındı ya da silindi. Lütfen diğer testleriniz için deneme tahtasını kullanın. Eğer nasıl katkı yapabileceğiniz konusunda daha fazla bilgi edinmek istiyorsanız, lütfen Vikipedi`ye hoş geldiniz sayfasına bir göz atın. Teşekkürler. Ugur Basak     mesaj      ",0,0.00044765477650798857,0,tr
"Caferin-cilesi.jpg dosyası kullanılmıyor           Caferin-cilesi.jpg    adlı dosyayı yüklediğiniz için teşekkürler. Dosya tanım sayfasında belirtildiği üzere, dosya adil kullanım dosyasıdır ve Vikipedi de adil kullanım politikası kriterlerini sağlamak zorundadır. Şu anda bu dosya hiçbir maddede kullanılmamaktadır. Eğer dosya maddeden çıkarıldıysa, neden çıkarıldığını kontrol ediniz. Eğer kullanılabilir olduğunu düşünüyorsanız yeniden ekleyebilirsiniz. Ancak resmin adil kullanım politikasına kesin olarak uyduğundan emin olunuz. Yüklediğiniz diğer dosyaları kontrol etmek için bu bağlantıyı tıklayınız.    Hızlı silme kriterleri gereğince hiçbir maddede kullanılmayan adil kullanım resimleri işaretlendikten bir hafta sonra silinirler   . Sorularınız için Vikipedi:Medya telif soruları sayfasını kullanabilirsiniz. Teşekkürler. Deniz (mesaj) ",0,0.0002211260871263221,0,tr
bence bu savaşlar boş yere yapılıor yan ne gerek var diorum böle selere dimi yani hayat normal gidebilir nie savaşta konuşmak değiil hee söleyin ama herkez sanıorki çocuklar çok şanslı mese la biz susuzluktan ölecez telefondan ve cep telefonunndan herkez 5yıla kadar kanser olabiliri niiiiiieeeeeeeeeeeeeeeeeeeeeeeeeeeeeeeeeeeeeeeeeeeeeeeeeeeeeeeeeeee bulllara el koymalıyız.,0,0.5324970483779907,1,tr
komınıst ve dınsız yetırtırılmesıne kızıoruzda ılkokuldan terk olan sade kuran kursunda hayatını gecıren nesıller yaratmaktamı dogru acaba.ulkemız ıcın faydalı olan neyse onun yapılması daha dogru degılmı.egıtımde ve ılımde dının yerı yoktur olmamalı.bugun enbesıl bı halk olarak yasıorsak bu yuzdendır.saygılar,0,0.8721514344215393,1,tr
"Lütfen Vikipedi maddelerine imza atmayınız. Vikipedi de imzalar sadece tartışma sayfalarında ve kullanıcı mesaj sayfalarında kullanılmaktadır. Bunun dışında bazı özel, sadece tartışmaların yer aldığı sayfalarda veya bildiri sayfalarında, örneğin Vikipedi:Köy Çeşmesi, imza atılabilir. Bahsi geçen sayfalar haricindeki hiçbir Vikipedi sayfasına imza atmayınız. İyi değişiklikler! M. M. ",0,0.0003344861324876547,0,tr
"Kaynaklandırma yanlıştır. Takabeg  Denis C. Twitchett, John K. Fairbank (Hrsg.): The Cambridge History of China, Vol. 3, Sui and T ang China, 589–906. Cambridge University Press, Cambridge 1979, ISBN 0-521-21446-7. See especially Ch.4, T ai-tsung (626-49) the Consolidator. p. 150 to 241. Bu kaynağın 150 - 241 arasında nerede yer alıyor ? Geçersiz kaynak. http://ef.cdpa.nsysu.edu.tw/ccw/02/tan21.htm Bu nedir ? Somut olarak ne yazılıyor ? Belli değil. Takabeg ",0,0.00021447853941936046,0,tr
1. yaptığınız vikipediye zarar vermektedir. bunu bir daha yaparsanız engellenirsiniz. 2.bu sayfa bir forum veya blog sayfası değildir. yazdıklarınız ansiklopedik olmalıdır. ciddi olun. 3 hitler gibi bir cani yi nasıl ayakta alkışlıyorsun anlamadım. ne zamandan beri binlerce İNSANI katledenler ayakta alkışlanıyor 4.yardım sayfasına göz atın ve vikipedide ne yapıp ne yapamayacağınızzı araştırın. kolay gelsin Delamorena ,0,0.149027019739151,0,tr
"Leonardo dicaprio ve hayden panettire adlı kişilerin sadece babaları italyandır, bu si.kik Amerikalılar geçip anaları tümden sarışın domuz gibi bir alman olan bunlara genlerini olduğu gibi aktaran şahısları önümüze sürmesin. Leonardo dicaprionun babası kapkara esmer bir adam belli ki soyadından başka bir şey vermemiş buna. diğeride sarışın iri yarı tipli bir alman, yani kıroluk yapıp durmayın. bunlar nordik ırktanlar )88.231.3.218 ",1,0.43495309352874756,0,tr
Bu bilgiler tamamen ermeni tezine göre yazılmıştır.Ozaman bir devletin tezi geçerliyse şablon eklenmelidir.Şaumyanda Stephan Şaumyan onuruna ad verilmesi en güzel örnek değil mi?,0,0.0007414295105263591,0,tr
"Gospodin (Mr.) Melikov, milleti bolmek mi istiyorsun, bolucunun rus pisi. Sen kendini ne kadar turkmen saniyorsan, Irakdaki, Suriyedeki, Turkiyedeki, Afganistandaki we Irandaki turkmenler de senden kendini az turkmen sanmiyor ve hepimiz de turkmeniz.",1,0.4892332851886749,0,tr
Bende inatçı insanları hiç sevmem. Israrla Fenerbahçe menfaatinden falan bahsediyor. Adama git müzeyi dolaş orada kanıtları kendi gözlerinle gör deniliyor adam hala zırlıyor. Yok yazılar kesinlik içeriyor yok bilmem ne diyor. Yöneticilere şikayet edecekmiş. Aman şikayet edeceğin yöneticiler senin gibi galatasaraylı olmasın sakın. Çünkü onlarda aynı duyguyu paylaşıyor. Size göre Fenerbahçe kulübü yalan söylüyor bu kadar tarihçi ve şahitler yalan söylüyor bir siz doğrusunuz. Madem hazmedemiyorsun ne işin var Fenerbahçe sayfasında. Burada gelmiş artislik yapıp milleti tehdit ediyor ilkokul çocukları gibi seni yöneticiye şikayet edecem diye. Cahil in anlamını git bir öğren. Çünkü araştırmadan atıp tutanlara cahil deniyor tıpkı senin gibi.,1,0.6110519766807556,1,tr
Merhaba. Yönlendirerek çözmüşsünüz ama şu anda esas maddede yazım hatası var.  at the  küçük harflerle yazılacak. A Day at the Races - A Day At The Races bu ki maddenin yer değiştirmesi gerekiyor. Teşekkürler. ,0,0.0006494465633295476,0,tr
"ben internetten katılmak istiyorum ismimi nasıl ekleyebilirim o kısma yardımcı olur musunuz? Merhabalar. Gerekli düzenlemeleri en kısa sürede yapacağım, ilginiz için teşekkür ederim. Herhangi bir sorunuz olursa aynı şekilde ve hiç çekinmeden bana ulaşabilirsiniz. Kolay gelsin.    Nazif İLBEK    ",0,0.025536637753248215,0,tr
" 45x45px|left Vikipedi de değişiklik yapmanız,    spam    bağlantılar eklemeyi sürdürmeniz nedeniyle geçici olarak    engellendi   . Eğer yararlı katkılarda bulunmak isterseniz, engellenme sürenizin sonunda tekrar geri gelebilirsiniz.    Khutuc      k   msj ",0,0.0005165786715224385,0,tr
Ben de bu aralar coğrafi bçlgeler üzerine çalışıyordum. Harita çok güzel olmuş. İyi çalışmalar. BullsEye ,0,0.0016390348318964243,0,tr
"Merhaba. Anabolik steroid maddesini taslak şeklinde açmaya çalıştım umarım yardımcı olabilmişimdir. Aslında ilgimi çeken bir konu ama vaktim olmadığından şimdilik taslak oldu. Kolaylık dilerim.  Teşekkür ederim. Atletizmde olimpiyat rekorları listesi isimli maddede yer alan bir bağlantıydı, SL yolunda engel olmasın diye rica etmiştim ) İyi geceler.RapsarEfendim? ",0,0.0004931859439238906,0,tr
"Dünyanın bütün dillerinde bilgi yaymayı amaçlayan özgür ansiklopedi, sizin katkılarınızla gelişiyor. Katkıda bulunurken temel ilkeleri göz ardı etmezseniz seviniriz. Telif hakları, tarafsızlık ve katılım davranışları bu ansiklopedinin en önemli başlıklarıdır. Biçim konusunda bu rehberden yararlanabilir, her türlü konuda vikipedistlerden yardım isteyebilirsiniz. On sekiz yaşından küçükseniz çocuk koruma politikasını mutlaka okuyunuz. Lütfen değişiklik yapmaktan çekinmeyin. Mavi bağlantıları tıklayarak Vikipedi yi tanımayı ve katkıda bulunmayı sürdürmeniz dileğiyle. Kolay gelsin.    kibele    12.57, 11 Mayıs 2019 (UTC) Kategori:Hoş geldin şablonları",0,0.0004491103463806212,0,tr
"o uygulamanın izin alınacak bir durumu yok, topluluk kararı gerektirecek bir durum değil yani, örnek verdiğin madde özelinde bakacak olursak aynı resim hem bilgi kutusunda hem de madde içinde geçiyor, bu gereksiz bir durum. bunun dışında, her madde özelinde tartışılabilecek bir olay. Maddelerde resim olması iyi bir şey ama o maddeyi ilgilendiren tüm resimlerin de konmasını gerektğrmez. Maddenin uzunluğu ile resim içeriğinin miktarı ayarlanabilir. Mskyrider   ileti   ",0,0.0003768291207961738,0,tr
görmüyor musun onu ekleyen adam kayda değerlik eklemiş önceden de. niyet bozuk. sayfanın yarısı tanıtım yarısı eleştiri. böyle sayfa mı olur. siyasi görüşün ne? malum yerden misin?,0,0.1308855563402176,0,tr
"Evet arkadaşlar internet para kazandırıyor.Bu doğru.Ama internetin uçsuz bucaksız nimetlerle dolu bir okyanus olması, bazı dolandırıcılarında iştahını kabartmaya başlamış anlaşılan.İnternetten para kazandırmaya yönelik bir çok sistem var.Ben bu yazıda sizlere her yöntemin farklı dolandırıcılıklarından bahsedeceğim.Bizzat yaşadığım tecrübeleri anlatmak kulaktan dolma bilgilerden daha etkili olacaktır inancındayım. İlk olarak anket doldurarak para kazandıran sistemlerdeki uyanıklıklardan bahsedelim. 1) Size gönderilen anketlerin karşılıksız olması.Yani anket şirketinin ilgili firmalarla bağlantısının olmamsı.Dolayısıyla size para ödememesi. 2) Doldurulan anketlerin karşılığında size ödenecek olan paranın çekiliş usulü ile ödenmesi.Size çıkması şansa kalmış. 3) Anket şirketlerinin firmalardan paylarını alıp size hiçbirşey ödememesi. Bu kadar sahtekarlığın yanında işini güzel yapan anket şirketleri de var.Ama bunların adreslerini bulmak büyük bir sorun.Aylarca uğraşmanızı gerektiren yoğun bir çaba.Ben anket doldurarak para kazanmak isteyen arkadaşlara Anket Rehberi 2010 isimli ürünü tavsiye ediyorum.Güvenli sitelerin bulunduğu güzel bir kitap.[İsteyen aşagıdaki linkten ürünü inceleyebilir.]",0,0.0024420574773103,0,tr
"Selam Mızrak. Pearl Harbor Saldırısı‎ maddesiyle ilgilenmeye başlatım ama geç kaldım demek ki. Bir dahaki sefer, inşallah. İyi çalışmalar. Görüşürüz. Takabeg ",0,0.0007235337980091572,0,tr
Salam. SRA da kimin aday gösterdiğini önemsemiyorum. Zaten topluluk seçiyor. Ama kural gereği Sergey Rahmaninov hakkında haberdar ediyorum. Teşekkür ederim. İyi çalışmalar. Takabeg ,0,0.0005300104385241866,0,tr
" 50px|left Kendi mesaj(laşma) sayfanızdaki içeriği değiştirmekte özgür olmakla birlikte, size gönderilen mesajları silmeniz Vikipedi de hoş karşılanmayan bir tutumdur. Takdir edersiniz ki, diğer kullanıcılarla olan yazışmalarınızı, hem sizin hem de diğer kullanıcıların kolaylıkla takip edebilmesi açısından mesaj sayfanızdaki içeriğin silinmemesi gerekir. Aslında yaptığınız, tam olarak bir    silme    de olmayıp, sayfayı    boşaltmak   tan ibarettir. Zira, silme işlemini sadece hizmetliler gerçekleştirebilir. İsterseniz, mesaj sayfanızı burada anlatıldığı şekilde arşivleyebilirsiniz. Maddeleri taşıma ve yeniden adlandırma hakkında daha fazla şey öğrenmek için bu yardım sayfasına da bir göz atabilirsiniz.    Yabancı     msj   ",0,0.00045241566840559244,0,tr
"Evet FM den anımsar gibiyim:) Aslında bu fully professional liğin ne anlama geldiği sorusunu masum bir şekilde sordum ve bir gün sonra sayfaya geri döndüğümde nerdeyse birbirine girmişlerdi diyebilirim, sanırım uyuyan devi uyandırdım:) kısacası oradada bir anlaşmazlık var gibi gözüküyor. Bazı kullanıcılar bunun İngiltere ve İskoçya yanlısı bir düzenleme olduğunu düşünüyor.(senin bahsettiğin durum sanırım). Neyse bu durumda onlara göre hareket edemeyeceğiz galiba. Dediğin gibi en azından gol krallarına tölerans tanınabilir belki. Bu arada bu öneriyi KD kişiler tartışmasında mı sunmak doğru olur yoksa köy çeşmesi politikaya mı? Gerçi tam bir öneri düşünemedim ancak şu nasıl olur:    Bir futbolcunun kayda değer olması için en üst düzey liglerde(Süper lig, La liga gibi veya bunların bir alt liglerinde) maça çıkmış olması veya kendi ulusal futbol liglerinde belirli başarılar(gol krallığı,yılın futbolcusu vb.) elde etmiş olması gerekmektedir.     nasıl olur ? Beyazmavi ileti ",0,0.000507673597894609,0,tr
Bernd Drechsel 1972 Yaz Olimpiyatları nda Batı Almanya yı mı yoksa Doğu Almanya yı mı temsil etmiştir? Ahmet Turhan (mesaj) ,0,0.0007406919030472636,0,tr
"Bu arada yeni olduğum için mesaj nasıl gönderilir ,onu bile henüz öğrenmiş değilim.benim sayfadaki yapılan değişikliler ciddi derecede ansiklopedik hataya sebeb olmuş.Sayfanın Başlığı  Madde  olarak geçiyor ;halbuki tam tersi  antimadde  olması gerekiyor ki onun alt kategorisi  antiparçacıklar  olarak devam etmeli.Birde Kuantum fiziğinin bir dalı  Temel parçcaıklar  bölümü yani basit düzeyde ,genel olarak anti parçacıklar hakkında bilgi.Diğer arkadaşın  pozitron  konusu biraz daha detay bilgi.Zaten ufak başlıkların bir genel başlık altında irdelenmesi gibi birşey benim sayfa.Bu arada başlığı nasıl değiştiricem? Ben Alman-ingiliz bilmem (İngilizcem iyidir)(yani almanca ingilizce ne yazdıkları önemli değil ben fizikçi olduğum için biraz rahat konuşuyorum bu konuda) Kesinlikle Ana kategori madde değil  antimadde olmalı Aslında tek başlık antiparçacıklar olması gerek antimadde  antiparçacıkların  alt kategorisidir.Yardımcı olursan sevinirim.",0,0.00036013484350405633,0,tr
"Bu arada kodu da buldum: I agree to the edit counter opt-in terms Bu meseleyi anlatan sayfa şu an gözükmüyor ama hatırladığım kadarıyla herhangi bir maddeye girip bu kodu, ne değişikliği yaptığını yazdığın kutuya yazıp hiçbir değişiklik yapmadan sayfayı kayıt ediyorsun. Bir süre sonra ayrıntılı istatistikler açılıyor. Umarım bişey unutmamışımdır. ben çıkıyorum selamlar    Erdall    ",0,0.0005994312814436853,0,tr
Benim bundan sonra özellikle türkiye wikide yazmak gibi bir niyetim yok. Wikiyi severek ve beğenerek kullanıyorum ve bundan sonra da böyle olacak. Ancak bilmiyorum farkındamısınız benim severek internette çeşitli sitelerde kullandığım nickim türkiye wiki tarafından ben tek bir satır bile yazamandan ve bana hiç bir uyarı bulunmadan banladı ve sizin yardımınız olmasa onu o listeden çıkartamayacaktım. Yine teşekkür ederim. Bundan sonra wikiye katkım olursa alman veya inigliz dilleri için olur teşekküler. Tatsız bir deneyim.,0,0.0012193762231618166,0,tr
"Merhaba, gördügüm kadariyla son zamanlar Samsunspor da oynamis yada hala oynayan yabanci futbolculari sadece   Kategori:Samsunspor da oynamış yabancı futbolcular   ekliyorsun ama   Kategori:Samsunsporlu futbolcular   eklemiyorsun. ben bu baya karisikliga yol acar. cünkü Kategori:Samsunsporlu futbolcular göz atan biri ilk bakista yabanci futbolculari göremiyor. mecbüren Kategori:Samsunspor da oynamış yabancı futbolcular girmeli. bence yabanci futbolculara hem   Kategori:Samsunspor da oynamış yabancı futbolcular   hemde   Kategori:Samsunsporlu futbolcular   eklenmeli. youln basindayken bunu kararlastiralim bence yoksa sonra icenden cikamayiz. selamlar -Xberger    Samsunspor da oynamış yabancı futbolcular   zaten   Samsunsporlu futbolcular   kategorisinin bir alt kategorisi. Yani Samsunsporlu futbolcular kategorisine girenler üst tarafta yabancı futbolcular ile ilgili kategoriyi de görüyor. Yabancı futbolcular için yalnızca Samsunspor da oynamış yabancı futbolcular kategorisi eklenmeli. Zira hem Samsunspor da oynadığı hem de yabancı olduğu söyleniyor. Yani Samsunsporlu futbolcular bilgisi eksik kalmıyor orada. Tüm takımlar için böyle olmalı ki, doğrusu da bu. cobija₰ ",0,0.0007699138368479908,0,tr
Merak etme biliyorsun bizde sabır sağlam. Once gündür sil şablonu ile bekleyen resimler vardı artık onlara ciddi olarak daldım. Zaten 90% si şu anda kullanılmıyor. Sağol mesaj için. Ara gazı aldım devam. ) Özgür ,0,0.0030627804808318615,0,tr
"Merhaba Hatmaca61, Trabzonspor 2009-10 sezonu maddesinde yer alan   Takım kadrosu   başlığındaki Hasan Ahmet Sarı, Barış Memiş ve Tony Sylva yı çıkardığını gördüm. Ancak bu futbolcular bu sezon takımın maçlarında yer aldıkları için orada kalması gerekir. Yani bir futbolcu ligde 1 maça da çıksa o listede yer alması lazım. Burası arşiv niteleği taşıyacağı için sayfadaki kadronun güncel olması gerekmiyor. Güncel olması gereken yer Trabzonspor maddesidir. Teşekkürler, iyi çalışmalar...Myrat ileti ",0,0.0002502191928215325,0,tr
Merhaba; eklemiş olduğunuz Bejan Matur başlıklı madde 7 (yedi) gün süreli bekleterek silme sürecindedir. Lütfen ilgileniniz. İyi çalışmalar. Levent Abi ,0,0.007733792066574097,0,tr
"YENİKÖY aynı zamanda kömür ocaklarından zarar gördüğü gibi,yeniköy sahilide bundan büyük zarar görmekte. denizin dalgalanması demek,denizin çamur deryası olması demek,buda sahile insanların gelmemesi demek,balıkların ölmesi demek,köy zaten yeterince zarar gördü kömür ocaklarından,bari denizi kurtarmak lazım.yetkilisine duyurulur. bu durumu bilip,görüp müdahale etmeyenler elvet bir gün cezasını çekecekler..",0,0.00656878761947155,0,tr
Değişiklik sayılarına göre kullanıcılar listesinde bot değişikliklerini gizleyebilir misiniz? Çünkü orada katılım az olduğundan botlar da listede çokça görünmeye başladı. Örneğin MediaWiki Message Delivery 7. sırada görünüyor. Bir de Vikipedi:Vikipediler benzeri bir sayfa açacağınızı söylemiştiniz. Saygılarımla...,0,0.0003103440976701677,0,tr
Madde tamamen bölücü örgüt propagandası içeriyor. Anayasa da belirtilen Türkiye Cumhuriyeti nin bölünmez bütünlüğünü tehdit edici ifadeler içeriyor. Ayrıca sözde Kürdistan hayali ile insanların yanlış bilgilendirilmesi hedefleniyor. Gerekenin yapılmasını arz ederim.,0,0.0008586403564549983,0,tr
Öyle madem CITES adına taşınması en makulü. Kitap ve akademik aramalarda ezici bir çoğunluğu var. Cobija (mesaj) ,0,0.012101993896067142,0,tr
"Babil kuleniz çok güzel olmaya başladı. Belki aradan bazı  tuğlaları  çalabilirim. Haber vermedin demeyin ) Saygılar, iyi çalışmalar. Metal Militia ",0,0.0018895288230851293,0,tr
Bizim için bir şey yapabilirmisin ? . Arkadaşlara göstermek için turkleri çok nazikler ... TeşekkürlerYelkrokoyade ,0,0.005087339784950018,0,tr
  Vikipedi renklerini barındıran yorum şablonunun (20px|Yorum) görsellik ve düzen açısından daha iyi olacağını düşünüyorum.   Konuyla ilgili görüşlerinizi    buradan    bildirebilirsiniz. 50px|link=Kullanıcı:Hipsterlive    Mesaj    ,0,0.00037962099304422736,0,tr
"Çağrı için teşekkürler, ancak bu sorumluluğu üstlenecek zamanım olmayacak gibi görünüyor. Bence puanlamanın gecikmesi sorun değil. Önemli olan, proje kapsamında yapılan katkıların niteliği ve şu an hiç de kötü durumda değiliz. Superyetkin       ",0,0.0007566851563751698,0,tr
" 50px|left    Lütfen maddelerin içeriklerine yorum eklemeyiniz.    Vikipedi nin blog, forum vb. bir site değil, bir ansiklopedi olduğunu unutmadan ve özellikle tarafsız bir yaklaşımla, ansiklopedik içerikli değişiklikler yapabilirsiniz. Teşekkürler, iyi çalışmalar. - Myrat ileti ",0,0.00042349298018962145,0,tr
"Merhaba, son zamanlarda üzerinde uğraştığım madde hakkındaki görüşünüzü şurada belirtirseniz sevirim ) İyi vikiler... ~ HastaLaVi2 (mesaj) ",0,0.032264791429042816,0,tr
"    Özen Yıldızı    İşbirliği projesinde göstermiş olduğunuz ince eleyip sık dokumanızdan dolayı, maddenin seçkin madde haline gelmesi için göstermiş olduğunuz özenden dolayı sizi takdir ediyorum. Başarılarınızın ve çalışmalarınızın azimle devamını diliyorum. Kolay gelsin... Emre KILIÇ (mesaj) ",0,0.0010321032023057342,0,tr
Hatta yukarı kısımdaki gruplar felanda alakasız bence. Direk çıkan çatışmalar olsa daha sade olur. Bu tür konuları ana şablonda toplamakta fayda var diye düşünüyorum. )Sait71✉ ,0,0.003410035977140069,0,tr
Hotin seferinde adı geçen ve tarihte yeri olan bu kişiye yönelik küçük bilgi sayfası tarafınızca silinmiş. Hotin seferindeki bu bağlantı simdi boş kaldı. Bilgi kısa olsa da yeterli tanıma sahipti ve geliştirilebilirdi. Silmek yerine geliştirmeyi önerseydin daha yararlı olurdu diye düşünüyorum Oasistr (mesaj) Oasistr Sayfa ansiklopedik bakımdan uygun değildi. Tarihlerde xx?? yaptığınızı da gördüm. İçerik elbette geliştirebilir. Uğurkentmesaj ,0,0.00036212182021699846,0,tr
"Selamlar Renegade.31 Mart Ayaklanması, 31 Mart İsyanı olarak değiştirildi.VP:TBA ya uygun olması için isim değişikliğini geri alabilir misin.Teşekkürler.   Mach   iavelli msj ",0,0.0007782031898386776,0,tr
"Mrb. Sabri, şu Vikipedi:VikiProje Spor u tekrardan hayata geçirsek nasıl olur? Yeni kullanıcıların katılması için köy çeşmesine ilan bırakabiliriz. Proje sayfasını da yenileyebiliriz. Bu sayede bize düşen işler de azalmış olur. Bu konuda ne dersin?Rapsar  Ha bu arada Avusturya da Yılın Futbolcusu Ödülü adı mı daha uygon yoksa Avusturya da Yılın Futbolcusu mu? Rapsar  Iğdırlı Vikiabim Sabrican, Doğum günü tebriğin için çok teşekkür ederim )) Kolay gelsin, senin deyişinle tam gaz devam )  Tebrik için teşekkür ederim, bu raslantı olsa olsa Vikişans olmalı. Vikipedi, herşeye muktedir. ) İyi çalışmalar, görüşmek üzere...Muratsahin ",0,0.0004841461777687073,0,tr
 Bu madde Davutoğlu - Erdoğan gerginliğinin ancak bir alt maddesi olabileceği için kapsayıcı yeni bir madde açtım. Saygılarımla.|    zoɯɐʞɐʎ |    ,0,0.0013059505727142096,0,tr
"Merhabalar. Madde adını bu şekilde değiştirmeye çalıştığınızda, sayfanın geçmişi yönlendirme sayfasında kalmakta. Maddeyi açan kişi de keza siz olarak görünüyorsunuz. Maddeyi bugünlere getirenlerin adlarının geçmişte görünmesi gerekir takdir edersiniz ki. Yeni madde açıp eskisini ona yönlendirmek uygun değil. Bu nedenle ad değiştireceksek taşı sekmesinden bunu gerçekleştiriyoruz ki geçmişler kaybolmasın. Madde yazarları ve katkıları geçmişten görülebilsin. Ayrıca eğer ki yönlendirme sayfası mevcutsa hali hazırda bu durumda da bir hizmetliden madde adını değiştirmesini rica edebilirsiniz. Tabi tüm bunlar tartışma sayfasında sonua bağlandıktan sonra olmalı. Lütfen madde geçmişlerini yönlendirme sayfalarında bırakmayınız. Ben şimdilik sayfalara şablonu ekledim. Siz de bu şablonu kullanın lütfen. Eğer daha önce benzer işlemleriniz olduysa lütfen bu şablonu ekleyin sayfalara ki, geçmişleri kaybolmasın. Saygılarımla   Merube 89        msj      ",0,0.0003987460513599217,0,tr
 130px   VikiProje   Kıbrıs   Ayın işbirliği       İyi günler...VikiProje Kıbrıs bünyesinde Ağustos-Eylül ayının iş birliği   Kıbrıs taki köy maddelerinin açılması ve geliştirilmesi   seçilmiştir.      Katılım için    TIKLAYIN         [KereM       233]    ,0,0.00027444184524938464,0,tr
Sil şablonu koyarken sayfaların içeriğini boşaltmaman için ne yapmam gerekiyor Türk Süvarisi? Söyle de onu yapayım lütfen?    Vito Genovese    ,0,0.004533974453806877,0,tr
"Merhaba, Debre adından birden fazla yerleşim bulunuyor. Ancak şu an Debre aratınca  Debre, Yunanistan  maddesine bağlantı var. Bu bağlantıyı kaldırıp Debre yi Debre (anlam ayrımı) sayfasına bağlayabilir misiniz. İyi çalışmalar...    taglıgalp      ileti     Merhaba, halloldu. Teşekkürler, iyi çalışmalar...Vikiçizer ",0,0.0030280696228146553,0,tr
"Sen koreli değilsin. Sen Altay dil ailesine düşmanlığı olan birisin. Lütfen bu kişiyi bloklayın. Karamai2015 (mesaj) 14.32, 31 Temmuz 2018 (UTC)",0,0.3491559326648712,0,tr
"Madde ana sayfaya çıkabilecek durumda. Bu nedenle ve öneriniz üzerine, şurada ana sayfaya önerdim. Yakında çıkacaktır. Teşekkürler.    Yabancı     msj   ",0,0.00043853733222931623,0,tr
"TAMAM ÜSTAT...BU İFADEYLE HARBİDEN BENİ BİTİRDİN...SİZ REDAKTÖRLERİ BİRAZ OLSUN EĞİTMEK VE MASONLUĞUN NE MENEM BİR İBLİS TARİKATİ OLDUĞUNU SİZİN GİBİ BİR KAÇ REDAKTÖRE DAHA YAKINDAN GÖSTERMEK İÇİN BİR KAÇ BODOSLAMA SALDIRI YAPTIM...FAKAT SENİN BU OLAĞANÜSTÜ SAKİN VE SEVECEN YAKLAŞIMIN BENİM ARTIK DAHA FAZLA BUNU YAPMAMI GEREKSİZ HALE GETİRDİ...SANA İÇTEN HÜRMETLERİMİ SUNUYOR VE YAPTIĞIM KÜÇÜK SALDIRI OYUNUNA SON VERİYORUM...TÜM VAROLAN ŞEYLERİN VARLIK KAYNAĞI OLAN O VARLIK SENİ KORUSUN,YÜCELTSİN...HOŞÇAKAL...",1,0.9568972587585449,1,tr
"Ah lanet, başlıkta türkiyenin parisi falan demiyomuş.... pardon.... ama yine de bi y6erde türkiyenin parisi atça yazıyodu, neyse boşverin...kullanıcı sayfası olmayan ezik biri...",1,0.9887258410453796,1,tr
 Öğretecek kadar çok bilmiyorum. Kendime gereken şablonları kopyalayarak ve diğer şablonları gözlemleyerek öğrendim. Deneme tahtasını kullanarak deneme yapabilirsin. Mskyrider   ileti   ,0,0.0006730747409164906,0,tr
"Dünyanın bütün dillerinde bilgi yaymayı amaçlayan özgür ansiklopedi, sizin katkılarınızla gelişiyor. Katkıda bulunurken temel ilkeleri göz ardı etmezseniz seviniriz. Telif hakları, tarafsızlık ve katılım davranışları bu ansiklopedinin en önemli başlıklarıdır. Biçim konusunda bu rehberden yararlanabilir, her türlü konuda vikipedistlerden yardım isteyebilirsiniz. On sekiz yaşından küçükseniz çocuk koruma politikasını mutlaka okuyunuz. Lütfen değişiklik yapmaktan çekinmeyin. Mavi bağlantıları tıklayarak Vikipedi yi tanımayı ve katkıda bulunmayı sürdürmeniz dileğiyle. Kolay gelsin.    kibele    17.20, 23 Mayıs 2019 (UTC)",0,0.00044376126606948674,0,tr
"Merhaba, büyükelçilerin direkt kayda değerliğine dair bir netlik yok. Bu sebepten ötürü lütfen büyükelçi maddesi açmayınız.     Nushirevan11         Ⓜ    16.37, 13 Mart 2018 (UTC) Ama açtığım büyükelçi maddelerine katkı yapmama engel değil sanırım bu, değil mi?SarvSarv  O maddelere katkı yapabilirsiniz. Ancak kayda değer değillerse bence zamanınızı boşa harcamayın. Fransızca biliyorsanız, Fransa ya dair maddeler çevirseniz, ne güzel olur.     Nushirevan11         Ⓜ    18.54, 13 Mart 2018 (UTC) Evet frankofonum, Fransızca dan çok madde çevirisinde bulundum. Ama Anne Lhéritier maddesi  ın SAS a taşıması ve sizlerin onayıyla silindi ki, sebebi KD olmayan Danıştay üyesi olmasıydı oysa vali unvanı taşıyan ve Chirac ın en yakın kabine şefi (özel kalem müdürü) idi, cumhurbaşkanlığı boyunca kabinesinden (ofisi) yanından ayrılmamış tek isimdi.SarvSarv  Sarv Bey o kadar Fransızca madde içerisinde kayda değer olmayanı mı buldunuz. ) İlla siyaset olacak diye bir şey yok ki. Mesela Fransız kültürü maddesini oluşturabilirsiniz.     Nushirevan11         Ⓜ    21.19, 13 Mart 2018 (UTC) Ama benim ilgi alanım, daha çok kişiler, (bürokrat, yargıç ve siyasetçi) okuduğum kitaplar bile biyografi ağırlıklıdır )SarvSarv ",0,0.0004990180023014545,0,tr
"Vikipedi de deneme yaptığınız için teşekkürler. Denemeniz çalıştı, ancak şu anda ya    geri alındı    ya da    silindi   . Başka bir deneme yapmak istiyorsanız lütfen    deneme tahtasını    kullanın. Ansiklopedimize nasıl katkıda bulunabileceğiniz hakkında daha fazla bilgi edinmek istiyorsanız    hoşgeldin    sayfasına bir göz atın. Teşekkürler. tema ",0,0.00030306700500659645,0,tr
(Koca bir mesajım nereye gitti yahu?  Mesajların çatışması  tamam da o metin nerde şimdi? Neyse ki arif olan başlıktan neler yazdığımı anlıyacaktır. - Hasan Sami ,0,0.010161870159208775,0,tr
Kusura bakma 2 aydır internetten uzak bir birey olarak yaşadığım için buralardan da uzak kaldım. Bu yaz pek aram olmadı bilgisayarla. Plan teklifin hala geçerliyse hemen başlayalım =) Umtcntrcn ,0,0.002786590252071619,0,tr
"Siz ve sizin gibiler vikipedi için büyük bir kötülük. Biz hukukçular gibi kendinize yapılmış haksızlıkları bile sindiremiyorsanız, bırakın efendim bırakın gidin.",1,0.48085108399391174,0,tr
Arkadaşlar eğer Kosova katılırsa Sırbistan Kosova yı tanımadığı ve halen ona bağlı bir toprak olduğunu iddia edebilir ve Kosova katılırsa Sırbistan çekilebilir. O yüzden Katılmaması Beklenenler yerine Sırbistan ı da ekliyorum.Soğuk ,0,0.0023609327618032694,0,tr
"merhaba Metal Militia. Şablon:TSL 2007-08 Haftalar kısmında süper ligdeki her hafta için bir madde açılmış, aslında Süper Lig 2007-08#Sonuçlar kısmındaki o tablo alınan tüm sonuçları gösteriyor. o yüzden o şablonu ve içindeki maddelerin silinmesi gerektiğini düşünüyorum. SAM şablonu ile yapılması gerekiyor sanırım ama ben aslında şablonun içindeki maddeleride silinmeye aday göstermek istiyorum. ayrıca isim değişikliği ile ilgilendiğin için çok teşekkürler. ))) kolay gelsin. ",0,0.0004549141740426421,0,tr
"kişi yazdığı bir kitap nedeniyle burada, bu yüzden kitap maddesini de buna yönlendirip geçmişleri birleştirdim. şu sürümden yararlanılarak içerik zenginleştirilebilir.    kibele    ",0,0.0007538849604316056,0,tr
bu sadece bir engelleme kurallara uyarsanız herşey çözülür.Ben sizin vikipedi hayatınızı sonlandırmadım.Sadece şikayet ettim.Sizin tek sorununuz var.Çok kızgınsıınız.Biraz daha nazik olun.O zaman herşey çözülecektir.Bana da baskı yapmayın lütfen.SE ,0,0.22885224223136902,0,tr
"Erivan maddesinde, Kullanıcı:Kibele kaynak dahil katkımı geri aldı . Halbuki kent Azeri tarihi ve toplumu ile Osmanlıdan bile daha çok ilgili. Ayrıca madem ki, Azerice yazısı Ermenistan arazisi olması üzere geçerli değilse, başka maddelerde ayni kural geçerlimi? Bu bir kuralmı? Önceden teşekkürler. Atabəy ",0,0.00034250528551638126,0,tr
"Bangladeş sayfasında kullanılan dil oldukça kötü. Özellikle ticaret hacmi konusunda yazılanlar; pastırma, sucuk gibi besinler ve orada ticaret yapılması hususunda verilen akıl, wiki de kullanılan dile uygun değil. Ayrıca hiçbir verinin kaynağı belirtilmemiş. 78.162.240.96 anarax",0,0.004261319059878588,0,tr
" Düzeltirken maddenin giriş cümlesini silmişsiniz, bu nedenle geri aldım. Gerekli düzeltmeyi ayrıca yaptım. Kolay gelsin.    Kemal K.    ",0,0.0007565676933154464,0,tr
"Bu madde günlerdir anonim kullanıcı tarafından değiştiriliyor. Kaynaklı bilgileri siliyor ve gerçek olmayan şeyler yazıyor. Sayfayı pek çok kez düzelttim ama her defasında aynı şey oluyor. Bence yarı koruma altına alınmalı. Merve  Selamlar. Aslında bu tip durumlarda koruma politikasına başvurulmasa da periyodik vandalizmi fark ettiğimden 1 haftalığına yarı korumaya aldım, bu süre içerisinde periyodik vandalizmin durulacağını düşünüyorum. Kolay gelsin...  İyi geceler Sabri. şurada görüleceği gibi EvetHayır adlı kullanıcı kafasına göre sil şablonlarını çıkarıyor. Sadece ben 4-5 kere bu durumla karşılaştım. İlgilenebilir misin? Tarihin Arka Odası nı kaçırmamam lazım da.)Reality  İyi geceler, şurada dediğin yerde bir şey göremedim ama sınavadn çıktım tiyatroya gittim, ben yatar...  Daha bi dene daha sınav var.) Hayırlısı puanım yeterse zaten kafamdaki 2 üniversiteden biri ODTÜ.)Reality ",0,0.00132616120390594,0,tr
"Teşekkürler. Vandalizm yapanın değişikliklerini ben değiştiremiyorum. Yalnız 2015-16 sezonu kadrosuna benim eklediğim tablo yine çıkarılmış, sanırım şekil oalrak uygun değildi, eklenen tablodaki futbolcular bir önceki sezonun yani 2014-15 kadrosu eklenmiş, yani yanlış kadro. Bir de Adana Demirspor başlığına da 2016-17 bilgileri ekledim ona da bakabilir misiniz? ) Teşekkürler. Yavuzy (mesaj) ",0,0.00032394134905189276,0,tr
"Bu başlık boşu boşuna ne yapmaya çalışıldığı anlaşılmadan silinmiştir.Bana madde 9 u baz aldığınızı söylüyorsunuz ama ben bu maddeyi yazarken telif hakkına muhalefet olmaması için 30 kere düşünerek yazdım.Ama bazı görevi olduğu belirtilen kişiler içeriği, başlığı her şeyi değiştirdi.Beni uyarmadan ve maddeyi silmeden önce ilk içeriğe baksaydınız çok şey değişir di aklınızda.Tipik bir hegomanya var burada.Emeğime yazık yahu.İtfaiyeci ",0,0.11878346651792526,0,tr
" Eşcinselin erkeği  erkek eşcinsel , kadını  kadın eşcinsel . İlla ki İngilizce mi konuşmamız gerekiyor? KAOS gibi gruplarca da eşcinsellerin cinsiyetsel ayrımı erkek eşcinsel ve kadın eşcinsel şeklinde yapılıyor ve bence oldukça da başarılı. Gay i gey diye çevirmek, table ı teybıl diye çevirmek gibi olmuş hakikaten.",1,0.1381170004606247,0,tr
" hay allah acaba benim kuklam mı, ya da ben mi açtım maddeyi. tüh yakalandık galiba. latife bir yana, kişilerin niyetlerine ilişkin çok fazla varsayımda bulunuyor, imalarla bariz ksy ihlali yapıyorsunuz. diyorum ki, hiçbir yararı olmayan bu tür söylemlerden acilen uzaklaşın. değilse, yani bir anonimin davranışı üzerinden beni sorgulayacaksanız açık konuşun ve de yerinde konuşun, başkalarının mesaj sayfalarında değil.    ki      bl   ",1,0.7461408376693726,1,tr
"90px    RESİM YÜKLEME UYARISI!       Lisans (telif) ve/veya kaynak bilgisi eksik veya yanlış resim(ler) yüklediniz!   . Vikipedi olarak telif haklarına en üst seviyede önem vermekteyiz. Vikipedide kullanılabilecek bir lisans ve kaynak bilgisine sahip olmayan ya da bu bilgileri yanlış girilmiş olan resimler silinmektedir. Yüklemiş olduğunuz resmin ya da resimlerin lisans ve kaynak bilgileri vikipedi telif hakları kurallarına uygun ise lütfen bu bilgileri ekleyiniz ya da değiştiriniz. Aksi taktirde yüklediğiniz resim(ler) silinecektir.   Daha detaylı bilgi için aşağıdaki bağlantılardan bilgi edinebilir ya da bu konuda deneyimli bir kullanıcıya veya medya inceleme timi üyelerine danışabilirsiniz:   Resim Kullanım Politikası - Resim Telif Etiketleri - Telif Hakları (genel) - Telif hakları (SSS) - GNU Özgür Belgeleme Lisansı    Yabancı     msj    Merhaba. Yukarıdaki uyarıyı kısaca şu şekilde özetleyeyim: Kaynaksız ve lisanssız resimleriniz silinir. İnternet sitelerinden aldığınız resimler nadiren serbest lisansa sahiptir. Değilse de mutlaka VP:AKP ye uyması gerekir. Ayrıca kaynağı url cinsinden yazmanız gerekir. Çok ayrıntı var biliyorum ama, telif hakları bunu gerektiriyor. Sorunuz olursa yardıma hazırım. Teşekkürler.    Yabancı     msj   ",0,0.0003956272266805172,0,tr
"Merhaba Rapsar, Çok teşekkür ederim mesajın için. Ölümcül olabilecek bir hastalık söz konusuydu çekirdek ailemde ama şükür ki üstesinden gelindi. Sende keyifler iyidir umarım. Sevgiler    Vito Genovese    ",0,0.0011138326954096556,0,tr
" 250px      Yeni Yılınız Kutlu Olsun!        Sevgili       ,     Yeni Yılını kutlar, tüm vikipedistler ve Vikipedimiz için mutlu yıllar dilerim... İyi vikiler, sevgiler... Uğurkentmesaj ",0,0.0008769546402618289,0,tr
Emir Bulut 1993 Doğumlu Emir 2005 yılında beşiktaş altyapısında yetişmiştir.Beşiktaş ta 12 yaşında olmasına rağmen u17 de forma giymiştir.Beşiktaşta toplam 44 maçta 18 gol atma başarısı göstermiştir.Sol bek olmasına rağmen hucum yönüyle dikkat çekip ve ozamanın teknik direktörü Rıza Çalımbay maçlarda gördüğü Emir için  ileride iyi bir oyuncu olacağına eminim demiştir.2009 da Gümüşhane Spora giden emir Akhisar Belediye maçında 33.dk oyuna girmiş ve professional kariyerine başlamıştır ilk maçı olmasına rağmen 2 asist yapmıştır Gümüşhane Sporda 44 maçta 22 gol atmıştır İstanbul Gümüşhaneye 2011 yılında transfer olan Emir amatör ligde oynamaya başlamıştır.2012 yılı için 2.lig ekiplerinden Kocali Spora 9 milyar karşılığında transfer olmuştur.,0,0.00037901493487879634,0,tr
"Deniz muharebelerinin dışında tekil bir olay. Bir dizi sayfayı gözden geçirmem gerek. Hatırladığım kadarıyla, -güzel bir hamle ama netice getirici bir hamle değil- önce vuruldu. Elimde bir proje var. Kusura bakmazsan şimdilik zaman ayıramayacağım. Bülent Daver, birinci sınıfta Siyaset Bilimine Giriş dersi hocamdı. Kore konusunda konuştuğunu ya da şarkılar söylediğini hatırlamıyorum, yaklaşık 35 sene oldu. Makedon  Önümüzde   Yurakucho de Aimasho   (Yūrakuchō de Aimashō) parçasını okudu ) Başka hangi parçaları okuduğunu tam olarak hatırlayamıyorum da bu parça 1957 yılında piyasaya çıkmış. Bundan haraketle kendisinin 6. Değiştirme Tugayı ya da daha sonraki dönemde tugaya katılmış olduğu tahmin edilir. Barbarossa Harekâtı için eline sağlık. Werner Maser in   Der Wortbruch: Hitler, Stalin und der Zweite Weltkrieg   kitabını okudun mu ? Joachim Hoffmann ınki de vardı. Takabeg ",0,0.0005291356355883181,0,tr
"İlk sürümü kullanıyordum, çalışıyor. Yeni çeviriler gelmiş. Tercihlerimden gelişmiş düzenleme ekranınını seçip denedim. 2. sürümde de sorun yok. Sadrettin (mesaj) ",0,0.0003579278418328613,0,tr
"Selam Théoden İBP 42. Haftaya katıldımda şu resmin lisansı ne olmalı ben Logo lisansı ekledim acaba yanlışmı yaptım diğe size tanışayım dedim.Sophokles(İleti Panosu)  Merhabalar, adil kullanım dosyaları ancak ilgili maddede serbest lisanslı bir görsel yoksa ve/veya maddenin içeriğine açıklayıcılık katıyorsa kullanılabilirler. Mevcut dosyanın ilgili maddesinde, zaten dört tane serbest lisanslı görüntü bulunmaktadır. Bu sebeple, -telifli- dosya silinmiştir. İyi çalışmalar.. Théoden ileti  teşekkür ederim. İyi çalışmalar ileti Panosu ",0,0.00029808434192091227,0,tr
" Levent Abi, Ask olsun, bu aralar daha cok kadin sanatcilari giriyorum ) Sizle yarisamam. Keske sizin gibi belli bir konuya yogunlasabilsem ama cabuk sikiliyorum, aklima ne eserse onu yapiyorum ) 20px ",0,0.08387162536382675,0,tr
":Şablon:Türk tarihi, Şablon:İran Tarihi, Şablon:Arap Tarihi gibi şablonlarınız çok güzel ama yanyana güzel durmuyorlar. Acaba bunları sayfanın sağ kenarına alt alta eklemek mümkün mü? Ben biraz baktım ama bir yolunu bulamadım. Kolay gelsin. -Vikiyazar  Selam. Demek herkes aynı şeyi düşünüyordur:)) Ben de denedim ve deniyorum da olmuyor. İnterwikilere de bakıyorum... Dediğiniz gibi yan yana gelince biraz çirkin duruyor. Eğer çözümü bulursanız lütfen bizi haberdar edin. Teşekkür ederim. İyi çalışmalar. Takabeg ",0,0.0008693177369423211,0,tr
"Ben de biraz uğraştım, biraz önce, ama herkes tarafsız diyor ama bunu düzeltmek için yardım eden çok az...25pxSαвяι¢αи76 ",0,0.0043942928314208984,0,tr
Alevilik te Kadir gecesiyle bağlantılı olarak 3 gün Ramazan orucu tutulur ve Hac ibadeti de vardır.Kişisel görüş ve tespitlerle inancımıza ve insanlarımıza zarar verilmektedir.Bu yanlışın düzeltilmesini talep ediyorum.,0,0.00046232258318923414,0,tr
" Kaynak belirtilmeden yayınlanamaz  denmesi lisans için yeterli bir açıklama değildir. Vikipedi, aynı zamanda izin alınmaksızın ticari kullanım ve değiştirilebilirlikte aramaktadır. Bkz: VP:RKP. İyi çalışmalar.   Mach   iavelli msj  Tam olarak öyle diyemeyiz. Özgür lisanslı kabul ettiğimiz lisanslar vardır. İkinci olarak telif hakları saklı (yani tüm hakları) vardır. Bir de bunun tam ortası olan bizim için  yeterince özgür olmayan  resimler vardır. Sizin yüklediğiniz sonuncusuna giriyor.   Mach   iavelli msj ",0,0.00028332663350738585,0,tr
"Merhaba Fütürist Bildiri dbl2010 tarafından M4 ile silinmiş. Geri alabilir misin ? Görmek istiyorum. Transvikileştiricem gerekirse, ben yazdım diye hatırlıyorum.. iyi çalışmalar. Madde isteğiniz üzere geri getirildi, iyi çalışmalar. M. M. ",0,0.0005634456756524742,0,tr
" Ah, olamaz! Bende diyordum bu işte de kesin bir hata yapıyorum ama ne... Dikkatiniz için çook teşekkür ediyorum. Bir daha yaparsam arşivlersem gereğine uygun şekilde yapacağım. Kolay gelsin...    Dolp      hin    ",0,0.06663160026073456,0,tr
macos fikirlerini çaldığınğzı beleyorum ve macos x leopard vistaya tur attı şu an en güzel işletim sitemleri macos ve macossss,0,0.05905930697917938,0,tr
"Burada iddiadan öteye gidemeyen militarist yorumların tartışmaya yönelik olduğunu düşünmüyorsunuzdur. Değişikliğimi geri almışsınız ancak sayfayı düzenlemeye hiç girişmemişsiniz. Lütfen daha incelikli olun. esc2003 (mesaj)  Evet, sayfa üzerinden hızlıca geçtiğimden tüm yorumları inceleme fırsatım olmamıştı. Orada gerçekleştirilen geri alma eylemi, Kibele nin bir önceki değişikliğine benzer biçimde, tartışmayla doğrudan ilintili olan, içeriği geliştirmede bize yardımcı olabilecek eleştiri ve görüşlerin silinmemesi gerektiğine dikkat çekmeyi amaçlıyordu. Dikkatiniz için teşekkürler. Superyetkin       ",0,0.000499343906994909,0,tr
ILK ÖNCE SUNU SÖYLEYIM OKUL OLMASI LAGZIM KÖYDE CUNKU KIS SARTLARI VAR BIR ARABANIN KAYDIGINI DUSUN BIZIM GELECEKLERIMIZ MAF OLACAKLAR AYRICA AILELER BASKANIMIZIN KÖYE BAKMASI GEREK RICAM OLUR,0,0.48007622361183167,0,tr
Selamlar. Maddeye geliştirmediği  gerekçe siyle eski tartışmaları silinmiştir. Orda yazılanlar bile maddeyi geliştirmeye ve Türk Tarih Tezi nin ne olduğunu anlayabilmeleri için faydalıdır. Konuyla da alakalı olduğu takdirde silen kişişye göre faydasız olduğunu iddia edirerek silinmemelidir. Takabeg ,0,0.0007107716519385576,0,tr
"Selamlar. Geçen gün diğer kullanıcı arkadaşımız ile Türk-İslam sentezi hakkında konuşurken bulduğumuz alıntı buraya da aktaracağım. Belki faydalı olacaktır. Belki olmayacaktır... Etienne Copeaux,   Tarih ders kitaplarında (1931-1993), Türk Tarih Tezinden Türk-İslam Sentezine  , Tarih Vakfı Yurt Yayınları, 1998. 1990 lı yılların ders kitabı anlatan bölümünden (kitabın 188. sayfasından) alıntı:   Sonraki yıllarda Peygamber e yapılan gönderme giderek önem kazanır ve bir davayla özdeşleşmenin ifadesi olan iyelik ekine de rastlanmaya başlanır (Peygamberimiz). Bu ekle, Türk yurttallkığı ile İslam a aidiyetin örtüştüğü açık bir şekilde ifade edilmektedir: Muhammed in tüm okuyucu-çocukların peygamberi olamayacağını gibi bir olasılık düşünülmemektedir. İyelik ekine,    Hz. şeklinde kısaltılan hazret unvanın sistematik kullanımı da eklenmekte   , bu sözcük de yazar ile Müslüman inancı arasında bir mesafe bırakılmadığını göstermektedir...   Daha ayrıntılı bilgilere sahip olan arkadaşlarımız varsa bizi aydınlatsınlar. İyi çalışmalar. Takabeg ",0,0.00042942166328430176,0,tr
kafatasçılık sanılanın aksine genel bir faşizm değil sadece türk ırkçılığına dayalı bir özel faşizm -sömürge türü- dir. Ari ırk teorisinde dar yüz yapısı ve orantılı yüz şekilleri kıstas alınır. Trdeki cahiller her faşisti kafatasçı zanneder:)88.231.235.106 ,1,0.8877105116844177,1,tr
Daha yeni geldin diye artistlenme. Ben bu sözlerim ile hernekadar haksız olarak gözüksem de kendinin de bana  kudurmuş  diyerek haksız olduğunu görmelisin. Bu yüzden 24 saat engellenmelisin. Kendine bu cezayı verebilir misin klavye delikanlısı? kızılsungur,1,0.2440016269683838,0,tr
"Maddeler bugünden sonra daha da artmayacak Teacher ve Fenerli ) Yegul un kontrol etmediğim son 300 maddesi kaldı. Onları da kontrol edip yazacağım ve sayfa sadece onlardan ibaret olacak. Yegul un açtığı 2000 maddenin yaklaşık 300 ünü de sildiğimi hatırlatırım. Biz olaya el atmasak, maddeleri hali de yaman olacaktı. Ellerin dert görmesin ) İş birliği projesi olacak kadar büyük bir iş yükü yok, ayrıca projeye de güvenmiyorum açıkçası. En son kategori açma projesinde yüzlerce kategorisiz kategoriler ve wikidatasız kategoriler açıldığını fark edince bu iş birliği projesi iş yükü oluyor diye ilgili kullanıcıları müdahale etmeleri için bilgilendirmiştim. Acelesi yok, her gün birkaç madde halletsek bile kârdır. Zaten kontrol ederken çoğu maddenin wikidatasının ve kategorilerinin devriyelerce konulduğunu gördüm ancak bazıları bir iki kategori koyarak baştan savma yaparken bazıları da ayrıntılı kategoriler koymuş. Ben, bir iki kategori konulanları da ekliyorum. En basitinden Brezilyalı futbolcunun Brezilyalı futbolcu kategorisi yok, yaşayan insanlar kategorisi varken...  ",0,0.0008045051363296807,0,tr
Sen Vikipedi  de herkezi engelliyorsun. Beni vandalizim denmi ne engellemişsin. Biz niye yapamıyoz? Sen hizmetlimisin? umut ,1,0.7260414361953735,1,tr
Hımm o zaman patrollük durumu da aynıdır. Peki burada kararlı sürüme geçilmeye yönelik bir adım var mı?Reality ,0,0.0008489195606671274,0,tr
"1. Çoğu insan deli , o bir deliydi. Söylediği güzel bir söz vardır: ben atomu insanlığa ölüm saçmak için bulmadım, onlar bomba yapıp birbirlerini yok ettiler...Gerçekten öyleydi.Böylesine harika bir icadı nasıl da ölüm tuzağına çevirmiş, albert einstein. o günden sonra insanlardan soğudu... 3. Insanlari dinlerine veya irklarina gore siniflandirmak utanc verici bir Nazi politikasidir. Einstein bunu kabul etmezdi. Aslinda pek dindar da degildi. Bu konuda, Spinoza nin ve Kant in felsefi goruslerine yakin dusunceler benimsemisti. Modern Musevi bir aile icine dogmustu ve yuksek Avrupa kulturu ile yetismisti. Once Alman, sonra Isvicre, en son olarak da ABD yurtdasi oldu. Ozellikle 2. Dunya Savasinda irkci Nazilerin korkunc vahsetini yasadiktan sonra, dogal olarak, Musevi asilli Avrupalilarin gelecegi konusunda insancil kaygilar tasiyordu. Ancak bu kaygilar, dindar veya yobaz dusuncelerden olabildigince uzakti. Asiri milliyetcilikten ve irkciliktan hoslanmazdi. Kendini Avrupa kulturu ile yetismis bir dunya yurtdasi olarak gorurdu. Kisaca, akilli ve iyi bir adamdi. 4. Einstein in matematik alaninda kayda deger bir calismasi yoktur. O bir kuramsal fizikcidir. Ancak, arkadasi Leo Szilard ile birlikte bazi muhendislik patentleri de almistir. 194.73.182.",0,0.6489644050598145,1,tr
" .. Tıpkı bunda yüz sene evvel Metternich in, - İtalya bir ta bîr-i coğrafi dediği gibi,.. Halbuki, İtalya bir ta bîr-i coğrafi olmadığını çapucak isbat etti. Nemçe baş vekîlinin lâkayd bir tavır ile verdiği hükm-ü siyasiden kırkbeş sene geçmemişdi ki koca, muazzam ve vahîd bir İtalya, topu, tüfengi, hükûmeti, milleti, hülâsa saltanat-ı milliyesiyle meydana çıkıverdi. .. Hem de ilk silahını metbu -u sabıkına çevirmek, ilk süngüsünü onun sînesine saplamak şartiyle....  Turan, Ziya Gökalp Dmermerci ",0,0.0034270428586751223,0,tr
 Davet için çok teşekkür ederim ancak ne yazık ki benim ilgi alanım değil şuan aktif olarak Vikipedi:VikiProje Sinema da yer almaya çalışıyorum diğer projelere katılmayı henüz düşünmüyorum. Katılan arkadaşlara başarılar dilerim. Aranan Kan (mesaj) ,0,0.0003969651588704437,0,tr
" Mskyrider’ın “eski şablonda sol kutucukta iki satır hâlinde olan yazıları tek satıra indirerek”, Boyalikuş’un “yeni versiyonda içerik politikalarının olması da faydalı” biçiminde belirttikleri görüşlere katılıyorum. Noumenon’un “bir şablona ne kadar çok yazı koyarsanız kullanıcılar o şablonu o kadar az okur” görüşüne de katılıyorum. Fakat, her ne kadar yazı fazlalığı yeni gelen kullanıcıyı kendisine sıkıcı gelen ya da zaman kaybı olarak gördüğü bağlantıları pek tıklamadan değişiklik yapmaya itiyorsa da, birçok kullanıcı, “hoş geldin”deki bağlantıları araştırmadan, hatta mesaj sayfasının ne işe yaradığını bile düşünmeksizin, görüşleri katkıda bulunmak istediği maddenin içeriğiyle çeliştiği için, doğrudan (“balıklama”) maddenin tartışma sayfalarında yazmaya başlıyor. Dolayısıyla yeni versiyonda en sağda yer alan “içerik politikaları” bence son derece yararlı. Son olarak, yeni versiyonun biçimsel bakımdan dizaynında DsMurat’ın katkılarının yararlı olacağını düşünüyorum. Gözümden kaçmış olan bu tartışmaya dikkatimi çekerek, görüşümü belirtmemi taleb eden Levent Abi’ye teşekkürler. Sevgiler, saygılar.Düşünenadam ",0,0.0005168604548089206,0,tr
"Merhaba 78.160.22.31, Oluşturmuş olduğunuz Cumhuriyet Anadolu Öğretmen Lisesi adlı sayfa, Vikipedi nin hızlı silme kriterlerinden g2 uyarınca silinmeye aday gösterilmiştir. Sayfanın silinmeye neden aday gösterildiği ile ilgili daha fazla bilgi almak için, ilgili kriterde verilen açıklamaları okumanız önerilir. Bu uyarıyı gördüğünüzde sayfa silinmiş olabilir. Eğer sayfanızı bulamıyorsanız silme kayıtlarını kontrol edebilir ve sayfayı silen hizmetli ile irtibata geçebilirsiniz.    [ahzaryamed]     ₪.ileti   ",0,0.0003445265465416014,0,tr
"İlk zamanlarda anonim olarak katkı yapıyordum. Neredeyse 2,5 yıldır Vikipedi yi tanıyorum, eskiden SD şenlik yeri gibiydi . Şimdi yeller esiyor, son 6 ayda kazandığımız aktif kullanıcı sayısı 2-3 kadar. Durum kötüye gidiyor bence.    Berm@nya    ",0,0.04833337292075157,0,tr
İskenderun maddesinin KM adaylığı konusunda yorum yapımışsınız. Gerçekten çok teşekkürler. Lütfen daha da ayrıntıya iner misiniz?  Farklı dillerdeki isimleri  bölümü gerçekten gereksiz mi?   @Łĭ    ,0,0.0006498496513813734,0,tr
"Merhaba. Yakın zamanda, dil maddeleri (önce Türkçe) konusunda geliştirme ve standartlaştırmaya girişmeyi düşünüyorum. Bu konuda maddelerde bilimsel seviye ve doğruluk sorunu gözlemledim. Dil bilgi kutusu şablonumuz oldukça yetersiz görünüyor. İngilizce dil bilgisi kutusu oldukça gelişkin. Buradaki birkaç özelliği Türkçe bilgi kutusuna eklemek lazım. İngilizce şablondaki     pronunciation     (telaffuz),     date     (tarih),     ref     (kaynak),     familycolor     (aile_rengi),     map     (harita),     mapsize     (harita_boyutu),     mapalt     (harita_altı),     mapcaption     (harita_başlığı),     map2     (harita),     mapalt2     (harita_altı),     mapcaption2     (harita_başlığı), kısımlarının Türkçe bilgi kutusuna uyarlamanızı rica edecektim. Bu konuda sanırım sizden yardım alabilirim. Kolaylıklar...    taglıgalp      ileti     Öncelikle yardım isteğiniz için çok teşekkür ederim. Seve, seve katkıda bulunmak isterim. Şu aralar biraz yoğunum. Vikipedi:Dosya Yükleme Sihirbazı ile biraz uğraşıyordum. Mümkün olan en kısa sürede (muhtemelen bu hafta) bilgi kutusu ile ilginmeye çalışacağım. Saygılar. i.e.msj ",0,0.0002987498010043055,0,tr
Bu harita (TRT ?)da Kırcaali. Yani iki tane a harfi var. Sende başka kaynaklar var mı? Takabeg ,0,0.0022701877169311047,0,tr
"Şuradaki ifadelere benzer bir yorum olmuş, onu da belirtmeliyim. Kullanıcıya kendi ilgi alanıyla ilgili madde açma önerisi sunduğumda bu maddeler Darwinci, şu şu maddeler haçlı maddeleri gibi ithamlarda bulunmuştu. Bu da  komünist, marksist  versiyonu olmuş gibi. Bu ithamlardan ziyade, siz de kendi ilgi alanlarınıza dahil olan maddeleri açabilirsiniz, herhangi bir sınırlama yok. Ana hedef madde açmak. Ahmet Turhan (mesaj) ",0,0.0004104022809769958,0,tr
"Merhaba, Malt Crit adında bi makale yazmaya çalışıyorum ama sürekli farklı sebeplerle kaldırılıyor, Malt Crit in tek hak sahibi benim dolayısıyla telif hakkı ile ilgili bi sorunum yok. yardımınızı bekliyorum, saygılarımla -Hizirkavak",0,0.0005082054412923753,0,tr
bu saatten sonra istesemde müslüman olamam. o kadar zinanın üstüne allah bana lanet yağdırmıştır eminim.88.231.17.196 ,1,0.9886553287506104,1,tr
"Merhaba Gökhan, Oluşturmuş olduğunuz Dosya:Cesare pavese.jpg adlı sayfa, Vikipedi nin hızlı silme kriterlerinden d1 uyarınca silinmeye aday gösterilmiştir. Sayfanın silinmeye neden aday gösterildiği ile ilgili daha fazla bilgi almak için, ilgili kriterde verilen açıklamaları okumanız önerilir. Bu uyarıyı gördüğünüzde sayfa silinmiş olabilir. Eğer sayfanızı bulamıyorsanız silme kayıtlarını kontrol edebilir ve sayfayı silen hizmetli ile irtibata geçebilirsiniz. Reality ",0,0.0002941441198345274,0,tr
"   Hoş Geldin !    Merhaba, tamamen gönüllü katılımcıların çabalarıyla 250 dilde oluşturulmaya çalışılan ansiklopedinin Türkçe bölümü    Vikipedi    ye hoş geldin! Bu ansiklopedi beş ana madde üzerinde şekillenir, katkıda bulunmadan önce okumanızda yarar vardır. Katkıda bulunmaktan lütfen çekinmeyin. Vikipedi nin yazım kuralları basittir. Ne şekilde madde yazabileceğiniz biçem el kitabında ayrıntılı olarak açıklanıyor. Herhangi bir sorun olursa, yardım sayfalarına bakabilirsin. Diğer kullanıcılardan yardım istemekten çekinmeyin; yeni bir katılımcıya yardım etmekten mutluluk duyacaklardır. Tartışma ve kullanıcı mesaj sayfalarındaki yazılarınıza,   ansiklopedi maddeleri hariç  , lütfen imza atmayı   (   ~~~~   )   ihmal etmeyin. İletişim için Köy çeşmesiOrtak çalışma alanı Topluluk portaliTelif hakkı kaybolmuş bir eseri eklemek istiyorsanız VikiKaynakBir terimin sözlük açıklamasını yapmak istiyorsanız VikiSözlükBir şeyin nasıl yapıldığını tarif etmek istiyorsanız VikiKitapÖzlü sözleri eklemek istiyorsanız VikiSöz En çok sorulan...Burada Bulmak istediğim konuya nasıl erişirim? Gezinti Bir madde için ekleme yapacağım ama telif hakları sorunu ne olacak? Kaynaklar Madde hakkında nasıl tartışırım? Tartışma sayfasını kullanın Bir madde için yapıcı eleştiri nasıl yapılır? Tavsiye Bir kullanıcı ile sorunum var. Ne yapmalıyım? Nezaket   (saldırı yasaktır)   ve Sorun çözümü Kolay gelsin... Alperen ",0,0.0007690339116379619,0,tr
" YPG iddialarının dayanaklarını çıkaralım  değil, yazdıklarım anlaşılmadı sanırım.  YPG iddialarını destekleyelim  gibi anlaşılabileceği için (ben bunu içeriğin somut hale gelmesi olarak yazdım) çıkartıldı. Konu da zaten bu, başlık içeriğini yansıtan fotoğrafların dengeli olması. Tabii ki farklı kişilerden yorumlar bekliyoruz.Kingbjelica (mesaj) ",0,0.0004236787208355963,0,tr
"Merhaba 94.120.194.230, Oluşturmuş olduğunuz Hall of fame wwe adlı sayfa, Vikipedi nin hızlı silme kriterlerinden g2 uyarınca silinmeye aday gösterilmiştir. Sayfanın silinmeye neden aday gösterildiği ile ilgili daha fazla bilgi almak için, ilgili kriterde verilen açıklamaları okumanız önerilir. Bu uyarıyı gördüğünüzde sayfa silinmiş olabilir. Eğer sayfanızı bulamıyorsanız silme kayıtlarını kontrol edebilir ve sayfayı silen hizmetli ile irtibata geçebilirsiniz. —    Akhilleus        ileti    ",0,0.00033448293106630445,0,tr
Güzel olmuş fakat en ortasına Dil kitaplığına Hoş geldiniz yazsa daha iyi olur. İzlandaca daki gibi daha geniş ve ince yapabilirseniz sevinirim. Birde şu dillerde yazılmalı. İngilizce Almanca Fransızca Çince İspanyolca Rusça Portekizce İtalyanca Japonca Hintçe Hollandaca Endonezce Korece Farsça Ukraynaca Lehçe Yunanca İsveççe Danca Tagalogca Vietnamca İyi vikiler. ,0,0.0005122041911818087,0,tr
" 50x50px|leftVikipedi ye hoşgeldiniz. Herkesi ansiklopedimizin gelişmesine katkıda bulunmaya davet ediyoruz. Katkıda bulunma hakkında daha fazla bilgi almak için hoşgeldiniz sayfasına göz atabilirsiniz. Bununla birlikte, gelişmeye katkıda bulunmayan, boş, hakaret vb. değişiklikler    vandalizm    olarak tanımlanır ve eğer bu tavrınızı sürdürürseniz daha fazla uyarılmadan    engellenebilirsiniz   . Lütfen, diğerlerinin emeklerine zarar vermek yerine ansiklopedimizin gelişmesine yardımcı olun. Teşekkürler.    Âkhilleus       mesaj    ",0,0.0004031561256852001,0,tr
Güzel hediyen için teşekkürler Gökhan. Keyifle devam edebilmek ve Vikipedinin kalitesini öncü vikilerin düzeyine getirebilmek dileğiyle. yabancım ,0,0.0012952140532433987,0,tr
Tuğba_Yurt_-_Aşk_Sanmışız.jpg lisans sorunu 64px|left|Dosya telif problemi    Tuğba_Yurt_-_Aşk_Sanmışız.jpg    adlı dosyayı yüklediğiniz için teşekkürler. Ancak dosyanın tanım sayfasında telif statüsü hakkında yeterli bilgi bulunmamaktadır. Vikipedi telif haklarını çok ciddiye alır.     Lisans  ve  kaynak  bilgisi eksik olan dosyalar hızlı silme kriterleri gereğince işaretlendikten 7 gün sonra silinirler.    Eğer dosyanın lisansını biliyorsanız    telif etiketini ekleyiniz   . Yüklediğiniz diğer dosyaları kontrol etmek için bu bağlantıyı tıklayınız. Sorularınız için Vikipedi:Medya telif soruları sayfasını kullanabilirsiniz. Teşekkürler.    mesaj    ,0,0.0003332981432322413,0,tr
" mesaj:Uğurkent|mesaj]]  Selamlar Uğurkent, dileklerin için teşekkürler, iyi vikiler, Fenerli1978Buyrun beniiiim? ",0,0.0022188450675457716,0,tr
Çift madde kategorisinde yeralan bu madde tamamiyle II.Beyazıd konusuyla örtüşmemektedir.Birleştirilmesi önerilen maddeleri birbirinden bağımsız olduğunu düşünüyorum.Birisi 1499-1503 osmanlı-venedik savaşını derinlemesine inceliyor diğeri ise Osmanlı Padişahı olan II.Beyazıd ın hayatı ve savaşlarını derinlemesine inceliyor.Bu sebeple çift madde şablonlarını kaldırıyorum volkanozobut,0,0.00036823051050305367,0,tr
not: system üyeleri orospu çocuğunun tekidir... hepsi birer sikilmiş bir ittir!!! onlar ibnedir. onların sakalında hayır yok hepsi sik kafalıdır... ermeni ordusu katil pezevenk ve birer piçtirler. hepsinin soyu sikilmiştir...,1,0.9964253306388855,1,tr
"Selam Can. Aktif bürokrat olduğun için asna soruyorum: Vikipedi:Kukla şüphelileri/Levent (Vikipedi tartışma:Kukla şüphelileri/Levent) ne olacak ? Ne yapacağız ? Bayağı zaman geçtiği için topluluk unutmuş olabilir. Fakat ne doğru prosedür ne de konsensüs var. Eğer Türkçe Vikipedi içinde halledilmiyorsa Stewardlar (bu davayla ilgilenmemiş olanlar uygundur, bence) v.s. Türkçe Viki dışındakilerden görüşünü alsak mı ? Ne dersin ? Takabeg ",0,0.010698470287024975,0,tr
böyle saçma bir tezi duymadım şanlı türk milletini ari ırkından saymak ancak kendi tarihini araştırma yeteneğinden yoksun zavallılara mahsustur bugün gelinen noktada sümerlerin türk olabileceği konuşuluyor ayrıca arapça tamlamalarla oynayarak türk kelimesine saçma sapan anlam bulmak isteyenler heralde orta asyada milattan önce 5000 binlere dayanan türk varlığından ve sayiları yüzleri bulan bengütaşlardan habersiz olmalı.türkler islamiyeti tanımadan öncede türktü bakınız orhun yazıtları doğu yüzü,1,0.5312391519546509,1,tr
Bu ne demek oluyor? Zebraacıkmsj  Açıkçası bende anlamadım ama tüm sayfalar dün değişiklik yapılmış sayfalar. Onunla ilgili geçici bir kategorilendirme olabilir düşüncesindeyim. Fenerli1978Buyrun beniiiim? ,0,0.009953864850103855,0,tr
"Sn.Rapsar, 15 Temmuz 2012 tarihi itibariyle topluluk görüşü ve yorumları doğrultusunda Vikipedi Editörlük başvurumun kabulüne esas ilgili süreçte; görüş ve yorumunuzla hakkımda fikir beyan ederek göstermiş olduğunuz ilginden dolayı teşekkür ederim. İyi günler… Eğitmen Mahmut (mesaj) ",0,0.0003769656759686768,0,tr
"Merhaba Mutlu, şu değişikliğinle ilgili bir şey sorma ihtiyacı hissettim. Dosya adında Youssouf Hadji yazıyor. Baktığımda Fransızca Vikipedideki fr:Youssouf Hadji sayfasında kullanıldığını gördüm. Bunun Mustafa Haci nin resmi olduğuna emin misin yoksa bir karışıklık olmuş olabilir mi ) Kolaylıklar –   h.çağrı   msj ",0,0.0008866332354955375,0,tr
"- Internet sitelerine girip megolomanyak yazilar birakan, Muhammed Cimci rumuzlu salak; senin gibi pislikler varoldukca, saltanatli yasar buralardaki bok böcekleri. Görkem",1,0.9887996912002563,1,tr
"Metinde şu ifâdeler geçiyor:  Kapadokya nın merkezi ise Kırşehir dir. Kapadokya Bölgesi, Kayseri merkez olmak üzere Tuz Gölü nün doğusundan, güneyde Doğu Toroslar; kuzeyde Kırşehir ve Sivas ın önemli bir kısmını içine alarak Malatya ya kadar uzanır.  Şimdi, Kapadokya nın merkezi neresi?..     Kuzeyde Kırşehir     dediğine ve    Malatya ya kadar uzandığına göre,    Kapadokya nın merkezi Kırşehir olmuyor.    MFE      Isparta      spor    ",0,0.0004596968356054276,0,tr
Hahaha tamam suyu içelim hay hay ama bir de taş yerleştirelim vikinin ana sayfasına kafamızı vuracak. offff oooooffff... Nilolina ,1,0.41650134325027466,0,tr
   Haftanın iş birliği için katılım çağrısı!    Haftanın iş birliği projesine katılarak 100 TL lik kitap hediye çeki kazanma şansını yakalayın!2010 un 9. haftası için proje olarak   Seçkin madde üretimi   seçilmiştir. Projeye katılmak için    →buraya←    tıklayın.Bundan sonraki haftalar için bilgi mesajı almak istemiyorsanız lütfen bunu size mesajı atan kullanıcıya bildirin.   Cnk  ALTDS    ,0,0.00043142170761711895,0,tr
"{{#ifeq:100pik|yok | | {{#if:100pik | 100pik }} }}    İş Birliği Projesi Haftanın 2. si ödülünün sahibi oldunuz!    Merhaba Mskyrider, Bu haftaki İş Birliği Projesi ne katılımınız için çok teşekkürler. Kendisine bağlantı verilmemiş (öksüz) maddelerin bakımı konulu projedeki performansınız ile    İş Birliği Projesi Haftanın 2. si    ödülünün sahibi oldunuz. Proje kapsamında verilen ödüllere    buradan   , geçmiş kazananlara    buradan   , kullanıcıların ödül koleksiyonlarına ise    buradan    bakabilirsiniz. Sonraki haftalarda da katılımınızın devamını umuyorum. Sevgiler...RapsarEfendim? ",0,0.0004875791200902313,0,tr
"İyi günler, ben sizin neden Fenerbahçe Portalı ndaki Haberler bölümünü sildiğinizi merak ediyorum. Bana nedenini söyleyebilirseniz çok mutlu olurum. Saygılar, Hmd92  Selamlar.Bahsettiğiniz tarzda bir oluşum gerekli mi emin olamadım açıkçası.Portallarda Vikipedinin tamamında olduğu gibi herkes eşit derecede söz sahibidir.Tartışma sayfasında görev bölümünü yapabilir veya fikir alışverişinde bulunabilirsiniz.Ayrıca bir kurul oluşturmaya ya da sorumlular seçmeye gerek olduğunu düşünmüyorum.Yinede portalınızda konuyu tartışıp kendi aranızda sorumlu seçebilirsiniz elbette.Kolay gelsin iyi çalışmalar.Eldarion  250px|left|thumb|Kurban bayramınız mübarek olsun(Dedemin inekleri.)25pxSαвяι¢αи76 ",0,0.000847227405756712,0,tr
 İlgilendiğin için çok teşekkür ederim. Köy çeşmesine de not bıraktım. Topluluğun ne düşündüğünü öğrenmek istiyorum ve metin haline getirilse çok faydalı olacağını düşünüyorum. Zira kullanıcıların anlayışları sabit değildir. Bazen uygulanıyor ve bazen uygulanmıyor. Kendine iyi bak. İyi çalışmalar. Takabeg ,0,0.0005898499512113631,0,tr
"Resim:Schepp 007c30.jpg|Bu   Düdüklü tencere ödülü   18 Haziran 2007 de, Levent Abi tarafından    Düdüklütencere ye   ; yeni kullanıcı olmasına rağmen başarılı çalışması nedeniyle verilmiştir.",0,0.0006072309915907681,0,tr
"Maddeye etkiledigin son katkilar, ansiklopedik dilden cok gazete haberi gibi duruyor. Dilersen, maddeyi baslilarla birkac parcaya ayirabilirsin (ornegin  olumune gosterilen tepkiler  diye bir baslikla son cumleleri ayirabilirsin). Ne dersin? Citrat (mesaj) 16.43, 6 Eylül 2018 (UTC)",0,0.017644396051764488,0,tr
Bu durumda sayfa başlığını Elif Sağlık olarak değiştirmemiz gerekmez mi? Elif Şafak tan yönlendirme yapılabilir? 85.100.174.237 hakand,0,0.0010620938846841455,0,tr
" Bu arada ben şef değilim.VikiProje Siyaset kimsenin tekelinde dönmüyor.Ben sadece değişimin öncüsüyüm.Ben kimseye emir vermem.VikiProjey ben değil, ben ve üyeler ayakta tutar...",0,0.0034409903455525637,0,tr
"Estağfurullah Dsmurat ım, ustalık kiim, biz kim. Geçmiş birleştirme özürlü olarak kaldım ya şu vikide ona yanarım.. Ama gerçekten güzel iş çıkardın az önce, tebrik ederim, ve tabii.. afiyet olsun! M. M. ",0,0.004985622595995665,0,tr
"Merhaba Utku, Yeni maddeleri incelerken gördüm de Berlin Özgür Üniversitesi adından bir madde açıp varolan Berlin Serbest Üniversitesi maddesini buraya yönlendirmişsin. Neden direk sayfayı taşımadığını anlayamadım. Dalgınlığıma mı geldi başka bir sebebi mi var? Böyle olunca ayrıca geçmiş birleştirilmesi gerek çünkü.–   h.çağrı      mesaj    Merhabalar. Açıkçası dalgınlıktan çok... Açılış  sırası  diyelim.  :Kategori:Berlin Özgür Üniversitesi  ve buna benzer bir veya iki kategori açıldı önce; ama madde içeriğiyle, kategori taşıyamadığım için ben de kategori içeriğini alıp, madde yaptım. Sonra SD ye döndüğümde o madde de açılmış ve içerik ayrıca oraya da yapıştırılmıştı. Hal böyle olunca yönlendirmekte buldum çözümü. İyi çalışmalar. Utku TanrıvereMesaj ",0,0.000332391238771379,0,tr
"Becerebilirsem yaparım. ) Şablon uzun ve kapsamlı olsun, sıkıntı yok. Ama okunurluğunu toparlayalım istiyorum. Sultan Galiyev (mesaj) ",0,0.10208621621131897,0,tr
"Bir de bu kullanıcı adı engellemesinde kullanıcı sayfası açıldığında Google aramalarında sonuç veriyor. Engelleme doğru ancak Kullanıcın sayfası silinmeli. H.K. diye bir vikipedist var ve durumdan rahatsız olduğunu biliyorum. Bu ve benzer kullanıcı adıyla gelen kişi engellendikten sonra lütfen kullanıcı sayfası açılmasın. Amaç googleda sonuç vermesi, ona farkında olmadan hizmet etmeyelim. -))78.188.4.146 ",0,0.0010102594969794154,0,tr
abdülhamit yunanistan alevlenmeye baslayınca dünyanın ilk torpidolu denizaltısını yaptırmıştır ama dünya savaşında kullanılamamıştır bunun söylenmesi lazım78.166.128.214 78.166.128.214 78.166.128.214 78.166.128.214 78.166.128.214 ,0,0.21242953836917877,0,tr
"Selam TembelEjderha, Özgür de de gördüm sende de monobook.js nedir? Kusura bakma bu kadar işin arasında.  Zeynep, monobook.js sayfasına kendimiz için özelleştirebileceğimiz bazı javascript kodlarını eklediğimiz zaman sayfalarda kimi ek özellikler çıkıyor. İstersen benim monobook.js sayfamın içeriğini kendininkine kopyala, ve tarayıcının önbelleğini bir defaya mahsus olmak üzere temizle. (sanırım ctrl+F5) İşini kolaylaştıracak kimi buton ve menüler çıkacak, beğenmezsen silerek geri alabilir ya da kodlarla oynayıp kendince değiştirebilirsin. Kolay gelsin. Ne kusuru!! )) Tembelejderha  Selamlar. Gördüğüm kadarıyla scripti yüklemişsin fakat henüz kullanmamışsın. Bir sorun mu var? Özellikle silme sayfalarında üstte m1,m2,g2... diye sekmeler çıkaran Uğur Başak ın scripti çok işe yarıyor, istersen bir dene.. Tembelejderha ",0,0.005931395571678877,0,tr
"İsmi bile eksik. Sadece soyadı ile madde açılmış. Ayrıca mesleği sanat tarihçisi olarak belirtilmiş ama, İngilizce viki sanatsever olarak bahsetmiş. Mesleği sanat tarihçiliği değil.Potkal ",0,0.0023157871328294277,0,tr
"onlara hoşgeldin demek istemiştim imzamı atmadığımdan dolayı 2. bir kez mesaj değiştirmek zorunda kaldım hatam varsa özür dilerim. İremucar  Rica ederim, özür gerektiren bir durum yok, sadece neden başka kullanıcıların mesaj sayfalarından kopyala-yapıştır yaparak hoşgeldin mesajı yolladığınızı merak etmiştim. Yeni kullanıcılara hoşgeldin mesajı yollamak için en kestirme yol, mesaj sayfalarına yazmak, hepsi bu. Teşekkürler, kolay gelsin. M. M. ",0,0.0004342172178439796,0,tr
"Selamlar SiLveRLeaD. Az önce bilgi kutusu güncellemeni gördüm de, sadece bilgi kutusunu güncellemiyoruz. Sanırım tam ifade edememişim Tenis sporcu bilgi kutusu şablonunu kullanarak güncelleme yapmamız gerekiyor. Çünkü o listedeki oyuncuların bilgi kutuları  parametreler bazında da  güncelliğini kaybetti. Yani şunun gibi:) İyi çalışmalar.Beyazmavi ileti ",0,0.00046684627886861563,0,tr
"Merhaba Absar, kişisel fikrim olarak seni şu anda destekleyemem. Bu sayfadan dikkat edersen yeni sayılırsın, çok az süredir aktifsin ve az sayıda değişikliğin var. İnanki 2000 civarında değişikliğe sahip insanlar var ve hala yönetici değiller. İstersen bir süre daha normal kullanıcı olarak devam et. ",0,0.0017901319079101086,0,tr
" İşte bunu öngörüyordum. Tercihlerine göre kaynakları kaldırarak başka kaynak ekleyerek madde başlığını değiştiriyor. Kaynak treni oluşturmamak için kaynak az eklemeye çalışıyorum da. Böyle uygulama yapanlar çoğalırsa, 100 tane kaynak eklemek zorunda kalacağım, belki )) Takabeg ",0,0.0006936315330676734,0,tr
"Merhaba Vikiçizer! adlı kullanıcının Hendek operasyonları maddesindeki bugünkü değişikliklerine bir göz atılması gerektiğini düşünüyorum. Şunun gibi kaynaklı bilgi çıkarma, kaynak beğenmeme ve yine dezenformasyon içerikli gizli degisiklikler mevcut. Bu kullanıcının TBA ihlalleri konusunda bir kez daha uyarılması gerektiği kanaatindeyim. Maurice Flesier msj ",0,0.0008020897512324154,0,tr
"biraz daha dikkatli olmaya özen göster lütfen, mesela Turan maddeisndeki değişikliklerde iç bağlantılara zarar vermişsin içindeki maddeler vikipedi içindeki sayfalara bağlantı verir lütfen madde yazarken bu tür durumlara özen göster.Delamorena     mesaj      ",0,0.0005866624996997416,0,tr
"BİZİM(TÜRKLERİN) DEĞERLERİMİZE ÇALINTI DİYEN ŞOVENİST KÜRT KARDEŞLERİM; BÖYLE BİR ŞEY YOK DEMİYORUM. KESİN UYDURMADIR.HANİ BİZ KOSKOCA GÖKTÜRK DEVLETİ DİYE BİR DEVLET SIKMIŞIZ MÜNASİP YERİMİZDEN, KÜRT BİLİMADAMLARI ÇOK ARAŞTIRMA YAPMIŞ VE GÖKTÜRK DEVLETİ DİYE BİR DEVLETİN HİÇBİR ZAMAN OLMADIĞINI, TAMAMEN TÜRK TARİHÇİLERİN UYDURDUĞU BİR OLGU OLDUĞUNU SÖYLEMİŞLER YA. ŞİMDİ BEN DE SÖYLÜYORUM BÖYLE BİR ŞEY YOK, OLSA DA UYDURUKÇADIR.YoungOttoman ",1,0.6060085296630859,1,tr
Öncelikle bana mesaj yazarken ahlakınızı ve terbiyebinizi bozmadan/kalp kırmadan yorum yapın. Bizzat aydında yaşıyorum. Ve yaşadığım şehri sizden daha iyi biliyorum. Aydın 2012 de çıkartılan yasa ile büyükşehir statüsüne kavuştu ve 2014 teki yerel seçimlerde de ilk büyükşehir belediye başkanını seçti. 2009 da yerel seçimler yapıldığında Aydın büyükşehir değildi. Ama ısrarla büyükşehir logosu koymaktan vazgeçmiyorsunuz. Hâlâ yaptığım şeye vandalizm diyorsunuz. Vikipedide projelere katılmanız ve katkı yapmanız beni bağlamaz. Ben projeye katılmadım diye benim katkı yapma hakkım yok mu? Veya siz projedeydiniz diye madde sizin mi? Hayır! Vikipediyi sahiplenmekten vazgeçin. Bir de büyükşehir logosu koymaktan vazgeçin aksi takdirde bir hizmetliye başvurma durumunda kalabilirim. İtalyakurdumesaj atın! ,0,0.0723360925912857,0,tr
Yeni görevinizde kolaylıklar ve başarılar dilerim (hayli geç oldu vikiye bir süredir girmiyordum yeni farkettim kusura bakmayın). Allah sabır versin . İyi vikiler   Merube 89        msj      ,0,0.0008960928535088897,0,tr
"Bu maddenin alt başlığı olarak  uluslararası ilişkiler  ile konuyu sürdürmek ile ilgili tereddütlerim var.Önerim siyaset bilimi ana başlığından sonra siyasal yaşam ve toplum, siyasal güç, siyasal çatışma, siyasal gruplar, çağdaş ideolojiler, din, siyasal değişme, kamuoyu, propaganda ve siyasal katılma temelinde çoğulcu siyasal sistemler.Bu alt başlıkların daha anlamlı olacağı kanaatindeyim.",0,0.0003187474503647536,0,tr
" 50x50px|left   Vikipedi    ye hoş geldiniz. Herkesi ansiklopedimizin gelişmesine katkıda bulunmaya davet ediyoruz. Katkıda bulunma hakkında daha fazla bilgi almak için hoş geldiniz sayfasına göz atabilirsiniz. Bununla birlikte, gelişmeye katkıda bulunmayan, sayfa boşaltma, hakaret vb. değişiklikler    vandalizm    olarak tanımlanır ve eğer bu tavrınızı sürdürürseniz daha fazla uyarılmadan    engellenebilirsiniz   . Lütfen, diğerlerinin emeklerine zarar vermek yerine ansiklopedimizin gelişmesine yardımcı olun. Teşekkürler. Krystal (mesaj) ",0,0.00036015731166116893,0,tr
"Öncelikle maddenin İngilizce Vikipedi den 1:1 çevrilmesi sebebiyle birçok şeyin es geçildiğini üzülerek gördüm. Gönül isterdi ki Ermeni asıllı sadrazamlar Damat Halil Paşa, Nişancı Mehmed Paşa da anlatılsın. Umarım bu eksik kapatılır. Maddenin görünümünün bozulması ve taraflı bir üsluba kayması sebebiyle görgü tanığı ifadeleri en:Witnesses and testimonies of the Armenian Genocide dengi bir Türkçe maddede paylaşılabilir, ki bu bence maddenin tarafsızlaştırılması için önemli bir adım olur. William Ramsay gibi kişilerin de sözlerine yer verilmesi için Türkçe ye  Ermeni Olaylarının Şahitleri  şeklinde bir uyarlama ile kapsamı genişletebiliriz; bu maddenin Ermeni Kırımı maddesinde bir alt başlık olarak yer bulması zannederim ki yeterli. Esasen bir referansa dayanan bilginin hiçbir şekilde kaldırılamayacağını veya görünmez yapılamayacağını anlatmak için gelmiştim; bu kapsamda bahsettiğim İngilizce maddenin(  Witnesses and testimonies of the Armenian Genocide  ) daha farklı bir başlık altında Türkçe ye uyarlanması ve tartışma konusu olan tanık ifadelerinin oraya nakledilmesi bana makul bir çözüm olarak geliyor.    berm      anya    ",0,0.00020775350276380777,0,tr
"Öncelikle geri dönüşünüz için çok teşekkür ederim. Kayda değerlik ile ilgili olan kaygıyı anladım ve eğer müsaade edebilirseniz yeterli derecede kendisi ile ilgili ayrıntılı bilgileri maddeye bir an önce ekleyebilirim. Evet aklıma takılan birşey var ve müsaadenizle sormak istiyorum; telif hakları ile ilgili olarak verdiğiniz link tamamen elifdagli.com  dan bir alıntı ve orjinal değil lütfen göz önünde bulundurmanızı rica edeceğim. Madde hazırlarken vikipedi politikalarına elimden geldiğince dikkat etmeye çalıştım,lütfen yanlış anlamayın sizin takdirinizi sorgulamıyorum mutlaka hatalarım var ama silinmek için işaretlenen diğer birçok sayfa ile aynı kefede olmadığı kanaatindeyim. Buradaki tek amacım Türkiyede dumansız hava harekatını başlatan ve kapalı alanlarda sigara içilmesini yasaklatmayı başaran ülkemizin ve dünyanın tanıdığı önemli bir profesör hakkında madde oluşturmaktı.Desteklerinizi bekliyorum (Peceus (mesaj) ) Anlayışınız için teşekkürler. Telif hakkı için verilen linki, bu yazı buradan alındı manasında değil, daha önce de bir yerlerde kullanıldı manasında anlarsak daha iyi olur ) Amacınızın zarar vermek olmadığını anladım, yanlış anlamıyorum. Tek kaygım birtakım kriterlerin sağlanmadığı maddelerin burada yer almasıdır. Kolay gelsin, iyi günler.RapsarEfendim? ",0,0.00044063484529033303,0,tr
"   Hoş Geldin !    Merhaba, tamamen gönüllü katılımcıların çabalarıyla 250 dilde oluşturulmaya çalışılan ansiklopedinin Türkçe bölümü    Vikipedi    ye hoş geldin! Bu ansiklopedi beş ana madde üzerinde şekillenir, katkıda bulunmadan önce okumanızda yarar vardır. Katkıda bulunmaktan lütfen çekinmeyin. Vikipedi nin yazım kuralları basittir. Ne şekilde madde yazabileceğiniz biçem el kitabında ayrıntılı olarak açıklanıyor. Herhangi bir sorun olursa, yardım sayfalarına bakabilirsin. Diğer kullanıcılardan yardım istemekten çekinmeyin; yeni bir katılımcıya yardım etmekten mutluluk duyacaklardır. Tartışma ve kullanıcı mesaj sayfalarındaki yazılarınıza,   ansiklopedi maddeleri hariç  , lütfen imza atmayı   (   ~~~~   )   ihmal etmeyin. İletişim için Köy çeşmesiOrtak çalışma alanı Topluluk portalıTelif hakkı kaybolmuş bir eseri eklemek istiyorsanız VikiKaynakBir terimin sözlük açıklamasını yapmak istiyorsanız VikiSözlükBir şeyin nasıl yapıldığını tarif etmek istiyorsanız VikiKitapÖzlü sözleri eklemek istiyorsanız VikiSöz En çok sorulan...Burada Bulmak istediğim konuya nasıl erişirim? Gezinti Bir madde için ekleme yapacağım ama telif hakları sorunu ne olacak? Kaynaklar Madde hakkında nasıl tartışırım? Tartışma sayfasını kullanın Bir madde için yapıcı eleştiri nasıl yapılır? Tavsiye Bir kullanıcı ile sorunum var. Ne yapmalıyım? Nezaket   (saldırı yasaktır)   ve Sorun çözümü Kolay gelsin... C. Jones ",0,0.000637161429040134,0,tr
"Merhaba Vito. Şu resmin lisans durumunu düzeltebilir misin? Dreamer  Merhaba Dreamer, O resmin lisans durumunu düzeltemem, zira senin yaptığın işlem doğru. Adam ölmüşse ve başka resmini elde etmek mümkün değilse, bu şekilde adil kullanım iddiasında bulunabiliyoruz. Şablonlar düzen istiyor sadece, onu da ilk fırsatta halledicem. Sevgiler    Vito Genovese    ",0,0.001370708574540913,0,tr
"Merhaba, Essex County bu maddeyi Essex County(anlam ayrımı) maddesine taşıyabilir misiniz? Uranyum97 (mesaj)  Merhabalar.  Essex County  denildiğinde ağırlıkla ve ilk akla gelen bir yer olduğunu sanmıyorum açıkçası. Bu nedenle  Essex County nin doğrudan anlam ayrımı olarak kalmasında da bir sakınca veya kullanışsızlık olduğunu düşünmüyorum. İyi çalışmalar. Dr. Coalmesaj ",0,0.00045591697562485933,0,tr
"Lubunya acaba Türkiye de homofobi maddesini açabilir misin? Türkiye de cinayeti kurbanı ve yüzlerce katledilmiş travestiler, translar, nefret gey var. AKP hükümeti LGBT karşıtı hatta bizzat bir bakanı eşcinsellere hasta dedi. Gey barlar sırasıyla bu hükümet döneminde kapatılıyor. Ayrıca homofobi git gide artıyor. Bunların tamamı tek başlık altında toplanmalı. Teşekkürler 78.187.37.156 ",0,0.829462468624115,1,tr
Merhaba Takabeg. Franklin Bildirisi maddesi olmadığı için seçilemedi. Benjamin Franklin maddesi var ancak resim doğrudan bildiri ile ilgili. Kolay gelsin.    Mızrak   msj  Tekrar selam. Franklin Bilidirisi diye birşey var mı ? Birde bununla ilgili olarak şuna da bakabilir misin ? Resmin dahil olduğu maddelerin kriterine de netlik getirilse iyi olacağını düşünüyorum. İyi çalışmalar. Takabeg ,0,0.00043378237751312554,0,tr
 İlginiz için teşekkür ederim. Eskiden Kullanıcı:Nihan bunu bana öğretti de bazen unutuyorum. Diğer kullanıcılar da hatırlasınlar. Değil mi ? Takabeg ,0,0.0004541243542917073,0,tr
"Selam, İslamiyet öncesi Türk edebiyatı maddesinde ciddi bir düzenlemede bulunacağım için bekleyen iki değişikliği reddetmeniz gerekiyor. İyi çalışmalar. Kingbjelica (mesaj) ",0,0.000675252522341907,0,tr
 Kullanıcı Koestler gösteriyor ve babasının adının Moşe olduğunu söylüyor netice olarak Harezmi (780 - 850) nin Türk kökenli olduğunu inandırmaya çalışıyor. Hatta Selçuklular (1037 - 1157) dan bahsederek. Eğer burdaki kullanıcı İngilizce wikideki aynı maddede yer alan bilgilere güvenerek sadece o bilgiyi Vikipediye aktarmış olsaydı vandalizm sayılmazdı. İngilizce wikide vandalizm yapan da aynı kullanıcı olduğunu anladığım için teredüt etmeden vandal etiketini yolladım. Şimdi anlatabildim mi? Takabeg ,0,0.0004185280704405159,0,tr
" Ayrıca bir sayfayı açmaya çalıştığımda ilk önce beyaz, boş bir sayfa açılıyor. Sayfayı yenilediğimde ise normale giriyor. Bu mesajı da 2. kere yazıyorum. İlkinde şöyle bir hata vardı ) . Rapsar ",0,0.0007789491792209446,0,tr
 Aslında o fotoğraflar dergide yayımlanmamış. Sadece web sitesinde var. Ama yinede sorun teşkil ediyordur kesin. Yardım için teşekkürler ) Görkem7 mesaj ,0,0.0005201993626542389,0,tr
" Umarım beni yanlış anlamamışsınızdır Sayın KediÇobanı, amacık tartışmayı alevlendirmek değil. Sadece sizin beni anlamanız , hatanızı da kabullendiğiniz için teşekkürler    İnternion   msj ",0,0.0024504971224814653,0,tr
" 50px|left Lütfen çok kısa içerikli maddeler oluşturmayınız, taslak kriterlerini sağlamadıkları için silineceklerdir.Yarattığınız maddelerin silinmesini önlemek için biraz daha kapsamlı bilgi girişi yapmanız uygun olacaktır. Teşekkürler, iyi çalışmalar.    Bora   006    mesaj gönder    ",0,0.0003393747319933027,0,tr
"Merhaba.   According to the category description guide for the 52nd Grammy Awards, the award is presented to artists for  a newly recorded Rap/Sung collaborative performance by artists who do not normally perform together , and the  collaborative artist(s) should be recognized as a featured artist(s)    Burada tam olarak ne denmeye çalışıyor? İyi çalışmalar. Merve ",0,0.017855744808912277,0,tr
" 45x45px|left Madde ile doğrudan ilgisi olmayan, ansiklopedik değer taşımayan dış bağlantılar    reklam    olarak algılanabilir. Lütfen Vikipedi maddelerine    ticarî amaca yönelik    bağlantılar eklemeyin. Vikipedi ayrıca, sahibi veya üyesi olduğunuz    blog, forum veya hayran sitelerini    tanıtabileceğiniz bir platform da değildir. Bu tür eklemeler yapmanız Vikipedi kurallarına aykırıdır. Detaylı bilgi için lütfen  Vikipedi ne değildir?  sayfalarına bakınız. Israrla bu tür dış bağlantılar eklemeniz halinde bu davranışınız    vandalizm    olarak algılanabilir ve    engellenebilirsiniz   . Teşekkürler, iyi çalışmalar.Özge Yücel ",0,0.0002981360594276339,0,tr
" 100px    İş Birliği Projesinde 1. oldunuz!!!   Merhaba Teacher0691, İş birliği projesine katılımınız için çok teşekkürler!   Güvenilir Olmayan, Alt Alan Adı Üzerine Kurulmuş Ücretsiz Web Site/Blog Bağlantılarının Kaldırılması   konulu projede    1.    oldunuz. ¨ Katılımınızın devamını bekleriz. İyi çalışmalar Mecnun (mesaj) ",0,0.0003309938474558294,0,tr
"Değişikliği dikkatlice incelerseniz herhangi bir   boşatmanın   söz konusu olmadığını göreceksiniz. Yapılan şey, bir kaynağa ait ISBN numarasının düzeltilmesi ve bölümlerin yerlerinin okunurluğunu artırmak amacıyla yer değiştirmesidir. İyi çalışmalar. Superyetkin       ",0,0.0004299951542634517,0,tr
85.104.162.102 88.228.76.198 78.174.189.150 85.104.168.129 78.146.237.17 85.106.29.155 88.228.81.144 85.104.168.129 88.228.91.193 85.104.162.72 78.167.200.217 78.176.80.120 85.104.174.215 Adreslerindeki saçma yorumları kötü sözleri sil bence komple kullanıcı katkılarını siliniz hiç yorulma Bilmeden (mesaj) ,0,0.4616229832172394,0,tr
"Hiç boşuna uğraşma boşuna kasma,sen ne yaparsan yap Kürtler kazanacak Kürdistanı kuracak hemde türkiyenin göbeğinde!Burda da kürtlerin sözü geçecek,kürt halkı tüm dünyadan destek alıyor ve bu destekle biz her şeyi yaparız sayın Abdullah Öcalanın önderliğinde attığımız her adım başarıya gidiyor!Zamanı geldiğinde de sizin gibi barbar torunları da tasfiye edilecek aşağılık pislikler!78.189.21.181 ",1,0.9624705910682678,1,tr
Profil resimleriyle kapak fotoğrafını karşılaştırın. Tarihlere dikkat. Birisi 20 şubat diğeri 2 mart tarihli ) https://www.facebook.com/ezdehar.cobanci#!/profile.php?id=100000375807343 Tipini s.iktiğimin maymunları.88.231.42.148 ,0,0.010762385092675686,0,tr
"Örgütün gelir kaynakları arasında uyuşturucu ve silah kaçakçılığı ile haraç toplamak gibi yöntemler yer almaktadır.[5][6][7][8] İlk olarak ABD Dışişleri Bakanlığı tarafından, Ekim 1997 de terörist bir organizasyon olarak nitelendirilmiştir. BURADA Kİ AÇIKLAMYA DEYİNMEK İSTİYORUM.KAPİTALİST DÜZENCİLER BU ÇİRKEF İFTİRANIZ SİZİN ŞEREFSİZLİĞİNİZİ ÖNE ÇIKARIYOR PARTİ HİÇBİRŞEKİLDE UYUŞTURUCU SİLAH KAÇAKÇILIĞI HARAÇ TOPLAMAK GİBİ YONTEMLERLE GEÇİNMEMEKTEDİR YALANLARINIZLA HALKIN GÖZÜNÜ BOYAMAYA ÇALIŞMAK SİZİN ADİLİĞİNİZDİR.UNUTMAYIN HALK BİLİÇLENİYO TARİH SİZİ YARGILAYACAK.O PİS ÇİRKEF TÜM SÖZLERİNİZİ YUTUCAKSINIZ.",1,0.6364452242851257,1,tr
ama kendini bilmez aranızdaki o dallama herif sistemimize zarar vermeyi kafasına koyup sağa sola köpek gibi saldırdıkça elimi kolumu baglayıp izlemeyecegimi bilin. Lisanslama konusunda daha önceden editörlerinizle de görüşüp bu işi başlatmışken şimdi bir gerizekalının (hakediyor ayıplamayın) saldırıları yüzünden vikipedi düşmanı olacak değilim. Bot yazıyormuş sistemimizi dağıtmak için ne güzel faydalı işler yapan vikipedistlere (:,1,0.43240389227867126,0,tr
" Ey Seherin oğlu Hilal, Parlak Yıldız  sözü ingilizcede  O      Crescent     , son of the morning star  olarak kullanılmaz. Crescent sözcüğü hilalin karşılığı olmakla birlikte, buradaki sözcük  Lucifer  olarak çevrilmiştir. Buradan bizim ingilizcenin kullanımına yön vermek gibi bir durumumuz olmadığı için, bu    klişe söz    aynen kalmalıdır ya da parantez içinde belirtilmelidir. Hilallah ",0,0.004235696513205767,0,tr
" 50x50px|left Bilgilenmeyle doğrudan ilgisi olmayan, ansiklopedik değer taşımayan içerikler    reklam    olarak algılanabilir. Kendinize veya gruplarınıza ait blog ve/veya forum sitelerine yönlendirici bağlantılar eklemeyin, Vikipedi; şirket, kurum ve kuruluşlarınızı ya da web sitenizi tanıtma yeri değil,    bir ansiklopedidir.    Vikipedi’de reklam yapmak yasaktır. Ticari olsun ya da olmasın, bu tip maddeler/içerik eklemeye devam etmenize izin verilemez ve bu davranışınız    vandalizm    olarak algılanabilir. Lütfen bu tür içerik eklemeyiniz. - Utku Tanrıveremesaj ",0,0.0005956275854259729,0,tr
Rammstein  gothic rock  denen bir müzik türünün içerisindedir. Gothic metal olduğunu sanmıyorum. Sadece rock önplânda. Ayrıca kullanmak isterseniz Rammstein şablonu yaptım. Ramstein simgesi bulursanız şablondaki fotoğraf ile değiştirebilirsiniz. Güle güle kullanın.    KIZILSUNGUR     ileti    katkılar   ,0,0.0015627816319465637,0,tr
"75px|center|   Merhaba Coriolis, aday gösterdiğiniz resim, seçkin resim statüsü alamadı.       :Dosya:Kelly, Grace (Rear Window).jpg   , Vikipedi:Seçkin resim adayları sayfasında aday gösterildi, ancak yeterli desteği toplayamadığı için seçkin resim seçilemedi. Resminizin seçilememesiyle ilgili detayları buradan görebilirsiniz. Başka bir resmi aday göstermek isterseniz, Vikipedi:Seçkin resim adayları sayfasındaki yönergeleri takip edebilirsiniz. Sİbot (mesaj) ",0,0.0003860682190861553,0,tr
"Çok teşekkür ederim Onur; iyiyim, umarım sen de iyisindir? Yarın için bol şans ve başarılar diliyorum, inanıyorum hedefine ulaşacak bir sonuç alacaksın. Yarın öğleden sonrasını, iyi haberlerini ve mesaj sayfanın başındaki vikimola işaretinin kalkmasını dört gözle bekliyoruz. Sevgilerimle. ",0,0.0006159448530524969,0,tr
 45x45px|left Vikipedi de  Yoğun geri dönüş  yapmanız nedeniyle geçici bir süre için engellendiniz. Geri döndüğünüzde lütfen tekrarlamayınız. Théoden ileti ,0,0.000530723191332072,0,tr
"Nezaketinize ben teşekkür eder, geç yanıt vermekten ve bir önceki mesajımda olan sen-siz karmaşasından dolayı özür dilerim. ",0,0.06561595946550369,0,tr
"Ne demek Burak, olur öyle gözden kaçanlar arada ) Yalnız, ben   güzel güzel   katkıda bulunamıyorum son zamanlarda bildiğin gibi. Kısa süreli uğradığımda ancak silinecekler ve anlık vandalizmlerle ilgilenebiliyorum. Ben de özledim doğru dürüst madde açmayı/geliştirmeyi. Yanıt yazma sahiden, biraz içimi döktüm o kadar )    Yabancı     msj   ",0,0.011156558059155941,0,tr
"Merhaba, Adil kullanım resimlerinin kullanıcı sayfalarında yer alması yasaktır. Bu sebeple, Resim:Ataturk Time.JPG resmini Kullanıcı:İzmustaa sayfasından kaldırdım. Bilginize. İyivikiler...    ho?       ni!    ",0,0.007837261073291302,0,tr
"Selamlar, bir önceki projede bir kullanıcıya yazdığın not sırasında aklıma getirdin. O kadar çok maddede yıl bağlantısı var ki. biçem el kitabında diyor ki:  Maddelerde yer alan her yılın viki-bağlantısının yapılmasına gerek yoktur. Her bağlantıyı eklerken kendi kendimize şu soruyu sormalıyız: Bu bağlantıya tıklamak, okuyucuyu yararlı bir bilgiye ulaştıracak mı? Bunun yanında, içindeki bilgilerin güncellenmesi gerekebileceğinden, güncel tarihler için bağlantı oluşturmakta yarar vardır.   Örneğin yerleşim yeri maddelerinde yıl bağlantısı olmalı mı? 1997 deki nüfusu belirtilirken 1997 ye bağlantı anlamsız gibi. Veya sezon maddelerindeki maç tarihleri mesela. 20 Mart 1955 şeklinde yazılmış doğum tarihleri? Ne dersin bağlantı kaldırılmalı mı?Teacher0691 (mesaj)  Selamlar. Çok büyük istisnalar dışında tarih bağlantıları kaldırılmalı, evet. Belirli gün ve haftalar gibi, bayramlar gibi maddelerde kalabilir mesela. Ben gördükçe de kaldırıyorum zaten )RapsarEfendim? ",0,0.0005825026310048997,0,tr
Merhaba. 2017 nin Kasım ayı için Vikiproje:Spor kapsamında gerçekleştirilen Birden fazla altın Olimpiyat madalyası kazanan sporcu maddelerinin açılması konulu iş birliği projesine katılımlarınızı bekleriz ) İyi günler.MediaWiki message delivery (mesaj) ,0,0.00039069532067514956,0,tr
"Maddede kaynaklandırılamayan kimi bilgiler çıkarıldı, geri kalanına kaynak eklendi, Türkiye odaklı kısımlar yumuşatıldı. Şimdiki hali nasıl olmuş, ne dersiniz?    Kud      yaz     İlgilendiğiniz için teşekkürler. Süresiz engellenen kullanıcı bir hayli ısrar etmişti hayali, bir şekilde uydurduğu bilgilerde. Bir hizmetli de gıcıklık olsun diye sorun yok deyince o şekilde kalmıştı madde. esc2003 (mesaj) ",0,0.0008549893391318619,0,tr
Sonradan farkettiğim bişey daha var. bu hastalık hemen daima doğumdan sonra geçirilen bir hastalığa bağlı olarak gelişir. Buna rağmen neden genetik hastalıklar altına koyulmuş anlayamadım.Doktorabi ,0,0.0008565582684241235,0,tr
"Merhaba, bir konu hakkında sizden bilgi almak istiyorum. Size yazmamın sebebi, geri dönüş yapmanızdan ötürü. Bir kullanıcı bir tartışma sayfasında açıkça politikalara aykırı bir kriter ileri sürüyorsa, o kişinin dediği kaale alınabilir mi? Taşıma işlemini bu mesnetsiz kriter durdurabilir mi? Bir hizmetlinin sadece tartışmanın şekline değil esasına da bakması gerekmez mi? Tartışma:Hiçkes sayfasında bu durum yaşanmaktadır. Adlandırma kurallarında açıkça mutlaka transkript yapın veya yaygın kullanım varsa onu tercih edin diyor. Ancak yaygın kullanım söz konusu değil. Kullanıcının ileri sürdüğü argümanın zaten kriterlerde yeri yok. Her tartışma sayfasında alakasız argümanlar ileri sürenlerin dedikleri ciddiye alınacaksa bu ansiklopedi nasıl yürüyecek? Tekrar ediyorum, kaynaklar tarafından desteklenen bir tez ileri sürülmüyor, bütünüyle keyfi bir gerekçe mevcut ve bu gerekçe açık olan politikaya aykırı. Bu durumda ne yapılmalı?      Nushirevan11         Ⓜ    13.46, 6 Aralık 2018 (UTC) Merhabalar sayın Nushirevan11, tartışma sayfasına baktım ancak inanılmaz uzun bir yazışma yaşanmış ve bunu şu anda okumak için vakit ayırmam çok mümkün değil. Konuda Cobja, çizer ve Pragdon un da yorumları var. Onlardan fikir almanız daha hızlı olacaktır. Saygılarımla, SakhalinioBuyrun beniiiim? 17.30, 6 Aralık 2018 (UTC)",0,0.00043989112600684166,0,tr
"Hocam o tür maddelere şablon koymak yerine direk vikisözlüğe yaz.Transvikilenmesi de gerekmiyor zaten çoğu vikisözlükte var olan şeyler, orda var olduğu bilinmediği için buraya yazılıyor.Kategori:VikiSözlük e taşınacaklar istersen kontrol et.Bu kategorideki 4-5 maddeden biri Vikisözlükte olan maddeler, o zaman trnsvikilenmiş diyip siliyoruz, eğer vikisözlüktekinden farklı bir bir anlam içeren birşey varsa o anlamıda ekleyip siliyoruz.Olay budur yani:).İyi çalışmalar.   Mach   iavelli msj ",0,0.0006721154786646366,0,tr
 Bu kullanıcı Dinler ile ilgili tarafsız metin yazabilir.  ebu leheb başlığında  ebu leheb kuran da da geçmektedir.  yazısını kaldırıp islami bakış açısı kaldırıldı demişsin. bunu tarafsızlık düşüncesiyle mi yaptın acaba? olayları oldugu gibi anlatmayı  bi fikrin düşüncesini mi savunmak  olarak mı görüyorsun?! zaten muhammed konusuna değinmeyeceğim bile. o zaten ayrı bi bomba.,0,0.23161418735980988,0,tr
Levent Bey bana uyarı vermişsiniz. Ancak olayın asıl müsebbini görmezden gelmişsiniz. Kullanıcıların kişisel mesaj sayfasının bir başka kullanıcı tarafından değiştirilmesi vikipedi politikaları ile örütüşüyor mu? Size tarafsız olmanız gerektiğini hatırlatıyorum. SelamlarSultaniman ,0,0.00269379117526114,0,tr
"Egemen ise evet, başka ülkeye bağlı ise hayır. Buradaki kullanımı eyalet. Bakınız: Kategori:Teksas Eyalet Mezarlığı na defnedilenler.BSRF 💬 12.38, 17 Şubat 2018 (UTC)",0,0.0005406741984188557,0,tr
BAKIN NE GÜZEL İNSAN YARRAĞI RESİMİ KOYULMUŞ. VAGİNAYADA AM RESİMLERİ KOYUN. ANUSE DE GOT RESIMLERI KOYUN. AGZA DA ORAL RESİMLER KOYUN. MASTURBASYONA 31ÇEKMEK YAZIN.,1,0.9338744878768921,1,tr
"          :Resim:800px-Mig-144.png    resmini yüklediğiniz için teşekkürler. Dosyanın tanım sayfasında içeriğin kimin tarafından yapıldığı ve telif statüsü hakkında yeterli bilgi bulunmamaktadır. Eğer dosyayı kendiniz yapmadıysanız, içeriğin sahibini belirtmelisiniz. Bir internet sitesinden elde ettiyseniz nereden aldığınızı net şekilde gösteren bir bağlantı veriniz. Eğer resmin lisansını biliyorsanız resim dosyasına    telif etiketini ekleyiniz   . Yüklediğiniz diğer resimleri kontrol etmek için bu bağlantıyı tıklayınız.    Hızlı silme kriterleri gereğince kaynak ve lisans bilgisi eksik olan resimler işaretlendikten bir hafta sonra silinirler   . Sorularınız için Vikipedi:Medya telif soruları sayfasını kullanabilirsiniz. Teşekkürler.    Mach   iavelli msj ",0,0.00025406311033293605,0,tr
"türklerin arasında da bazı gerizekalılarının asker olarak katıldığı savaştır. bu savaşa katılıpta ölen ya da sağ dönen türkler aptaldır. kendi ırklarına bile hizmet etmeyen bir savaşta, ABD nin piyonu olmuşturlar. )88.232.152.213 ",1,0.9884673953056335,1,tr
"Merhaba, The Cure sayfasını vandallar ziyaret etmiş, ben eski sürümü nasıl geri getireceğimi bulamadım, bi ara siz uğrayıp düzeltmeniz mümkün mü? İyi çalışmalar.. Kullanıcı:Tenar80 04.20, 18 Kasım 2008 Selam. Şimdi oldu mu acaba? İyi çalışmalar. Takabeg ",0,0.00040009416989050806,0,tr
"Sevgili Cool Cat mutlu yıllar ve iyi bayramlar diliyorum.Erdem Şenol  Güzellik, birlik, beraberlik dolu, mutlu ve huzurlu bir Kurban Bayramı ve yeni yıl dilerimlerimle...  Merhaba Cool Cat, Mutlu huzurlu bayramlar ve nice güzel yeni yıllar diliyorum.Hasan Sami ",0,0.000257950829109177,0,tr
Selam. Ana sayfayla ilgilenenlerden misiniz? Nagasaki resmi üç gün sonra 9 Ağustos ta kullanalım değil mi? Yani şu an Ana sayfada gördüğümüz Nagasaki ninkidir. Hiroşima nın değil. Teşekkür ederim. Takabeg  Bu konuyla ilgili hizmetlilerimize daha çok yardımcı olabilir. Doğru olanı koymak daha doğru olur .    Ds      Murat      ileti    ,0,0.0004337749269325286,0,tr
"Son zamanlarda bu seçkin resim adaylarının sayısını bir hayli arttırdın ama insanlar bu kadar eş zamanlı oylamadan bıkabilir diye duşünüyorum ben. Yani senin bileceğin birşey tabi ama oylamalara katılım seviyesine bakarsak pek haksız sayılmıyorum galiba. Haydi kolay gelsin! — Pınar [m]  Evet ilgisizlik söz konusu. Bu noktada haklısın. Ancak vaktim de sınırlıdır. Yarın, öbür gün aynı işi yapamayabiliriz. Birde tabir-i caiz ise   millî   olan resimler daha yoğun ilgi görüyorlar. Bu da aryı bir mesele. Aşmamız gereken mesele. İyi haftasonları. Takabeg  Biraz açık konuşmam gerekirse... VP:SAM oylamalarında da SAM kriterleri yerine şahsi tercihlerin ön plana çıktığını görüyorum. Güvenilir üçüncü parti kayanklar olduğu halde sadece   kayda değer değildir   yazıyla   silinsin   oy veriliyor. Güvenilir üçüncü parti kaynak hiç olmadığı halde   kalsın   oy veriliyor. VP:SRA da da aynı durum söz konusudur. Büyük konuşmuyorum ama kurallarına göre, kriterlerine göre değerlendirmesini öğrenmelidir. Onun için de aynı zamanda çok sayıda adayların sunulmasının faydalı olacağını düşünüyorum. Takabeg ",0,0.0011067383456975222,0,tr
"Maddelerde değişiklik yaparken, lütfen    tarafsız bakış açısıyla    ve ansiklopedik bir dilde yazmaya özen gösterin. Maddelere imza atmayınız, maddelerde reklam yapmayınız, e-posta ve telefon numarası gibi özel bilgilerinizi paylaşmayınız. Kendinizi tanıtabilmek için kullanıcı sayfanızda    Babil    şablonlarını kullanabilirsiniz. Kullanıcılarla mesajlaşırken lütfen nezaket kurallarını unutmayın, herkesin aynen sizin gibi Vikipediyi geliştirmek amacıyla katkıda bulunduğunu ve iyi niyetli olduğunu varsayın.    Beş temel taş   ,    imza kullanımı   ,    Cesur ol   ,    Engelleme politikası   ,    oy kullanımı    politika ve yönergelerini mutlaka okuyun. Aynı kişiye ait birden fazla hesabın ya da farklı kişilere ait olsa bile birden fazla hesabın tartışmalarda avantaj sağlamak amacıyla birlikte hareket etmesinin    Kuklacılık    olarak değerlendirileceğini ve bunun yasak olduğunu unutmayın. Politika ve yönergeleri okuduysanız, değişiklik yapmayı ve Vikipedide neler yapabileceğinizi artık biliyorsanız    cesur olun    ve değişiklik yapmaya başlayın!...    Haydi kolay gelsin!    — Pınar (mesaj) ",0,0.0004857985768467188,0,tr
"60px|left    Merhaba   . Yerleşim yeri maddesine katkınız için    teşekkürler   . Yerleşim yerlerine ait maddelere sıklıkla o yöreli kullanıcılar tarafından katkı yapılmaktadır. Ancak    çoğu zaman    düzenin devamını ve ansiklopedik özelliklerin korunmasını sağlayan    bazı kurallar gözardı edilmektedir   . Katkı yapmaya devam edecekseniz lütfen    genel biçem kurallarına ve aşağıdaki önerilere uyunuz.    Bilgi için    Yardım    sayfasına bakabilirsiniz. Örnek almak isterseniz    Ayvalık    ve    Kumçelteği    maddeleri size yol gösterecektir. Ansiklopedik dil kullanınız. Örneğin,    köyüm    ya da    köyümüz    yerine    köy    demelisiniz. Altyapı ile ilgili    şikayetlerinizi burada dile getirmeyiniz   . Ancak    mevcut durumu ifade ediniz   . Yerel yöneticileri    öven    veya    yeren    ifadeler kullanmayınız. Kişilerin isim ve soyisimlerinin    sadece ilk harfini    büyük harfle yazınız. Mevcut alt başlıkları ve geçmiş katkıları    bozmamaya    özen gösteriniz.    Katkılarınızı büyük harfle yapmayınız   . Büyük harfleri sadece Türkçe kuralları dahilinde kullanınız. Maddeye başka kaynaklardan    kopyalanan bilgileri yapıştırmayınız   . Katkıları kendi cümlelerinizle yapınız.    Kendi isminizi    veya yörede tanınmış olan ancak    ansiklopedik olmayan kişilerin isimlerini maddeye eklemeyiniz   .",0,0.0002556773542892188,0,tr
Daha önce de uyarılmışsınız.Vikipedi de yaşayan ve tanınmış kişilerin isimleri kullanıcı adı olarak kullanılamaz.Eğer bu insan sizseniz kullanıcı sayfanızda belirtiniz.Aksi takdirde engelleneceksiniz.Eldarion ,0,0.002242144662886858,0,tr
 türkçe kullanım çok az. bence ingilizce olmasına rağmen  death metal  kullanılırsa  ölüm metal den daha çok anlaşılır. hiç ingilizce bilmeyen birisine de bir fikir vermesi açısından  death metal  yazdıktan sonra yanına parantez açıp  death ölüm demektir  falan yazmak en iyisi olur diye düşünüyorum. Tembelejderha ,0,0.11531206965446472,0,tr
"Maddelerde değişiklik yaparken, lütfen    tarafsız bir bakış açısıyla    ve ansiklopedik bir dilde yazmaya özen gösterin. Maddelere imza atmayınız, maddelerde reklam yapmayınız, e-posta ve telefon numarası gibi özel bilgilerinizi paylaşmayınız. Kendinizi tanıtabilmek için kullanıcı sayfanızda    Babil    şablonlarını kullanabilirsiniz. Kullanıcılarla mesajlaşırken lütfen nezaket kurallarını unutmayın, herkesin aynen sizin gibi Vikipedi yi geliştirmek amacıyla katkıda bulunduğunu ve iyi niyetli olduğunu varsayın.    Beş temel taş   ,    imza kullanımı   ,    cesur ol   ,    engelleme politikası   ,    oy kullanımı    politika ve yönergelerini mutlaka okuyun. Aynı kişiye ait birden fazla hesabın ya da farklı kişilere ait olsa bile birden fazla hesabın tartışmalarda avantaj sağlamak amacıyla birlikte hareket etmesinin    kuklacılık    olarak değerlendirileceğini ve bunun yasak olduğunu unutmayın. Politika ve yönergeleri okuduysanız, değişiklik yapmayı ve Vikipedi de neler yapabileceğinizi artık biliyorsanız    cesur olun    ve değişiklik yapmaya başlayın!...    Haydi kolay gelsin!    Watermelon juice (mesaj) ",0,0.0005707050440832973,0,tr
"Dışarı mı taşmış? Anlayamadım pek? Atakan0652  Aa anladım şimdi dediğini. Bende böyle gözükmüyor ama Internet Explorer ile sayfayı açınca bende de böyle görünüyor. Tarayıcıdan kaynaklı sanırım Ama nasıl düzenlenir bir fikrim yok Atakan0652  Anlıyorum, ben hemen düzenlerim onu, sonuçta hepsi değil taşan. (Bu arada Janet Jackson ın oylamasına katılmayacak mısın?) Atakan0652  Öyle olsun Bu arada düzelttim baksana olmuş mu Atakan0652  Öyle olmuş ben de şimdi farkettim. Sanırım başka tarayıcıdan girince böyle oldu. Oturum Internet Explorer da açık değildi de Atakan0652  Kemal şu sayfadaki son birkaç yoruma bir baksana. Bu nasıl şey anlamadım. Yerimde olsan ne yapardın? Atakan0652 ",0,0.0029242963064461946,0,tr
Önemli olan Vikipedi nin gerçekten ve ciddi anlamda tarafsız olması.Vikipedistler olarak biz ciddi anlamda tarafsız olmalıyız.Tarafsızlık önyargılardan tamamen sıyrılmak demektir.Bariz gerçekleri örtbas edemeyiz.Kafamıza göre de bir yorum olamaz.Önemli olan en doğru bilgiye ulaşmak ve bunu yansıtmak.Açıkçası ben tüzük olarak biliyordum.Tartışma zaten bir sonuca varmak için yapılır.Aksi münakaşa olur.Saygılar.İyi çalışmalar.Yurekli74 ,0,0.0008385880501009524,0,tr
"Merhaba. Nitelikli maddeler diye bir kategori yaramışsınız ve bunun seçkin maddeler için kullanıldığını yazmışsınız. Vikipedi de Nitelikli Madde diye bir sınıflandırma yoktur, Seçkin Maddeler vardır ve bunlar olarak kategorilendirilir. Topluluğun onayını almadan kendi kafanıza göre maddeleri  Nitelikli  veya başka bir sıfatla sınıflandıramazsınız. Bu yanlış bir uygulamadır ve geri alınması gerekecektir. Lütfen bu değişikliklerinizi kendiniz geri alın, başkasına iş çıkarmayın. Teşekkürler, iyi çalışmalar. İnfoCan ▀  İngilizce Vikipedide    Category:Featured articles    adında kategori vardı. Bende bunun Türkesi oldğunu zannettiğim    Kategori:Nitelikli maddeler    şeklinde madde bulamadığımdan böyle bir madde oluşturdum. Sonradan, Vikipedi:Seçkin maddeler adında bir maddenin bunu karşıladığını öğrendim, fakat iş işten geçmişti. Bu maddeyi bazı maddelere kategori olarak eklemiştir. Eklediğim değişiklikleri geri alıyorum. Fakat maddenin nasıl silineceğini bilmiyorum. Ne yapabilirim?",0,0.000650661822874099,0,tr
"merhaba, kullanıcı adınız Vikipedi:Kullanıcı adı ndan da görebileceğiniz gibi   Vikipedi de resmi bir pozisyonu ima eden adlar   kapsamındadır ve   Deneyimsiz kullanıcılar için şaşırtıcı olabilecek veya normal kullanıcıdan daha farklı bir konumda olunduğunu ima edici   niteliktedir. yeni bir kullanıcı adı alarak devam etmenizde yarar var..    kibele    09.40, 16 Nisan 2019 (UTC)",0,0.0005095478263683617,0,tr
Bu arada şunu ekleyeyim; sadece Türkçe yazılmış sayfaları göstererek Google araması yapınca yaklaşık 663 sonuç çıkıyor. Belki Vikipedi sayesinden insanlar  transcinsel  kelimesini kullanmaya başlamışlardır. Ama yine de herhangi bir İngilizce-Türkçe sözlüğü kullanınca  transcinsel  kelimesi çıkmıyor. Ya  transgender  ya da  cinsiyet değiştiren  çıkıyor. Oh BambiI cried so hard when those hunters shot your mommy ,1,0.5954475402832031,1,tr
"Çaün ile Çağü kelimelerini sildirmek yerine neden yönlendirdiniz, yoksalar ve siz açıp yönlendirdi iseniz yine neden, açıklaması nedir?...Hoşcakalın...Vikipedist ",0,0.01886129379272461,0,tr
"Vikipedi de yorumsal ifadelere yer yoktur. Risale-i Nur başlığında bu oluşumun nasıl olduğu anlatılmaktadır. Burada, Acmendi şeyhinin kendi ağzından söylediği ifadelerle Risale-i Nur dan ayrı düştüğü açıkça ortadadır. Troll zararlısı konumunda bulunarak maddelere zarar vermeyiniz. Aczmendi şeyhinin ifade ettiği tarikat manasıyla, Risale-i Nur da örnek gösterdiğin manalar aynı değildir. Bu kişinin bahsettiği tarikatlık şeyh ve müridlerle devam edegelen klasik tarikat sistemidir. Said Nursi ise Hz.Muhammed in yolu sünnetlerine uyma olarak tarikat kavramını değerlendirmiştir. Bu bakımdan maddeyi yönlendirme tutumunuzu değiştirin.    Terennum    Mesaj ",0,0.0021426884923130274,0,tr
" Merhaba, ben Mavrikant. Oluşturduğun Takabek maddesini Vikipedi nin hızlı silme kriterlerinden  G1. Hiçbir anlam içermeyen içerikli sayfalar silinebilir.  kriterine uyduğuna inandığımdan silinmesi için işaretledim. Hizmetliler maddeyi ve tartışma sayfasını inceledikten sonra karar verecekler. Eğer bir hata yaptığımı düşünüyorsan ya da herhangi bir sorun varsa üzerinden bana ulaşabilirsin. Teşekkürler. Mavrikantmsj ",0,0.0004046694957651198,0,tr
"   Hoş Geldin !    Merhaba, tamamen gönüllü katılımcıların çabalarıyla 250 dilde oluşturulmaya çalışılan ansiklopedinin Türkçe bölümü    Vikipedi    ye hoş geldin! Bu ansiklopedi beş ana madde üzerinde şekillenir, katkıda bulunmadan önce okumanızda yarar vardır. Katkıda bulunmaktan lütfen çekinmeyin. Vikipedi nin yazım kuralları basittir. Ne şekilde madde yazabileceğiniz biçem el kitabında ayrıntılı olarak açıklanıyor. Herhangi bir sorun olursa, yardım sayfalarına bakabilirsin. Diğer kullanıcılardan yardım istemekten çekinmeyin; yeni bir katılımcıya yardım etmekten mutluluk duyacaklardır. Tartışma ve kullanıcı mesaj sayfalarındaki yazılarınıza,   ansiklopedi maddeleri hariç  , lütfen imza atmayı   (   ~~~~   )   ihmal etmeyin. İletişim için Köy çeşmesiOrtak çalışma alanı Topluluk portalıTelif hakkı kaybolmuş bir eseri eklemek istiyorsanız VikiKaynakBir terimin sözlük açıklamasını yapmak istiyorsanız VikiSözlükBir şeyin nasıl yapıldığını tarif etmek istiyorsanız VikiKitapÖzlü sözleri eklemek istiyorsanız VikiSöz En çok sorulan...Burada Bulmak istediğim konuya nasıl erişirim? Gezinti Bir madde için ekleme yapacağım ama telif hakları sorunu ne olacak? Kaynaklar Madde hakkında nasıl tartışırım? Tartışma sayfasını kullanın Bir madde için yapıcı eleştiri nasıl yapılır? Tavsiye Bir kullanıcı ile sorunum var. Ne yapmalıyım? Nezaket   (saldırı yasaktır)   ve Sorun çözümü Kolay gelsin. fenerbahçe spor klubünde yaptığınız değişiklikler vandalizm kapsamındadır ve cezalandırılır bir daha ki tekrar halinde engellenirsiniz. lütfen kuralları okuduktan sonra edit yapınız.Delamorena ",0,0.0006548370001837611,0,tr
"Henüz anaların gözyaşları devam ediyorken ve henüz dağlarda yeni gözyaşları dökülmesin diye Mehmedler terörist avlamakla meşgulken.. senden rica etsem bunu burada keser misin güzel kızım. Seni kovmak ne kelime.. Kalbimizdesin, söküp atamayız ki? Sıkışan çıksın aradan..Hasan Sami ",0,0.25317585468292236,0,tr
" İyi günler Rdvnygt. Açtığımız maddeleri şuraya koymaya çalışalım. Orası projenin başarı köşesidir. Ayrıca açtığımız maddelerin tartışma sayfasınada ve şablonlarını koyalım. Teşekkürler, iyi çalışmalar. ~~      Cano        58   ileti 08:41, 12 Eylül",0,0.00039087841287255287,0,tr
O zaman lütfen bilip bilmeden   acemiyiz galiba   tarzı mesajlar atma. Herhalde geçenlerde sana da böyle dendiği için sen de başkalarına bu sözü deyip sonuna   :D   koymaktan haz alıyorsun. Bunun adı direkt misilleme değil de dolaylı misilleme.   Gökçє Yörük    ,1,0.010971098206937313,0,tr
Teşekkürler bende farketmeden azericede kullanıcı adı açıp kural ihlali yaptım zannetmiştim. Açıkladığınız için teşekkür ederim. Öyleyse azerice Vikipedi de ArjetyTR ile katkıya devam edebilirim. Arjety ,0,0.00036899588303640485,0,tr
"sayılar aralıklı ve bazen de virgüllü yazıldığı için sıralama düzgün çalışmıyor, tüm sayıların  boşluksuz, virgülsüz  yazılması lazım 15000000 gibi. şuanki yazım standartlara aykırı ve düzeltmesi emek istiyor.",0,0.001906199031509459,0,tr
" 50x50px|left   Vikipedi    ye hoşgeldiniz. Herkesi ansiklopedimizin gelişmesine katkıda bulunmaya davet ediyoruz. Katkıda bulunma hakkında daha fazla bilgi almak için hoşgeldiniz sayfasına göz atabilirsiniz. Bununla birlikte, gelişmeye katkıda bulunmayan, boş, hakaret vb. değişiklikler    vandalizm    olarak tanımlanır ve eğer bu tavrınızı sürdürürseniz daha fazla uyarılmadan    engellenebilirsiniz   . Lütfen, diğerlerinin emeklerine zarar vermek yerine ansiklopedimizin gelişmesine yardımcı olun. Teşekkürler. ",0,0.0004528676508925855,0,tr
"Ozgur, evet vardir. 1996 da profesyonel bir fotografci arkadasimizla cekmistik. Ersin in bir arkadasi idi. O resimleri tanitim brosuru icin kullanmistik. Ama yillar gecti. Yil 2007, dunyayi kurtaran adamin oglu filmi bile cekildi. simdi dunyayi kurtaran adami izlenime koymak yerinde olmaz,Yok dogru olur insanlari ikinci filme hazirlar ama yeni fotograflar cektirip vikipedia ya bagislamak daha yerinde olur. Gecen yil ben bir mezunumuzdan rica ettim ama resimler kaliteli cikmadi. O siralar okulda tamirat vardi. Ama sayfaya koordinatlari koydum. Uydudan bak cok ozlediysen cag",0,0.13095876574516296,0,tr
"Kaydadeğer olmadığını himaye eden dümbelek maddeyi direkt sileceğine biraz araştır Eldarion 2 koy adını darbuka kafalı... Dönme Çetin Çiftçioğlu (mesaj)  Ey Çetin efendi ben senin hiç bir şakana gülmüyorum. Buraya da gelip fuzuli, komik sandığın işlerle bizi oyalama. II. Niveles (mesaj) ",1,0.06003125384449959,0,tr
Selam Sabri Yalova ilindeki yerleşim yerleri listesi sayfasını güncelleyeceğim. Bu ve bu siteler arasında fark var. Hangisini kabul edeceğiz. Bu arada Yalova daki köyler epey ilerledi. Beldeler yapılacak. Diğer anlamı şablonları eklenecek. Atladığım şeyler olabilir. Kontrol edilmesi gerekiyor. Yardımınla bitirebiliriz hacitalhamesaj at  Merhabalar. Yalova köy maddelerinde halen Fallingrain ve Nisanyanmap kaynakları bulunmamakta ve bu nedenle halen tarihçe kısımları boş kalmış. Fallingrain konusundaki yardım teklifim halen geçerlidir bu arada... Sen bu kaynağı da ekledikten sonra genel kontrolü yaparım...  Yardım teklifi?? hacitalhamesaj at  13 Ağustos taki mesajım:    ...ben de Fallingrain sayfalarını bulup sana yazabilirim. Henüz Fallingrain i kullanmamandan biraz üşendiğini hissettim sanki ...      İyi olur. Ama bu aralar yoğunum. hacitalhamesaj at ,0,0.0003828112385235727,0,tr
"Merhaba Khutuck değişikliği yapmışsın ama yanlış olmuş. Anlam ayrım sayfası Ergenekon (anlam ayrım) olarak kalmalı ve Ergenekon (efsanevi şehir) sayfasının adı yalın bir şekilde Ergenekon olmalı. Sırf örgüt çıktı diye isim değiştirmenin anlamı var mıdır? Örgütün adı Güneş olsaydı asıl Güneş sayfasını Güneş (yıldız) yapmazdık sanırım ). Kolay gelsin.          Ergenekon un [Ergenekon (anlam ayrım)]] a yönlendirmesi yanlıştı, onu düzelttim sadece.    Khutuc      k   msj ",0,0.00036250296398065984,0,tr
"Merhabalar, Şu başlıklar ana başlık olarak bence de biraz uygunsuz: 8 Uygulamalar ve genetik yapısı değiştirilmiş organizmalar 9 G.D.O. karşıtlarının olası gördükleri tehlikeler Bununla birlikte bu bahisleri tamamen kaldırmaktansa   Araştırma ve teknoloji   bölümünde tek bir alt başlık halinde kısaca belirtmek daha iyi olur kanısındayım. Teşekkürler, iyi çalışmalar... - -    nou   menon    Θ    mesaj ",0,0.0004228741454426199,0,tr
"ya beni engelle kardeşim canım öyle istiyor Amadoni  Vikipedi, canımızın ne istediği ile değil, kurallarla işliyor. M.M. ",1,0.18610739707946777,0,tr
"Ulen puanlamayı sen oluşturmuşsun bir de çok saçma diyorsun, iki hafta gelmedik ortalık perişan olmuş .    Berm@nya    ",1,0.8212130665779114,1,tr
Sero istersen bunu Wikipedi oylamasına sunalım (sadece Irak için değil) böylece herkes bu konuda nasıl davranması gerekiyorsa o şekilde devam ederiz.,0,0.0009087303769774735,0,tr
Filmin orijinal afişini bulamaz mıyız nette acaba? Maddeye eski afişini de eklersek daha iyi olacaktır.Hedda Gabler ,0,0.0014900820096954703,0,tr
" başlığı düzeltmemi gördüğünüz halde kullanıcının  tarafsızlık  gereği bunları yaptığını, haklı olduğunu söylediniz ancak, öyle değil mi? cesur ol/geri al/tartış gereği bir içerik çıkartılıyor. ben de aynı ilke gereği itirazım olan bölümü çıkartıyor ve konunun tartışma sayfasında konuşulması gerektiğini söylüyorum. eğer bu sansürse o cümlenin çıkartılması da sansürdür. tartışma sayfasında konuşulmasını, diğer kullanıcıları beklemeden davranmak sorunlu. hakkaniyetli bakmakta yarar var her durumda. iyi çalışmalar.    kibele    ",0,0.0006589178228750825,0,tr
"daha iyi olabilirdi bence sırf tartışma sayfalarında değil her sayfada bunu yapmalıyız I think it could have been better not just talk pages, each page should do it Ich denke, es hätte besser nicht nur reden Seiten, jede Seite sollte es tun haben Je pense qu il aurait mieux valu ne pas simplement parler pages, chaque page doit faire Penso che avrebbe potuto essere migliore non solo parlare pagine, ciascuna pagina deve farlo Creo que podría haber sido mejor no hablar sólo páginas, cada página debe hacerlo 私はそれが良いだけで、各ページにはそれを行う必要があり、ページの話をしないだったかもしれないと思います 我觉得本来可以更好，不只是说说而已页面，每个页面应该这样做 我覺得本來可以更好，不只是說說而已頁面，每個頁面應該這樣做 나는 그것이 더 나은 단지 각 페이지를 어떻게해야 페이지를 이야기 할 수 있었다 생각 Eu acho que poderia ter sido melhor e não apenas falar páginas, cada página deve fazê-lo Νομίζω ότι θα μπορούσε να ήταν καλύτερα να μην μιλάμε μόνο σελίδες, κάθε σελίδα πρέπει να το κάνουμε Bedox013459",0,0.0004674948868341744,0,tr
"Selam Memmed. Cücelerim in Azerice ve Rusça dışındaki versiyonları hiç bulamadım da napalım ? Azerice, Rus çizgi filminde Azerice, Rusça, , . En azından İngilizcesini bulabilirsek .... diğer dillere çevirilmiş ama plastinka çıkmamış olabilir mi ? Takabeg ",0,0.001515595824457705,0,tr
"Madde birleştirme konusunu iyi bilen bir arkadaşın bakması daha doğru olur, daha önce hiç yapmadım. Forex le daha sonda ilgileneceğim, şimdi ara veriyorum. ",0,0.00090192531934008,0,tr
Eserlerinin sayfa sayısı fazla olunca alim mi olunuyormuş? J.K Rowling ya da Tolkein birer alim o zaman.Mehmet Baran ,0,0.0016593656037002802,0,tr
"Şimdi engellenen IP nin değişikliklikleri sadece iki günü içermekte, 27 Şubat 2009 ve 30 Ekim 2010. Dolayısıyla dinamik IP olması kuvvetle muhtemel. Engellendiği sırada kullanıcı hesabı olduğu için, nasıl o zamanki IP adresini görebildiğinizi merak ettim doğrusu.    Merube 89        msj      ",0,0.0006530868704430759,0,tr
"Sizin bana yaptığınız hukukî tehdide dair bir yanıtınız yok mu? Yukarıda bizzat alıntılarıyla somut olarak belirttim, buna yanıtınız nedir. Başkalarının durumunu öne çıkarmak bunu aklamaz. Özet: bu katkıları yaptığın için dikkatli ol. Ahmet Turhan (mesaj) ",0,0.001026777783408761,0,tr
"Günaydin Vito, bu resime bir göz atabilirmisin. Ingilizce Vikipediden aldim. Hangi telif sablonu koyulmasi gerekiyor bilemedim. Simdiden tesekkürler. Selamlar    Erdall    ",0,0.000527164782397449,0,tr
"Uğur selamlar, Hakan Şükür ün  Torinolu Şaban  lakabıyla ilgili haber referansı oldukça iyiydi bence. Sonuçta bu lakabın oldukça yerleştiği malum, Şükür de bundan rahatsız olmadığını haberde dile getirmiş açıkça. Dalga geçme niyetiyle takılmış bir lakap olsa da, şöhretinden (ve dolayısıyla ansiklopedikliğinden) dolayı bir önceki hali iyiydi bence. Verilen link de oldukça pekiştirici olmuştu. Sen ne dersin? (Not: Kendisiyle veya takımıyla ilgili olumlu veya olumsuz bir görüşüm yok, belirteyim okuyanlar için) Vito Genovese  Vito aslında dediğin kısımda bir derece haklısın fakat röportajda benim anladığım kadarıyla bu takma ismi seviyorum demiyor.  Beni etki altına alamazlar  cümlesini kullanmış, benim burdan anladığım aslında bundan hoşlanmadığı fakat kötü etkilenmeyeceğini söylüyor. Bu en azından benim fikrim, fakat aşağılayıcı vs. takma isim, cümlelerin olmaması gerektiğini düşünüyorum. Bu arada bende hiç bir takımın fanatiği değilim fakat en çok değişikliği Galatasaray-43 ve Fenerbahçe-32 olarak yapmışım ve büyük çoğunluğu iki takımın arasında olan vandalizmlerden kaynaklanıyor:) İyi çalışmalar Ugur Basak     mesaj      ",0,0.0005318945623002946,0,tr
"left|270px    VikiProje Sovyetler Birliği İşbirliği Projesinde    son haftaya giriyoruz. Projenin yeni başlaması vesilesiyle, Sovyetler Birliği ile ilgili konu alanlarına giren maddelerin projeye dahil edilmesine yönelik bir proje başlatılmıştı. Bu kapsamda şablonu gerek Sovyetler Birliği kategorisinde yer alan maddelere, gerekse kategoride yer almayan konu ile ilişkili diğer maddelere eklenecektir. Bu yolla üzerinde çalışılacak maddelerin belirlenmesi amaçlanmaktadır. Şu an, yani            itibariyle    2000    madde olan proje hedefine dair    570    (28.5%) tamamlandı. Yani daha    1430    maddeye şablon eklenmesi gerekmekte. Katkılarınızı bekliyoruz. Bununla birlikte proje sizin katkılarınızla geliştirilmeyi beklemekte, lütfen    proje sayfasını    inceleyiniz. İyi Vikiler, bol katkılar.   Not: Bu mesaj proje toplu mesaj listesinde ismi olan kullanıcılara yollanmaktadır.   MediaWiki message delivery (mesaj) ",0,0.00026156086823903024,0,tr
" Kural ve yönetmelikleri uyguluyorlar değil mi? İnfoCan     Olmamalı    yönetmelikleri ve kuralları herkes uygulamak zorunda zaten..   Ddenkel        Olmamalı    - Davut doğru diyor. Politikaların bazı gereksinimlerini uygulama konusu doğru ama uygulayıcı dersek yine bir kutuplaşma, özerkleşme doğuyor.   Vito Genovese    ",0,0.000379683799110353,0,tr
"Maddelerde değişiklik yaparken, lütfen    tarafsız bakış açısıyla    ve ansiklopedik bir dilde yazmaya özen gösterin. Maddelere sakın imza atmayınız, maddelerde reklam yapmayınız, e-posta ve telefon numarası gibi özel bilgilerinizi paylaşmayınız. Kendinizi tanıtabilmek için kullanıcı sayfanızda    Babil    şablonlarını kullanabilirsiniz. Kullanıcılarla mesajlaşırken lütfen nezaket kurallarını unutmayın, herkesin aynen sizin gibi Vikipediyi geliştirmek amacıyla katkıda bulunduğunu ve iyi niyetli olduğunu varsayın.    Beş temel taş   ,    imza kullanımı   ,    Cesur ol   ,    Engelleme politikası   ,    oy kullanımı    politika ve yönergelerini mutlaka okuyun. Aynı kişiye ait birden fazla hesabın ya da farklı kişilere ait olsa bile birden fazla hesabın tartışmalarda avantaj sağlamak amacıyla birlikte hareket etmesinin    Kuklacılık    olarak değerlendirileceğini ve bunun yasak olduğunu unutmayın. Politika ve yönergeleri okuduysanız, değişiklik yapmayı ve Vikipedide neler yapabileceğinizi artık biliyorsanız    cesur olun    ve değişiklik yapmaya başlayın!... Haydi kolay gelsin! Boyalikus ",0,0.0010171531466767192,0,tr
 Geri dönüş olmak için geri al butonuna basmak şart değil. Maddeden içerik çıkararak bir önceki versiyona almış oldunuz.    Kud      yaz    ,0,0.003825959051027894,0,tr
MSH  Latex bir metin düzenleyicidir. Bu yazılım ile çok basit bir şekilde istediğiniz formatta PDF çıktı alabilirsiniz. Hatta bazi bilimsel dergiler sadece kendilerinin hazırladığı format dosyaları ile yazılmış Latex ham dosyalarını kabul ederler basım için. Bunu Ankara üniversitesi Astronomi ve Uzay bilimleri bölümü nü okurken hocalarımın yayınlarını hazırlarken ve Linux işletim sistem adlı dersi alırken öğrendim. Ayrıca Gözde SARAL ve Neslihan ALAN`ın hazırladığı bu yazıları okumada fayda vardır. Bu yazılar ise dersi aldığımızda oluşturduğumuz Wiki sayfasında yayınlandı.,0,0.00024271993606816977,0,tr
"Taraflı davranıyorsun, hassas konuları çarpıtıyorsun. Boşu boşuna gereksiz tartışmalara girmeyelim. Madem Nazım dan Fazıl a herkezi seven birisin o zaman tek taraflı değilde çok yönlü düşün.",0,0.04191712662577629,0,tr
" personel staff. personnel. staff. employee. staff member. manpower. Bir hizmet veya kuruluşun görevlileri, bir iş yerinde çalışanların tümü. Devlet ve diğer kamu kuruluşlarında çalışan, etkinliğe çeşitli görevleriyle katılan gerçek kişiler.",0,0.0006746802246198058,0,tr
"Merhaba 85.101.147.17, Oluşturmuş olduğunuz Mehmet tevfik göksu adlı sayfa, Vikipedi nin hızlı silme kriterlerinden g2 uyarınca silinmeye aday gösterilmiştir. Sayfanın silinmeye neden aday gösterildiği ile ilgili daha fazla bilgi almak için, ilgili kriterde verilen açıklamaları okumanız önerilir. Bu uyarıyı gördüğünüzde sayfa silinmiş olabilir. Eğer sayfanızı bulamıyorsanız silme kayıtlarını kontrol edebilir ve sayfayı silen hizmetli ile irtibata geçebilirsiniz. Σuphemia ",0,0.0004804263880942017,0,tr
"Superyetkin in 2 ay önce madde düzenleme nişanı alması gerekiyormuş. 6 projede en az 60 madde düzenlediği için şimdi bütün haftalardaki puanlamalara bakarken farkettim. Özel nişan alanları, duyuruda yazarız. Haberin olsun. Uğurkentmesaj  Ödüller çok eski. Uzun zamandır aktif çalışma yok. Yeni tüzük hazırlıyorum. İstersen ödüller bölümünü sen oluştur.Kullanıcı:Ayrıntılı Bilgi/Tüzük Çalışmaİyi Vikiler.   Ayrıntılı Bilgi   #   ileti    ",0,0.0004495343891903758,0,tr
" O halde şunu anlıyorum: Maddelerde bir kelimede bir harf eksik yazılmışsa ve birisi bu eksiği düzeltilmişse, bu değişiklikleri reddetmemiz gerekiyor. Neden maddenin hatalı kalması gerektiğini anlamasam da bunu hatırımda tutacağım Şenol EKER ",0,0.002778167836368084,0,tr
"Bir Kürt milliyetçisi olarak şunu açıkça belirteyim. Erzurum bir Kürt şehri değil. Erzurum güneyindeki Karayazı, Hınıs, Tekman, Karaçoban evet Kürt şehirleridir. yalnız şu varki Erzurumlu Kürtler hiç bir zaman dadaşlığı benimsememiştir benimsemezde. ilçelerimiz idari anlamda erzuruma bağlı fakat etnik ve kültürel olarak tamamen farklıyız. dadaşlığa heves özenme gibi bir durum yok aksine antipati var güney erzurumda ki Kürtlerde. hala bazı akıllılar  Kürtler erzurumluyuz diyorlar   erzuruma Kürtler dışardan göç etti  gibi hikayeler uydurmasın. evliya çelebi seyahatnamesinde Hınıs tan bahsederken  Kürt şehri  der. erzurumun güneyinde yaşayan Kürtler o bölgenin  çok eski  yerlileridir. 78.165.188.22 Karayazılı78.165.188.22 ",0,0.00182676175609231,0,tr
"   Hoş Geldin !    Merhaba, tamamen gönüllü katılımcıların çabalarıyla 250 dilde oluşturulmaya çalışılan ansiklopedinin Türkçe bölümü    Vikipedi    ye hoş geldin! Bu ansiklopedi beş ana madde üzerinde şekillenir, katkıda bulunmadan önce okumanızda yarar vardır. Katkıda bulunmaktan lütfen çekinmeyin. Vikipedi nin yazım kuralları basittir. Ne şekilde madde yazabileceğiniz biçem el kitabında ayrıntılı olarak açıklanıyor. Herhangi bir sorun olursa, yardım sayfalarına bakabilirsin. Diğer kullanıcılardan yardım istemekten çekinmeyin; yeni bir katılımcıya yardım etmekten mutluluk duyacaklardır. Tartışma ve kullanıcı mesaj sayfalarındaki yazılarınıza,   ansiklopedi maddeleri hariç  , lütfen imza atmayı   (   ~~~~   )   ihmal etmeyin. İletişim için Köy çeşmesiOrtak çalışma alanı Topluluk portalıTelif hakkı kaybolmuş bir eseri eklemek istiyorsanız VikiKaynakBir terimin sözlük açıklamasını yapmak istiyorsanız VikiSözlükBir şeyin nasıl yapıldığını tarif etmek istiyorsanız VikiKitapÖzlü sözleri eklemek istiyorsanız VikiSöz En çok sorulan...Burada Bulmak istediğim konuya nasıl erişirim? Gezinti Bir madde için ekleme yapacağım ama telif hakları sorunu ne olacak? Kaynaklar Madde hakkında nasıl tartışırım? Tartışma sayfasını kullanın Bir madde için yapıcı eleştiri nasıl yapılır? Tavsiye Bir kullanıcı ile sorunum var. Ne yapmalıyım? Nezaket   (saldırı yasaktır)   ve Sorun çözümü Kolay gelsin... Vikipedist  Zaten izliyoruz Batuhan, şu durumda bir sakınca yok, teşekkürler. Levent Abi ileti            ",0,0.0005387892597354949,0,tr
Verdiginiz cevabin benim elestrimle alakasi oldugu dusunmuyorum. Konu hakkinda fikirlerimi gerektiginde belirtiyorum; ancak yonetici olarak henuz konuya yaklasmadim. Benim istegim tartismanin saglikli ve gerilimsiz gecmesi; bu konuda herkesi sagduyuya cagiriyorum zaten. Sizden de paralele bir yaklasim beklerim. Citrat ,0,0.009077695198357105,0,tr
"Merhaba Sayın Gökçe Yörük. İstanbul haritalarını iptal edebilirim çünkü benim haritamda yalnızca Dosya:Istanbul-wiki.svg haritasındaki ilçeleri göstermişim. Arnavutköy, Ataşehir, Başakşehir gibi ilçeler bulunmuyor. Sizce bu haliyle mi yüklenmeli yoksa tüm bu ilçeler bulunmalı mı? İyi günler. ",0,0.00040953487041406333,0,tr
″Etçil ve yırtıcıdırlar. Aşırı pradetördür.″ Tekil mi çoğul mu? Öz Türkçe mi bozuk Frenkçe mi? Aşırı olan ne veya kim? Haklı ve makul eleştirileri silenlerden mi söz ediyoruz?,0,0.22936037182807922,0,tr
" 75px|left    DİKKAT    !    SON UYARI    !    Bu size yapılan son uyarıdır.    Vikipedi sayfalarına zarar vermeye devam etmeniz halinde    engelleneceksiniz   . Eğer engellenmek istemiyorsanız, başkalarının emeğine zarar veren bu tutumunuzdan derhal vazgeçin. Umut.AKatkılar ",0,0.03981262817978859,0,tr
"Lütfen engellermisiniz?    Cek Li Taran   mesaj  Yanlış yadıma salmadıysam iki hafta önce de aynı vandal tam 5 kez IP değişirip aynı mesajı kullanıcılara göndermeye çalışıyordu, cevap bile vermeye gerek yok, niyeti belli bir vandal, direkt engel veriyorum, neyseki çevrimiçi zamanıma denk geldi, öbür türlü durdurmak zor olurdu ",0,0.009252474643290043,0,tr
"Niye kafaya taktın ki Selimiye yi bu kadar? Diğer sultanlara katkılarını yap da görelim, nerden ediniyosun şu meşhur bilgileri. Unutma ki, oraya memleketini ve adını yazmam  hiçbir şey olmamasından iyidir . Ayrıca ben bunu Facebook ta görmedim, bu sayfanın geçmişinde vardı ben de geri aldım. Sen o SULTANA ve bana hakaretlerine devam et, engellenme uyarısı almışsın bile. Devam et devam, senin bu küfürlerinle Vikipedi de bize kalıcak oh olsun işte. Senin adını biliyorum ufaklık, asıl sen burayı değiştirerek egolarını tatmin ediyosun. Devam et bakalım nereye kadar gidicek. Ben kimlerle başa çıkmadım bu Vikipedi de, sen benim için çocuk oyuncağısın. Bişey bildiğini sanan, cahil bebek.",1,0.9035558700561523,1,tr
"Şu sayfadaki birçok bilgi yanlıştır. Düzelttim ama geri silindi. Bayezid-i Bistami Türbesi Hatay ın Kırıkhan ilçesindedir. Bunu fotoğraflarla ispatlayabilirim. Hatta internettende araştırabilirsiniz. Ama bu maddeye zamanında türbenin Tokat/zile de olduğunu yazan arkadaşta aynı ispat ve kaynağı eklemekle sorumludur (eğer vikipedi kurallarında kişiye göre yaptırım yoksa). Siz vikipedi yetkililerindende aynı hassasiyeti bekliyorum. Emree4  Merhaba. Maddede oldukça köklü bir değişiklik yapmışsınız; ancak hiçbir kaynak göstermemişsiniz bunları yaparken. Varsa kaynak bana mesaj olarak atın yahut maddeye ekleyin, en olmadı tartışma sayfasına yazın; gereken zaten yapılacaktır. Ama kaynaksız değişiklikleri reddetmek zorundayız takdir edersiniz ki. Kimin iyi niyetli olduğunu kimin olmadığını ayırt etmek çok zor. Bu konuda anlayışlı olacağınızı umuyorum. İyi günler, iyi çalışmalar.Rapsar da ne ki? ",0,0.0005941159906797111,0,tr
"foPen]]  selam, konu şikayet sayfasına taşınmış. köy çeşmesine bir çağrı bırakarak bu şikayete bağlantı verebilir ve incelenmesini sağlayabilirsin. karşılıklı konuşmayı sürdürmemenizi öneririm bu arada. kolay gelsin.    ki      bl   ",0,0.001546402694657445,0,tr
"Vikipedi de deneme yaptığınız için teşekkürler. Denemeniz çalıştı, ancak şu anda ya    geri alındı    ya da    silindi   . Başka bir deneme yapmak istiyorsanız lütfen    deneme tahtasını    kullanın. Ansiklopedimize nasıl katkıda bulunabileceğiniz hakkında daha fazla bilgi edinmek istiyorsanız    hoşgeldin    sayfasına bir göz atın. Teşekkürler. Erhan  Bu ileti,    Kardiyovasküler hastalıklar    maddesine yaptığınız değişiklik nedeniyle gönderilmiştir - Erhan ",0,0.0003409578057471663,0,tr
"40px|alt=|link=Değişiklik yaptığınız bir sayfa (Diyalektik Sorun Üzerine) Vikipedi:Silinmeye aday sayfalar/Diyalektik Sorun Üzerine sayfasında silinmeye aday gösterildi. Bir fikir birliği oluşana dek tartışma sayfası açık kalacaktır. Tartışmaya herkesin katılımını bekliyoruz. Maddede düzenlemeler yapabilirsiniz, ancak sayfanın üst kısmındaki silinmeye adaylık etiketini çıkarmayın. Teşekkürler.Maurice Flesier message ",0,0.0003203010419383645,0,tr
öncelikle merhaba güzel bir site yapılmış ama bir sorun var sivas doğu anadolu bölgesinde değil iç anadolu bölgesinde bulunan bir kent bu hemen düzeltmenizi talep ediyorum.,0,0.0008136727847158909,0,tr
"Yok canım, ben  izin  falan vermedim, bilgilendirilmedim, söyleyip yaptın! Neyse sen üzülme , öyle olsun, canın sıkılmasın, iyi çalışmalar. ",0,0.3783038258552551,0,tr
"Mesela ben bu mesajı yazarken hemen altında Kategori:Kerem 233 yazısı mevcut, bunu sayfanın en üstüne alırsan, mesaj yazılırken kimse görmez. Hedda Gabler ",0,0.0012682912638410926,0,tr
"Merhaba 85.103.16.33, Oluşturmuş olduğunuz Esra Sert adlı sayfa, Vikipedi nin hızlı silme kriterlerinden m1 uyarınca silinmeye aday gösterilmiştir. Sayfanın silinmeye neden aday gösterildiği ile ilgili daha fazla bilgi almak için, ilgili kriterde verilen açıklamaları okumanız önerilir. Bu uyarıyı gördüğünüzde sayfa silinmiş olabilir. Eğer sayfanızı bulamıyorsanız silme kayıtlarını kontrol edebilir ve sayfayı silen hizmetli ile irtibata geçebilirsiniz. Myrat ileti ",0,0.0009653203305788338,0,tr
"Selamlar, Şablon:Rizespor un Maçları şablonunda 1.Lig Öncesi Rizespor şeklinde bir başlık açmıştım ama madde şablonda kırmızı bağlantı olarak görülüyor. Kırmızı bağlantıya tıkladığımda maddeye ulaşabiliyorum ama şablon maddeyi yokmuş gibi kırmızı yapmış. Nedenini biliyorsanız ve bana yardımcı olursanız sevinirim. GaLyAlı ",0,0.00038987971493043005,0,tr
"   Hoş Geldin !    Merhaba, tamamen gönüllü katılımcıların çabalarıyla 250 dilde oluşturulmaya çalışılan ansiklopedinin Türkçe bölümü    Vikipedi    ye hoş geldin! Bu ansiklopedi beş ana madde üzerinde şekillenir, katkıda bulunmadan önce okumanızda yarar vardır. Katkıda bulunmaktan lütfen çekinmeyin. Vikipedi nin yazım kuralları basittir. Ne şekilde madde yazabileceğiniz biçem el kitabında ayrıntılı olarak açıklanıyor. Herhangi bir sorun olursa, yardım sayfalarına bakabilirsin. Diğer kullanıcılardan yardım istemekten çekinmeyin; yeni bir katılımcıya yardım etmekten mutluluk duyacaklardır. Tartışma ve kullanıcı mesaj sayfalarındaki yazılarınıza,   ansiklopedi maddeleri hariç  , lütfen imza atmayı   (   ~~~~   )   ihmal etmeyin. İletişim için Köy çeşmesiOrtak çalışma alanı Topluluk portalıTelif hakkı kaybolmuş bir eseri eklemek istiyorsanız VikiKaynakBir terimin sözlük açıklamasını yapmak istiyorsanız VikiSözlükBir şeyin nasıl yapıldığını tarif etmek istiyorsanız VikiKitapÖzlü sözleri eklemek istiyorsanız VikiSöz En çok sorulan...Burada Bulmak istediğim konuya nasıl erişirim? Gezinti Bir madde için ekleme yapacağım ama telif hakları sorunu ne olacak? Kaynaklar Madde hakkında nasıl tartışırım? Tartışma sayfasını kullanın Bir madde için yapıcı eleştiri nasıl yapılır? Tavsiye Bir kullanıcı ile sorunum var. Ne yapmalıyım? Nezaket   (saldırı yasaktır)   ve Sorun çözümü Kolay gelsin...    Dolphin   ileti ",0,0.0006260709487833083,0,tr
"kısacası üreme organlarının gösterildiği filmlerdir. ister cinsel birleşme olsun (hardcore), ister olmasın (softcore) erkek ve dişi üreme organları teşhir ediliyorsa bu pornodur. teşhir edilmiyorsa erotik filmdir.212.156.216.217 ",1,0.3646624684333801,0,tr
"Amoros ışıklandırmalı heykellerinde, üzerinde yapay adalar olan Titikaka gölündeki ‘Uros adaları’ temasını sıklıkla kullanmıştır. Amoros’un bu yüzen adaları ilk ziyaretinde tecrübe ettiği   ağırlık hissi ve duygusal bağ   deneyimleri onu çok etkilenmiştir. Bu adaların yapılmasında da kullanılan bu kamışlar evin yapı malzemesinden bot yapımına kadar çoğu yerde kullanılmıştır. Amoros bu kamışların şekillerini ve düzenlerini kendi ışık heykelciliğiyle birleştirmiştir.",0,0.0004033904115203768,0,tr
Katılıyorum bahsettiğiniz video https://vimeo.com/40721744  da koyulmalı. Zaten msn adreslerinin hacklenmesinden sonra başta yalanlamışlar daha sonrasında video ve msn adresinin kayıt tarihleri (2008) ortaya çıkınca kullanmadığımız bir msn adresi diyerek takipçilerine geçiştirmişlerdi. Redhackin eski takipçilerinden biriyim benim gibi bir çok kişi bu olaya şahit olmuştur. İlk msn adreslerini reddedip 2.adreslerini verdikten 1 hafta sonrasında bu durumu yaşamışlardı. 200.27.240.218 Makbule Tarhan,0,0.0009489983203820884,0,tr
"YAVERİ AVNİ BEY VAHİDEDDİNE ŞÖYLE SORDU: -PAŞAM.BİR GÜN ÜLKENİZE,VATAN TOPRAĞINA MUZAFFER OLARAK DÖNERSENİZ MUSTAFA KEMAL İ NE YAPARSI NIZ?,DİYE SORDU.SULTAN 6. MEHMED 1 DAKİKA KARDAR DÜŞÜNDÜ VE ŞÖYLE CEVAP VERDİ: -CEDDİM YAVUZ,İRAN SEFERİNDE YORGUNLUKTAN PADİŞAHI ÖLDÜRECEĞİNİ SÖYLEDİ. VE DAYANAMAYARAK PADİŞAHIN ATININ AYAKLARINA KAPILDI VE -PADİŞAHIM BEN SİZİ ÖLDÜRECEKTİM.BENİ AFFEDİN ,DEDİ VE AĞLAMAYA BAŞLADI. SULTAN SELİM İSE, ŞÖYLE CEVAP VERDİ: - BİZİM PADİŞAHI ÖLDÜRMEYE GÜCÜ YETEN YİĞİTLERE İHTİYACIMIZ VAR. ,DEDİ. İŞTE BEN DE BÖYLE YAPARDIM. MUSTAFA KEMAL İ AFFEDER VE VATANA GÖREV YAPSIN DİYE GÖREVLENDİRİRDİM.İŞTE O BÖYLE BİRİYDİ.",1,0.3312159776687622,0,tr
"Merhaba. Kusura bakmayın, harita bayağı gecikti. Ancak estetik bir görünüm kazandırmak epey zaman aldı. Fiziki haritaya buradan ulaşabilirsiniz. Bu arada Vikiproje:Ankara iyi olmaz mı? Başka bir isteğiniz olursa çekinmeyin. Merak etmeyin, bu kadar gecikmez:) İyi günler.       ",0,0.0050153122283518314,0,tr
"    Olabilir    Yerleşmiş bir tanım, nasılsa asıl önemli olan kuralları uygulayanın karakteri, bir isimle onu değiştireceğimizi hiç kimse düşünmüyordur. Fakat değişmesi de Vikipedistler üstünde etki yaratır mı? Bence yaratır.",0,0.0007895314483903348,0,tr
mesaj sayfama yaptığınız müdahale vandalizm olarak kabul edilir. lütfen reklam yapmak için kullanıcıların sayfalarını değiştirmeyinizDelamorena ,0,0.0013381775934249163,0,tr
ABD SALDIRACAK HİÇ BİRŞEY BULAMADIĞI İÇİN ŞİMDİDE BAYRAKLARA SALDIRIYOR SIRA NELERDE BENCE ABD UZUYDAN GELME BİR CEŞİT KIRMA DÖKME İÇİN YOLLANMIŞ YARATIKLAR ZATEN BUHŞ U YÜZÜNE BAKIN İNSANDAN COK HERŞEYE BENZİYOR ÖZELİKLE KAN EMEN VAM BİRE,1,0.9538592100143433,1,tr
 mesaj:Fenerli1978|Buyrun beniiiim?]]  Selamlar tekrar. Evet biraz uğraştıracak ama senede 1 kere yapılacak bişey. 2. lig ve 3. lig kesinlikle aklımda ama söz vermeyeyim yine de. Şimdiden iyi bayramlar bu arada. Teacher0691 (mesaj) ,0,0.000702752498909831,0,tr
":Resim:BedrirahmiBALIK.jpg kullanılmayan resim           :Resim:BedrirahmiBALIK.jpg    resmini yüklediğiniz için teşekkürler. Resim tanım sayfasında belirtildiği üzere resim adil kullanım resmidir ve Vikipedi de adil kullanım politikalarını sağlamak zorundadır. Şu anda bu resim hiçbir maddede kullanılmamaktadır. Eğer resim maddeden çıkarıldıysa, neden çıkarıldığını kontrol ediniz. Eğer kullanılabilir olduğunu düşünüyorsanız yeniden ekleyebilirsiniz. Ancak resmin adil kullanım politikasına kesin şekilde uyduğundan emin olunuz. Yüklediğiniz diğer resimleri kontrol etmek için bu bağlantıyı tıklayınız.    Hızlı silme kriterleri gereğince hiçbir maddede kullanılmayan adil kullanım resimleri işaretlendikten bir hafta sonra silinirler   . Sorularınız için Vikipedi:Medya telif soruları sayfasını kullanabilirsiniz. Teşekkürler.    Onur Kayabaşı       Sms    ",0,0.00026879122015088797,0,tr
"bilgisayarda çalışırken canım sıkıldı ve biraz kafa dağıtayım diye oyun oynayayım bari dedim google da kısa bir aramadan sonra super bir oyun sitesi buldum adı bombaoyun.com her tarafından reklam fırlamayan sade hoş tasarımıyla gözü yormayan, şiddet ögesinin barındırmayan ve en önemlisi oynanabilir test edilmiş kaliteli oyunlarıyla zamanın nasıl geçtiğini anlayamayacağınız bir site, herkese tavsiye ederim...Sitedeki kaliteli oyunlardan benim beğendiklerim şunlar: sihirli vuruş penguen dalışı kayak jack Bombaoyun (mesaj) bombaoyunBombaoyun (mesaj) ",0,0.0021858601830899715,0,tr
Be amınakouddumun çocuu kürdistan diye bi devlet mi var... pezevenk. Senin Nüfus Cüzdanında Hangi Devletin Adı Yazıyor?... Topunuzun amına koyiim... Topal Osman Ağa yanlış yapmış zamanında... Sırf soyunuz kurumasın diye 10 Kadın 10 Erkeği hayatta bırakmış. topalında amına koyiim sizinde pezevenkler....,1,0.47251975536346436,0,tr
"çok uğraştıran lüzumsuz zorluklarla dolu aptalca düşünülmüş bir proje viki benzerleri şuna bak hesabı siktirediyorum, o kadar yapışıklar ki düzenbazlar kapatılmıyor hesap. mmnna kdddmnnn vikipedisi ve türevleri hepsinin aq",1,0.6886497139930725,1,tr
" left|55px    Lütfen telif hakkı saklı içerik eklemeyiniz   . Vikipedi de telif hakkı saklı içerikler kullanılamaz. Unutmayın ki; Vikipedi Amerika Birleşik Devletleri Telif Hakkı Kanunu na tabidir ve söz konusu kanuna göre; yayımlanmış her türlü çalışma (aksi belirtilmediği sürece), sahibine otomatik olarak telif hakkı kazandırır. Sadece özgür lisanslı (Kamu malı, GÖBL, Creative Commons vs.) kaynaklardan içerik aktarmanız mümkündür. Daha fazla bilgiyi    Vikipedi:Telif hakları/SSS    ve    Vikipedi:Telif hakları    sayfalarında bulabilirsiniz. Unutmayınız ki uyarılara rağmen ısrarla telif hakkı saklı içerik eklemek bir Vikipedi suçudur ve Vikipedi kuralları (madde 8) gereği    engellenebilirsiniz   . Teşekkürler, iyi değişiklikler! Vikiçizer ",0,0.00023316052102018148,0,tr
Merhaba yine ben ve sayfa taşıma isteğinde bulunmak istiyorum. Angel (Buffy the Vampire Slayer) adındaki sayfanın Angel (Buffy evreni karakteri) sayfasına taşınmasının doğru olacağını düşünüyorum çünkü parantez içinde Buffy the Vampire Slayer yazınca sanki sadece Buffy the Vampire Slayer dizisinde rol almış gibi duruyor. Ama bu karakter başka Buffy evreni spin-off larında da yer aldı. Bunu dikkate alırsanız sevinirim. İyi vikiler. HastaLaVi2 (mesaj) ,0,0.0004588236624840647,0,tr
":Kategori:YerelNET koyid bilgisi içermeyen köyler altındaki bazı sayfaların Vikiveri öğeleri yok. Halbuki var aslında Vietnamce sürümleri ile de bağlı. Bizdekiler oraya bağlamanın kolay bir yolu(Bot/Tool) var mı? Örnek: Akarçay, Almus Q10731226 ",0,0.00038025446701794863,0,tr
"Açıkçası benim konu ile ilgili fikrim yok, zaten tespit ettiklerim konudan ziyade maddenin kendi içindeki problemlerdi. En son Sigitolo uğraştı bir miktar. Onu da ben bıktırdım sanıyorum ). Kendisi belki yardımcı olmak isteyebilir. Selamlar Coriolis  Bugun biraz vakit harcadim, bastan sona gozden gecirdim maddeyi, ingilizcesi ile karsilastirdim. Sinav donemi giriyorum bir daha bu kadar uzun sureli bakamam herhalde. Konu ile ilgili bilgim sinirli, sadece ingilizcesine bakarak ve temel vikipedi kurallarina uymaya calisarak bir iki problemi daha su yuzune cikardim gunahimla sevabimla. Bundan sonrasini arkadaslar halleder saniyorum. SelamlarCoriolis  Elinize sağlık, çok iyi yapmışsınız, astronomi bilmeden de yapılabilecek ve yapılması gereken şeylerdi bunlar, az evvel ben de sizin gözünüzden kaçan bir-iki düzeltme daha yaptım. En azından astronomi bilen birisinin maddeye müdahale edebileceği bir hale getirdiniz, bu dahi çok önemli bir katkıydı. Umarım ileride, sınavlarınızdan sonra zamanınız daha müsait olursa, bu tür kontrolleri başka seçkin madde adayları için de yapabilirsiniz. Sınavlarınızda da başarılar dilerim.İnfoCan ▀ ",0,0.0006177879986353219,0,tr
" · (mesaj · · silinenler · tüm vikiler · sayaç · oluşturulan sayfalar · [ günlükler] · [ engel günlüğü] · [ liste]) (   kullanıcı haklarını değiştir   ) Merhaba Editör başvurusu bulunma amaçlarımdan birçoğu var ancak bir kaç tanesini açıklıyıcam.Öncelikle vikipediye 4 ay önce kaydoldum ama uzun zamandır kullandığım bir ansiklopedi olduğundan dış içeriğini zaten biliyordum ve 4 ay önce kaydolsamda paylaşım yapmaya aktif olarak 1 hafta önce başladım ve 1 haftada yeni bir kullanıcı olarak azımsanmıycak paylaşım yaptığıma inanıyorum ama biraz hırslı olmamdan kaynaklanıcak ki vikipedi başta karmaşık gelsede genellikle yardım sayfasından değil başka sayfalardan görerek paylaşım yapmaya çalıştım.Kaynak gösterme,anlam ayrımları,bilgi kutuları,yazım şekilleri derken bir madde hazırlamadaki bütün ibareleri öğrendiğime inanıyorum ve artık önceden 1.5 saatte saniyede bir bak yap şeklinde yaptığım maddeleri şuan max. 20 dk. yapmamla birlikte artık editör olabilecek kapasitede olduğum öngerüsüne vardım ve bu yüzden editör başvurusunda bulundum.Editör olamasamda madde açmaya devam edicem ama sürüm kontrolü editörlerin meşgul olmasından dolayı süreleri çok uzuyor bu yüzden en azından sayfalarımın onayını en azından editör olmassam yapmaanızı rica ederim...—   Bu imzasız yazı Kothreqer tarafından eklenmiştir.   ",0,0.0006053044926375151,0,tr
"İngilizce de Holy Bible ı (Kitab-ı Mukaddes) hatalı olarak Gospel    (İncil) diye çevirebiliyorlar. Yada bazen Holy Bible, New Testament, Old Testament kelimelerinin her üçü için de    Gospel    kelimesini kullanabiliyorlar ama bu doğru bir kullanım değil. Kullanılması çok yanlış olmaz ama kavram karmaşasına neden olur. Örneğin  Fatiha Suresi  Kur anın bir parçasıdır ama kendi başına Kur an değildir. Fatiha da geçen bir konu işin  Kur an da yazıyor  diyebiliriz ama daha doğrusu  Fatiha Suresi nde yazıyor  demektir. Ama Eski Antlaşma kitaplarından bahsederken  İncil de diyor ki  ifadesini kullanmak her durumda yanlıştır. Wisdom ",0,0.0005719804321415722,0,tr
"Aklıma gelmişken; en üstte yer alan  tercihlerim e tıkladığınızda ham değişiklik sayınız görünüyor. Bunun diğeriyle arasında bir fark var, ama ne olduğunu bilmiyorum.. Levent Abi ileti            ",0,0.0008027813746593893,0,tr
"Gene dayanamayıp oturum açmadan girdim ki ne göreyim, kadayıfın en kaymaklı dilimini yedi diye dedikodular dönüyor ortalıkta! Ben de sana iş çıkarmaz mıyım, şöyle bir adil kullanım galerisi var. Silersen unutacağım bu meseleyi. Kolaylıklar, görüşmek üzere. 88.248.90.47 ",0,0.3133675754070282,0,tr
Bu konu üzerindeki değişiklik savaşı konusunda mesajınızı aldım. Aynı tartışma metnini Tartışma:Erke Dönergeci konusunda da görebilirsiniz. Kopyala yapıştır yapılmış durumda. Konunun başlangıcında bu imkansızdır yapılamaz şeklinde bir başlangıca destek verecek yalanlama yazıalarına müsade edemem. Zira konu ispatlı olmasına karşın farklı bir boyuttan dolayı geri planda kalmaktadır. Günümüz sistemininde aklın öne çıkması yerine ezbercilikle prim yapanlara şarlatan dememe kızmanızı anlayamadım. Konuyu özümseyenler yanında vandalizm yaparak baltalamaya çalışmak hoş değil. —   Bu imzasız yazı Bilim41278 (mesaj•katkılar) tarafından eklenmiştir.   ,0,0.002918761223554611,0,tr
Mb16.jpg lisans sorunu 64px|left|Dosya telif problemi    Mb16.jpg    adlı dosyayı yüklediğiniz için teşekkürler. Ancak dosyanın tanım sayfasında telif statüsü hakkında yeterli bilgi bulunmamaktadır. Vikipedi telif haklarını çok ciddiye alır.     Lisans  ve  kaynak  bilgisi eksik olan dosyalar hızlı silme kriterleri gereğince işaretlendikten 7 gün sonra silinirler.    Eğer dosyanın lisansını biliyorsanız    telif etiketini ekleyiniz   . Yüklediğiniz diğer dosyaları kontrol etmek için bu bağlantıyı tıklayınız. Sorularınız için Vikipedi:Medya telif soruları sayfasını kullanabilirsiniz. Teşekkürler. Reality ,0,0.0002589292998891324,0,tr
" literatürde yeri olan, onlarca viki dilinde yeri olan bir maddeyi sadece kaynaksızlık yüzünden silinmeye aday göstermek vikipedist ve ansiklopedist bir davranış olmaz. lütfen beğenmediğiniz maddeleri silinmeye aday göstermekten vazgeçin.    kibele    ",0,0.007425437681376934,0,tr
Böyle olması gerekiyor zaten tüm ilçeler artık alt kategori olarak çıkıyor. Şablonun değişmesi söz konusu olamaz.Namikase ,0,0.0009505552588962018,0,tr
"Merhaba. Wikimania nın tartışma sayfasında konferans salonu ile ilgili görüşme yapabileceğinizi belirtmiştiniz. Fırat Kültür Merkezi ile bir görüşme yapabilir misiniz? Malum, konferans salonu projenin en önemli parçası, konferans salonu olmazsa diğer yaptıklarımızın hiçbir anlamı olmaz. 82 ~145 ileti  İlk başta politik ve siyasi makamlarla görüşmeyi planlıyordum. Sonuçta en büyük sponsorluğu bu makanlardan alacağız. Bu hafta içerisinde birebir görüşme için çalışacağım, konferans salonu görüşmesi de bunun içerisinde.    n a z i f i l b e k    ✍ ",0,0.0013696403475478292,0,tr
Bu arada izninizle maille gönderdiğiniz yazışmaları mesaj sayfama aktarıyorum. Tekrardan kolay gelsin.    Onur Kayabaşı       Msj    ,0,0.003286545630544424,0,tr
"Günün maddeleri dört gündür ana sayfada. Bu gidişle haftanın maddeleri olacaklar. Güncellenebilir mi? 82 ~145 ileti  öneri: günün seçkin maddesi. 21 mart Aceba Nevruz eklense maksulu olurmu? Bence faydali olur. Ayrica herkesin nevruzu allah tarafindan mübarek olsun Alsace38  kimse ana sayfadaki günün maddelerini okumuyor galiba yazan/düzelten olmamış,  Jodaeiye Nader az Simin,    [   Asghar Farhadi tarafından  cümlesinde    [    arada kalmış. kolay gelsin.Hedda Gabler ",0,0.0007340837037190795,0,tr
Merhaba arkadaşlar yaklaşık 20 günün sonunda nihayet geri dönebildim. seksen çok güzel bir çalışma yapmışsın özellikle yeni katılımcılar için merak uyandırıcı bir tasarım olmuş ayrıca yılın birincisi ödülü de gayet güzel eline sağlık. Yeni yıla girerken yeni bir yüz iyi olacaktır. Bunun yanında yeni yılın ilk projesi de özel olmalı diye düşünüyorum. ,0,0.0008715208969078958,0,tr
Rica ederim. Kullanıcı adınızı Çağatay olarak değiştirmeye karar verirseniz bu sayfada başvuru yapmanız yeterli. İyi çalışmalar Pinar ,0,0.00047182428534142673,0,tr
" Bizde de örneği bulunmakta. Adlandırma konusunda buna benzer bir madde oluşturabilirsin tabii ki. Yalnız maddeleri açarken örnekteki gibi giriş paragrafı yazarsan daha iyi olur, aksi halde silinebilirler.Rapsar ",0,0.0009806606685742736,0,tr
":Resim:Nightbeforechristmas.jpg için adil kullanım gerekçesi          :Resim:Nightbeforechristmas.jpg    resmini yüklediğiniz için teşekkürler. Yüklediğiniz resin adil kullanım politikasına uymak zorundadır ancak bu politikaya nasıl uyduğunu gösteren bir açıklama veya gerekçe bulunmamaktadır. Resim tanım sayfasına, kullanıldığı her madde için ayrı ayrı olacak şekilde bir    adil kullanım gerekçesi    yazmalısınız. Yüklediğiniz diğer resimleri kontrol etmek için bu bağlantıyı tıklayınız.    Gerekçesi eksik olan adil kullanım resimleri hızlı silme kriterleri gereğince bir hafta sonra silinirler.    Sorularınız için Vikipedi:Medya telif soruları sayfasını kullanabilirsiniz. Teşekkürler. |} İyivikiler...    homonihilis    //    ileti    ",0,0.0003238906792830676,0,tr
"Sanalog güçlü bir kişisel yayım platformudur ve internette bir yayımcı olarak kullanıcının tecrübesini mümkün olduğu kadar çekici hale getirmek için tasarlanmış özellikler ile gelmektedir. Özgürce dağıtımı yapılan, standart, hızlı, hafif ve kişisel ayarlarıyla ve tamamen istenilen özelliklere göre değiştirilebilir çekirdeğiyle bir yayım platformu sunmaktadır. Bunun yanında her kullanıcı kendi ihtiyaçları doğrultusunda temalar üretip kullanabilmektedir. Bütün bunlara ek olarak, Sanalog üzerine geliştirilen çok sayıda eklenti kullanılarak hiçbir yazılım bilgisine sahip olunmadan çok hızlı bir şekilde sadece blog değil, e-ticaret veya sosyal medya platformu haline getirilebileceğidir.",0,0.0003199994389433414,0,tr
"Bu metinde çok yapılan bir dil yanlışı var.    Türkçe de çoğul eki olan -ler, yalnızca eklendiği sözcüğü çoğul yapar.    Bu durumda, bu kategori adına göre, yalnızca   akım   çoğul olmuş:   akımlar  . Diğerleri ise tekil. Oysa, yazanın niyeti aslında hepsini de çoğul yapmak ve sondaki -ler in yeterli olduğunu sanıyor. Muhammedcimci ",0,0.00101736921351403,0,tr
"Merhabalar, Ana Sayfa nın dinamik içerik şablonunda ufak bir değişiklik yaparak Kosova maddesinin  Balkanlarda yeni bir devlet  başlığını  Kosova bağımsızlığını ilan etti  olarak değiştirdim. Biraz habersel kaçtığının farkındayım fakat  Balkanlarda yeni bir devlet  başlığı VP:TBA ihlâli doğurmaktadır. Bu ülkenin tanınabilirliği sancılı bir süreçtedir, Sırbistan başta olmak üzere birçok ülke tanımayacaklarını ilan etmişlerdir bu durumda bu ülkenin tanınabilirliğini vurgulayacak  devlet  tarzı bir ibare Vikipedi yi bu tanıma tartışmalarında taraf kılar. Oysa Vikipedi tarafsızlık politikası gereğince ülkelerin diğer ülkeler tarafından tanınmaları ve tanınmamaları durumunda tarafsızdır; bunları ne tanıdığını ne de tanımadığını gösterir, 3. parti olarak kimlerin tanıdığını kimlerin tanımadığını belirtir. Tüm bu sebeplerden ilgili değişikliği yaptım, daha uygun ve    tarafsız    isim önerisi olan varsa değiştirilebilir ama geri alınması VP:TBA ihlâli doğuracaktır. Teşekkürler, iyi çalışmalar... - -    nou   menon    ʘ    mesaj ",0,0.0002807588898576796,0,tr
- saçmalık. adnan menderes bir toprak ağasıydı. köylülün andınlanmasını istemiyordu. (etrafındakilerle beraber) bu yüzden kapattı köy enstitülerini. iftira atıyorsun. dikkat et.,1,0.38294389843940735,0,tr
"Selam Ben sana ölüyorum. Diyapazon olduğunuzu söylüyorsunuz ve sanırım şifresini unuttuğunuz için hesabınızı kaybettiniz, bu arada isterseniz devriyelik başvurunda bulunabilirsiniz    İnternion   msj  Selam, devriye olmak istemediğim için (başka sebepler de var) yeni hesap açtım. Beyaz listede olmak bana yetiyor. Ben sana ölüyorum (mesaj) ",0,0.07767762243747711,0,tr
herkese slm ben akca koylu cevat atmaca ben ankarada ıkamet etmekteyım köyumu ve köylulerımıi sever ve sayarım yalnız her nedense benım köyumde bırlık beraberlık cok az nedenini bilmiyorum yinede benim köyum her şeyiyle bir baska guzel NOT ismini anmadan gecemeyecegim bir buyük abimide herkesin hatırlamasını istedigim sayın rahmetlı muharem amcayıda saygıyla anıyorum cunku her yıl köyumüze geldiginde birseyler yapmıstır örnek cınar allah rahmet eylesın saygılarımla cevat ATMACA 0536 335 80 67,0,0.009830343537032604,0,tr
"Megastarkan isimli arkadaşa soruyorum, acaba Tarkan hakkında yazı yazıp madde yazmaktan başını kaldırıp, başka birşeyler yapacak mı? Kendisine, açtığı  Megastarkan  maddesini Tarkan Tevetoğlu maddesi ile birleştirmesini tavsiye ediyorum, eğer bu düzeltilmezse, bende, Sezen Aksu için Minik Serçe, Gönül yazar için Taş Bebek diye madde açacağım. Müslüm Baba, içinde, Orhan Baba içinde, aklıma ne gelirse artık, Ajda pekkan için de süperstar! aa evet evet! neden olmasın ki? Rüçhan Özcüler ",0,0.001902528339996934,0,tr
" left|50px|Uyarı Lütfen Vikipedi nin  kişisel saldırı yasaktır  politikasına bir göz atın. Bireyler, kurum-kuruluş ya da oluşumlar üzerine değil,    içerik    üzerine yorum yapın. Hakaret ve kişisel saldırılar sadece topluluğa zarar vermekle kalmaz katılımcıları da caydırır. Unutmayınız ki, kişisel saldırılar, toplulukta yaratabileceği rahatsızlık sebebiyle engellenmeye yol açabilir. Lütfen soğukkanlı olunuz ve değişiklik yaparken bunu aklınızdan çıkarmayınız. -    Vito Genovese    ",0,0.0006421173457056284,0,tr
TÜRKİYE BU DÖNME DOLAPTAN NASIL KURTULUR.HUKUKUN HERKEZE EŞİT UYGULANMASIYLA.VE BAŞLANGIÇ OLARAK SEÇİM SİSTEMİNİN DEĞİŞMESİ GEREKİR ANTALYADAN BİRİNİN ÜSKÜDARA GELİP MİLLET VEKİLİ ADAYI OLMASI İLE OLMAZ.ÖRNEK PARTİ ÜSKÜDARDAN ÖN SEÇİM YAPMASI GEREKİR ÜSKÜDARDAN MİLLET VEKİLİ ADAYI OLACAK ŞAHISLARDAN GEREKLİ BELGELER ALINIR BU ŞAHISLAR RASİMLİ KİŞİSEL BİLGİLERİYLE BİRLİKTE İNTERNET VE BASIN YOLUYLA DUYRULUR VE ÜSKÜDAR HALKINDAN YİNE BU ADAYLAR İÇİN OYLAMA İSTENİR EN YÜKSEK OYU ALAN ADAYDAN BAŞLAYARAK SIRALAMA YAPILIR İŞTE HALKIN GERÇEK ADAYLARI ORTAYA ÇIKAR VE MECLİSE GİTİGİNDE GELDİGİ BOLGEYİ ADAM GİBİ TEMSİL EDER SIRF SEÇİM SİSTEMİNİN DEĞİŞMASİYLE HERŞEY DÜZELMEZ AMA İPİN UCUNU YAKALAMIŞ OLURUZ İKTİDARA KİM GELİRSE GELSİN TEMELDE DEĞİŞİKLİK YAPILMASA DÖNME DOLAP GİBİ GİDER GİDER AYNI YERE GELİRİZ,1,0.5138776898384094,1,tr
"hangi sivrizekyalının ürünü bu Avro kelimesi? Önce halka danışılması gerekilmez miydi? Bir kere zaten Türkçe ye uygun değil; iki tane sessiz yanyana gelmiş; telaffuzu zorlaştırıyor. İkincisi aklıma hep kıro lafını getiriyor. Bu maddenin Euro olarak yeniden adlandırılmasını istiyorum. Kim nasıl telaffuz ederse etsin. Biz Euro diye yazalım da. Şimdi, bu madde Euro diye yeniden adlandırılsın mı? Kimler kabul ediyor? Kimler karşı? darkhorn ",1,0.01334295142441988,0,tr
:en:Image:Planetary society.jpg resmini Carl Sagan maddesi için vikipediye eklemiştim. Resim:Planetary society.jpg resmi için bu şablon müsait. bu yüzden silinmesi kanımca uygun olmayacaktır. sil şablonunu kaldırarak çevirisini yaptım. fcn ,0,0.0005593424430117011,0,tr
Category:Foreign Members of the Russian Academy of Sciences Burada bazı Türkler de var71.191.3.59  Ecnebi tabiri ne kadar uygundur? Nukteolog Mesaj ,0,0.0017349411500617862,0,tr
O zaman şöyle diyeyim. Soğukluk nedir? Sana göre kaç derece soğuktur? Alaska daki bir arkadaşa göre soğukluk nedir? Anlatabildim sanırım.RapsarEfendim? ,0,0.002162648132070899,0,tr
abi tembel ejderha niye böyle yapiyosun dediklerim dogrudur yani.biz hepsini taniriz. ve rajona uygun bir iki laf ettik diye niye siliyosunuz.biz insan degilmiyiz abi ya ...bizim de düsüncelerimiz var...ne desek bos diyosun,0,0.16464750468730927,0,tr
"Köy maddelerini düzenliyoruz fakat şimdiye kadar 10 maddeyi inceledim. Muhtarlık başlığını kaldırınca her şey ip söküğü gibi kolay oluyor. Tam 3.208 köy maddesinden muhtarlık başlığını kaldırdım. 15 dakikada 300-400 sayfa oluyor. Daha binlercesi var. ) Uğurkentmesaj  Muhtarlık başlığını botla kaldırman bize madde düzenlerken en fazla 10 saniye kazandırıyor zira muhtarlık kısımlarını hiçbir veriyi dikkate almadan direkt kaldırarak maddeyi düzenlemeye devam ediyoruz. Hevesini kırmak istemem ama muhtarlık başlıklarını kaldırmak yerine tek tek madde düzenlemek projenin hızını daha da arttıracaktır. Yine de, katkın için teşekkürler ama daha büyük katkılar verebilirsin ",0,0.0004439119074959308,0,tr
"Yanlışlıkla olmuş. Bilgisayarım garantide, cep telefonunun dokunmatik ekranı nadir de olsa yanlışlığa neden oluyor kusura bakmayın.   KediÇobanı  🐈 ",0,0.017016245052218437,0,tr
"Yoj yahu süper kelimesini telifine mi aldı, kullanamayacak mıyız bundan sonra ).resim telifli hocam sitede hiçbirşey yazmıyorsa © işaretiyle aynıdır.Özgür lisanslı resimler varsa onu kullanman lazım.Olmadı acile gidip üç-beş tane çekelim )   Mach   iavelli msj ",0,0.003682880662381649,0,tr
" 75px|left    DİKKAT    !    SON UYARI    !    Bu size yapılan son uyarıdır.    Vikipedi sayfalarına zarar vermeye devam etmeniz halinde    engelleneceksiniz   . Eğer engellenmek istemiyorsanız, başkalarının emeğine zarar veren bu tutumunuzdan derhal vazgeçin. Umut.AKatkılarım ",0,0.01885223016142845,0,tr
tarafsız bir gözle olayları değerlendirmek gerekirse madde konu başlığının  Dersim Olayları  adıyla konunun adlandırılması gerekmektedir (78.184.184.14 ),0,0.0005328302504494786,0,tr
"Merhaba Takabeg, vikipediden soğuma riski hoş değil. Biliyorsunuz bir çok kullanıcı zaman içinde bir çok vikipedi kuralını öğreniyor, uyguluyor. Sert tedbirlerin her zaman iyi sonuç verdiğini düşünmüyorum. Maddeyi 24 saat korumaya aldım ve izleyeceğim. Maddenin tartışma sayfasında değişikliklere dair olması gereken bir tartışma ortamı yok...Kullanıcının tüm uyarılara rağmen herhangi bir engel kaydını görmedim. Şikayet etmek sizin kararınıza kalmış, öteden beri bu konularda tartışmanız olduğunu biliyorum...Şimdilik en nazik uyarıyı siz yapmışsınız, madde de korumaya alındı, bekleyelim, görelim. Sıkıntı devam ederse şikayet etmekte tereddüt etmeyin...İyi çalışmalar, hoşcakalın...Vikiçizer ",0,0.005513646639883518,0,tr
"Sayın Citrat, bu ilginize çok memnun oldum. Bu konuda size çok katkım olur inşaalah. Bedavadan verdiğimiz Rumeli Beylerbeyliğindeki ilçelerin eski adları ve yeni adlarını tek bir haritada işleyebilirmiyiz? Acaba böyle bir çalışma başlatsak nasıl olur? Mesela; bende Kayılar sayfasına koyduğum eski harita ve yeni harita var acaba ondan başlayabilirmiyiz?3210mesaj ",0,0.00041866014362312853,0,tr
Hacettepe mezunuyum hanfendi ama çok başarılı bir öğrenci değildim...Ezber sisteminden nefret ettim...Ancak baktım olmayacak herşeyi ezberleyerek mezun olabildim...Ancak okul sonrası eğitim ve gelişmeden yanayım... bu arada hacettepenin babil kutusunu bulamadım var ise benim kutulara eklerseniz sevinirm... bir de neden terkettiniz eczacılığı???MULAZIMOGLU ,0,0.08118247240781784,0,tr
"Merhaba Doruk, kısaca subst: şablonun içeriğinin normal şartlarda o fonksiyona girilen değişkenler sonucunda ekranda görülen görüntüye ait kodları sayfaya kaydediyor. Avantajı ise, hoşgeldin gibi çok defa kullanılan şablonların (bunlar genelde uyarı veya bilgilendirme amaçlı oluyor), her defasında tekrar işlenmesini engellemek için oluyor:) Avantajları gereksiz yere sunucunun yorulmasını engellemek, şablonda bir değişiklik yapıldığında kullanıldığı tüm sayfaları dolaşarak güncelleme gereksinimi olup olmadığını kontrol etmek gibi konular. Hemen bu yazıyı yazarken üstte gördüğüm kutulu ileti şablonu da bu yapıya uyuyor sanırım. Umarım gerekli cevabı verebilmişimdir:) İyi çalışmalar Ugur Basak     mesaj      ",0,0.00034067852539010346,0,tr
thumb|left|1000px thumb|left|1000px thumb|left|1000px thumb|left|1000px thumb|left|1000px thumb|left|1000px thumb|left|1000px thumb|left|1000px thumb|left|1000px thumb|left|1000px thumb|left|1000px thumb|left|1000px thumb|left|1000px thumb|left|1000px thumb|left|1000px thumb|left|1000px thumb|left|1000px thumb|left|1000px thumb|left|1000px thumb|left|1000px,0,0.0006668693968094885,0,tr
"Bu arada maddede sağ üst köşede bulunan nobel şablonu büyük yer kapladığından seçkin içerik yıldızı gözükmüyor. Belki şablonu değiştirmek gerekebilir veya seçkin madde olan maddeler için yeni bir nobel şablonu yapılabilir. Bu sıralar yoğunluğum sebebiyle pek ilgilenemiyorum, vaktin olursa, ilgilenirsen sevinirim. Sagyılar.   Mach   iavelli msj ",0,0.001169629511423409,0,tr
"Arkadaş yıllardır kararını vereceğiz, bir türlü karar veremedik. Birisi diyorki suyla çalışan otomobil yaptım, yok önce karar almalıyız, şimdilik mazotla çalışan arabayla idare ediyoruz, nasılsa ikisi de bizi götürüyor. Bizimkisi de aynı mantık. Urfada oxford vardı da biz mi gitmedik, yeni ana sayfa tasarımı vardı da biz mi karşı çıktık. Karşı çıkan yoktu, ama destekleyen de yoktu. Tartışma ortada kalıyor, sonra arşivlenip kaldırılıyor. Gaza geldim, ben de bir tasarım yapıyorum. Yarına hazırlıyorum. Sadrettin (mesaj) 09:49, 13 Ekim",0,0.0004595872887875885,0,tr
"Yardımınız için çok teşekkürler, gerçi güvenilir haber ve kaynaklar koymuştum ama tekrar deneyeceğim. Bu sene turnuvaya mutlaka katılın bekleriz! Ecem Sinan (mesaj) ",0,0.0004129651642870158,0,tr
"Gece, Yasama dokunulmazlığı maddesiyle ilgilendiğinizi gördüm. Bir konuda fikrinizi almak isterim. VP en. de    Yasama bağışıklığı    maddesi içerisinde açıklanmış    Yasama dokunulmazlığıyla       Yasama sorumsuzluğu   . Hem VP en in tam karşılığı olması hem de daha kapsayısıcı olması açısından böyle yapmak daha mı doğru olur? Yoksa her biri için ayrı madde mi açılmalı? Kolaylıklar.Xyz... ",0,0.0004988061264157295,0,tr
"Selam. Orhan Gencebay maddesinde yer alan Dış Bağlantılar kategorisini toptan silmişsiniz ve gerekçe olarak da   Vikipedi dış bağlantı deposu değildir   diye yazmışsınız. Dış Bağlantlar bölümünde madde ile ilgili kaynak içeren dış bağlantılara yer verilir. İlgisiz bağlantılar doldursam ne âlâ, silin. Ama o bölümde madde (Orhan Gencebay) ile ilgili önemli web-sitelerinin bir listesi yer alıyordu. Ortada bir abeslik var. Dış Bağlantılar bölümü ne işe yarar söyler misiniz o halde? Toptan kaldırmak da ne demek oluyor? Tatmin edecek bir açıklama bekliyorum. yasakresim ",0,0.0017889412119984627,0,tr
Soruya cevap:Yönetici olmak istiyorum ve bunun için bir denemedir anket.Zaten Eğer kazanırsam genç bir yönetici olurum bu da harika olur.Saygılarımla.Simon Bolivar ,0,0.0011644967598840594,0,tr
Sözde Türklerin şu an ki yaşadığı bölge. Orta Asyadan gelmiş bir izlenim veriyor mu? Ne dersiniz? thumb|Türklerin yaşadığı bölge Hiç Orta Asyadan gelinmişe benzemiyor. Orta Asyadan gelenlerin çok az olduğu buradan çok belli oluyor,0,0.003702725749462843,0,tr
"Merhabalar, Aynı konuyla ilgili olarak sizin başınıza ekşiyeceğim ) Umarım sakıncası yoktur. Lord Soth isimli maddeyi elimden geldiğince düzenlemeye ve geliştirmeye çalıştım. Düzenle şablonunu siz koymumşsunuz bu nedenle kaldırmadan önce fikrinizi almak istedim. Eğer uygun görürseniz şablonu kaldıracağım. Eğer uygun görmezseniz neler yapmam konusunda fikir verirseniz harika olur. Şimdiden vakit ayırdığınız için teşekkür ederim ve iyi çalışmalar dilerim.Barbarianclone  - Merhabalar, Öncelikle tebriğiniz ve zaman ayırdığınız için teşekkür ederim. Gördüğüm kadarıyla vikipedi de fantastik edebiyatla ilgili doldurulması gereken çok fazla bölüm var. Zamanım oldukça ve aklımı toparlayabildikçe bunları ekleyeceğim. İlgili maddedeki kırmızı bölümler bu doldurmada ilk sırayı alacak. Sizin gibi arkadaşlar olduktan sonra burada uzun soluklu ve üretken olmamak imkansız. Bu konuda son birşey sorup son kez başınızı ağrıtacağım ) Sizin tanıdığınız birlikte çalışarak fantastik edebiyatı geliştirebileceğim başka vikipedistler var mı? Yada ne şekilde onlara ulaşabilirim? Şimdiden cevabınız için teşekkür eder ve iyi çalışmalar dilerim.Barbarianclone ",0,0.0033449758775532246,0,tr
"Sayfaları açtıklarında 20 yaşındalarmış, 18 yaş altı değil ama sileriz, dönerlerse istedikleri gibi kendileri tekrar açarlar. Öyle yapalım o zaman. Vikiçizer (mesaj) ",0,0.07123252004384995,0,tr
"25px|alt=Bilgilendirme simgesi Merhaba, ben . Fark ettim ki III. Murad adlı maddede değişiklik yaptın fakat bu değişiklik için güvenilir bir kaynak sağlamadın. Değişikliğin maddenin geçmişinde arşivlenmek kaydı ile şimdilik silindi. Eğer bir kaynak sağlayarak bilgiyi eklemek istersen lütfen yap! Eğer kaynak gösterme için yardıma ihtiyacın varsa kaynak gösterme yardımcısına göz atabilirsin. Eğer hatalı olduğumu düşünüyorsan veya sormak istediğin bir soru varsa aracılığıyla benimle iletişime geçebilirsin. Teşekkürler! ",0,0.00030923038139007986,0,tr
"merhaba, hazırladığınız sinema film künyesi gerçekten güzel ilerliyor, fakat standart olarak bütün maddelerde yer alacak bir film künyesinin çok detaylı olmaması taraftarıyım. Dağıtım şirketi, bütçesi, yapım şirketi önemli fakat bu detaylardan madde içinde de bahsedilebilir. Sağ tarafın sadece temel unsurları içermesi daha iyi olur diye düşünüyorum. Benzer bir açıklamayı Şablon tartışma:Film Künyesi`nde de yapmıştım, siz ne düşünüyorsunuz? Saygılar. 16 ",0,0.00032137587550096214,0,tr
" 50x50px|leftVikipedi ye hoşgeldiniz. Herkesi ansiklopedimizin gelişmesine katkıda bulunmaya davet ediyoruz. Katkıda bulunma hakkında daha fazla bilgi almak için hoşgeldiniz sayfasına göz atabilirsiniz. Bununla birlikte, gelişmeye katkıda bulunmayan, boş, hakaret vb. değişiklikler    vandalizm    olarak tanımlanır ve eğer bu tavrınızı sürdürürseniz daha fazla uyarılmadan    engellenebilirsiniz   . Lütfen, diğerlerinin emeklerine zarar vermek yerine ansiklopedimizin gelişmesine yardımcı olun. Teşekkürler. Filanca ",0,0.0004490974824875593,0,tr
"~ birde türkmen cephesi diye osuruktan bir örgüt kurmuşlar ırakta, adı ırak türkmen cephesi. )88.231.17.136 ",0,0.6194448471069336,1,tr
"Merhabalar, Bazı terimler konusunda Türkçe sorunu(m) var. Bibliyoloji, Kristoloji, Eskatoloji ve Pnömatoloji terimlerinin kullanıldığını gördüm, o nedenle bu terimleri kullanmakta çekinmedim. Fakat Angeloloji, Hamartiyoloji ve Soteriyoloji pek bir aklımı karıştırdı, zira arama yaptığımda ciddi bir teoloji makalesinde vb. bu sözcüklere rastlamadım. Uygun sözlük de yok bakacak? Sanırım bu dallar hiç Türkçeleştirilmemiş... yanlarında yazan Türkçe karşılıkları da kendim yazdım, normalde o tür tanımlamalar yok -   incil bilim   dışında   sanırım  , zira daha önce   incil bilim   terimini duymuştum, böyle bir terim var olabilir. Konu hakkında bilgisi olanlar katkıda bulunursa güzel olur. - Kubra ",0,0.0003743745619431138,0,tr
"Merhaba, Size çok teşekkür ederim. Beni motive ettiniz. Bende Vedat hocanın sayfasına gerekli tüm kaynakları buldum ve ekledim. Hepsi kayda değer düzgün kaynaklar. Antmqr adlı yönetici titizlikle kontrol etti ve kararını olumluya çevirdi. Madde gerçekten güzel görünüyor şimdi ancak diğer yönetici sanırım halen olumsuz olsun sonunda emeğin karşılığını bir şekilde görmek harika bir duygu. Size ve Antmqr adlı yöneticiye çok teşekkür ediyorum. Ben esasında TOYP Türkiye birincileri sayfası için viki olmuştum. İyiki olmuşum. Vedat hoca projenin fahri babası 23 yıldır Türk gençlerinin başarılarını destekleyen ve hizmet veren bu proje sayesinde kendisiyle tanışmıştım. Viki saygın bir bilgi arşivi TOYP Türkiyeyi orada görmek beni heyecanlandırdı. Şimdi onu kaybettim silindi. O kadar çabuk oldu ki kayda değer bulunmamasına üzüldüm. Genç Türk Bilim insanları için bir şey yapma şansımıda kaybettim. Vedat hoca projenin fahri babası onun maddesine yöneldim. Bu sefer kısmide olsa başardım. Ne olur madde bilemiyorum ancak sonuca saygı duyuyorum. Yıldız içinde çok teşekkür ederim. Hak etmedim diye düşünüyorum. Çok iyisiniz. Sevgiyle kalın.Oznurkazanci (mesaj)  Bu arada umarım rahatsızlık vermemişimdir kısa bir teşekkür etmek için girmiştim uzadı yazı sevgiyle kalın. Oznurkazanci (mesaj) ",0,0.00024952428066171706,0,tr
"Aynı adı taşıyan film ve roman gibi durumlarda, roman maddesinin adın kendisine sahip olması gerekliliği gibi genel bir uzlaşı var mıdır? Harry Potter şu anda karaktere yönlendirilmiş. 78.170.229.107 ",0,0.0004890565178357065,0,tr
"APM(Blast)v1.jpg adlı dosyada kaynak sorunu 64px|left|Dosya telif sorunu    APM(Blast)v1.jpg    adlı dosyayı yüklediğiniz için teşekkürler. Ancak dosyanın tanım sayfasında içeriğin kimin tarafından yapıldığı hakkında ayrıntılı bilgi bulunmamaktadır, yani telif durumu açık değildir. Eğer dosyayı kendiniz yapmadıysanız, içeriğin sahibini belirtmelisiniz. Bir internet sitesinden elde ettiyseniz nereden aldığınızı net şekilde gösteren bir bağlantı veriniz. Diğer yüklediğiniz dosyaları kontrol etmek istiyorsanız bu bağlantıyı tıklayın.    Kaynaksız ve lisanssız dosyalar hızlı silme kriterlerinde belirtildiği üzere işaretlendikten bir hafta sonra silinirler.    Telif hakları saklı olup adil kullanım politikasına uymayan dosyalar    48 saat sonra silinirler   . Sorularınız için Vikipedi:Medya telif soruları sayfasını kullanabilirsiniz. Teşekkürler.    Doruk455     APM(Blast)v1.jpg lisans şüphesi 64px|left|Dosya telif şüphesi    APM(Blast)v1.jpg    adlı dosyayı yüklediğiniz için teşekkürler. Ancak dosyanın telif durumu ile ilgili şüphe mevcuttur. Vikipedi telif haklarını çok ciddiye alır. Lütfen dosyanın tartışma sayfasına belirtilen şüpheleri giderecek bir açıklama bırakın. Sorunun çözülememesi halinde, hızlı silme kriterleri gereğince işaretlendikten 7 gün sonra dosya silinir.    Eğer dosyanın lisansı aslen farklıysa,    uygun telif etiketini ekleyiniz   . Yüklediğiniz diğer dosyaları kontrol etmek için bu bağlantıyı tıklayınız. Sorularınız için Vikipedi:Medya telif soruları sayfasını kullanabilirsiniz. Teşekkürler.    Doruk455    ",0,0.00030974819674156606,0,tr
left|150px Yardımınız için çok teşekkür ederim. Görsel ekleme üzerinde çalışıyorum. Gün geçtikçe daha iyi oluyorum sayenizde çok yardımcı oldunuz. Bu teşekkür süper bir hoca olduğunuz için... İyi bir viki olma yolunda emin adımlarla ilerliyorum sayenizde -) Sevgiler. Öznur Oznurkazanci (mesaj) ,0,0.0012898785062134266,0,tr
BURDAN CELALEDDİN KOCAK A SESLENİYORUM.BİR GÜN O PARNLA ÜNÜNLE YANLIZ KALIRSAN ŞAŞIRMA.BİR İNSAN NASIL ÇOCUKLUK ARKADAŞINI TANIMAMAZLIKTAN GELİR VE ONU SİLER SANA SORUYOM.YERİ GELDİ BERABER YEDİK İÇTİK HEPİMİZ.EĞER KİMİ DİYES SORCAK OLURSAN NEJLADAN BAHSEDİYORUM.GERÇİ FARK ETMEZ BİZİM İÇİN DE GEÇERLİ BU SANIRIM.İNSAN ÇOCUKLUK ARKADAŞINI GEÇMİŞİNİ UNUTURMU.GEÇMİŞİNİ UNUTAN NERDEN GELDİĞİNİ DE UNUTUR.SENİN DÜNYA KADAR PARAN OLSA NE OLUR.İNSANLIĞIN BİİTMİŞ SENİN. BEN AVNİ,1,0.9464425444602966,1,tr
"75px|center|   Merhaba Noumenon, aday gösterdiğiniz resim, seçkin resim statüsü alamadı.       :Dosya:Indischer Maler um 1710 001.jpg   , Vikipedi:Seçkin resim adayları sayfasında aday gösterildi, ancak yeterli desteği toplayamadığı için seçkin resim seçilemedi. Resminizin seçilememesiyle ilgili detayları buradan görebilirsiniz. Başka bir resmi aday göstermek isterseniz, Vikipedi:Seçkin resim adayları sayfasındaki yönergeleri takip edebilirsiniz. Katip-bot ",0,0.0003663942334242165,0,tr
" Sanırım yavaş yavaş birbirimizi anlamaya başladık. ) Buradaki tek amacım Vikipedi yi geliştirmek, katkıda bulunmak. Ermeni Kırımı sayfasındaki çabamı sayfalarca açıkladım, propaganda yapmaya çalışanlara (her iki taraf adına da) karşı çıktım. Kimseyi aklamak ya da suçlamak için burada değilim. Eğer karşılıklı iyi niyetimizi anladıysak orta noktada buluşalım lütfen, mesajınızı bekliyorum buraya. İyi çalışmalar.Aynamahruti (mesaj) ",0,0.00030314677860587835,0,tr
"60px|rightLütfen çok kısa içerikli maddeler oluşturmayınız; taslak kriterlerini sağlamadıkları için silineceklerdir. Yarattığınız maddelerin silinmesini önlemek için en az üç-beş cümleden oluşan ve maddenin ele aldığı konuyu nitelikli bir biçimde tanımlayan bir bilgi girişi yapmanız uygun olacaktır. Taslaklar hakkında daha fazla bilgiye Vikipedi:Taslak sayfasından ulaşabilirsiniz. Teşekkürler, iyi çalışmalar.    kibele     mesaj   ",0,0.0003436081169638783,0,tr
" Olayın özü, fıkrasal meali şu galiba: düğün tarihi, yeri, çalgıcılar, pastalar, limonatalar, vs vs herşey ayarlanmış.. genç kızla, delikanlıya da deniyor ki;  , hadi bakalım, siz evleniyorsunuz ... Böyle olmamalıydı. M.M. ",0,0.005437856074422598,0,tr
"Konuyu bilmeyen sensin, yardım isteyen sensin, yardımcı olunca da saçma sapan cevap alan benim. Daha ne diyeyim...RapsarEfendim? ",0,0.7376493811607361,1,tr
Benim nereye katkı yapıp yapmayacağıma sen garar veremezsib dumbo anladınmı... Mesaj attığın yerdeki enayi sanıyorsunuz ya hepiniz toptan kafayı yemişsiniz176.55.52.182 ,1,0.9388012886047363,1,tr
"Köy maddeleri taslak niteliğini taşımıyor, örneğin nüfus haneleri boş, cümle halinde olmayan fakat başkası tamamladığı halde cümle haline gelecek tuhaf kelime grupları var lütfen bu sözde maddeleri siliniz.88.229.249.60 ",0,0.0007146757561713457,0,tr
"Oktay Kaynarca, Cansu Dere ve Şener Şen için eklediğim fotoğrafları Eldarion ve Süperyetkin silmiş. Oysa ki ben hepsinin kaynağını belirtip aynı Kemal Sunal maddesinde ki fotoğrafın lisansı ile lisansladım, sonuçta özel poz verilmiş hepsinde. Ayrıca bana uyarı filan da yapmadılar..Aguzer (mesaj) ",0,0.000511138525325805,0,tr
adnan oktar hakkinda onlarca dava açilmiş 20 sene öncesine kadar onlarca hastaneden  paranoyit şizofreni  raporu almiş ve 1 seene bakirköy ruh ve sinir hastaliklari hastanesinde yatakli tedavi görmüş akil hastasi bir piskopattir.Adnan oktar  harun yahya  takma adiyla ipe sapa gelmez onlarca kitap yazmiş tamami hayal ve fantezi ürünü olan broşürleri dagitilmiş kokain ve uyusturucu muptelasi toplumdisi bir mikroptur.Kisilik bozuklugu obsesif dipolarmani şiz0ofreni gibi bircok akil hastaliğina benzer belirtiler gösteren adi mankenler ve sex alemleriyle anilip bilinen zengin ve varlikli kimselerin cocuklarindan devşirdiği bir çete(BAV) kurup şantaj ve uyusturucu ticareti yapmistir.Bu akilhastasi psikopat ahlaksiz halen şizofrenik ve fanteziyte dayali düşünceleriyle kendisine tuzaklar kuruldugu sirf islami savundugu için bunlarin başina geldiğini iddia etmektedir..,1,0.22903451323509216,0,tr
Ben bugüne kadar oyle bir kural gormedim ancak boyle bir kuralin bir yerlerde muhakkak yazmasi lazim. Ruzgar ,0,0.024892857298254967,0,tr
Adana merkeze bağlı köyler dışında tüm Adana ilçe köyleri için taslak açıldı. Artık bir kahve ile sigara içerim. Zaman ve imkanların dahilinde bu maddeleri destekelrseniz gerçekten muhteşem olacak. Tunceli yi bitirince bende katkı vereceğim. İyi geceler.Etrüsk ,0,0.0004891520948149264,0,tr
"Ben de iyiyim, teşekkür ederim. ) Tavsiyen için ayrıca teşekkür ederim, iyi çalışmalar. ) Utku Tanrıveremesaj ",0,0.0005405015544965863,0,tr
" 195pik      Yeni Yılınız Kutlu Olsun!        Sevgili vikipedist arkadaş,     Yeni Yılını kutlar, tüm vikipedistler ve Vikipedimiz çin mutlu yıllar dilerim... İyi vikiler, sevgiler, -    Cano      58      mesaj at    |31 Aralık 2012, 14:34 (UTC)|",0,0.0011521170381456614,0,tr
Her iki madde de     kısa içerikli oldukları     gerekçesiyle silinmiştir. Bu konuda Vikipedi:Taslak sayfamızdan bilgi edinebilirsiniz. Teşekkürler. Levent Abi ileti            ,0,0.00040661904495209455,0,tr
"Eğer   annenin, kızkardeşinin, eşinin   veya   kızının   vikipediye girip,    penis    diye aratıp, çıkan başlıktaki resimlere bakarak tahrik olacaklarından korkuyorsan merak etme, çoktan amaçlarına ulaşmışlardır. Burası kıraathane değil, ansiklopedi. Tabii ki resimli örnekler de olacak ve bilgi öğrenilecek. İhsanjr ",1,0.767985999584198,1,tr
Merhabalar.Nasılsın.Bürokratlığın hayırlı olsun başarılar dilerim.Benim bir haftalık bir isim değişikliği başvurum var ilgilenebilir misin?Bu isimden sıkıldım artık.Doğrusunu istiyorum.Saygılar.25pxSağlamcı ,0,0.0011884012492373586,0,tr
"Sabri bey, Sabri bey iyi dinle beni! Sansür girişimiyle, engel tehditleriyle dolu mesajınızla istediğinizi alamazsınız bunu bilin önce.      II. Niveles       ",0,0.02854248508810997,0,tr
"Bu tarz maddelerde dilbilgisi olarak doğru olanın kullanımından yanayım. Bilgi almak isteyerek yaygın ismi aratanlar bir yönlendirme vasıtasıyla doğru isme ulaşıp bu konuda da ekstra bir öğrenme yaşayabilir. chanseyMesajYaz 09.18, 18 Ağustos 2018 (UTC)",0,0.00043388328049331903,0,tr
"Pınar, bir de senin davayı açtığından haberim yoktu. Bu nedenle denetçi isteğinde de dava açmıştım. Senin davayla, benim denetçi isteğini birleştirelim mi? Ne dersin? İyi vikilemeler, sevgiler...    Berm@nya    ",0,0.19183093309402466,0,tr
"Elinize sağlık, ancak neden muhtarlar bölümü silindi, ben onu anlayamadım***Osmanlı98***İyi vikilemeler***  En azından bilgi amaçlı olarak şimdiki muhtarı yazmak ta mı olmuyor? (2009 seçimi öncesi olmayacak şekilde)***Osmanlı98***İyi vikilemeler*** ",0,0.000932727474719286,0,tr
"Evet; SAS sürecini tam da bu nedenle, konuyla ilintili tüm olguların ortaya çıkmasına yardımcı olmak amacıyla kullanıyoruz. Bir karara varmadan önce SAS sonucunu bekleyelim derim. Superyetkin       ",0,0.0009058055002242327,0,tr
Serialın Azərbaycan ve Rusiya səhifəlerinde de aynı bilgiler məvcud uje fazlası vardı. Bu sebepten sayfa  silinmeye aday sayfalar  listesinden çıkartılmalıdır. 103.41.133.86 ,0,0.0006432489608414471,0,tr
"Athletics london 2012 logo.jpg kaynak ve lisans sorunu    64px|left|Dosya telif sorunu       Athletics london 2012 logo.jpg    adlı dosyayı yüklediğiniz için teşekkürler. Dosyanın tanım sayfasında içeriğin kimin tarafından yapıldığı ve telif statüsü hakkında yeterli bilgi bulunmamaktadır. Eğer dosyayı kendiniz yapmadıysanız, içeriğin sahibini belirtmelisiniz. Bir internet sitesinden elde ettiyseniz nereden aldığınızı net şekilde gösteren bir bağlantı veriniz. Eğer dosyanın lisansını biliyorsanız    telif etiketini ekleyiniz   . Yüklediğiniz diğer resimleri kontrol etmek için bu bağlantıyı tıklayınız.    Hızlı silme kriterleri gereğince kaynak ve lisans bilgisi eksik olan dosyalar işaretlendikten bir hafta sonra silinirler   . Sorularınız için Vikipedi:Medya telif soruları sayfasını kullanabilirsiniz. Teşekkürler.    Reality    ",0,0.00023169790802057832,0,tr
Parametre listesini hemen yazıyorum o halde. Çünkü bazı parametre adlarının da değişmesi gerek. Sadrettin (mesaj) ,0,0.0006515730638056993,0,tr
"İstanbul buluşmasını 7 Temmuz Cumartesi günü Saat 14:00 te Taksim de AKM nin yanındaki Gezi pastanesinde yapmayı planlıyoruz, gelirsen bizi mes ud edersin ) 20px   maderibeyza      msj    ",0,0.010884350165724754,0,tr
" 45x45px|left    Spam    bağlantılar eklemeyi sürdürmeniz nedeniyle Vikipedi de değişiklik yapmanız geçici olarak    engellendi   . Eğer yararlı katkılarda bulunmak isterseniz, engellenme sürenizin sonunda tekrar geri gelebilirsiniz. yabancım ",0,0.0008427274296991527,0,tr
Sahadaki rekabeti yetkilerini kullanarak vikipedia ya tasiyorsun. O zaman bende senin yaptigin gibi tum galatasaray ve gsmobile maddelerine fenercell reklami ve linkleri ekleyeyim. Yaparmiyim? Hayir? Neden? Cunku bir kac dogru madde yazip sonra hakkin varmis gibi diger maddeleri keyfime gore senin yaptigin gibi manipule etmiyorum da ondan...,0,0.11686429381370544,0,tr
"Bunların kızlarını nasıl s.kiyorlar halen anlamıyorum açıkçası, maymun gibi kızları var lan. Gerçi s.kende bunlarla aynı milliyetten zaten. Orku orka nikahlıyorlar ) Ne kadar türk gördüysem tipsiz, türk kızları bildiğin duble tipsizler. Tipini sktiklerim, bir de kemalist olurlar bazıları ). Kafama sıkacaklarına bilsem birine el sürmem bunların kızlarından, çekik gözlü o.rospu evlatları )199.167.133.27 ",1,0.9251950979232788,1,tr
"Maddelerde değişiklik yaparken, lütfen    tarafsız bir bakış açısıyla    ve ansiklopedik bir dilde yazmaya özen gösterin. Maddelere imza atmayınız, maddelerde reklam yapmayınız, e-posta ve telefon numarası gibi özel bilgilerinizi paylaşmayınız. Kendinizi tanıtabilmek için kullanıcı sayfanızda   Babil    şablonlarını kullanabilirsiniz. Kullanıcılarla mesajlaşırken lütfen nezaket kurallarını unutmayın, herkesin aynen sizin gibi Vikipediyi geliştirmek amacıyla katkıda bulunduğunu ve iyi niyetli olduğunu varsayın.    Beş temel taş   ,    imza kullanımı   ,    Cesur ol   ,    Engelleme politikası   ,    oy kullanımı    politika ve yönergelerini mutlaka okuyun. Aynı kişiye ait birden fazla hesabın ya da farklı kişilere ait olsa bile birden fazla hesabın tartışmalarda avantaj sağlamak amacıyla birlikte hareket etmesinin   Kuklacılık   olarak değerlendirileceğini ve bunun yasak olduğunu unutmayın. Politika ve yönergeleri okuduysanız, değişiklik yapmayı ve Vikipedide neler yapabileceğinizi artık biliyorsanız   cesur olun    ve değişiklik yapmaya başlayın!...    Haydi kolay gelsin!    drgulcu ",0,0.001364762196317315,0,tr
"thumb|right|upright|Guinness belgesi Heykelin bitiriliş tarihi ile ilgili 2 iddia var. 1993 ve 1995. İlk önce en.wiki deki 1993 yılını doğru olarak kabul ettim ve yazdım. Ancak internet sitelerinde ve de, es.wiki lerde 1995 tarihi yazıyordu, daha sonra çoğunluğa uyarak 1995 olarak değiştirdim. Ancak yandaki belgede 1993 yazıyor. Tam karar veremedim ne olduğuna... Sait71yaz ",0,0.000340803264407441,0,tr
"Geç yanıt veriyorum, özür dilerim. Kullanıcı sayfanızı düzenlemeye herhangi bir kullanıcının sayfasını  değiştir  seknesine basıp açarak incelemekle başlayabilirsiniz. Orada gördüğünüz herşeyi istisnasız kopylaayıp kullanabilirsiniz.  Babil  adını verdiğimiz blok içine küçük kullanıcı kutucuklarını yerleştirmeniz mümkün. Aşağıya bir örneğini ekliyorum, geri kalanlarını ve ilgili bilgiyi Vikipedi:Kullanıcı kutuları sayfasında bulabilirsiniz. Başka sormak istediğiniz bir şey olursa çekinmeyin. İyi geceler.    Levent    ileti katkılar            Lütfen eğer gerekmiyorsa bu iletiye yanıt yazmak yerine fazladan bir vandalla uğraşın ya da bir düzeltme yapın, teşekkürler. ",0,0.0005440929089672863,0,tr
"Hcagri isimli kullanıcı öğrenme süreci hakkında biraz düşünür veya okursan bu tartışmayı yapmazdın. Sen geçmişte yanlış bir şekilde öğrendiğin için zorlanabilirsin. Ben de bazen öğrendiğim yanlışları düzeltirken zorlanıyorum. Yanlışları düzeltmeden devam ederek daha fazla insanın yanlış şekilde öğrenmesine sebep olmak doğru değildir. Bu yüzden sizin belirttiğiniz kişisel görüşünüzü toplumun ortak kullanımına ait olan bir yerde (vikipedide) kabul gören görüş olarak değerlendiremeyiz. Sizin kişisel görüşünüze göre davranmak yerine, Türkçe terimler sözlüklerinde kullanılan terimleri kullanmak daha doğrudur. Kişisel görüşten ziyade bilimsel yöntemlere göre ve Türkçe nin kurallarına uygun davranmalıyız. O yüzden Türkçe si yazılmış terimleri değiştirmemenizi istiyorum. Vkpd11 ",0,0.0008304619695991278,0,tr
burada olayın tanımlanmasıdır esas olan. olayların üstünün örtülmesi gibi bir durum da değildir. Türkiye de dahil o dönemde bir çok olayın yaşandığını söylüyor. sıkıntı bunun isimlendirilmesinden ibaret. soykırım tanımını ve şartları da bu konunun temel noktasıdır. ancak bu konuda biz karar verici değil sadece kaynakları buraya taşıyan kullanıcılarız.Qwl   ye yaz   ,0,0.00043635748443193734,0,tr
   Albümler için:    {{Şablon:Bilgi Kutusu Albüm}} 400+ madde {{Şablon:Albüm}} 256 madde {{Şablon:Müzik albümü}} 150+ madde {{Şablon:Müzik albümü bilgi kutusu}} 101 madde {{Şablon:Albüm 2}} 62 madde    Sanatçılar için:    {{Şablon:Müzik sanatçısı bilgi kutusu}} 200+ madde {{Şablon:Müzisyen}} 150+ madde {{Şablon:Müzisyenler}} 100+ madde {{Şablon:Grup}} 100+ madde {{Şablon:Müzik Grubu}} 50 den az madde {{Şablon:Müzik grubu bilgi kutusu}} 19 madde {{Şablon:Müzisyen2}} 12 madde,0,0.00038495060289278626,0,tr
"Hayırlı olsun, analı babalı büyüsün. Telaffuz için teşekkürler. Leyleğin bahşişini de vermiş oldun böylece hem, denk geldi bak Mskyrider   ileti    Sagol iyi dileklerin icin. Dedigin gibi leylek olayida sansa harika denk geldi )    Iggydarsa     mesaj  ",0,0.005188752431422472,0,tr
Vikipedi:Troll zararlısı sayfasında yazdığı gibi   Yöntemleri kötüye kullanan     Kafa ütüleyen     Yersiz eleştiren   kullanıcı VP:EP madde 10   Topluluğun sabrını zorlayan ve topluluğa karşı sorun çıkaran kullanıcılar   gereği Kullanıcı:Mskyrider tarafından engellenmiştir. Lütfen kullanıcı adınızı engellendi diye bunu kişisel algılayıp bir mesele haline getirmeyiniz. Ciddiyet sınırlarında dahi dolaşmayan bir yazıyı ciddiymişcesine sunmayınız. Tartışmaya devam etmek için mesaj atarsanız cevabım biraz gecikmeli olacak özel meşguliyetlerimden dolayı.   Mach   iavelli msj ,0,0.03732877969741821,0,tr
 Neden böyle düşündüğünüzü aldığınız uyarılardan anlayabiliyorum. Sorununuz uygulayanlarla değil politikalarla.  Tartışma sayfamda uygun olmayan resimler uyarılarına baktıktan sonra katkılarıma da bakmanızı dilerdim. Daha önemlisi  Resim:Mehmet Eroğlu *.jpg  resimlerini sahibinden izin isteyerek eklediğim halde sizin politikalarınıza uğramış olduğunu da görmenizi isterdim. Bu politika iyi politika değil. Bir şey tukaka ise atın gitsin ile olmaz. TuLûAt ,0,0.05746367573738098,0,tr
"Merhaba, TurkishVisaFreeTravel4 Harita dosyasını, TurkishVisaFreeTravel6 olarak güncellemişsiniz. Çünkü Ukrayna dan artık kapıdan vize alınmayacak. Gerçi bakanlar kurulu Şubat ayında onaylamış fakat daha bu fiilen yürürlüğe girmedi, her iki ülkenin iç onayından tam 90 gün sonra yürürlüğe girecek. Bu bilgi kiev büyükelçiliği nin yorumlar kısmında direkt elçiliğin verdiği cevaplarda sıkça belirtiliyor. Yalnız bu haritayı güncelleyince her nedense Güney Afrika yeşil iken mavi olmuş. Sanki G.Afrika ya seyahatlerde kapıdan vize alınıyor gibi... Oysa ki 30 günlük vize muafiyeti var. Bunu tekrar nasıl düzeltebiliriz? İyi çalışmalar Totenkopf division (tartışma) ",0,0.00021354987984523177,0,tr
Topluluk huzurunu kaçırmaktan ve aslında başka olan niyetini gizlemek için IP olarak girdiği ortada arkadaşın. Üzerinde çalıştığım maddelerde yaptığım iş sürecini artırmaktan başka bir işe yaramıyor yaptığı. Saygılarımla.Etrüsk ,0,0.045852817595005035,0,tr
"Tüm mesele de o ya...Malik-Melik, Muhammed-Mohammad gibi mi kerem-ikram gibi mi farklı? Söylediğine göre ikinci durum söz konusu. Ama gel görelim onlarda (ingilizce wiki) Malik kral ve Maalik sahip. Ama gayet tabii, sonuçta bu vikipedi olduğuna göre burada önemli olan türkçe okunuşları. Ve bu konuda sana güveniyorum (her ne kadar ortada kaynak olmasa da). Olayı bir sonuca bağlayalım o zaman. Malik maddesi sahip kavramına odaklansın, ve tanımı verip isim olarak kullanıldığı alanları ele alsın (melek örneği, ve özel isimler, ingilizce wiki de populer kültürden de örnekler mevcut). Melik ise, olduğu gibi kalsın. Ama her ikisine de ortak kökleri (mülk) eklensin. Buna ne dersin? - Krkzn ",0,0.0009573436109349132,0,tr
 Her gün sunum sayfasında bir bölüm bitirsek sonra İngilizceye çevirmek için vaktimiz artıyor. Yani her gün en az bir bölümün temellerini oluşturalım. Sonra meta ya koyalım zaten o zaman güncellemeye başlarız. Birde e-posta felan gelmemiş bana onu söyliyim. ):):) İyi vikiler.    E M P E R Y A N    ✍ ,0,0.062494128942489624,0,tr
"left|50pxBilgilenmeyle doğrudan ilgisi olmayan, ansiklopedik değer taşımayan içerikler    reklam    olarak algılanabilir. Vikipedi’de reklam yapmak yasaktır. Israrla bu tip maddeler eklemeye devam ederseniz, bu davranışınız    vandalizm    olarak algılanabilir ve    engellenebilirsiniz   . Lütfen bu tür içerik eklemeyiniz. Levent Abi 18px ",0,0.000676525931339711,0,tr
"Normal şartlarda Samsun-Kalın Demiryolu hattını sadece Samsun-Sivas Bölgesel Treni kullanmıyor. Dolayısıyla bu iki maddenin birbirine birleştilmesi mantıklı değil görüşündeyim.BlueTime93 (mesaj) 12.21, 25 Mart 2019 (UTC) Bilgi kutuları bile aynı. Bu hat yoğun bir hat olmadığından tren seferleri üzerine anlatılabilecek şeyler zaten kısıtlı, ondan ziyade hattın tarihçesinin içerisinde işlenebilecek konular. Taslak seviyesinde ayrı maddeler olmasındansa demiryolu hattı maddesinde tren seferleri hakkında bilgi verilerek doyurucu bir tek madde ortaya çıkarılabilir. 𐰇𐱅𐰚𐰤 (mesaj) 13.09, 25 Mart 2019 (UTC)",0,0.0003026636259164661,0,tr
Selam Rapsar. Sence Javi Poves maddesi kayda değer midir? İngilizce ve Almanca vikilerde maddeye rastlayamadım.Reality  Selam. Profesyonel düzeyde futbol oynadığından KD olması gerek. Maddeye intervikileri ekledim.Rapsarbi diyeceğin mi vardı? ,0,0.001020275754854083,0,tr
"arkadaşım sen gerizekalı mısın? bir cevap bekliyorum orda. silinirsem gene hesap açar gene yazarım. Katkı yapmaya çalışan benim, siz köstek olan ve at koşturansınız. bir kod ekleyerek değişiklik sayını arttırmaktan başka bir hiçsin. Elleme lan adamın sayfasına cevap bekliyorum ondan.IVBaudouin (mesaj) ",1,0.9558864235877991,1,tr
"Yanlış anımsamıyorsam geçmişte bu konuda bir tartışmamız olmuştu ama o tartışmadaki koruma hakkındaki içeriğini şu an hatırlayamadım. Anonim kullanıcılara kapatmak için bazı durumların yerine gelmesi gerekiyor, bununla ilgili ayrıntı da şurada var.. İyi geceler, sevgiler. Levent Abi ileti            ",0,0.0005185947520658374,0,tr
"Sadece Yabancı aktif gördüğüm kadarıyla, zaman zaman İnfocan ı görüyorum, ikisinden biri kolayca halledebilir. Kısa bir mesajla bildirebilirsiniz, görür görmez ilgileneceklerdir, ayrıca takip etmenin gereği yok:) Hoşcakjalın, kolay gelsin...Vikiçizer ",0,0.31632307171821594,0,tr
"amacınızı bir türlü anlayamıyorum, saçma sapan yazılar yazarak hem kendi zamanınızı harcıyor hemde yazdıklarınızı düzeltmek için uğraşan insanların zamanını çalıyorsunuz. lütfen saçma sapan yazılar yazmayı durdurun.Delamorena     mesaj      ",1,0.2911956310272217,0,tr
"40px|alt=|link=Değişiklik yaptığınız bir sayfa (Ayten Timuroğlu) Vikipedi:Silinmeye aday sayfalar/Ayten Timuroğlu sayfasında silinmeye aday gösterildi. Bir fikir birliği oluşana dek tartışma sayfası açık kalacaktır. Tartışmaya herkesin katılımını bekliyoruz. Maddede düzenlemeler yapabilirsiniz, ancak sayfanın üst kısmındaki silinmeye adaylık etiketini çıkarmayın. Teşekkürler.   Zaitsév    ",0,0.00032648371416144073,0,tr
"İngiltere de yaşayan biri olarak Birmingham daki Türklerin sayısı pek yüksek olduğunu düşünmüyorum. İngiltere de yaşayan neredeyse bütün Türkler Londralı; Birmingham ın bir ilçesinin %6,5 i Türklerden oluştuğunu hiç sanmıyorum. en.wiki deki madde Türklerden hiç bahsetmez, üstelik bu maddeye eklenen ifade kaynaksız bırakılmış.  Nüfus  bölümünde kuşku uyandıran diğer cümleler de var, o yüzden bütün  Nüfus  bölümün gözden geçirilmesi gerektiğini düşünüyorum. Oh BambiI cried so hard when those hunters shot your mommy ",0,0.01184866949915886,0,tr
Sanırım bu kez    safsata    yaftası yemeden açıklamamız kabul görür. NOT:Siz siz olun hiçbir düşünce ve sözü    Görüşleriniz benim için muhteremdir ancak muteber değildir    çizgisinden ayrılmadan değerlendirin. Bu kriz eşiğinden dönülmesinin ve gerginliklerin yumuşatılmasının yegane çözümüdür. En aşağılık yaratık dahi yeri geldiğinde varsa taşıdığı zerre kadar değeri için aslan kesilir.,1,0.015303882770240307,0,tr
"köy sakın ve o kadarda detli bir köydür.içinde bitmek bilmeyen sıkıntısları ,yıllardır uğradığı zülümlerkarşısında halen dimdik durmaktadır.tıpkı filistinin israile dayandığı misalinin aynısıdır.merak adiyorsanız hemen bir köylü bulun,öğrenin",0,0.052308063954114914,0,tr
"75px|center|   Aday gösterdiğiniz resim, seçkin resim statüsü aldı.       :Resim:Lange-MigrantMother02.jpg   , Vikipedi:Seçkin resim adayları sayfasında aday gösterildi, yeterli desteği topladı ve seçkin resim seçildi. Başka bir resmi aday göstermek isterseniz, Vikipedi:Seçkin resim adayları sayfasındaki yönergeleri takip edebilirsiniz. Kaan ",0,0.00045742164365947247,0,tr
Kesinlikle yük olmuyorsun severek ve isteyerek yapıyorum. Sen yeterki yaz gerisini merak etme. İyi akşamalar Karduelis ,0,0.02015433833003044,0,tr
"Merhaba, bugün ana sayfadaki günün resmi her ne kadar teknik olarak özel ve seçkin bir resim olsa da, benim gibi müzmin bir hayvanseveri üzecek şekilde çekilmiştir. Mümkünse değiştirilebilir mi acaba? эртлй ილეტი იაზ  Tamamen katılıyorum. Ölü hayvan resimlerinin estetik bulunmasına bir anlam veremiyorum.   Abuk SABUK    msj  Önerimin bir kullanıcı haricinde dikkate alınmadığını veya önemsenmediği üzülerek görüyorum...эртлй ილეტი იაზ  öneriyi farkettim ertly, tartışmalı bir konu ve bu yüzden fikirleri almadan değiştirmek doğru gelmedi.    kibele     Aslında bende öneriyi fark ettim. Ancak bana çok ama çok uygunsuz gelmediği için bir şey yazmadım. Ama çok iyi bir görüntü de değil tabi. Neyse 2 saat sonra normale dönecek )...i.e.msj  Resmin seçkin resim statüsü tartışmaya açılabilir elbette. Ancak şu anda seçkin ise, her seçkin resim gibi ana sayfaya çıkartılabilir. Dolayısıyla tartışmanın yeri burası değil kanımca. yabancım ",0,0.0017738499445840716,0,tr
"Sayın Vikipedi de yeni değilim. Evet 3 aydır buradayım ancak kişinin ne kadar ilgilendiği, üzerine düştüğü ile ilgili bir durum bu. Ricanız üzerine durduracağımı söyledim, uzatmaya gerek yok. Evet bir tartışma aylarca sürebilir ancak Kategori ekleme tüm vikiler için çok genel ve kurallandırılmış bir durum. Yüz binlerce madde de bu şekilde. Bir problem varsa düzeltilebilir ancak yapılan uygulama Vikipedi nin işleyişine bir zarar vermediği için durdurmaya gerek olmadığını söyledim. Lakin o kadar geniş bir olay ki tüm vikilerde faaliyet devam ediyor. Eşad olmayan kategorileri eklemeye devam ediyorum ancak diğeri için bekleriz dert değil, niye tepki verdiniz anlamadım. İnsanların gerçek dünyada dahi birbirlerine duvar gibi baktığı bir dünyada sanal alemin soğukluğunu düşünün, hoş kelam etmek için tanışmak şart değildir. Sonuçta biz niye buradayız, burası herkesin kafasına göre takıldığı ayrı bir dünya mı? Bir misyonda birleşmişiz, birlikte değişiklik yapıyoruz. Böyle zararsız kelamlara takılırsak vay halimize D ",0,0.0011351672001183033,0,tr
"Selam Emperyan. Medyaviki sayfasında gerekli değişikliği yaptım bir kontrol edebilir misin hata var mı?Reality  Teşekkür ederim.  Devre dışı bırak  cümlesi kalın olacak. Şu metni kopyala-yapıştır yapabilirsiniz: Vikipedi nin mobil sürümünü devre dışı bırakmak istediğinize emin misiniz? Eğer    Devre dışı bırak    ı seçerseniz, bundan sonra, Vikipedi yi ziyaret ettiğinizde, Vikipedi nin bu mobil görünümüne yönlendirilmeyeceksiniz. Tekrardan teşekkürler, iyi günler ve iyi vikiler )    Emperyan-ileti    ",0,0.0004920099745504558,0,tr
"Merhabalar pek çok filmi barındırdığı için karmaşık bir konu. Pek çoğu kamu malı olabilir ve kamu malı olanları kullanabilirsiniz. Kamu malı olmayanları çıkarmalısınız. Hangi filmin kamu malı olabileceğini hangisinin olmayacağını bilmek, araştırmak gerek. Commonsta Hitchcock filmleriyle ilgilenen ve kamu malı bazı resimler yükleyen bir kullanıcı buldum. Commons:User:Rossrs. Bu kullanıcıyla iletişime geçerek kamu malı olan filmleri öğrenebilirsiniz, hatta mümkünse ondan yüklemesini rica edebilirsiniz. Babil kutusu kullanmamışsınız bu yüzden İngilizceniz ne durumda bilemiyorum, ama gerekirse ben veya vaktim olmazsa bir başka kullanıcıdan rica ederseniz irtibata geçeriz. Saygılar.   Mach   iavelli msj ",0,0.0005222628824412823,0,tr
Türkçe feribot sözcüğü Batılı dillerdeli  ferry boat  kavramının kısmî  yalancı eşdeğeri  olduğu için interwikilerin vapura bağlanması yerinde olur. BU konu vapur maddesinde veya STT de de tartışılmıştı sanırım.   Abuk    Sabuk ,0,0.028160979971289635,0,tr
"Üniversitenin resmi sitesi bilkent.edu.tr, ayrıca sitelerinde de Bilkent Üniversitesi olarak geçiyor ki yayıgın kullanımda bu şekilde o nedenle madde adı Bilkent Üniversitesi olmalı bence.Emyilmesaj ",0,0.0010065610986202955,0,tr
"merhaba Garbino, trolün küfürlerini gizledim. pek dikkate alma, maalesef böyle şeyler oluyor. bir süre sonra sıkılır gider. Mskyrider   ileti   ",0,0.3463558852672577,0,tr
"Kurban bayramınız kutlu olsun, hayırlı bayramlar.  erzurumun güneyindeki 5 ilçe tamamen kuzedeki bazı ilçelerde kısmen kürttür. bunu bir erzurumlu olarak iyi biliyorum erzurumda yaklaşık 300 bin kürt vardır bazil nikitinin sölediğine göre 1918 yılında kürdistanın en büyük kürt nüfusu barındıran şehri erzurumdur fakat sürgün ve katliamlardan boşalan yerlere asılsız dadaşlar getirilip yerleştirilince bu nüfus dengesi kürtlerin aleyhine bozuldu",0,0.016475876793265343,0,tr
"Büyük Türkçe Sözlük, Türkiye Türkçesi Ağızları Sözlüğünü de kapsıyor. Ona uyarsak, maddeki yanlış yazımların birçoğu doğru çıkar (örnek: gavat). Ağızlar sözlüğünde yer alan yazımlar için ayrı bir alt başlık açılabilir. Deniz (mesaj) ",0,0.002429863205179572,0,tr
Tabi yardim etmeye çalışırım ama bilmiyorum fark ettiniz mi hiç giremiyorum vikipediye okuldan dolayı. Ama bu projeyle belki tekrardan başlarım. Ne gibi şeyler yapilacak projeyle? LmattdavidsmithlEvet? ,0,0.0022653371561318636,0,tr
Açmış olduğum Cem Kahyaoğlu maddesini özel gerekçelerle silmek istiyorum. Ama silmeyi bilmediğim için siz silebilir misiniz? 1. kaynaktan gelen özel sebepler. SarvSarv ,0,0.00305664399638772,0,tr
"Selâm, hayrola n oldu? Bi  yerde bi  hatâ mı yapmışız? Başka bir şey mi demişiz? O harf zaten Z... bi  yerde yanlış mı gördün söyle hemen? amanın )    Danbury   ",0,0.014813989400863647,0,tr
"Yanlış anlamanızı istemem. Lütfen yazdıklarımı iyi niyet varsayarak okuyun. Ben genelde oluşturacağım maddeler için yaptığım araştırmalarda bu şekilde çalışırım. Yani konuya yaptığım asıl başlangıcın şahsınızla bir ilgili yok. Sayfanın geçmişini yorumladığım ve aktardığım esnada, gözüme çarpan onaylamaları filan yazdım. Sorun daha sonra yazdığım 4 soru? Başka herhangi bir sorun yok. Okuduğunuz için ayrıca teşekkür ederim. i.e. msj ",0,0.0005989178898744285,0,tr
Daha yarım saat önce açtığım madde görülmüş ama 4 saat önce açtığım madde hala görülmemiş. Bunun nedeni nedir? hmtktrk ileti ,0,0.0022745835594832897,0,tr
" Bir de Kullanıcı mesaj:PuCCa sayfasına bakabilir misiniz. Kullanıcı Pucca maddesine de katkıda bulunmuş. Sanıyorum  isim değiştirme  prosödürü gerekecek, önceki katkılarının aidiyeti belli olsun diye. Selamlar. E4024 (mesaj) ",0,0.0005793416639789939,0,tr
"Tekrar merhaba Cezve, Kaynak sitede herhangi bir telif ibaresi bulunmuyor. Ancak bu, resmi  kamu malı  da yapmıyor maalesef. Sana tavsiyem şimdilik resmi  a çevirmen ve site yöneticilerine mail atıp yazılı izin istemen. Kafana takılan bir şeyler olursa danışabilirsin. Sevgiler    Vito Genovese    ",0,0.002929871203377843,0,tr
" 150pik      Kurban Bayramınız Kutlu Olsun!        Sevgili vikipedist arkadaş,     Senin ve tüm müslüman aleminin Kurban Bayramını kutlarım, bayramınız kutlu olsun! İyi vikiler, sevgiler, ~~      Cano        58   ileti ",0,0.02029712125658989,0,tr
" Geniş bir çalışma mı yapıyorsunuz? Epey zahmetli olacak sanırım. Kolaylıklar diliyorum size, epey işiniz var. iazak ",0,0.03756609559059143,0,tr
" 120px|center   VikiProje Madde düzenleme    Merhaba! Vikipedimizdeki düzensiz maddeleri düzenleyen, geliştiren, bilgi kutusu ekleyen    Madde düzenleme VikiProjesi    ne katılmanızı bekliyoruz. Amaçlarımız ve yapacaklarımız için proje sayfasına bakabilirsiniz. İyi çalışmalar... Rapsar  Seni ve katkılarını aramızda görmekten mutluluk duyarım...Rapsar  Vikipedi:Hizmetlilik başvurusu/Ahzaryamed desteğiniz için çok teşekkürler. Topluluk kararı olumsuz oldu. Katkılara devam. Hürmetler.   a[.]med     »»ileti   ",0,0.00043042577453888953,0,tr
"Sayfaya bakmadınız galiba çünkü ben aklıma gelen kullanıcıları daha önceden bir bir eklemiştim. 30 büyükşehir belediyesini VP:SAS a taşıyacağım zaten. İsteyenler fikrini orada belirtir. Uyarılarınız için teşekkür ederim. Saygılarımla... İtalyakurdumesaj atın!  Evet, genel olarak söylemiştim, sayfaya şimdi baktım. İlginç, bir uyarı geldiğini hatırlamıyorum, bir sebeple görünmemesi gibi bir durum olmadıysa gözümden kaçmış olmalı. Neyse, asıl bahsettiğim, ciddi bir değişiklik yaparken yahut geri alırken tartışma sayfasında belirtebilirsiniz, değişiklik özetinde de tartışma sayfasındaki alt başlığa link verirsiniz (ya da sığıyorsa direkt özete yazarsınız, her defasında tartışma sayfasına gitmeye gerek yok). Mevzubahis kullanıcılar ilgilenmezse dediğim gibi zaten sorun yok, değişiklik yaptığınız haliyle kalır. Ayrıca devriyelik kapsamında bir değişikliği reddederken de sebebini belirtirseniz iyi olur. Hatırladığım kadarıyla hemen hemen her defasında  Gerekçe: den sonrasını doldurmuyordunuz. Vandalizmse vandalizm butonuna tıklamanız yeterli, ya da kaynak yoksa  kaynak a tıklayıverin. Dediğim gibi, sebep belirtmeden geri almak yeni kullanıcıları soğutmaya neden oluyor, eğer iyi niyetlilerse hatalarını anlayıp ona göre davranışlarını düzeltemiyorlar. Okursanız internette Vikipedi ile ilgili şikâyetlerin bir çoğu bu yönde,  değişikliğim geri alındı, nedenini de anlamadım, sebebini belirtmediler  şeklinde.Cfsenel (mesaj) ",0,0.0004379059246275574,0,tr
"İngilizce wikiye göre; According to government s statistics, as of 2000 Cheondoism is the largest organized religion in North Korea, which adherents constitute about 12.9% of the total population. Cheondoists are followed by Christians (2.1%) and Buddhists (1.5%). Korean shamanism, an unorganized system of beliefs, is followed by 12.3% of the North Koreans. Takabeg ",0,0.001545974868349731,0,tr
" Kullanıcı kişisel bilgilerimi ekleyerek bana iftira atıyor, hem daha önce bu sebeple engel almış. Şikayette süresiz engel istiyorum, bir hizmetli süresiz engel vermeden önce kullanıcı kendisini savunabilsin istiyorum. İş işten geçtikten sonra  ama ben savunma yapmamıştım  denmesin sonra.    Khutuck   msj ",0,0.0016470858827233315,0,tr
" Bu anlamsız tartışmayı sürdürmekte kararlı olduğunuzun farkındayım ama bu yaptığınızın trollük olduğunu hatırlatırım. Eğer verilen cevapları hazmedemeyecekseniz, insanlara laf sokuşturmaya çalışmamalısınız.   Abuk SABUK    msj ",0,0.6306754350662231,1,tr
değerli arkadaşım. Yanlış anlama ters bir amaçla söylemiyorum ama gülme krizine girdim gerçekten. Ama sorun şahsınla ilgili deil asla yanlış anlma beni ) Bak değerli kardeşim. Okul aile Birliği yönetici yardımcısı; bana istediğin gibi kullan dedi mi. (bir bakıma haklarını bana devretmiş olmuyor mu?  istediğin gibi ) İşte ben de okul aile birliğinin bana bu konuda verdiği yetkiye dayanarak resimleri hede hödö lisansıyla lisanslıyorum. Teknik olarak nasıl yapıldığını bilmediğim için de senden yardım istiyorum.  by lisansında  Resmi kullanan resmin kime ait olduğunu belirtmek zorunda . by-sa da ise by ın şartına ek olarak  Resimlerin modifiye edilmesiyle oluşturulan yeni resimler de aynı lisansla yayınlanmak zorunda .   bunu benim için yapar mısın lütfen. Tek derdim bu. Bana   bahçeme gir istediğin meyveyi ye  diyen adama  portak da yiyebilir miyim  diye sormak sanırım çok mantıklı değil. anlatabiliyor muyum. Gerekli mesajı da sen yazarsın (eğer yardım etmek istersen tabiki) sorumluluğunu ben üstleniyorum. çünkü bu konuda yetkiliym. anlatabildim mi,0,0.0033839326351881027,0,tr
"Affedersiniz, savaşları neden muharebe yaptınız acaba. Veritas  Savaş (harp) ayrı muharebe ayrı. Savaş kelimesi iki devlet arasındaki siyasi, iktisadi ve silahlı mücadelelerin tamımını kapsar ederken muharebe kelimesi savaşın bir parçasıdır. Genelde muharebe savaşa nazaran kısa sürer (bir ya da birkaç günlük) ve sırf silahlı çarpışmayı kapsamaktadır. Anlatabildim mi? Takabeg ",0,0.0010238697286695242,0,tr
Kullanıcı sayfamın vandal tarafından silindiğini görüp anında geri aldığın için teşekkürler. ) Kolay gelsin. Math34 ,0,0.0007767832721583545,0,tr
"eğer aynen  troll  olarak bırakacaksak, yabancı kelime olarak yazılışını koruduğumuz için sonuna gelen ekler kesme işareti ( ) ile ayrılması gerekecek: troll ler, troll lük, vs.. (zaten  tro   lll   er  yazım şekli karışıklık yaratır). tekil  troll , çoğul  troller  yazmak yanlış.. eğer uyarlayıp tek  l  yapacaksak bu sorun kalkıyor ama o zaman da karşımıza bu terimi kendi kafamıza göre uyarlamamızın doğru olup olmadığı sorusu çıkıyor.. eğer fikir birliğine varılırsa bunu da unutmayalım.. spAs ",0,0.2820526361465454,0,tr
"Ahlaksız ve eğitimsiz birisi ucuz ve aşağılık şeyler yazıyor deneme tahtasına, bu herkese açık deneme tahtası mı yoksa kişiye özel mi?organik ",1,0.6834982633590698,1,tr
" İzmir - Çandarlı Otoyolu isimli maddeye, bekletmeli sil prosedürünün uygulanabileceğini ifade eden bekletmeli sil şablonu eklenmiştir. Her türlü katkı için minettar olsak da, bu madde Vikipedi nin içerik politikalarıyla uyumsuz olabilir ve ilgili silme uyarısı tam olarak hangi açıdan uygunsuz olduğunu açıklamaktadır (ayrıca Vikipedi ne değildir? ve silme politikası sayfalarına bakarak daha fazla bilgi edinebilirsiniz). İlgili bekletmeli sil etiketini kaldırarak, silme önerisine itiraz edebilirsiniz; fakat    lütfen    niçin ilgili silme önerisine itiraz ettiğinizi ya değişiklik özetinizde ya da maddenin tartışma sayfasında belirtiniz. Ek olarak, lütfen maddeyi belirtilen sorunlardan yola çıkarak geliştirmeye çalışınız. Her ne kadar bir bekletmeli sil etiketini kaldırmak, silme önerisini geçersiz kılsa da, madde yine de silinebilir Eğer herhangi bir hızlı silme kriterini karşılıyorsa hızlı silme yoluyla, veya silinmeye aday gösterilerek, topluluğun silinmeyi fikir birliği ile onaylaması sonucu silinebilir. SakhalinioBuyrun beniiiim? ",0,0.00043155046296305954,0,tr
"Tekrar merhaba üstad. 27 Nisana Fethullah Güleni eklemişsiniz de, gözden mi kaçtı yoksa sanatsal mı bu emin olamadım açıkçası. ??   Merube 89        msj      ",0,0.0013198006199672818,0,tr
Türklerin mongoloid ırktan oldukları apaçık ortadadır ve sayfaya her kanıt koymaya çalışmamda bazı çevreler hemen yok edip eskiye geri alıyorlar. Toiril ,0,0.3690759837627411,0,tr
Bandırma ya Erdek i bağlayan arkadaşım acaba   Narlı köy adının 1926 yılından önceki adı Roda (Rumca: Ροðα)   bunun referansı var mı. İnsan istemez Bandırma yı il yapıp Erdek i de oraya bağlayan bir insana bunu sormak zorunda kalıyor.Etrüsk ,0,0.000992638641037047,0,tr
"Çok garip. Deminden beri ben de uğraşıyorum ve çalıştıramadım. İlk defa böyle bir durumla karşılaştım. Sonunda başarmışsınız, elinize sağlık. İyi geceler.M. Yalçın Yalhı ",0,0.0008661897736601532,0,tr
" günaydın, uygunsuz kullanıcı adına ilişkin yeni çevrilen bölümlerde, kullanıcı değişiklik yapmadan engellenmemesine ilişkin bir ibare var. bir de, birkaç anlama gelebilecek isimler konusunda da daha esnek olmak gerekliliği.. biliyorsun ben doğrudan reklam yapılmadığı ya da küfür içermediği sürece daha esnek olmaktan yanayım. yine de sen bilirsin..    kibele     mesaj   ",0,0.011772039346396923,0,tr
"Selamlar. Şu maddede fark edemediğim bir vandalizm mi var diye sormak istedim. İyi çalışmalar. ) Utku Tanrıveremesaj  Ne yalan söyleyeyim bana da öyle geliyor. Bana gol sayısından dolayı öyle geldi. 832 gol çooook fazla. Ne yapalım, reddedelim mi? )Milesbroke  Eğer kaynak gösterilmiyorsa onaylamamak en iyisi sanırım; ama 3GD kurbanı da olmayalım. ) Utku Tanrıveremesaj  Olmayız ya. Kaynak yok. Sonra da niye onayladınız derler. Müdahale etmesek mi ) Milesbroke  Ben üç hakkımı doldurup, sonra bariz bir vandalizm vs. olmadıkça susmayı tercih ediyorum sanırım. ) Utku Tanrıveremesaj  Onaylayıp sonra silsek. Onu engelleyen bir kural yok sanırım ) Milesbroke  Gaming the system! ) Utku Tanrıveremesaj  Ha haa. ) Açık buldum işte. Bunu tartışmaya sunalım. Milesbroke  Senin için söylemiyorum elbette ama kötü niyetli kullanıma açık bir uygulama olur ve 3GD nin anlamı kalmaz. ) Utku Tanrıveremesaj ",0,0.007174748927354813,0,tr
EDA ELTEMUR 11.04.1999 İstanbul Doğumludur Karate sporu yapmaktadır karateye sporcu olan ve karateci olan babası sayesinde baslamıstır sener eltemur aynı zamanda antrönörü ve babasıdır şuan İSTANBUL BÜYÜKŞEHİR SPOR KULÜBÜNDE dir ayrıca eda eltemur isvicrenin zürih kentinde yapılan Avrupa şampiyonasında Avrıpa 5. si olmuştur Edaeltemur (mesaj) ,0,0.0010936710750684142,0,tr
Konunun saçma olması onu ansiklopedik olarak işleyemeyceğimiz anlamına gelmemeli ama. Ayrıca Uncyclopedia is an encyclopedia full of misinformation and utter lies. ).    Mach   iavelli msj ,0,0.26097625494003296,0,tr
"Bu neyin ısrarı Allah aşkına? Gerekçeniz nedir özette yazmamışsınız. esc2003 (mesaj)  Maddelerin tartışma sayfalarını boşaltmak gibi bir yetkiniz yok. Yaptığınız düpedüz Vandallıktır. Vandal olmayınız..   Eğitmen        mahmut    msj    Tartışma sayfasının boşaltılması söz konusu değil. Gerekçemi belirttim. Yorumlara bağlantıyı da verdim. esc2003 (mesaj)  Kimin ne yaptığı her yerde kayıt altında. Yeter ki, sana sorulanlara cevap ver. Hem beni de artık bu şekilde rahatsız etme. Konuşulması gereken her şey, yerli yerinde ifade ediliyor. Bu arada söylemeden geçmek istemem: sen böyle kullanıcı sayfalarını, yaptığın  ispit  işlemlerinden önce yapsan, insanları aşağılamadan önce yapsan (kendini yukarılarda görürken-gerçi kimliğini tam olarak bilemediğimden tam olarak bu konuda bir şey söyleyemiyorum ya), biz kullanıcıların inanıyorum ki sana bakışı değişecektir. Sonuç itibariyle sana önerim  ispit  ve  kibir  yani  yüksekten bakma  iyi şeyler değil. Hiç bir topluluk iyi bakmaz bilesin.   Eğitmen        mahmut    msj   ",1,0.3923582434654236,0,tr
Bana kalırsa sende çok bencil davranıyorsun. Ama burası herkesin vikipedisi. Bir kişinin özel web sitesi değil ki!♥   Ahmetan        msj      ,0,0.4718672037124634,0,tr
"    Yarım Yıldız    İleride devam et ya da etme, bu kadar zaman sürüm kontrolü konusundaki etkinliğinle benim gibi tembel kullanıcıların yokluğunda sürüm kontrolünün ayakta tutulmasına yardımcı olduğun için bunu hak ediyorsun kesinlikle ). Yıldızın diğer yarısını tamamlamak ise sana kalmış. Özel hayat mözel hayat, günde bir çeyrek yirmi tayka da mı ayıramayacak durumdasın? ) İstersen mola yap tabii, sürüm kontrolü yapmak istemiyorsan da yapma gitsin be gardaş, ama niye bu bırakma? Varsa vikiyle ilgili bir sıkıntı, bir dert, söylemekten korkma - içine atma, atarsan büyür, seni yer bitirir. Ama en önemlisi yaptığın her şeyden - tamamından - zevk al. Vikiden zevk almıyorsan yaptıklarını gözden geçir - emin ol bu sitenin sunacağı çok şey var. Zirvede olduğunu sanma. Bırakırsan bu yıldız sonsuza dek yarım kalacak. seksen ",0,0.19967979192733765,0,tr
 Eğer illa dava açılacaksa İnfoCan ın dava önerisine destek veriyorum. Ayrıca Vikiçizer e de sonuna kadar katılıyorum. Benim görüşüm burada açıkça yer alıyor. Okumaya üşenenler için buyrun: ♪♫     B  erkay      0652   |   ileti    ,0,0.0005860829260200262,0,tr
"Selamlar. Şablon:Kutsal Roma İmparatorları hazırladığınız için teşekkürler. Çok gerekli bir şablondu. Ben o şablona bazı değişiklikler yaptım. Size yaptığım değişikliklerin nedenini anlatarak fikrinizi almak istiyorum. İmparatorların adlarını Almanca olan haline dönüştürdüm. Bu imparatorlarla ilgili diğer dillerdeki maddelere bakarsak her dilde o dildeki hali kullanılıyor. Örneğin, Henry, Heinrich, Enrique, Enrico gibi. Bu diller Hristiyan ülkelerin dilleri. O yüzden her ülkede bu adların kendine özgü halleri mevcut. Oysa Türkçede bu adların Türkçe hali mevcut değil. O yüzden Vikipedi de krallar için kendi ülkelerinin anadillerindeki adların kullanılmasına karar verildi. Örneğin Papalığın dili Latince olduğu için Papaların adları Latince yazılıyor (Bakınız: Tartışma:XVI. Benedictus). Bence de bu en makul kullanım tarzı. Siz ne düşünüyorsunuz bu konuda? Kralların adlarının yanına ülkesinin adı yazıldığında Türkçe Vikipedide virgül yerine parantez kullanılması geleneği yerleşti. Örneğin Osmanlı padişahı İbrahim (padişah), II. Konstantin (Yunanistan), Anne (Büyük Britanya), I. François (Fransa) gibi. Bu durumda Kutsal Roma İmparatorları için de I. Maximilian (Kutsal Roma İmparatoru) madde adı kullanılabilir. Ne dersiniz? Selamlar. Kolay gelsin. -Vikiyazar ",0,0.0005290519329719245,0,tr
"Bilinemeyen0987 19.32, 27 Nisan 2019 (UTC)Murat Ekşioğlu adında sanatçı başlığı açılmıştı ve silinmiş oluşturmamda bana yardımcı olursanız sevinirim veya siz oluşturulabilir misiniz? Kurtarmanız mümkün mü? Lütfen şurayı inceleyiniz. Saygılarımla, SakhalinioBuyrun beniiiim? 19.34, 27 Nisan 2019 (UTC) Acaba siz oluşturabilir misiniz? E posta adresinizi gönderin sizi sanatçı Murat Ekşioğlu ile Bizzat bağlantıya geçireceğim size e posta yollayacak.Bilinemeyen0987 19.38, 27 Nisan 2019 (UTC)",0,0.00043766593444161117,0,tr
"Öncelikle belirtmek isterim ki tabloda verilen  olla  kelimesi koşaçtır. yardımcı fiildir.  o  anlamına gelmemektedir. çok büyük saçmalık.  hän   o  anlamına gelir. Ayrıca:    Öte yandan, Finlandiya daki Turku şehrinin Türkiye ile bir bağlantısı yoktur ancak, eski Türk kavimleriyle ya da Tatarlarla ilişkisi olabilir.    Bunun kaynağı nerde? nerden çıkmış yahu tatarlarla ilgisinin olabileceğini kim demiş? ansiklopedi dili değil diye acayip maddeleri siliyorsunuz böyle saçmalıklar aylarca sayfada duruyor.",0,0.15306983888149261,0,tr
:Kategori:Seslendirme sanatçıları kategorimiz zaten bulunmaktadır. Bunu ayrı bir madde olarak açmanız gereksizdir. Bilginize. Levent Abi ileti            ,0,0.0008993573137558997,0,tr
", kullanımı gerekli mi, alternatifi var mı, kullanmasak daha mı iyi gibi açılardan bakabilir misin?  Basketbol maç günlüğü  diye başlayan birkaç şablon daha var.RapsarEfendim? 06.29, 27 Nisan 2019 (UTC)",0,0.001035988563671708,0,tr
"Tekrar merhaba. Maddeyi bazı ufak tefek değişiklikler yaptım, ellerinize sağlık çok güzel bir madde yazmışsınız. Düzenle-tr şablonunu da kaldırdım. Bilginize, iyi akşamlar   Merube 89        msj      ",0,0.000536310370080173,0,tr
"Maddelerde değişiklik yaparken, lütfen    tarafsız bir bakış açısıyla    ve ansiklopedik bir dilde yazmaya özen gösterin. Maddelere imza atmayınız, maddelerde reklam yapmayınız, e-posta ve telefon numarası gibi özel bilgilerinizi paylaşmayınız. Kendinizi tanıtabilmek için kullanıcı sayfanızda    Babil    şablonlarını kullanabilirsiniz. Kullanıcılarla mesajlaşırken lütfen nezaket kurallarını unutmayın, herkesin aynen sizin gibi Vikipedi yi geliştirmek amacıyla katkıda bulunduğunu ve iyi niyetli olduğunu varsayın.    Beş temel taş   ,    imza kullanımı   ,    cesur ol   ,    engelleme politikası   ,    oy kullanımı    politika ve yönergelerini mutlaka okuyun. Aynı kişiye ait birden fazla hesabın ya da farklı kişilere ait olsa bile birden fazla hesabın tartışmalarda avantaj sağlamak amacıyla birlikte hareket etmesinin    kuklacılık    olarak değerlendirileceğini ve bunun yasak olduğunu unutmayın. Politika ve yönergeleri okuduysanız, değişiklik yapmayı ve Vikipedi de neler yapabileceğinizi artık biliyorsanız    cesur olun    ve değişiklik yapmaya başlayın!...    Haydi kolay gelsin!    Utku Tanrıveremesaj ",0,0.0009499667212367058,0,tr
"Evet, o IP adresindeki kullanıcının yapmış olduğu değişiklik doğru. Battlefield 3 ün kitabı da çıkacak. Saygılarımla... İyi vikiler.      Felecita        TR     ileti   ",0,0.07780425995588303,0,tr
"İyi tamam olabilir. Balkanlar maddesini geliştirip SM yaparız. Bu sayede SM sıkıntısını gidermekte faydalı olabilir:)  Evet, Türkiye Türkçesine yakışır bir Balkanlar maddesi yapalım ) O zaman diğer proje katılımcılarının da fikirlerini belirtmeleri için 2 gün bekleyelim. Pazar günü Arnavutluk iş birliği projesinin sonucuyla beraber Balkanlar maddesine de kabul edenlerle görev dağılımı yaparak girişmiş oluruz. İyi çalışmalar...    taglıgalp      ileti    ",0,0.00035662399022839963,0,tr
"Selamlar tekrardan. Burada Caracas önemli bir konuya değindi de. Yerleşim bilgi kutusunun adı değişmiş ancak bu şablona olan yönlendirmeler düzeltilmemiş. Haliyle maddelerdeki şablonlar -yönlendirmeye yönlendirme haline gelenler- düzgün çalışmıyor. Size zahmet Şablon:Yerleşim bilgi kutusuna yönlendirmeleri maddelerde düzeltebilir misiniz?   Merube 89        msj       Tabiki. Şurada şablonu değiştiren kullanıcıya da bildirmiştim. Şablona yönlendirme yönlendirmesi yapılınca hata verir. Şablon düzenlerken dikkatli olmak gerekir ve bir yanlışlık olmaması için maddeler kontrol edilmelidir. Böyle bir kaç şablon daha olabilir, görürseniz bildirebilirseniz sevinirim. Hemen yapıyorum.. Kumul  Çok teşekkürler, şimdiden ellerinize sağlık. İyi ki varsınız ). Sevgiler   Merube 89        msj       ) Siz de iyiki varsınız. Kumul  Bir de şuu varmış Şablon:Web sitesi bilgi kutusu. Buna da el atabilirseniz çok makbule geçer   Merube 89        msj       Tamam listeye ekliyorum. Maşallah hayatımda böyle yönlendirme görmedim. Kumul ",0,0.00040446818456985056,0,tr
Ne saçma sapan bir yazılış bu ... TDK sözlüğüne bakalım. Hükümet olmalı. http://www.tdk.gov.tr/index.php?option=com_bts&arama=kelime&guid=TDK.GTS.56d3312fd35e23.10358375 Benne (mesaj) ,1,0.4797991216182709,0,tr
" Nazif bey, ellerinize sağlık. Daha önce de incelemiştim. Oldukça güzel işler çıkartıyorsunuz. Benim için önemli olan diğer konu ise yukarıda belirttiğim gibi linklerin eksik ve eski oluşu. Tasarımınız, Fransız Vikipedisini andırıyor. Hoş bir tasarım. Vikipedi de tercihler bölümünden görünüm kaplamasını değiştirmediğimiz takdirde, herkesin beğendiğini düşündüğüm    Vector    temasını kullanıyoruz. Bu temanın sol alanında RGB:246,246,246 HTML:#F6F6F6 renk kodu kullanılıyor. Ana sayfa düzenlemesinde kullandığınız renk ise RGB:240,245,255 HTML:#F0F8FF. Elbette çok alternatif olmasına rağmen bir renk paletini size burada sunayım. Yani temanızda renk değiştirilebilir mi acaba?i.e. msj 19:28, 12 Şubat",0,0.00041979513480328023,0,tr
" 45x45px|left Lütfen uyarıları dikkate alınız. Vikipedi işleyişini aksatmanıza yönelik davranışlarınız için size yapılan uyarıları önemsememeniz, vandalizm olarak değerlendirilebilir ve    engellenebilirsiniz   . yabancım ",0,0.0023303418420255184,0,tr
"Merhaba, Productor Murat Salman adına bir giriş yaptım ama sizin tarafınızdan silinmiş, daha doğrusu tam giriş yapamadım çünkü beceremedim. Murat Salman ın şubat ayında çıkacak olan albümü için sosyal medya hesaplarının doğrulanması adına böyle bir giriş yapmıştım. Konu ile alakalı ne yapmalıyız, muhakak vikipedi sayfasıda oluşturmak zorundayım sanatçı için ? ",0,0.20375242829322815,0,tr
"Merhaba. Engelin olduğu şu günlerde Kullanıcı:Kingbjelica/Proje yi canlandırmak için Basak, Pınar, Hedda ve ben çaba harcıyoruz. Burada insanların enerjisi ve vakitleri çalınıyor. Tartışma:Bakur un geçmişinden görüleceği üzere bazı kullanıcılar insanları kışkırtıyor. Sakin kalıp Fatmagül Berktay a ilk eetikette     ansiklopedi     kaynağı eklememe ve    vp:prof    gereği kayda değer olduğunu belirtmeme rağmen inatlaşma devam etti. Etiket furyası Vikipedinin bazı açıkları kullanılarak devam etti. Söyleyeceklerim bu kadar. Kullanıcıyla iletişim kurmak isteniyorum. Daha önce aynı şeyi Tarih Vakfı sayfasında yaptı ve sonrasında geri gelip özür diledi. Ben tüm iyi niyetimi gösterdim. olay budur. Burada ilk şikayet eden masumane gözüktüğü için bunları yazıyorum. Yoksa kimlerin projeyi geliştirmek istediği, kimlerin yavaşlattığı açıkca bellidir. Kolay gelsin.Kingbjelica (mesaj) ",0,0.0011670663952827454,0,tr
+    Bu sayfa Ana Sayfa içeriği ve düzenine yönelik değişikliklerin konuşulduğu tartışma sayfasıdır.    Diğer konular için ayrıca bakınız:   Köy Çeşmesi    (Vikipedi geneline yönelik görüşleriniz için)    Danışma masası    (Vikipedi nin kullanımı ile ilgili sorular için)    Ana Sayfa tasarımları       Günün maddesi       Haftanın seçkin maddesi       Günün seçkin resmi    ve    Günün resmi (SSS)    Yeni bir başlık açmak için    buraya    tıklayın. Lütfen dört adet tilde (~~~~) kullanarak yazınıza    imza ve tarih ekleyin   . Tartışma arşivi: 2005 • 2006 • 2007 • 2008,0,0.00034985356614924967,0,tr
"Yahu vito, ikidir kişisel saldırı yapmadığım halde engelliyorsun. Diğer nedenlerden engellesen hak vereceği fakat ikidir yanlış nedenlerden engelliyorsun. Bu kişisel saldırı olayına bir açıklık getirelim yahu, ben hala nerede saldırdığımı düşünüyorum...   Ddenkel    ",0,0.0036047142930328846,0,tr
"Merhaba, ben eski Seşkin Madde adaylarını gezerken bir maddeye rastladım, herhalde daha önceden telih ihlali nedeniyle silinmiş bir maddeydi, fakat sonra içeriğin alıntı yapıldığı yerden izin almış ama kimse fark etmemiş galiba. Neyse asıl soruma geleyim ) eğer maddede hâlâ bir telif sorunu yoksa  Dosya:Oriyonı Yıldız Haritası.jpg  adlı resmi geri getirme imkânı var mıdır? Kayıtlarda sizin sildiğiniz gözüküyor, eğer mümkünse o resmi geri getirebilir misiniz? Yeniden Seçkin Madde adaylığı için düzenlemek istiyorum da, kaynak vs. ekleyeceğim... Maldek™ ileti  Tamam ben maddeyi düzenleyen arkadaşla iletişime geçtim, kaynak bilgilerini falan alıp en kısa sürede düzenlerim... Maldek™ ileti ",0,0.0004461398930288851,0,tr
"60px|left Lütfen sadece ansiklopedik bilgiler eklemeye özen gösteriniz. Aksi durumda katkılarınız silinecektir. İsrarcı davranışlar    engellenmenize    sebep olabilir, bilginize. Teşekkürler Levent Abi ",0,0.0008790930733084679,0,tr
"antik mısırda epey bir seks çizimleri varmış lan. antik çağ hani, semavi dinler felanda yok her türlü cinsel ilişki ~yaygındır mk. aslında mısırlılar Fatımilerin etkisi nedeniyle şii mezhebindenlermiş, 7cilik denen kolu sanırım ismailiye mi ne öyle bir şey. yani Caferi 12ci ve Zeydi değillermiş. daha sonra Osmanlılar yani sizin sayenizde Sünniliği benimsemişler )88.229.174.207 ",1,0.8754994869232178,1,tr
Özlemişim yaw baba D Şu aralar 2008 Avrupa Futbol Şampiyonası ile meşgul olacağım. ) 20px SBM ,0,0.001519160345196724,0,tr
"Su kısım sırf kaynaksiz oldugu icin factladım ama dorgu bilgidir.   Ecevit Hükümeti tarafından atanan İstanbul Valisi İhsan Tekin, bu olayı  basit bir zabıta vakası  olarak niteledi ve  siyasi yönü yoktur  dedi   Takabeg ",0,0.0036253181751817465,0,tr
"Yetkin, buraya bakabilir misin?.. İyi çalışmalar.. Garbino ileti  Gerek kalmadı teşekkürler.. )) Garbino ileti ",0,0.001406719209626317,0,tr
İyi bayramlar dilerim Cano. ) Benim belli bir dönem üzerinde durduğum Battlefield: 1942 isimli bir madde var. Maddeyi KM olması için adaylığa sokmuştum ama ansiklopedik olmayan bir kısım içeriği olduğu gerekçesiyle reddedilmişti. KM adaylığı reddedildikten sonra maddedeki ansiklopedik olmayan kısımları silip maddeyi geliştirdim. 20 küsür tane de kaynak ekledim. İkinci kez adaylığa soksam kabul edilir belki.    T   ürkischer    J   unge  Mutlu bir bayram geçirmeni dilerim. Kal sağlıcakla.  Sağol seninde kutlu olsun. milesbro   ke     Teşekkür ederim Cano. Ben de senin bayramını tebrik ediyorum. Nice bayramlara.... Eğitmen Mahmut mesaj ,0,0.0004633883072528988,0,tr
"Faşist, ırkçı ve çıkarcı dediğiniz için o şablonu ekledim sizin sayfanıza. Ben böyle birşey demediğim için o şablonu benim sayfama eklemenizi gerektirecek bir durum yok. Israrcı olmak yerine daha önce gönderdiğim bağlantıdaki politika ve yönergeleri okumanız bu durumu daha iyi anlamanızı sağlayabilir. VP:N, VP:AG, VP:İÜYYKÜD, VP:D Ԙobserve ",1,0.5873292684555054,1,tr
Selam. Resimleri kullandım. Adnan Menderes maddesi düzensiz ve taraflı. İlgilenecek arkadaşlarımız var mı acaba? Görüşrüz. Takabeg ,0,0.0013750873040407896,0,tr
kendi ırkına ihanet eden ikizim. güney amerikalı hispanik bir çekik gözle -mongol- evlenmiştir. oysa ben hint-avrupalı dışında kimseyle olmadım şu ana kadar. )88.232.150.10 ,1,0.6416197419166565,1,tr
"Merhaba, yüklediğim dolmabahçe saat kulesi fotoğrafının kaynağı belirsiz olduğu için silineceğini yazmışsınız. Kaynak kısmına  Tarafımdan çekilip düzenlenmiştir  yazmıştım. Bu ibare yeterli değil midir? Bilgilendirirseniz sevinirim. Teşekkürler Gamze (mesaj)  Orijinal dosyayı yükledim. Bilginize. Ayrıca bir önceki dosyada da çerçeve nasıl bir şüphe uyandırdı anlayamadım? Çerçeveli fotoğraf yüklenemez tarzında bir kural varsa ve bilgilendirirseniz, bundan sonrakilerde dikkatli oluruz. Gamze (mesaj)  İlginiz için teşekkürler. Gamze (mesaj) ",0,0.00030118724680505693,0,tr
Aynı durum resim:421px-Thatcher - Reagan c872-9.jpg için de geçerliydi. Bunu da sildim ve maddedeki resmi Commons ta yüklü olan resim:Thatcher - Reagan c872-9.jpg ile değiştirdim. İyivikiler...    homonihilis    //    ileti    ,0,0.0018759309314191341,0,tr
"Hahahaha, selam... Öldürdün beni. Yalnız süper madde seçmişsin hiç bir sözüm yok. Hiç aklıma gelmemişi Vikipedi de Converse in maddesini açmak. Tüh nasıl kaçırdım ben... Bende o adam gibi Converselerimle ile koleksiyon yapıp resmimi çekicem, Viki ye koyucam da ama daha çok çalışmam gerek çok. Ya da annemlerin çalışması gerek diyeyim ) Hadi kolay gelsin... ben şu koleksiyon işini bi iyice düşüneyim ;)    Danbury         ileti     15px|hehehe ",0,0.10651908814907074,0,tr
"Selamlar, Yüklediğiniz resim veya resimlerin telif durumunun belirsiz olduğuna karar verilmiş ve bu doğrultuda etiketlenmiş. Söz konusu resmin adını ve adresini dosya yoğunluğundan dolayı veremiyoruz. Şu an için Kategori:Durumu 5 Eylül 2006 dan beri belirsiz resimler de bu resmi bulmanız mümkün. Resim yığını arasında kaybolmanız da olası olduğu için, tavsiyemiz şu adresteki fasiliteye kullanıcı adınızı girerek, resim sekmesinden yüklediğiniz resimleri incelemeniz, gelecekte herhangi bir yanlışlığa meydan vermemek için etiketi eksik veya yanlış olan resimlerinizi yenilenen Vikipedi:Resim telif etiketleri sayfasındaki etiketlerin uygun olanıyla etiketlemenizdir. Resim size ait olan bir resimse (bu tanım bilgisayarınızda bulunan resimlerden ziyade, sizin ürettiğiniz resimleri kapsamaktadır) uygun olan kişisel etiketlerden biriyle etiketlemeniz gerekmektedir. Gelecekte  O resmi ben bizim balkondan çektiydim  tarzı açıklamalar giden resmi geri getirmeyebilir. Resminizin durumu netleşmediği takdirde,  Vikipedi:Hızlı silme#Resim/Medya Kural-4  nedeniyle 7 gün sonunda silinecektir. Sistemin sağlıklı işleyebilmesi ve kontrol edilebilmesi açısından resim etiketini düzeltseniz de  Belirsiz  etiketini resimden çıkarmamanız rica olunur. Bu otomatik bir mesajdır. Resimle ilgili görüşlerinizi Kategori tartışma:Durumu 5 Eylül 2006 dan beri belirsiz resimler sayfasında belirtmeniz yerinde olacaktır. Kolay gelsin!    Vito Genovese    ",0,0.00033966428600251675,0,tr
sen gözümde dikensin bana hoşbir gülgerek hatalarını yüzüne vurmalı buna adam gerek sago müthişbir şarkıcı haydi sagooo ver gazı ver gazı,1,0.6621957421302795,1,tr
Yayınlanmış kitapların ISBN numaraları sayfaya ilave edilmiştir. Yayınlanmış 85 adet bildirinin isimleri ve referansları da isteniyorsa sayfaya ilave edilebilir ama bu durumda sayfa çok uzun olacaktır. Lütfen sayfaya tekrar göz atmanızı ve  SİLİNME  kararınızı tekrar gözden geçirmenizi rica ediyorum. A. Atun,0,0.0003475475241430104,0,tr
"Evet, tesadüfen buldum ama tarihi anlamda çok ilginç ve önemli bir kaynak. — Pınar (mesaj) 01:47, 24 Kasım 2012 (UTC",0,0.0004577535728458315,0,tr
"left|50px Az önce yaptığınız değişiklik, Vikipedi nin tarafsız bakış açısı politikasını ihlâl ettiği için geri alındı (ya da silindi). Vikipedi özgür ansiklopedidir, ancak bir blog, serbest kürsü, ya da reklam alanı değildir. Vikipedi de herhangi bir kişi, kuruluş, örgüt, dernek ya da kurumun propagandası yer alamaz.    Lütfen bakınız: TBA   . Bu tutumunuzu sürdürmeniz halinde engellenmeniz söz konusu olabilir. Takabeg ",0,0.00041144349961541593,0,tr
"Merhaba Ali432, Oluşturmuş olduğunuz List of accolades received by Khushi Aur Gham adlı sayfa, Vikipedi nin hızlı silme kriterlerinden m2 uyarınca silinmeye aday gösterilmiştir. Sayfanın silinmeye neden aday gösterildiği ile ilgili daha fazla bilgi almak için, ilgili kriterde verilen açıklamaları okumanız önerilir. Bu uyarıyı gördüğünüzde sayfa silinmiş olabilir. Eğer sayfanızı bulamıyorsanız silme kayıtlarını kontrol edebilir ve sayfayı silen hizmetli ile irtibata geçebilirsiniz.    N KOzi   İleti ",0,0.0006455132970586419,0,tr
Kesinlikle kişisel değişiklik olduğunu söylemedim. Fakat burada bir yanlış yaptığımızı düşünüyorum. Uygun bir zamanda bu meseleyi topluluk olarak tekrar tartışmakta yarar görüyorum. Teşekkürler.   Ddenkel    ,0,0.0004492278676480055,0,tr
"   Hoş Geldin !    Merhaba, tamamen gönüllü katılımcıların çabalarıyla 250 dilde oluşturulmaya çalışılan ansiklopedinin Türkçe bölümü    Vikipedi    ye hoş geldin! Bu ansiklopedi beş ana madde üzerinde şekillenir, katkıda bulunmadan önce okumanızda yarar vardır. Katkıda bulunmaktan lütfen çekinmeyin. Vikipedi nin yazım kuralları basittir. Ne şekilde madde yazabileceğiniz biçem el kitabında ayrıntılı olarak açıklanıyor. Herhangi bir sorun olursa, yardım sayfalarına bakabilirsin. Diğer kullanıcılardan yardım istemekten çekinmeyin; yeni bir katılımcıya yardım etmekten mutluluk duyacaklardır. Tartışma ve kullanıcı mesaj sayfalarındaki yazılarınıza,   ansiklopedi maddeleri hariç  , lütfen imza atmayı   (   ~~~~   )   ihmal etmeyin. İletişim için Köy çeşmesiOrtak çalışma alanı Topluluk portalıTelif hakkı kaybolmuş bir eseri eklemek istiyorsanız VikiKaynakBir terimin sözlük açıklamasını yapmak istiyorsanız VikiSözlükBir şeyin nasıl yapıldığını tarif etmek istiyorsanız VikiKitapÖzlü sözleri eklemek istiyorsanız VikiSöz En çok sorulan...Burada Bulmak istediğim konuya nasıl erişirim? Gezinti Bir madde için ekleme yapacağım ama telif hakları sorunu ne olacak? Kaynaklar Madde hakkında nasıl tartışırım? Tartışma sayfasını kullanın Bir madde için yapıcı eleştiri nasıl yapılır? Tavsiye Bir kullanıcı ile sorunum var. Ne yapmalıyım? Nezaket   (saldırı yasaktır)   ve Sorun çözümü Kolay gelsin... Hedda Gabler ",0,0.0006871451623737812,0,tr
" left|55px    Lütfen telif hakkı saklı içerik eklemeyiniz   . Vikipedi de telif hakkı saklı içerikler kullanılamaz. Unutmayın ki; Vikipedi Amerika Birleşik Devletleri Telif Hakkı Kanunu na tabidir ve söz konusu kanuna göre; yayımlanmış her türlü çalışma (aksi belirtilmediği sürece), sahibine otomatik olarak telif hakkı kazandırır. Sadece özgür lisanslı (Kamu malı, GÖBL, Creative Commons vs.) kaynaklardan içerik aktarmanız mümkündür. Daha fazla bilgiyi    Vikipedi:Telif hakları/SSS    ve    Vikipedi:Telif hakları    sayfalarında bulabilirsiniz. Unutmayınız ki uyarılara rağmen ısrarla telif hakkı saklı içerik eklemek bir Vikipedi suçudur ve Vikipedi kuralları (madde 8) gereği    engellenebilirsiniz   . Teşekkürler, iyi değişiklikler! Eldarion ",0,0.00023106606386136264,0,tr
" Aman, aptal ben )! Ben # yapıp maddeleri numaralandırıp, siz de kontrol ettikten sonra yeni maddeleri tekrar numaralanırırken 1 den başlıyor. Superyetkin inkini de kontrol etmememden dolayı bu sekilde zannettim de buraya yazdım (aman allahım nasıl bir cümle bu )?). The bro code ",1,0.37408870458602905,0,tr
Bu madde isminin hali nedir böyle?Ne Gazze filosu?Hangi Gazze filosu?Tarafsızlık bu mu ansiklopedik olma çabası bu mu?Yapmayın lütfen.Maddenin ismi İsrailin Gazze yardım konvoyuna saldırısı veya İsrailin Mavi marmara gemisine baskını olması daha uygun değil mi?Kamuran Ötükenli ,0,0.06851306557655334,0,tr
- Kaynak gösterilerek maddeye şu konu eklenmiştir ama reddeldiğini gördüm. Ayrıca yıllarca Türk Pasaportu ile dolaştığını da biliyoruz artık Barzani nin... neden burada işlenmediği de tartışılmalı. Ayrıntıları ektedir; Hürriyer Gazetesi nin iddiasına göre de Musevi bir aileye mensuptur.http://arama.hurriyet.com.tr/arsivnews.aspx?id=128488,0,0.00030065476312302053,0,tr
" e bu da yazmasın artık..:)    kibele     Oy verilen adaylığın kapatılmasında ne gibi bir sakınca olabilir ki    Zaitsév     oy verdiğinizin tersi yönde kapatırsanız olmaz. ama diğeri, kötüye kullanılmasa bile şaibeye yol açacak bir konu. bu nedenle de geçmiş yıllarda deneyimler sonucunda böyle bir uygulamaya gidildi. oy vermek istiyorsanız verin, kapatmayı diğer hizmetlilere bırakın.    kibele    ",0,0.0016606181161478162,0,tr
Lütfen görüşlerinizi denetçi isteği sayfasında da belirtiniz. Kopyala yapıştır yapsanız iyi olur. (bunu rica ediyorum sizden çünkü önemli bir noktaya değindiniz.) Ayrıca kullanıcının devriyelik başvurusuna yaptığınız desteklemeniz bu şüphelerinizden sonra tekrar gözden geçirmeniz faydalı olactır. Saygılar. Kingbjelica (mesaj) ,0,0.00036497152177616954,0,tr
"Aradaki farkı ben şöyle anladım: Ermeni birisi sonradan Türk vatandaşlığına geçerse bu kategori, soyundan gelen bir Ermenilik varsa; ancak Türk vatandaşıysa Türkiye Ermenisi kategorisine ekleniyor. Komşu ülkelerle değil de ABD gibi ülkelerle bir kıyas yapılınca aradaki fark daha iyi anlaşılmakta. Mesela Mehmet Öz ABD de doğmuş, Türk kökenli ABD vatandaşı (Amerika Türkü). Türkiye de doğan ve sonradan ABD ye göç edip, Amerikan vatandaşı olan Ahmet Ertegün ise Türk asıllı ABD vatandaşı (Türk asıllı ABD li).RapsarEfendim? ",0,0.0006893930840305984,0,tr
Merhaba Levent Abi. 62.29.65.191 IP si Penis maddesine penis resimleri ekledi. Maddenin tartışma sayfasında bu resimlerle ilgili bayağıı bir tartışılmış. Ne yapacağımı bilemediğim için size havale edeyim dedim. Ayrıca Ramazan Bayramınız kutlu olsun.     ◄bekiroflaz § mesaj►    ,0,0.21197515726089478,0,tr
Merhaba kolay gelsin; Tüm katkılarını bu linkten istediğin zaman kendin de kontrol edebilirsin. http://tools.wikimedia.de/~interiot/cgi-bin/count_edits?user=che&dbname=trwiki_p İyi çalışmalar. ,0,0.0006265455158427358,0,tr
"FC Barcelona Resmi sitesinde Türkçe dil desteği bulunmamaktadır.Bu yüzden web sitemiz FC Barcelona futbol klübünün Haberlerini,tarihçesini,futbolcuları,teknik ekipleri vs herşeyi http://www.barcafan.net adresinden Türkçe olarak veriliyor.Bü yüzden ansiklopedi ya girmelidir.",0,0.00047277420526370406,0,tr
"askerliğini yapmamış,gözle ilgili rapor almış bizim evletlerımız mayına basıp ölürken o efemine tipiyle saçma sapan müzikler yaparak zengin olan ve türk pop müziği kültürünü katledip yanlış ve sanat değeri olmayan bir kültüre taşıyan ve nesnetsiz ödüller alan hiç bir dayanağı olmayan müzik yapmaya çalışan ve sanırım nota falan bilmeyen medya sıçanı",1,0.598848283290863,1,tr
"Merhabalar ; Rica ederim , düşünceleri örtmemek/yönlendirmemek kaydı ile beş temel taş doğrultusunda kollektivist bir harekete katkıda bulunuyoruz. Benim ardımdan katkılarınızı okuyacak olanların benim takıldığım ayrıntılara takılmaması ve elbetteki imlâ v.b. önyargılar dışında düşünceye odaklanılması evvel ve asal amaçtır. Wikipedi ye hoşgeldiniz , Başarılar.    Eu       EPISTVLA    ",0,0.0007075553294271231,0,tr
arkadasim lütfen bilgin olmadan ensiklopediye yanlis resmi olmayan bilgi yazma. bu sayfaya bakarasan kafadan uydurma forma numaralari yanlis cikti. bakiniz forma numaralari > http://www.fenerbahce.org/futbola/detay.asp?ContentID=25781 Denizli87 ,0,0.013400588184595108,0,tr
":Resim:Ozge-Ozpirincci-07.jpg kaynak ve lisans sorunu           :Resim:Ozge-Ozpirincci-07.jpg    resmini yüklediğiniz için teşekkürler. Dosyanın tanım sayfasında içeriğin kimin tarafından yapıldığı ve telif statüsü hakkında yeterli bilgi bulunmamaktadır. Eğer dosyayı kendiniz yapmadıysanız, içeriğin sahibini belirtmelisiniz. Bir internet sitesinden elde ettiyseniz nereden aldığınızı net şekilde gösteren bir bağlantı veriniz. Eğer resmin lisansını biliyorsanız resim dosyasına    telif etiketini ekleyiniz   . Yüklediğiniz diğer resimleri kontrol etmek için bu bağlantıyı tıklayınız.    Hızlı silme kriterleri gereğince kaynak ve lisans bilgisi eksik olan resimler işaretlendikten bir hafta sonra silinirler   . Sorularınız için Vikipedi:Medya telif soruları sayfasını kullanabilirsiniz. Teşekkürler. :Resim:Ozge-Ozpirincci-07.jpg için adil kullanım gerekçesi          :Resim:Ozge-Ozpirincci-07.jpg    resmini yüklediğiniz için teşekkürler. Yüklediğiniz resim adil kullanım politikasına uymak zorundadır ancak bu politikaya nasıl uyduğunu gösteren bir açıklama veya gerekçe bulunmamaktadır. Resim tanım sayfasına, kullanıldığı her madde için ayrı ayrı olacak şekilde bir    adil kullanım gerekçesi    yazmalısınız. Yüklediğiniz diğer resimleri kontrol etmek için bu bağlantıyı tıklayınız.    Gerekçesi eksik olan adil kullanım resimleri hızlı silme kriterleri gereğince bir hafta sonra silinirler.    Sorularınız için Vikipedi:Medya telif soruları sayfasını kullanabilirsiniz. Teşekkürler. İyivikiler...    ho?       ni!    ",0,0.0013836562866345048,0,tr
" 50x50px|left   Vikipedi    ye hoş geldiniz. Herkesi ansiklopedimizin gelişmesine katkıda bulunmaya davet ediyoruz. Katkıda bulunma hakkında daha fazla bilgi almak için hoş geldiniz sayfasına göz atabilirsiniz. Bununla birlikte, gelişmeye katkıda bulunmayan, sayfa boşaltma, hakaret vb. değişiklikler    vandalizm    olarak tanımlanır ve eğer bu tavrınızı sürdürürseniz daha fazla uyarılmadan    engellenebilirsiniz   . Lütfen, diğerlerinin emeklerine zarar vermek yerine ansiklopedimizin gelişmesine yardımcı olun. Teşekkürler. Uğurkent (mesaj) ",0,0.0003678119683172554,0,tr
madde başlığı  Gazze insani yardım filosu saldırısı  isim başlığı yanlış bir ifade. tüm yardım filosuna saldırı yok en önde olan sancak gemisine baskın yapılmış.,0,0.0255893487483263,0,tr
siz ırkçı değilsiniz allahın ezikleri ırkçı ve faşist olan benim. türkiye cumhuriyeti diye bir devlet türkiye diye bir ülke ve türkiye türkü diye bir ulus yok aslında. mustafa kemal ve ismet İnönü nün kurduğu TBMM örgütü batılılara zorla benimsetmiş bunu herhalde ) siz 1070lerde anadoluya yerleşen diaspora bir topluluksunuz )88.232.148.153 ,1,0.9266162514686584,1,tr
memo44 Docbaba herhangi bir ihlal veya hata yapmadı. Sadece maddeyi geliştiriyor. Kısa içerikli madde oluşuturmuyor. Kısa içerikli madde oluşturmak yeni bir maddeyi çok kısa bir içerikli başlatmaktır. MightY ,0,0.0010147676803171635,0,tr
"Selam Rapsar, maalesef bu kitaplardan hiçbiri yok elimde. Koskoca madde neredeyse tek kaynaktan üretilmiş gibi, ben de bu maddeyi zenginleştirmek isterim doğrusu. Böyle başka maddeler olursa lütfen ilet bana. Mirada ",0,0.0008676237193867564,0,tr
Şablonların Türkçe ye çevrimiyle yarın ilgileneceğim Duke. nereye e atsam bir karışıklık çıkıyor şu anda:) düzelmesi gereken çok ama çok fazla yer var gibi:) yardımın için sağol. iyi çalışmalar size deVolkanozobutileti  Bir şey olmaz. Benim gibi Planlar listesi yapabilirsin istersen. En azından kafanı boş tutmana yardımcı olur=) Duke ,0,0.02908209152519703,0,tr
"Merhaba. İsim değişikliği için yaptığım talebe ne zaman yanıt alırım? Düzenlemelerimi yapmak için isim değişikliğini beklememe sebebiyle bu şekilde sizi rahatsız ediyorum. Kusuruma bakmayın. ventus  Merhabalar, talebiniz gerçekleştirildi, iyi çalışmalar. M.M. ",0,0.0011671759421005845,0,tr
Einstein ın fizik alanındaki çalışmaları modern bilimi büyük ölçüde etkiledi. Kendisi özellikle zaman ve uzay için düzenlenmiş bağlılık İzafiyet Teorisi ile tanındı fakat hepimizin bildiğinin tersine 1990 lı yıllarda yapılan bir araştırma sonucu izafiyet teorisini ilk olarak Galileo nun bulduğu anlaşıldı. böyle bir iddia var aslı astarı nedir bu anlaşılana kadar geri arıyorum.Denereri ,0,0.0006750613683834672,0,tr
Çukurova üniversiteliyiz sitesi Osman Esen tarafından 2012 mayıs ayında forum sitesi olarak açılmıştır. sonra forum sitesi silinip yerine normal paylaşım sitesi açılmıştır.,0,0.0006520293536596,0,tr
"Öylemi? Peki neden madde tarafsız? Hangi kaynağı tarafsız buldun?    Kaynaklarla konuş   , söylediğim gibi maskaraya ihtiyaç yok. Atabəy ",1,0.0023747957311570644,0,tr
"Bende Aleviliğe Mum söndü eklemek, Sünniliğe pedofili ekleyeyim, Her ne kadar inancım olmasada Satanizme site yöneticilerinden bilginin kullanılması ve kirliliğine, önüne gelene karşı eşit duruş bekliyorum.(85.108.80.196 )",1,0.1825655698776245,0,tr
Osman Tufan .JPG lisans sorunu 64px|left|Dosya telif problemi    Osman Tufan .JPG    adlı dosyayı yüklediğiniz için teşekkürler. Ancak dosyanın tanım sayfasında telif statüsü hakkında yeterli bilgi bulunmamaktadır. Vikipedi telif haklarını çok ciddiye alır.     Lisans  ve  kaynak  bilgisi eksik olan dosyalar hızlı silme kriterleri gereğince işaretlendikten 7 gün sonra silinirler.    Eğer dosyanın lisansını biliyorsanız    telif etiketini ekleyiniz   . Yüklediğiniz diğer dosyaları kontrol etmek için bu bağlantıyı tıklayınız. Sorularınız için Vikipedi:Medya telif soruları sayfasını kullanabilirsiniz. Teşekkürler.    Güzelonlu    (mesaj) ,0,0.0002824864350259304,0,tr
"TMT hâlâ taraflı mı? Takabeg  Kaldırdım. Muratsahin  İyi. Takabeg  Gemi maddesi için ne yapmamız lazım? Ansiklopedinin kopyası ise.... Uçak da kokuyor:) Takabeg  Kullanıcı:Gençosmanlı nın dediğine göre tamamı telifli. Burada direk silinmesi lazım ama tam olarak hepsi mi telifli olduğunu anlamak için  Grolier İnternational Americana  ansiklopedisi olan birisi incelese iyi olur. Bence durumu Köy Çeşmesi nden Vikipedi ahalisine yeniden duyuralım  Grolier İnternational Americana  ansiklopedisi olan var mı? diye. ) Uçak maddesinin geçmişine baktım. Şuradaki sürümle güncel sürüm nerede ise aynı. Altında  Rehber Ansiklopedisi  diyor. Büyük ihtimal direk aktarmıştır. Bunun içinde birisinin  Rehber Ansiklopedisi ni kontrol etmesi lazım. İnternet üzerinden telifli içeriği anlamak kolayda, yazılı üründe bulmak zor. )Muratsahin ",0,0.0004909399431198835,0,tr
Değerli arkadaşım. Vecihi Timuroğlu sayfasına saldırılar devam ediyor. Bu konuda bir önlem alamaz mıyız? SevgilerGemalmaz ,0,0.0031712506897747517,0,tr
"Merhaba Hakan bey, bir çok maddeye kariyer performansı istatistikleri hakkında katkı yaptığınızı gördüm. Mümkünse Çağdaş Atan maddesini de geliştirebilirmisiniz =?Ultraslansi (mesaj) ",0,0.000739344977773726,0,tr
Bu sayfada yazanlar kabul edilmiş kurallar değildir. Sadece birer önerge teklifidir. Bağlayıcılığı yok anlayacağınız. —   Stambouliote       ileti    ,0,0.0006569648976437747,0,tr
"Şu maddeyi sana havale ediyorum. Bozdur, tepe tepe harca  Tamamdır ) Kolay gelsin.RapsarEfendim? ",0,0.059880077838897705,0,tr
"Merhaba tekrardan. Bende de girmemekte, sunucu hatası var sanırım. En kısa zamanda ilgilenir teknisyenler diye düşünüyorum. Şimdilik  kaynağı değiştir den çalışmalarınızı gerçekleştirin. İyi günler, kolay gelsin. Sebastian James -Rettelo- (mesaj) ",0,0.0004402519261930138,0,tr
"solunum kişinin olmasza olmazıdır.Kişi solunum olmadan en fazla 3.5 dk yaşayabilir.Solunum yapılmazsa karbondioksit yani CO2 yi 3 atamaz.Ve bu kişinin zehirlenmesine sebep olur.Ve solunum yapılmadığı için hücreler beslenemez.Solunum yapılınca alveollerde O2,CO2 alışverişi yapılır.Solunum kısaca en önemli şeydir. 78.168.167.191  Murathan Akyıldız",0,0.0004883544752374291,0,tr
"Ben  değiştir e girdiğimde onlar gözükmüyordu, yetkim yok sanıp, buraya yazmıştım. Söyleyince bir daha baktım da daha alttaki küçük bağlantıdan değiştiriliyormuş, fark ettiklerimi düzeltirim. Ykargin ",0,0.003494970267638564,0,tr
"güzel, zaten kaynaklandırması zor subjektif kategoriler bunlar. bazı maddelerden çıkartmak, kiminden çıkartıp kiminde bırakmak, çıkartılanları yerine iade etmek yerine Kategori:Milletlere karşı ırkçı duygular dakilerin tamamına el atmak gerekiyor.    kibele    ",0,0.03598957508802414,0,tr
"Selam Vito, anladım ki sen yorulmayan biyonik bir robotsun ve insanım ayağına bizi kekliyorsun . Şaka bir yana yeni betik gerçekten kullanışlı olmuş, aklımda bi kaç fikir var, şuan zamanım yok ama en kısa sürede kafanı ütülerim._ ",1,0.5119508504867554,1,tr
zazalari kürt yapmak icin aptalligini sergiliyen kürtde cevap gerizekali demiski ha kirmanc ha kurmanc ona bakarsan ha türk ha kürt len ne pataloglu aptal fasist itler var su dünyada töbe töbe adami fitik ediyorlar,1,0.9310160279273987,1,tr
 45x45px|left Vikipedi de teknik ihtilal/darbe yapmak gerekçesiyle erişiminiz engellenebilir. Bilginize.    İmza: Yenivikiye alışmakta zorlananlar ve eskivikiyi sevenler derneği    ~~ ,0,0.01142125204205513,0,tr
Tamamdır beyaz kedi kardeş. Uyarını ciddiye aldım ve şablonlarımı kullanıcı sayfası olarak yeniden hizmete soktum. Mersilerden bir demet25pxGK ® ,0,0.5257312059402466,1,tr
"70px|uyarı Merhabalar;Bildiğiniz gibi Vikipedi nin amacı kullanıcıları sayesinde tarafsız bir ansiklopedi oluşturmaktır. Bu sebeple kullanıcı sayfalarımızda ve kullanıcı mesaj sayfalarımızda ideolojik, siyasi, kişisel (özgeçmiş, vs. gibi), reklam içeren, telifli veya herhangi başka bir Vikipedi politikası na aykırı hiçbir içeriği bulundurmamamız gerekiyor. Aslına bakarsanız Vikipedi kullanıcı sayfalarında Vikipedi de yaptıklarımız, Vikipedi deki projelerimiz gibi konuları Vikipedi:Babil yoluyla bildiğimiz dilleri koyuyoruz. Kullanıcı mesaj sayfalarında ise yaptığımız değişiklikleri diğer Vikipedistlerle tartışıyoruz. Vikipedi:Kullanıcı sayfası maddemizi inceleyip, kullanıcı sayfanızı ve/veya kullanıcı mesaj sayfanızı burada yazılanlara uygun şekilde düzenlerseniz çok seviniriz. Saygılar. Levent Abi ileti         ",0,0.0003073988191317767,0,tr
"Son haberlerin vikipedia ya girilmesi tartışmalarına bakıyordum. WikiNews diye bir şey varmış onu öğrendim.En kısa zamanda Türkçe de eklenecek gibi yazılar vardı ancak başvurularda göremedim.Bir bilginiz var mı acaba ne zaman viki haber e sahip olacağız ?    ★Dæmon     Selam. Ben şahsen vikinews e sıcak bakmıyorum. Bugün verilen emeklerimiz yarın sıfıra inebilir. O yüzden gazeteleri okmayı tercih ediyorum. Vikinews ı açılması için kuralların iyice hazırlanması gerekir. Özellikle yorumunun yazılmasını önlememiz lazım. Vikiyorum veya vikiforum a dönüştürülmesin. Bilgiğim kararıyla Kullanıcı:Dsmurat, Kullanıcı:Nihan vikinews için ciddi düşünüyorlardır. İsterseniz o arkadaşlarımıza danışıp konsensus oluşturmaya çalışabilirsiniz. Takabeg ",0,0.00037509051617234945,0,tr
ne demek berbat içerikli senin eklediğin sayfa hakaret gibi hiç bir yeni bilgi bırakmamışsın resimleri silmişsin kafana göre bağlantılar eklemişsin senin başka işin yokmu bu maddeyle ilgileniyorsun sende yeni bişeyler yapta katkın olsun yapıcı değil yıkıcısın senin gibiler yüzünden diğer vikipedilerden çok gerideyiz.,1,0.8746026754379272,1,tr
Sizler hic bir Osmanli Hanedani üyeler taniyorun...git bunlar soru...Tarihi...ok? —   Bu imzasız yazı Dilek2 (mesaj•katkılar) tarafından eklenmiştir. 15 Mart 2012  ,0,0.0014646894996985793,0,tr
Bence doğru olan eklenmelidir.Bu gün kim Osmanlının ardıllığını kabul ediyorsa o devlet eklenmelidir.Bugün sadece Türkiye Osmanlının ardılıdır.Osmanlının bayrağı sadece Türkiyenin bayrağıdır.88.245.9.23 ,0,0.0014199843863025308,0,tr
"Postmodern saçmalık. vejan mejan nedir amk. şöyle fırında ısınmış yağlı pidenin arasına, Adana dürüm koyacaksın, yanınada buz gibi ayran, oh mis gibi. Et yemezlik olsa olsa ahmaklıktan ileri gelir. İnsan fıtratı gereği atalarından aldığı genler doğrultusunda Hepçil olmak zorunda olan bir primat türüdür. Aksi durumda yeterli aminoasit, vitamin ve benzeri gıda maddelerini bünyesine alamaz. Direnci ve bağışıklık sistemi zayıflar, düşünme ve hareket etme kabiliyeti güçleşir, hafızası yetersizleşir vs. çok fazla sorun çıkar. Vejan türler insanlar değil inek at eşek zürafa gibi çift ve tek toynaklı hayvanlardır.88.230.238.152 ",1,0.861352801322937,1,tr
Kamarad... Nedir bu resim kıtlığı ya... D Bi  de ingilizce viki den nasıl resim alabilirim. Sünger Bob şablonunu yapamadım da. Şablon:User Sünger Bob,0,0.025719178840517998,0,tr
 · (mesaj · · silinenler · tüm vikiler · sayaç · oluşturulan sayfalar · [ günlükler] · [ engel günlüğü] · [ liste]) (   kullanıcı haklarını değiştir   ) Daha Önce De Dediğim Gibi iki yıldır Vikipedi için yazıyor ansiklopediyi geliştirmek için çalışıyor vandalizmi örtmek için siliyorum. Bu işlemleri editör olarak yapabilirsem ne mutlu bana. Bu yüzden editör olmak istiyorum.Kullanıcı:Aklenhayal ,0,0.0006257545319385827,0,tr
"Merhaba 78.161.58.224, Oluşturmuş olduğunuz Little Boogeyman adlı sayfa, Vikipedi nin hızlı silme kriterlerinden g2 uyarınca silinmeye aday gösterilmiştir. Sayfanın silinmeye neden aday gösterildiği ile ilgili daha fazla bilgi almak için, ilgili kriterde verilen açıklamaları okumanız önerilir. Bu uyarıyı gördüğünüzde sayfa silinmiş olabilir. Eğer sayfanızı bulamıyorsanız silme kayıtlarını kontrol edebilir ve sayfayı silen hizmetli ile irtibata geçebilirsiniz. Vizör ",0,0.00040878463187254965,0,tr
Merhabalar Rapsar Vikipedi:VikiProje Spor a nasıl katılabilirim konuyu gezerken ilgimi çektide zira bu vikipedide spor ile ilgili en çok katkı yapanlardan biriside benim yardımcı olabilirmisin nasıl katılacağımlan ilgili kolay gelsin.    Gençfenerbahçeli98     Merhaba. Katılımcılar sayfasına biz imza atman yeterli olacaktır. Ancak şu an pek aktif bir proje değil ne yazık ki.RapsarEfendim? ,0,0.00040822135633789003,0,tr
"Yukarıda ifade ettiğiniz bilgiler bu haliyle, ansiklopedik anlatım diline uygun olmadığı için silinme olasılığı taşıyor. Ayrıca bu ifadelerinizi zaten bu sayfaya eklemişsiniz. Başka maddeler açmayınız. İlgili ilgisiz heryere bu ifadeleri eklemeyiniz. Teşekkürler, iyi çalışmalar. Metal Militia ",0,0.0003593051224015653,0,tr
 Bu daha da kötü bir durum oldu.  Uluslararası ilişkiler ve İsviçre de bulunan uluslararası kuruluşlar  başlığı altına eklediğiniz bölümün Türkçesinde hata yok ama telifli. Bu kısmı tamamen silmem gerekecek. İnternetten bulduğunuz kısımları kesinlikle kopyalamayın. Vikipedi telif haklarıyla ilgili konularda çok hassastır. Bir de rica etsem direk olarak maddeye çeviri katkısı yapmak yerine (çünkü bu durumda benim işim çok artıyor)size verdiğim Kullanıcı:Mukaddime/Taslak4 a çevirilerinizi ekler misiniz? Hatta direk maddeye çalışmak yerine kırmızı bağlardan maddeler açarsanız benim işimi daha da kolaylaştırmış olursunuz. İyi çalışmalar.    Mukaddime   ileti ,0,0.00043339034891687334,0,tr
"Mardin Kalesi Google Earth Panoramio Görüntüsü.jpeg kaynak ve lisans sorunu    64px|left|Dosya telif sorunu       Mardin Kalesi Google Earth Panoramio Görüntüsü.jpeg    adlı dosyayı yüklediğiniz için teşekkürler. Dosyanın tanım sayfasında içeriğin kimin tarafından yapıldığı ve telif statüsü hakkında yeterli bilgi bulunmamaktadır. Eğer dosyayı kendiniz yapmadıysanız, içeriğin sahibini belirtmelisiniz. Bir internet sitesinden elde ettiyseniz nereden aldığınızı net şekilde gösteren bir bağlantı veriniz. Eğer dosyanın lisansını biliyorsanız    telif etiketini ekleyiniz   . Yüklediğiniz diğer resimleri kontrol etmek için bu bağlantıyı tıklayınız.    Hızlı silme kriterleri gereğince kaynak ve lisans bilgisi eksik olan dosyalar işaretlendikten bir hafta sonra silinirler   . Sorularınız için Vikipedi:Medya telif soruları sayfasını kullanabilirsiniz. Teşekkürler. İyivikiler... —    [ho?       ni!]    ",0,0.00031154174939729273,0,tr
"Üstadım sen anlarsın; bu Jorunn ne istiyor bir bakabilir, hatta mümkünse ve eğer zahmet olmazsa benim adıma gerekli değişikliği yapabilir misin? Sanırım blacklist le ilgili bişey ama ne benim İngilizcem, ne de Google translate yetmedi anlamama. Şimdiden teşekkürler.  Selamlar dostum, evet muhtemel spam linkten bahsediyor ve kaldırılmalı mı diye soruyor Jorunn. şurada kendisine, linkin zararsız göründüğünü ve kalabileceğini belirttim. Teşekkürler, sevgiler. M.M. ",0,0.0011871142778545618,0,tr
"İyi günler.Türkiye Komünist Partisi (1920) bölümüyle Türkiye Komünist Partisi (2001) bölümünün birleştirilmesi gerektiğini yazarak şablon eklemişsiniz sanırım.Kişisel görüşüm, bu iki maddenin iki ayrı başlık altında incelenmesi gerektiği yönündedir.Eğer farklı bir şekilde düşünüyorsanız, düşüncenizi öğrenmek isterim.Martianmister ",0,0.0004096197953913361,0,tr
 Seve seve her konuda yardımcı olmaya çalışırım. Yalnızca yapılması gerekeni bildirmeniz yeterli olur. ) Şu ara dönem ders bitirme ödevlerimin yoğunluğu başladı (En azından sınav yok çok şükür. ); ancak yine de dediğim gibi elimden geldiğince destek vermeye çalışırım. ) İyi çalışmalar. Utku TanrıvereMesaj ,0,0.000547829840797931,0,tr
"Merhaba yöneticilik oylamasında sizden neden olumsuz oy aldığımı merak ediyorum. Size göre eksikliklerimi, eksik, zayıf yönlerimi bana bildirirseniz sevinirim. Hoşçakalın, kolay gelsin.TOBB ETÜ ",0,0.01104301679879427,0,tr
"   Hoş Geldin Hoşgeldin!    Merhaba, tamamen gönüllü katılımcıların çabalarıyla 250 dilde oluşturulmaya çalışılan ansiklopedinin Türkçe bölümü    Vikipedi    ye hoş geldin! Bu ansiklopedi beş ana madde üzerinde şekillenir, katkıda bulunmadan önce okumanızda yarar vardır. Katkıda bulunmaktan lütfen çekinmeyin. Vikipedi nin yazım kuralları basittir. Ne şekilde madde yazabileceğiniz biçem el kitabında ayrıntılı olarak açıklanıyor. Herhangi bir sorun olursa, yardım sayfalarına bakabilirsin. Diğer kullanıcılardan yardım istemekten çekinmeyin; yeni bir katılımcıya yardım etmekten mutluluk duyacaklardır. Tartışma ve kullanıcı mesaj sayfalarındaki yazılarınıza,   ansiklopedi maddeleri hariç  , lütfen imza atmayı   (   ~~~~   )   ihmal etmeyin. İletişim için Köy çeşmesiOrtak çalışma alanı Topluluk portalıTelif hakkı kaybolmuş bir eseri eklemek istiyorsanız VikiKaynakBir terimin sözlük açıklamasını yapmak istiyorsanız VikiSözlükBir şeyin nasıl yapıldığını tarif etmek istiyorsanız VikiKitapÖzlü sözleri eklemek istiyorsanız VikiSöz En çok sorulan...Burada Bulmak istediğim konuya nasıl erişirim? Gezinti Bir madde için ekleme yapacağım ama telif hakları sorunu ne olacak? Kaynaklar Madde hakkında nasıl tartışırım? Tartışma sayfasını kullanın Bir madde için yapıcı eleştiri nasıl yapılır? Tavsiye Bir kullanıcı ile sorunum var. Ne yapmalıyım? Nezaket   (saldırı yasaktır)   ve Sorun çözümü Kolay gelsin. Ugur Basak     mesaj      ",0,0.0008205909980461001,0,tr
"Merhabalar, Bir madde kendisine özgün bir kategoriye konmuşsa, o kategorinin bir üst kategorisini, çok gerekmediği sürece, koymaktan kaçınıyoruz. Yani eğer madde Yunan filozoflar içindeyse tekrar Filozoflar kategorisini koymak Filozoflar kategorisini kalabalıklaştırıyor. Teşekkürler, iyi çalışmalar... - Noumenon ",0,0.0003643496020231396,0,tr
"Türk diye bir ırk yoktur.türk bir terimdir.şişman ,tıknaz anlamında ve iskitlerin ismi yunanca muski,muşki ve yahudi kayıtlarında ise aşkuz,aski anlamına gelen doğulu anlamındadır.iskitler;karduklardır",1,0.24121809005737305,0,tr
Abi sen adamı öldürürsün. Kafam kıyak. Yatmam lazım. Bir ara görüşelim. Vallahi konuşmamız lazım )) İyi sabahlar şimdilik. Yarın dönerim. Olum bak git )))inc.еle. vposta ,1,0.48653557896614075,0,tr
"1. Maddede özellikle  Konusu  başlığı altında bağlantılar çıkarılmış. Birçok yerde mavi bağlantıdan yoksun olmasının yanı sıra, özellikle ilk altbaşlıkta olmak üzere yer yer kırmızı bağlantılar yoğunlaşıyor. 20px Mavi bağlantı sayısı arttırıldı, gerekli konular açıldı. 2. Maddede on tane telifli resim kullanılmış ve bunlar adil kullanım ihlâli yaratır. İngilizce de dört tane kullanılmış, bizde de azaltılması gerekiyor. 20px Telifli resim sayısi azaltıldı. 3. Maddede kaynaklandırma yetersizliği var. İngilizce sürümünden faydanılarak kaynakların sayısı artırılabilir/artırılmalıdır. 20px İngilizce Viki daha güncel sürümü olduğu için yeni bilgiler var, bu yüzdende kaynakça sayımız daha az. Bu bilgileri eklemeye başlıyoruz. 4. Madde görsel olarak göze hitap etmemektedir. Resimlerin yerleşiminin yeniden ayarlanması gerekiyor. Çünkü  Konusu  başlığı altında ve  Müzik  başlığı altında resimlerin yerlerinden dolayı boşluklar oluşmuş. Ayrıca,  Silahlar  altbaşlığında koca bir boşluk var. Bunlar iki veya üç sütuna ayrılırsa sayfadaki boşluk ortadan kaldırılabilir. Son olarak, altbaşlıkların isimlerinin değiştirilmesi gerek:  Tek Kişilik Oyuncu Modu  değil  Tek kişilik oyuncu modu  (bkz. VP:BEK). 20px Resimler ayarlanıyor, çok yer kaplayan silahlar ve Perk sistemi ayrı bir madde olarak açıldı. Lütfen eksik veya eksikler varsa oylama sayfasında yeniden belirtiniz   Coolland   İletişim ",0,0.0003169166448060423,0,tr
"Selam. Uzun oldukça güzeldir diye bir şey yoktur da önce uzun olanlardan incelemeye başladım. Aday-adayı olarak sırada şunlar var: Maya uygarlığı (henüz bitmedi), Avrupa Birliği, İran (bazı problem var), Jül Sezar, Otizm, Bağışıklık sistemi (  kırmızı   meselesi), 27 Mayıs Darbesi (henüz bitmedi), Asperger sendromu (  kırmızı   meselesi), Bilim (henüz bitmedi), Abbas Kiyarüstemi (bitmedi?). Okumaya başladım. Görüşürüz. Takabeg ",0,0.00036939571145921946,0,tr
"GokteBiriVar.jpg dosyası kullanılmıyor           GokteBiriVar.jpg    adlı dosyayı yüklediğiniz için teşekkürler. Dosya tanım sayfasında belirtildiği üzere, dosya adil kullanım dosyasıdır ve Vikipedi de adil kullanım politikası kriterlerini sağlamak zorundadır. Şu anda bu dosya hiçbir maddede kullanılmamaktadır. Eğer dosya maddeden çıkarıldıysa, neden çıkarıldığını kontrol ediniz. Eğer kullanılabilir olduğunu düşünüyorsanız yeniden ekleyebilirsiniz. Ancak resmin adil kullanım politikasına kesin olarak uyduğundan emin olunuz. Yüklediğiniz diğer dosyaları kontrol etmek için bu bağlantıyı tıklayınız.    Hızlı silme kriterleri gereğince hiçbir maddede kullanılmayan adil kullanım resimleri işaretlendikten bir hafta sonra silinirler   . Sorularınız için Vikipedi:Medya telif soruları sayfasını kullanabilirsiniz. Teşekkürler. Deniz (mesaj) ",0,0.00021686864783987403,0,tr
Ö N E M L E D U Y U R U L U R OLMASI GEREKEN BİLGİLER BATMAN BARAJI Barajın Adı BATMAN Barajın Yeri SİLVAN / DİYARBAKIR Akarsuyun adı Batman Çayı Amaç Sul+Taşkın Koruma+Enerji İnşaatın Başlama-Bitiş Yılı 1986 - 1999 Gövde Dolgu Tipi Kaya Gövde Hacmi 7181 dam3 Yükseklik (Talvegden) 85 m Normal Su Kotunda Göl Hacmi 1175 hm3 Normal Su Kotunda Göl Alanı 49 km2 Sulama Alanı 37744 ha Güç 198 MW Yıllık Üretim 483 GWh,0,0.06148487702012062,0,tr
"Sanırım onların yanında ufak tefek şeylerde gidiyor. Yoksa ben mi yanlış gördüm?      Ufak tefek dediklerini anlamadım, ama varsa düzeltebilirsin tabii... ",0,0.006978682707995176,0,tr
" Fıkra maddesinde şakadan bahsedilmiş, pek çok dilde de birleşik durumda. Ayrı bir madde açılana kadar (eğer açılırsa) yönlendirme olmasında hiçbir sakınca yok, aksine insanları ilgili maddeyi geliştirmeye teşvik edebilir.   Abuk    Sabuk ",0,0.009875117801129818,0,tr
" Bu arada verdiğim cevaplar, senin tarafından biraz  sert  olarak algılanmış olabilir. Bir şeylere bozulmuştum da, onun etkisi yansımış olabilir. Böyle algılandıysam da özür dilerim.RapsarEfendim? ",0,0.0016412383411079645,0,tr
İngilizce Vikipedi deki     elektrik potansiyeli     sayfasının türkçe ye tercümesi:     elektrostatik potansiyel      dir istihbaratını aldım. Siz bu konu hakkında ne düşünüyorsunuz. Elektrostatik ile ilgilenen vikipedistlere danışmanızı tavsiye ediyorum.Doğukan Mustafa Aydın er ,0,0.0004041215288452804,0,tr
" Merhaba Emperyan. SRA da kapanan adaylıkları sayfadan çıkartmışsın ancak arşivlenmeleri gerekiyor ve Superyetkinin botu aktive etmesi bekleniyordu. Eğer arşivlemenin nasıl yapılacağı hakkında bilgin varsa işe devam edebilirsin. Şimdilik geri getiriyorum değişikliği.   [ahzaryamed]     ₪.ileti    Ellerine sağlık, teşekkürler. Zevkli iştir ama biraz zaman alır ) Wellington maddesinde 2 panorama 1 uydu fotosu var. Vaktin olduğunda aday göstermeni öneririm. Sevgiler.   [ahzaryamed]     ₪.ileti   ",0,0.000332162861013785,0,tr
"Merhaba. Kasım 2015 Türkiye genel seçimleri sayfasında, daha sonuçların açıklanmasına iki aydan fazla süre olduğundan tabloları kaldırdım. Henüz hangi partilerin seçime gireceğini dahi bilmiyoruz, o yüzden bu tür tabloları eklemek için çok erken. Umarım itirazınız yoktur. Asıl söylemek istediğim, bazı illerde Kasım 2015 seçimleri ile ilgili maddeler açtığınızı fark ettim. Önceki seçimle ilgili bilgileri kopyalarak yeni seçim maddesi açmak doğru değil. Seçmen sayılarının önceki seçimle aynı olduğunu varsaymak hatalı örneğin, geçen seçimden bu yana ölenler, 18 olanlar, taşınanlar vs. var. Seçmen listeleri tekrar askıya çıkacak, sayılar tekrar belirlenecek. Ayrıca dediğim gibi, hangi partilerin seçime gireceği belli değil, mesela geçen seçimlere giren bir partinin bu seçimlere girmemesi pekala mümkün. Bu yüzden bu tür sayfaları açmak için çok erken, içini dolduracak bilgiye henüz sahip değiliz. Ki zaten sayfa sonuçlardan ibaret olacaksa, bunlar belli olsa bile 1 Kasım dan önce sayfaları açmanın pek anlamı yok kanaatimce.Cfsenel (mesaj) ",0,0.00036167330108582973,0,tr
    Özgün Yıldız    kusura bakma dostum ama yeni uye olduğum için mesajın nerden gönderildiğini bilmiyorum ben reklam yapmadan içerik ekledim siz kontrol edin sadece bulunduğum bölgede hastalığın tedavisi oldugu bılınmıyor tedavi yeni geliştirelen bir tedavi sadecea alt tarafa internet linki verdim orda tedavidende ayrıntılı bahsediyor eğer buda suç ise kaldırabılırım Kraniotabes (mesaj) ,0,0.0014690301613882184,0,tr
" Evet, bu maddenin içeriği, bu sayfanında ismi daha güzel. Bu maddenin içeriğini buraya taşıyacağım. Felecita ",0,0.0024160025641322136,0,tr
"Vikipedi:Temizlik Takımı yeniden yapılandırılma sürecine girdiğinden üyelik sistemi bir müddet askıya alınmıştır, hala aktifseniz ve temizlik takımı ile çalışmak isterseniz gelişmeleri takip ederek oluşum içerisinde yer alabilirsiniz, sevgilerimle... e.c. ",0,0.0003757551312446594,0,tr
"Merhaba, Cobija, Nargin Adası adasında eklediğiniz BS şablonunu kaldırabilir misiniz? Sayfayı güncelliyorum. Şu an için kısa bir mola vermekle birlikte çalışmayı kısa (birkaç saat) içinde tamamlayacağım. Kolay gelsin. thecatcherintherye   mesaj    ",0,0.0006519817980006337,0,tr
"tamam varolan konudan devam etmek daha mantıklı, doğru söylüyorsunuz. Ahlak konusu dünyevi işlerde değil, ruhani işlerdeki ahlakdan bahsediyordum. Şimdilik daha küçük bir proje olarak günahlardan başlayalım. iyi çalışmalar. Süleyman Habib ",0,0.0009192510042339563,0,tr
" 50x50px|left Bilgilenmeyle doğrudan ilgisi olmayan, ansiklopedik değer taşımayan içerikler    reklam    olarak algılanabilir. Kendinize veya gruplarınıza ait blog ve/veya forum sitelerine yönlendirici bağlantılar eklemeyin, Vikipedi; şirket, kurum ve kuruluşlarınızı ya da web sitenizi tanıtma yeri değil,    bir ansiklopedidir.    Vikipedi’de reklam yapmak yasaktır. Ticari olsun ya da olmasın, bu tip maddeler/içerik eklemeye devam etmenize izin verilemez ve bu davranışınız    vandalizm    olarak algılanabilir. Lütfen bu tür içerik eklemeyiniz. - Eldarion ",0,0.0005549057386815548,0,tr
"Merhaba Kullanıcı:Rapsar.Telif hakkı ihlali yaratan metinleri/içerikleri nasıl anlıyoruz? Yardımcı olabilir misiniz? AYBARS  Merhaba. Aynı içerik daha önce herhangi bir ortamda yayınlanmışsa, aksi belirtilmediği sürece telif haklarıyla korunmaktadır. Şu sayfada detaylı bilgiler mevcut.RapsarEfendim?  Teşekkürler Kullanıcı:Rapsar. Allahaısmarladık. AYBARS ",0,0.0007685763412155211,0,tr
" Uluslararası camiada tanınması ,  bağımsız kosova  ve  siyasi yapı  kısımları hemen hemen aynı şeyi anlatıyor ve kısmen birbirini kapsıyor. Düzenlenmesi ve/veya birleştirilmesi gerekli.Abuk SABUK ",0,0.04730023816227913,0,tr
" Fırlatmadan 1 dakika 33 saniye sonra max Q denen etkiyle roketin çevresinde yoğunlaşan su buharı açıkça görülüyor, bu, Apollo nun ses hızını aştığı an.  Peki bu anın 7 saniye sonrasında yani roketin yerden millerce yüxekte ve hızla gözden kayboluyor olması gerektiği yerde 47 saniye boyunca onla aynı hizada ve hızda yüxelen bir kameradan çekilmiş gibi durması ne alaka? Roketin yanıbaşındaki kameralarda bile kullanılmayan bu koyu filtrenin niye acaba hızla uzaklaşan rokete zoom yapan kameralarda kullanılması icap etmiş olabilir? Uzay mekiği döneminde böylesine kontrastlı bir gökyüzü görebileceğimiz bir ateşleme sahnesi bulabilirmiyiz acaba? Xoox ",0,0.0013935088645666838,0,tr
"40px|alt=|link=Değişiklik yaptığınız bir sayfa (Erkan Öztürk) Vikipedi:Silinmeye aday sayfalar/Erkan Öztürk sayfasında silinmeye aday gösterildi. Bir fikir birliği oluşana dek tartışma sayfası açık kalacaktır. Tartışmaya herkesin katılımını bekliyoruz. Maddede düzenlemeler yapabilirsiniz, ancak sayfanın üst kısmındaki silinmeye adaylık etiketini çıkarmayın. Teşekkürler.     Nushirevan11         Ⓜ    ",0,0.0003081617469433695,0,tr
"Uzun süredir beni takip ettiğini farkettim çok teşekkürler seni utandırmayacağım ) ultrAslansiBurdayım ) Abi yukarıdaki gibi bir mesaj atmışsın ama beni yüceltiyorsun. Lütfen yapma böyle. Altı, üstü, hepi, topu sen gibi bir adamın. Beni mahcup etmişsin. Allah razı olsun. Ben olsam da olmasam da sen zaten iyisin.inc.еle. vposta ",0,0.2464509904384613,0,tr
vito ABD liler tarafından beyni yıkannmış DenizRC ye söyle İslama saldırmaktan vaz geçsin arada bir geliyor müslümanlra saldırıp İslama hakaret edip ortalığı karıştırıp gidiyor bu onu son ikazım85.107.163.223 ,1,0.930040180683136,1,tr
"    Nezaket Yıldızı    Mesajıma cevap verdiğiniz için teşekkürler.. Yeni giriş yaptım bende, yeni bir kullanıcıyım öğrenmek ıstedıgım sey, yetkılı olarak kıme ulaşabilirim, ve burada ekledıgımız bılgıler doğrultusunda bır yukselme gıbı durum oluyor mu yanı daha fazla yetkı mesela ? Hukuk fakultesı son sınıftayım tarıh alanında guvenırım kendıme ve cok daha fazla yararlı olmak ıstıyorum ve bır baska sorum ıse , herhangı bır sayfada yaptıgımız eklentının ardından orada kaynakca olarak adımız ya da rumuzumz geçebılme ımkanı var mı örneğin ben sehzade mustafa ya bırtakım eklentılerde bulundum bunların 2 sıde kabul edıldı birde bu imza durumu nedir ? .Cevaplarınızı beklıyorum. şimdiden teşekkurler. ≥KUVA-Yİ Milliye≥ HAKİM24 (mesaj) ",0,0.0005504909204319119,0,tr
Hayır çevirme. Gördüğün gibi çalışma şablonu koydum çalışıyorum. Çalışmamı engelleme. Gördüğün baştan sona üslup hatalarını düzelteceğim. Mülazımoğlu iyi günler diler... ,0,0.0022341583389788866,0,tr
Kürt halkının kaderini tayin etme hakkını tanımayan türk milliyetçisi ve faşist bir örgüttür. Vatanı kurtarmak deyimini ülkücüler gibi ağızlarından düşürmezler.95.9.47.163 ,1,0.734858512878418,1,tr
Yüklediğim resmi aldığım kaynak adresini belirtmiştim. Ama nasıl lisans ekleyeceğim şimdi? Resim çok eski olduğu için artık kamu malı olduğunu düşünmüştüm.Adem Durdu ,0,0.0014672217657789588,0,tr
      Azeri tarafı bu fotoğrafın kullanımını Ermenilerin Dağlık Karabağ üzerinde hak iddia etmelerinin bir göstergesi/sonucu/ifadesi olarak değerlendirmiştir.   Aynen dediğiniz gibi ekledim fakat Takabeg tarafından silindi.,0,0.0006532917032018304,0,tr
"Selam Noumenon, dinsel maddelerle ilgilendiğini görünce yazayım dedim. Kitab-ı Mukaddes (Eski ve Yeni Antlaşma) ve içerdiği Tevrat, on emir, beş kitap falan filan.. maddeleri o kadar dağınık ki. Hadi maddeleri düzenledik diyelim. Birsürü açılmış kırmızı kategoriler var altlarında. Bu işin neresinden başlasam nasıl toparlasam diye düşünüp dururum. Vikikaynağa yönlendirme şablonu dışında hiçbişey yapamadım hal-i hazırda. Bi fikrini sorem dedim. 20px   maderibeyza      msj    ",0,0.0008276492008008063,0,tr
"Moodle ÖYS  ler arasında en çok kullanılandır. Bunun en önemli nedeni yazılımın Türkçe desteği olmasıdır. Moodle yazılımının temel özellikleri; -iletişim araçları olarak tartışma formu, dosya alış verişi, e-posta, takvim ve not tahtası ve gerçek zamanlı sohbet imkanı -dersin takvim üzerinde ilerleme durumu izlenebiliniyor -öğrencinin kendini değerlendirmesi için kişisel sayfaları bulunmakta -kimlik denetimi, Bunun için temel kullanıcı ismi ve şifresini kullanır -farklı gruplar icin erişim olanakları vardır. -Eğitmenler, öğrencilerin kursta kullanılmak üzere metin dosyalarını kaydedebilir -Eğitmenler özel tarihlere tartışmalar veya kurs etkinlikleri koyabilirler. -Eğitmenler soruları çoktan seçmeli soru, çoktan yanıtlı soru, hesaplama, kısa cevaplı ve karşılaştırmalı olarak oluşturabilirler. Soruların her bir cevabı ayrıntılı geri bildirim ve izlenimi içerir. -Eğitmenler kurs içeriğine erişen her öğrencinin IP adresi, tartışma formları, kurs değerlendirmeleri ve ödevleri raporlandırabilir ve bunu ne sıklıkta olacağı ayarlanabilir. -Yazılımda üç çeşit kurs kalıbı bulunmaktadır. Bunlar Haftalık düzenlenen etkinlikler, konularla düzenlenen etkinlikler ve sosyal içerikli tartışmaların yapıldığı kurs tipidir. -öğrencilerin grup çalışması ve takım oluşturma olanakları bulunmadığı görülmektedir. Bu olumsuz yönlerine rağmen yazılım, sahip olduğu özelliklerle iyi bir öğretim yönetim sistemi olduğu görülmektedir.",0,0.00016289399354718626,0,tr
Omerfarukalmaciphoto.jpg lisans sorunu 64px|left|Dosya telif problemi    Omerfarukalmaciphoto.jpg    adlı dosyayı yüklediğiniz için teşekkürler. Ancak dosyanın tanım sayfasında telif statüsü hakkında yeterli bilgi bulunmamaktadır. Vikipedi telif haklarını çok ciddiye alır.     Lisans  ve  kaynak  bilgisi eksik olan dosyalar hızlı silme kriterleri gereğince işaretlendikten 7 gün sonra silinirler.    Eğer dosyanın lisansını biliyorsanız    telif etiketini ekleyiniz   . Yüklediğiniz diğer dosyaları kontrol etmek için bu bağlantıyı tıklayınız. Sorularınız için Vikipedi:Medya telif soruları sayfasını kullanabilirsiniz. Teşekkürler.    Ver      yaz bana    ,0,0.0003187486727256328,0,tr
"Günaydın, Benim size sıklıkla söyleyeceğim söz bu galiba  teşekkür ederim  ) Haklısınız sıra diğer kitaplarda, edebiyatçıların biyografileriyle ilgili çalışmalar yapmayı seviyorum, aslına bakarsanız biyografiler ilgi alanım. Bunun dışında resim, sinema, tiyatro ile ilgilenmekten de çok haz duyuyorum. Biraz neyin nereden nasıl yapılacağını zaman içerisinde tecrübe ettikten sonra daha verimli olmak için uğraşacağım. Görüşmek üzere. Ayla Karadağ ",0,0.0005573724629357457,0,tr
"İstediğiniz bölümü ve üniversiteyi kazanmanız dileğiyle, yerleştirmelere kadar hiçbir şey kesin değil sonuçta. Diğer ünilerde gayet güzeldir. Tercihleri yollamadan bir de üniversiteleri gezin bence, öyle bir fırsatınız varsa çok yararlı olur. Hayırlısı olsun . Sonuçta vikiye her halükarda bir adet seçkin üniversite maddesi geliyor demek )). İyi vikiler   Merube 89        msj      ",0,0.00098841090220958,0,tr
"Bu tespite tümü ile katılıyorum. Başa yapılan eklenti, maddenin içeriğine ait bilgi içermiyor, tümü ile postmodernizm in marksist eleştirisini içermektedir. Eğer metin saklanmal isteniyor ise, maddenin sonuna ve  Marksist Eleştiri  başlığı ile eklenmelidir.",0,0.0003144193615298718,0,tr
"Merhaba Pritakos, Oluşturmuş olduğunuz Pritakos adlı sayfa, Vikipedi nin hızlı silme kriterlerinden m1 uyarınca silinmeye aday gösterilmiştir. Sayfanın silinmeye neden aday gösterildiği ile ilgili daha fazla bilgi almak için, ilgili kriterde verilen açıklamaları okumanız önerilir. Bu uyarıyı gördüğünüzde sayfa silinmiş olabilir. Eğer sayfanızı bulamıyorsanız silme kayıtlarını kontrol edebilir ve sayfayı silen hizmetli ile irtibata geçebilirsiniz.    [ahzaryamed]     ₪.ileti   ",0,0.0003015262773260474,0,tr
"Selam, Otto Kumm maddesini açtım. Bahriyeli  Eline sağlık. Açtığını biliyorum:) Kursk Muharebesi maddesine Die Deutsche Wochenschau  Türkenübung  ekledim. Youtube izleme imkânın var mı acaba? İyi çalışmalar. Takabeg ",0,0.00032265143818221986,0,tr
"60px|left    Merhaba   . Yerleşim yeri maddesine katkınız için    teşekkürler   . Yerleşim yerlerine ait maddelere sıklıkla o yöreli kullanıcılar tarafından katkı yapılmaktadır. Ancak    çoğu zaman    düzenin devamını ve ansiklopedik özelliklerin korunmasını sağlayan    bazı kurallar gözardı edilmektedir   . Katkı yapmaya devam edecekseniz lütfen    genel biçem kurallarına ve aşağıdaki önerilere uyunuz.    Bilgi için    Yardım    sayfasına bakabilirsiniz. Örnek almak isterseniz    Ayvalık    ve    Kumçelteği    maddeleri size yol gösterecektir. Ansiklopedik dil kullanınız. Örneğin,    köyüm    ya da    köyümüz    yerine    köy    demelisiniz. Altyapı ile ilgili    şikayetlerinizi burada dile getirmeyiniz   . Ancak    mevcut durumu ifade ediniz   . Yerel yöneticileri    öven    veya    yeren    ifadeler kullanmayınız. Kişilerin isim ve soyisimlerinin    sadece ilk harfini    büyük harfle yazınız. Mevcut alt başlıkları ve geçmiş katkıları    bozmamaya    özen gösteriniz.    Katkılarınızı büyük harfle yapmayınız   . Büyük harfleri sadece Türkçe kuralları dahilinde kullanınız. Maddeye başka kaynaklardan    kopyalanan bilgileri yapıştırmayınız   . Katkıları kendi cümlelerinizle yapınız. Bu onuda VP:Telif sayfasına bakabilirsiniz.    Kendi isminizi    veya yörede tanınmış olan ancak    ansiklopedik olmayan kişilerin isimlerini maddeye eklemeyiniz   . Levent Abi ",0,0.0003037464921362698,0,tr
"Resid Gülerdem senin yaptığın ne kadar ayıp..Birde üsluptan bilmemneden bahsediyorsun.F.Gülen ile ilgili kim burada böyle bir değiştirme yaptı?Terörist olduğuna dair kanıt var mı elinde?ANARŞİK ne demek bir kere?ANARŞİST yazsaydın bari?!Sonra  salakça  denilince kıyameti kopartıyorsunuz.Bu yaptığın salakça değilde nedir?Filistinde Gayri resmi savas nizamı bilmemneyi nerden uyduruyorsun?O döndemde Filistin sorunu ortadayken ,desteklediğin F.Gülen ve cemaati yoktu ortalıkta,Filistinlilerin yanında israile karşı savaştı.Gerilla eğitimi almak için bir sürü sorunun altındaki Filistine gidilmez,bunları bildiğini varsayıyorum.F.Gülen e şahsım adına sadece taraflı şablonunu koydum,noktasına virgülüne dokunmadım.Bu yaptığın ayıp.Salakça dememi yadırgayanlar artık birşeyleri anlasınlar.Resid Gülerdem ve varsa onun gibiler kendi istedikleri gibi olmayınca bu şekilde karşıt görüş belirledikleri hedeflere saldıracak.Ben bu davranıştan bunu anlıyorum.Bundan sonra  sizin gibiler  diyerek üslup eleştirisi yapma bari.Görüyoruz üslubunu,kin ve nefret.O dönemde sadece Deniz Gezmiş yoktu,Türkiye de hemen hemen her aileden 1-2 kişi gözaltına alınmıştır,terörist,anarşist,düzen bozucu,bozguncu sıfatıyla.Her evde de bu konuyla ilgili anlatılacak birşey vardır.Sen kendi ideolojik düşüncelerini ansiklopedik bir ortamda dikte etmeye çalışıyorsun,dahada belirginleştirdin.Nihan ",1,0.534725546836853,1,tr
"Python örnekleri adıyla açtığınız sayfa hızlı silinmek üzere işaretlenmiştir, bilginize. Burada size yeni sayfa açmadan önce yukarıdaki hoşgeldiniz mesajını, içeriğinde işinize yarayacak önemli bilgiler olduğu için, okumanızı tavsiye ederim. İyi akşamlar Khadkhall (mesaj) ",0,0.00031252673943527043,0,tr
"İngilizce nasıl yazıldığının konumuzla bir ilgisi olduğunu sanmıyorum, burada Türkçe okunuşunu tartışıyoruz değil mi? Cumhuriyet ilân edildiğinde Osmanlı Türkçesi sihirli değnek değmiş gibi birdenbire Türkçe olmadı değil mi? Osmanlı alfabesi ile yazılmış bir adın Türkçe okunuşu konumuz sanırım. Evet o dillerden alınan o şekilde bırakıldığı için bu şahsın adı بهاء الدين diye yazılmış ve bunun Türkçesi de Bahattin diye okunur ve yeni alfabeyle Bahattin diye yazılır. Etnik kökene girdiğimizi de düşünmüyorum. Mskyrider   ileti    Osmanlıcada ne öyle yazılır ne de öyle okunur. Tartışma sayfasında bu konuda bilgili arkadaşlar ayrıntılı sayabileceğimiz bir açıklama yapmışlardı. esc2003 (mesaj) ",0,0.0002456808288116008,0,tr
" bak sümerce sarmirsak dimek için  shum  diyoruz! http://psd.museum.upenn.edu/epsd/epsd/e5561.html .Bu kelime 6000 yillik. Sümerce MÖ 4000 de baslar, ve MÖ 1800 ölür. Ibranice sarmisak nasil nedir? Alsace38  İbranicede de şum (שום) denir. ",0,0.0019187278812751174,0,tr
"Maddelerde değişiklik yaparken, lütfen    tarafsız bir bakış açısıyla    ve ansiklopedik bir dilde yazmaya özen gösterin. Maddelere imza atmayınız, maddelerde reklam yapmayınız, e-posta ve telefon numarası gibi özel bilgilerinizi paylaşmayınız. Kendinizi tanıtabilmek için kullanıcı sayfanızda    Babil    şablonlarını kullanabilirsiniz. Kullanıcılarla mesajlaşırken lütfen nezaket kurallarını unutmayın, herkesin aynen sizin gibi Vikipedi yi geliştirmek amacıyla katkıda bulunduğunu ve iyi niyetli olduğunu varsayın.    Beş temel taş   ,    imza kullanımı   ,    cesur ol   ,    engelleme politikası   ,    oy kullanımı    politika ve yönergelerini mutlaka okuyun. Aynı kişiye ait birden fazla hesabın ya da farklı kişilere ait olsa bile birden fazla hesabın tartışmalarda avantaj sağlamak amacıyla birlikte hareket etmesinin    kuklacılık    olarak değerlendirileceğini ve bunun yasak olduğunu unutmayın. Politika ve yönergeleri okuduysanız, değişiklik yapmayı ve Vikipedi de neler yapabileceğinizi artık biliyorsanız    cesur olun    ve değişiklik yapmaya başlayın!...    Haydi kolay gelsin!    KumulBot (mesaj) ",0,0.000583261251449585,0,tr
" en:wiki nin hogwarts ı 13 ana, bir çokta alt konuya bölünmüş devasa bir makale ) Bizim tüm Harry Potter makalelerini koysak o kadar etmez. Ama Hogwarts sayfasında binalar hakkında bilgi verip, daha sonra onlara link de verebiliriz. Ya da dediğiniz gibi yaparız ancak ben böyle olmasında sakınca görmedim, çekimserim.",0,0.0015393983339890838,0,tr
"sildiğiniz kısımlar diğer vikipedilerle ara bağlantılardır, düzelttiğin kısımlar ise iç bağlantıdır. lütfen vikipedi sayfalarına bu şekilde zarar vermeyin.Delamorena     mesaj      ",0,0.0008333327132277191,0,tr
bu arkadaşlarımızın nükleer fizikle uğraşıp(ki kimden öğrendilerse muhtemelen bir felaketle karşılaştılar)soğuk veya sıcak füzyonu buldularsa ben tüm geçmişimizi tekrar sorgulamamızı öneririm...,0,0.0010466828243806958,0,tr
Sizin şablonunuzu kaldırdım hızlı silme şablonu ekledim kendi isteğim gerekçesyle lütfen siler misiniz?    Emperyan     ileti     Hevesim kırılmadı silebilirsiniz. ) Yanlış anlamayın ama ben ilgilenebileceğimi sanmıyorum.... Eğer siz ilgilenirseniz sevinirim. Sizin ne kadar yardımcı olacağınızı çok iyi biliyorum zaten emin olun... İyi vikiler.    Emperyan     ileti    ,0,0.021074283868074417,0,tr
Madde artık hayatta olmayan bir bilim adamı ile ilgili olduğundan önceki şablonun anlamı yoktur. Ama maddenin geliştirlmesi için madde içine taslak şablonu ekledim Tropique (mesaj) ,0,0.0011241243919357657,0,tr
"Genelleme işe yaramıyorsa özelleme de yapılır bir süre sonra, . Ancak nitelemesiz yapılmalıdır. SAS taki  Sizin HS etiketleri yorumlamanızda bu noktadaki bilgi eksikliğinizden kaynaklanıyor.  tümcesinden söz ediyorum bu arada, bu belirgin bir VP:İÜY ihlali.    Vito Genovese    ",0,0.0013525498798117042,0,tr
"Şurası ile ilgilenebilir misiniz? Saygılar -esc2003 (mesaj)  Tamamdır Esc, iyi çalışmalar.. Théoden ileti ",0,0.00044964556582272053,0,tr
"Merhaba, Şırnak Üniversitesi Rektörü ile ilgili açtığınız başlık hakkında telif hakkı ihlali nedeni ile silinme talebi oluşturulmuştur. Bunun nedeni, üniversitenin sayfasındaki bilgilerin aynen aktarılmış olmasıdır. Sizden, başlığın içeriğini kendi cümlelerinizle (tabii ki diğer sitelerden de faydalanarak) yeniden yazmanızdır. İçerik az da olsa önemli değil. Önemli olan, bir yerden başlamaktır. Cümleleri aynen alırsanız, tırnak içinde kullanın ve kaynak belirtin. Aklınıza takılan bir nokta olursa benimle ya da başka görevlilerle iletişime geçebilirsiniz. Kolay gelsin. thecatchercintherye Mesaj ",0,0.00035201734863221645,0,tr
"Selam, Köy Çeşmesinde geri aldıuğın Abdi İpekçi parkıyla ilgili kısımı benim yaptığım gibi gorunuyor ama o değişikliğin benimle alakası yok. bu neden ki acaba bir fikrin var mi? Erkan ",0,0.0017513168277218938,0,tr
Yok aslında sorun o div kodunda değildi. Yani kırmızı bağlantılar fazla olduğu için öyle demiştim. Böyle daha fazla göze batıyor. Atakan0652 ,0,0.0014402513625100255,0,tr
"Bence en uygun çözüm  Story by => Yazar  olmalı. Doğduğumdan beri avrupada yaşıyorum ve türkçemizle oluşan çeviri problemleriyle çok uğraştım, anlam olarak tavsiye ettiğim sonuç bence en yakın olanıdır.Brown Sugar  Merhaba tartışmayı takip ettiğinizi bilmiyordum. Fakat değişiklikler yapıldı. Şimdilik Hikâye kalsın daha sonra  Yazar  yaparız. Öneriniz için teşekkürkler. Kumul ",0,0.0004222002753522247,0,tr
Bence iyi fikir. Başlık ne olmalı? Aklıma ilk gelen Savaş filmleri ve TV programları listesi. — Pınar [m] ,0,0.0007969672442413867,0,tr
"60px|left    Merhaba   . Az önce katkı yaptığınız yerleşim yeri maddesine ilginiz için    teşekkürler   . Yerleşim yerlerine ait maddelere sıklıkla o yöreli kullanıcılar tarafından katkı yapılmaktadır. Ancak    çoğu zaman    düzenin devamını sağlayan ve ansiklopedik özelliklerin korunmasını sağlayan    bazı kurallar gözardı edilmektedir   . Eğer siz de katkı yapmaya devam edecekseniz lütfen    biçem kuralarına Vikipedi:Biçem el kitabı ndaki ve aşağıdaki 8 kurala uyunuz.    Ekstra yardım gerektiğinde Vikipedi:Yardım sayfasına bakabilirsiniz. Örnek almak isterseniz ilçe olarak    Ayvalık, Balıkesir    ve köy olarak    Kumçelteği, Çorum    maddesi size yol gösterecektir. Ansiklopedik dil kullanınız. Buna örnek olarak    Köyüm    ya da    Köyümüz    ifadesi yerine    Köy    ifadesi kullanılması gerektiği verilebilir. Altyapı ile ilgili    şikayetlerinizi burada dile getirmeyiniz   . Ancak    mevcut durumu ifade ediniz   . Yerel yöneticileri    öven    veya    yeren    ifadeler kullanmayınız. Muhtar veya belediye başkanlarının isim ve soyisimlerinin    sadece ilk harfini    büyük harfle yazınız. Mevcut standart alt başlıkları    bozmamaya    özen gösteriniz.    Tüm cümleyi büyük harfle yazmayınız   . Büyük harfleri sadece genel Türkçe kullanım kuralları dahilinde kullanınız. Maddeye başka kaynaklardan birebir    kopyalanan bilgileri yapıştırmayınız   .    Kendi isminizi    veya yöreli olan ancak ansiklopedik olmayan    şahısların özel isimlerini maddeye eklemeyiniz   . Çapasapı ",0,0.0011170065263286233,0,tr
"Saidferid e itaat edeceksin. Yoksa başın gidecek. Başın bir ipten değil, daha feci bir şekilde kulak içi yağlarını silip atan bir kurşundan akacak. Bugün on olduk. Yüz olduğumuzda bekle bizi. Siz, Amerikancı köpeklar, azılı işbirlikçiler, Amerikan salatası yiyerek ve Amerikan filmleri izleyerek daldığınız hayal aleminden bir başka hayal alemine, Wikiye geçerken gerçek aleme donunuzdan kopmuş kanlı bir paçavra düşürdünüz. O şimdi elimizde. Sizi yalaklığını yaptığınız Hristiyan-Siyonistlerinin yanına gönderecek, sizi arkanızdan kovalayacak ve İslam dnyasının baş düşmanlarıyla bereber Muhammedi resmetme cüretini gösterenlerle birlikte, kendi yağınızda yakacağız.",1,0.8114842176437378,1,tr
Liste için elinize sağlık. Engellemediklerim ya vandalizmlerinde inci belirtisi görmediklerim ya da vandalizm yapmadığı halde araya karışanlar. Gözden kaçan varsa tekrar bakabilirim tabii. Çeşmeye de not düştüm. Teşekkürler. yabancım ,0,0.0022778615821152925,0,tr
"Eğer kızmazsanız bir şey diyeceğimde, ben Kullanıcı:Goktr001/Mesaj Arşiv ve Kullanıcı:Goktr001/Mesaj Arşiv 2009 silinsin istemiştim, Kullanıcı mesaj:Goktr001/Mesaj Arşiv 2009 ın ne suçu vardı? D İyi vikiler...     ",0,0.15216536819934845,0,tr
Ne tekelim? Dayatıcı davranarak doğrudan ilgili olmayan aslen Ermenilerin faaliyetlerini anlatan bu kitapları koydunuz. Kimin tekelinde? Aslında kimsenin tekelinde değildir ve tekelinde olmamalıdır. Dengenin anlamını da yanlış kavramış olmalısınız. Denge için yazılmıyor maddeler. Neden Ermenilerin Türklere karşı eylemleri maddesi gelişmiyor? Bunu sürekli Kullanıcı:Qwl e söylemiştim. Eninde sorunda misilleme zihniyetiniz yok diyemezsiniz. Bu kitapların burda olması beni rahatsız etmiyor açıkçası. Sadece bazı arkadaşımızın zihniyetlerinin yanlış olduğunu söylemek istiyorum. Roman romandır tam gerçek değildir. Filmler de öyle. Ancak bunlar iddiaların bir parçasıdır. Bu maddeye milliyetçi zihniyetiyle yaklaştığınızı anlıyorum. Milliyetçi olmayın diyemem. Fakat vikiye bu zihniyetinizi taşmamalısınız. Bunun dışında geçen günde yaptığınız gibi kişisel davranmayın lütfen. Konulara bakın. Teşekkür ederim. İyi çalışmalar. Takabeg ,0,0.04479243606328964,0,tr
"Ok, it was decided to preserve the current structure: Kategori:Milletlerine göre filozoflar > Kategori:Yunan filozoflar > Kategori:Antik Yunan filozofları where Antik Yunan corresponds to Ancient Greeks and Yunan to contemporary Greeks. I will get on with this as soon as possible...- Erhan ",0,0.00019478304602671415,0,tr
İNGİLİZCE VİKİPEDİ SENİN BİR VANDAL OLDUĞUNU TESCİL ETTİ mAVRİKANT İLE DİYAPAZON TARAFINDAN DA ONAYLANMIŞ YAZILARI SİLDİN SEN BİR VANDALSIN68.100.166.227 ,1,0.8680459856987,1,tr
 Devam etmek isterim ama hepsiniz kendim yazamam. (Amatör) sinolog arkadaşlara ihtiyâcım var. Ama çevremde bu konularla ilgilenen kimsem yok. (Zâten gerçek çevrem de çok dardır). Bu konuda bana yardımcı olabilir ve Çin projesine başkalarının dikkatlerini çekebilirseniz memnun olurum. Aslında İngilizce Vikipedi den tercüme etmeye hazır olacak kadar bu işe ilgi duyan arkadaşlar olsa yeterlidir. Sinolog olması şart değil. Sae1962 ,0,0.001159823965281248,0,tr
:Resim:Akor-nomen.gif lisans problemi    :Resim:Akor-nomen.gif    resmini yüklediğiniz için teşekkürler. Ancak dosyanın tanım sayfasında telif statüsü hakkında yeterli bilgi bulunmamaktadır. Vikipedi telif haklarını çok ciddiye alır.     Lisans  ve  kaynak  bilgisi eksik olan resimler hızlı silme kriterleri gereğince işaretlendikten 7 gün sonra silinirler.    Eğer resmin lisansını biliyorsanız resim dosyasına    telif etiketini ekleyiniz   . Yüklediğiniz diğer resimleri kontrol etmek için bu bağlantıyı tıklayınız. Sorularınız için Vikipedi:Medya telif soruları sayfasını kullanabilirsiniz. Teşekkürler. Muratsahin ,0,0.0002737276954576373,0,tr
"Lisans hatalı dosyaların silinmesini nereden istiyoruz? şablonunun doğru kullanımı, yanlış kullanımından daha seyrek olabilir. Deniz (mesaj)  Serbest kullanımlı lisansa sahip olarak yüklendiği hâlde o lisansa sahip olmayan o kadar çok dosya var ki... O verdiğin şablon dahi hatalı,  100 yılı geçti kamu malı oldu  durumu her ülkeye has bir durum değil. Türkiye de geçerli değil mesela (Osmanlı döneminde oluşturulanlar her türlü kamu malı, ama 2025 yılında misal, 1925 te üretilmiş olması, yani 100 yıl geçmiş olması kamu malı olmasına yeterli olmayacak). Gibi gibi...RapsarEfendim? ",0,0.000856361526530236,0,tr
Ben şu anki halinin korunmasını öneriyorum. Menderes in bu ülkeyi nasıl yönettiği yada nasıl bir yönetici olduğunun vakıanın darbe olarak nitelendirlebilmesi açısından hiçbir önemi yoktur diye düşünüyorum.Kolay gelsin...Xyzblood ,0,0.020949073135852814,0,tr
"Palyaçolar ve Masal Kahramanları Palyaço olarak faaliyet gösteren animatörlerimiz çocuklarımızın yaş gruplarına göre animasyonlar oyunlar oynatır. Bir palyaço ile çıkılan doğum günü yolculuğunda palyaço görevini gerçekleştiren animatörün uygulayacağı oyunlar, bu palyaçonun çocuklara karşı yaklaşımları, palyaço hizmetinin kalite oranının belirlenmesinde büyük rol oynar. Bizler için önemli olan görevli palyaço arkadaşımızın doğum günü, sünnet düğünü gibi bir organizasyon içerisinde kullanacağı cümleler ve palyaçoya has şirin fakat düzgün olan diksiyonudur.Devamı..",0,0.5829128623008728,1,tr
" 40x40px|left Lütfen uyarıları dikkate alınız. Vikipedi işleyişini aksatmanıza yönelik davranışlarınız için size yapılan uyarıları önemsememeniz, vandalizm olarak değerlendirilebilir ve engellenebilirsiniz. İyivikiler...    homonihilis    //    ileti    ",0,0.02476869523525238,0,tr
Selam. Dilleri öğrenmek için en faydalı olan orada yaşamak. İkincisi müzik kliplerdir. Bun eminim. Farsça öğrendiğim yıllarda popüler idi. Yani biraz eski. Size hediye ederim. Mansour fagat be khatereh to Bir de Googoosh tanıyorsunuz herhalde Googoosh Man omadeam bi de şunu da bilmemeniz gereken klasiklerden Mara beboos Kolay gelsin. Takabeg ,0,0.04101959988474846,0,tr
" 155px   VikiProje Sinema da Ayın İşbirliği ne Davetlisin!    Merhaba ! VikiProje Sinema bünyesinde Mart 2017 iş birliği projesi    Kadın film yönetmenleri listesi    ndeki maddelerin oluşturulması olarak seçilmiştir. Bu kapsamda, proje başlangıcı itibarıyla maddesi oluşturulmamış kadın film yönetmenlerinin 50 sinin maddesinin oluşturulması hedeflenmektedir. Bir çok işbirliği projesinde olduğu gibi bu işbirliği projesinin sonunda da pek çok ödül seni beklemekte.   Daha ayrıntılı bilgi ve katılım için      TIKLAYIN.         *VikiProje Sinema mesajları almak istemiyorsanız buradaki listeden kullanıcı adınızı kaldırabilirsiniz.      MediaWiki message delivery (mesaj) ",0,0.0018948953365907073,0,tr
"Karizmatik bir katil, bundy eline su dökemez. Adamın üstüne beton yağsa, yağmur gibi kurşun boşaltılsada ölmüyor, dönüp intikam alıyor )88.232.200.226 ",1,0.7529456615447998,1,tr
"Bu parlamenterler asıl partilerini terk etmediler. Ya onları iki tarafla sayıyoruz ya da sadece Saadet Partisi ile sayıyoruz. Bir partiye ve parlamenter gruba ait olmak arasında bir fark vardır. Panam2014 (mesaj) 13.44, 1 Temmuz 2018 (UTC) Sayın Panam2014, bizim için asıl liste TBMM sitesinde bulunan şu sayfada, mesela burada da Sayın Abdulkadir Karaduman CHP milletvekili olarak gözükmekte. Bu nedenle listeler yayınlansın ve milletvekilleri yeminleri edince zaten herşey ortaya çıkacaktır. Saygılarımla, SakhalinioBuyrun beniiiim? 16.32, 1 Temmuz 2018 (UTC)",0,0.0005852400208823383,0,tr
"Bu güzel ödül için çok teşekkür ederim. Uzun zamandır Vikiyıldız almamıştım, özlemişim ). Hepimiz bir köşesinden tutuyoruz; maksat bir katkımız olsun...  Gözlerim yaşardı, mendiliniz var mı acaba? ) Hedda Gabler  Eklediğim madde ile ilgili telif hakkı neymiş anlatırmısınız! Anlamadan, sormadan, araştırmadan iş yapıyorsunuz! ",0,0.0024555239360779524,0,tr
" Selamlar, hızlı cevabınız için teşekkür ederim. Paylaşımınız için de teşekkür ederim. Bahsi geçen yazının yazarı benim. Lütfen buraya bakınız. İlginç bir rastlantı oldu. Yolladığınız bağlantıda telif hakkı ihlali yapan kişiyle irtibata geçeceğim. Lütfen salma başlığındaki değişikliklerimi onaylayabilir misiniz? Kullanıcı hesabım yeterli yetkiye ulaşınca kendi çizdiğim resimler dahil olmak üzere makalemin geri kalanını da uygun başlıklara ekleyeceğim. Teşekkür ederim. Toytun (mesaj) ",0,0.00027953641256317496,0,tr
"Selam, şu tartışma için yorum yapabilir misiniz? İyi çalışmalar... esc2003 (mesaj)  Selam. Görüşümü belirttim de senli benli konuşsan çok daha iyi olacak benim açımdan (senin için de sorun olmazsa ) İyi akşamlar.RapsarEfendim? ",0,0.0034876177087426186,0,tr
"right|link= Vikipedi:VikiProje Sovyetler Birliği/İşbirliği Projesi|170px Bu ayın VikiProje Sovyetler Birliği İşbirliği Projesi olan    Azerbaycan da komünizm şablonundaki kırmızı bağlantılı maddelerin oluşturulması    projesine son    2 gün   . An itibariyle 47 olan madde hedefine dair 18 madde (%38.3) açıldı, proje bitim tarihi olan      15 Nisan 2017      gününe kadar katkılarınızı bekliyoruz. Ayrıca gelecek döneme dair yapılacak projelerde fikirlerinize ihtiyacımız var. Şablonlarda yer alan eksiklikleri giderme, çeşitli konulara dair maddeleri açma, eksik maddeleri geliştirme, seçkin madde üretme gibi pek çok konuda proje önerileri mevcut. Lütfen fikirlerinizi ve yeni proje önerilerinizi    anket ve oylamalar    sayfasına yazın, işbirliği ile Vikipedi yi geliştirelim. Bu mesaj proje toplu mesaj listesindeki kişilere gönderilmiştir. MediaWiki message delivery (mesaj) ",0,0.00025438598822802305,0,tr
"Merhaba, 30 ustu değil, 24. Eski ve güncel kullanim konusunda pek bir sey soyleyemem. Tek bildiğim Vikipedi`nin Hristiyan`i değil de, Hıristiyan`i tercih ettiğidir. Yine de Hristiyan olarak da kullanılabilir belki de. Tesekkur ederim, gözlemlediğim kadariyla bu konuda eskiden yeterince konusulmaz ve konusuldugunda da toplumsal sonuclari goz onune alinarak carptirilir veya saklanildi. Yalnizca arastirmacilar degil, devlet erkanindan kimseler dahi bile bile carptirir, ortaya da bir dizi söylenceler atarlardi. Ornegin eski Dis Isleri Bakani Ilter Turkmen`den miras kalan bir iddia halen daha tek bir kanidi olmamasina karsin gerçek zannediliyor ve Ataturk`un dinine ilişkin bir kanit olarak algilaniyor toplumda. 12 Eylul`un miraslarindan biri olsa gerek bu. Elimde konuyla ilgili kitaplar da var. Bu konu için alt baslik acilarak kullanılabilirler. Belki yardimci da olursunuz bana ) Arzu ettiğim olcude zaman bulabileyim yeter.    Vitruvian    (mesaj) ",0,0.0037481633480638266,0,tr
"   Rousseau    ismini, okuma-yazmayı öğrenmiş bir ilkokul çocuğu nasıl okuyorsa, gerçek Türkçe odur,    Russo    dur! Gerisi uyduruğun daniskası. Uyduruk, uyduruk, uyduruk !!!!!Tuleytula ",1,0.1274750530719757,0,tr
"Göndermek    benim için    sorun olacak olsaydı söylemezdim zaten. O kitabın kullandığı puntolar o denli küçük ki ve ben eskisi kadar genç değilim ) Ancak gündüz, terasını ışığında bakabilirim. Tarayıcımın da kullanılmaya kullanılmaya paslanalı yıllar oluyor. Fakat,  Elimden geldiğince dönemi okuyup, anlamaya ve uygun şekilde buraya aktarmaya çalışıyorum  demişsin.   Tatsız şeylerle   karşılaşabileceğini de biliyorsun değil mi. Makedon (mesaj) ",0,0.0073861656710505486,0,tr
"Şöyle bir sayfa var. Ben Y3 ten sildim ama sonra bir görüş alışverişinde bulunayım diye geri getirdim. Ne yapmalıyız hocam?  kurala göre silmek bir seçenek olabilir ancak silinmese de çok öenmli değil. Çünkü kötü amaçlı veya bir sorun yaratacak biçimde kullnılmadığı için kalabilirde. Seçim sizin. Manco Capac ⇨   ⌨     Daha önce böyle örneklere rastladığımızda siliyorduk. Kullanıcıya mesaj attım bilgilendirmek için. Teşekkürler yanıt için, görüşmek dileğiyle... ",0,0.0005266412044875324,0,tr
"Selam,dün gece  imzasız bir yorum u Ahmed-i Hani maddesine yapmış olduğumu ima ettiğinizi sanmıştım.Bu hatam biraz uykusuzluktan biraz da uızlı okumaktan kaynaklanmış olsa gerek. Sizden özür diliyor ve başarılı katkılarınızın devamını diliyorum.Düşünenadam ",0,0.008633621968328953,0,tr
"Gün gün gelişmelerin maddeyi kapsamasında (şimdilik) sorun yok bence. Şahsen bu tarz kronoloji maddelerini hiç sevmiyorum, doğru düzgün bilgi vermiyorlar gibi geliyor. Şu an madde okunaklı, bu şekilde yazması/güncellemesi de kolay, doğru şekilde bölümlersek böyle kalmaya devam eder. Operasyon bittikten sonra gerekirse 9 Ekim, 10 Ekim vb diye giden başlıkları ayrı bir maddeye alıp, baştan sona özetini yazabiliriz; veya operasyonun alt bölümleri olursa (1974 te Kıbrıs taki  1. Harekat ,  Görüşmeler ,  2. Harekat  gibi) ona göre yeniden biçimlendiririz.   Khutuck   msj 15.38, 11 Ekim 2019 (UTC)",0,0.0005045557045377791,0,tr
Penis başlığına giren kişi resim olacağını da bilmelidir. Buradaki tek sorun maddede bulunan penislerin estetik olarak çirkin durmasıdır. 88.252.12.222 ,1,0.9362631440162659,1,tr
" left|55px    Lütfen telif hakkı saklı içerik eklemeyiniz   . Vikipedi de telif hakkı saklı içerikler kullanılamaz. Unutmayın ki; Vikipedi Amerika Birleşik Devletleri Telif Hakkı Kanunu na tabidir ve söz konusu kanuna göre; yayımlanmış her türlü çalışma (aksi belirtilmediği sürece), sahibine otomatik olarak telif hakkı kazandırır. Sadece özgür lisanslı (Kamu malı, GÖBL, Creative Commons vs.) kaynaklardan içerik aktarmanız mümkündür. Daha fazla bilgiyi    Vikipedi:Telif hakları/SSS    ve    Vikipedi:Telif hakları    sayfalarında bulabilirsiniz. Unutmayınız ki uyarılara rağmen ısrarla telif hakkı saklı içerik eklemek bir Vikipedi suçudur ve Vikipedi kuralları (madde 8) gereği    engellenebilirsiniz   . Teşekkürler, iyi değişiklikler!    kibele     mesaj   ",0,0.0002583205059636384,0,tr
Selam. Azerbaycan Demokratik Cumhuriyeti Osmanlı Devleti nin destekçisi olabilir. Gürcistan Demokratik Cumhuriyeti Alman İmparatorluğu nun destekçisi olabilir. Fakat İttifak a katılmadılar. Takabeg ,0,0.0005246418295428157,0,tr
"Kendini neden boşu boşuna yoruyorsun, işin gücün yokmu senin ? Sanane elalemin yahudisinden. 88.235.174.70  Elin Yahudisi umurumda değil zaten. Umurumda olan emek. İsraille alakasız sayfalardaki küfürleri de geri alıyorum sürekli. Ben burada insanlara yardım etmek için bulunuyorum, bunun gibi maddeler yazıp insanlara bilgi vermek istiyorum, ama maalesef vaktimi eşcinsel resimlerini geri almaya harcamak zorunda bırakılıyorum.    Khutuc      k   msj ",1,0.8951252102851868,1,tr
" hayır argümanınız geçerli değil, çünkü vikipedi nin üstüne vazife olmayan  cinsiyetçi değildir  üzerine kurulu. konuyu bu merkezden çıkartmaya çalıştıınıza ve ideolojik yorumlar yaptığınıza göre bence de konuşulacak bir şey yok.    kibele    ",0,0.05369269847869873,0,tr
" 50px|left Kendi mesaj(laşma) sayfanızdaki içeriği değiştirmekte özgür olmakla birlikte, size gönderilen mesajları silmeniz Vikipedi de hoş karşılanmayan bir tutumdur. Takdir edersiniz ki, diğer kullanıcılarla olan yazışmalarınızı, hem sizin hem de diğer kullanıcıların kolaylıkla takip edebilmesi açısından mesaj sayfanızdaki içeriğin silinmemesi gerekir. Aslında yaptığınız, tam olarak bir    silme    de olmayıp, sayfayı    boşaltmak   tan ibarettir. Zira, silme işlemini sadece hizmetliler gerçekleştirebilir. İsterseniz, mesaj sayfanızı burada anlatıldığı şekilde arşivleyebilirsiniz. Maddeleri taşıma ve yeniden adlandırma hakkında daha fazla şey öğrenmek için bu yardım sayfasına da bir göz atabilirsiniz.    →       Burak       ileti    ",0,0.00046102472697384655,0,tr
Thesims2 screen001.jpg lisans sorunu 64px|left|Dosya telif problemi    Thesims2 screen001.jpg    adlı dosyayı yüklediğiniz için teşekkürler. Ancak dosyanın tanım sayfasında telif statüsü hakkında yeterli bilgi bulunmamaktadır. Vikipedi telif haklarını çok ciddiye alır.     Lisans  ve  kaynak  bilgisi eksik olan dosyalar hızlı silme kriterleri gereğince işaretlendikten 7 gün sonra silinirler.    Eğer dosyanın lisansını biliyorsanız    telif etiketini ekleyiniz   . Yüklediğiniz diğer dosyaları kontrol etmek için bu bağlantıyı tıklayınız. Sorularınız için Vikipedi:Medya telif soruları sayfasını kullanabilirsiniz. Teşekkürler. Reality ,0,0.0002647101355250925,0,tr
"Bütün türk qardaşlarıma salam! Həmkar, bizim ölkənin adı - Azərbaycandır. Rəsmi dilimiz - Azərbaycan dilidir. Azəricə və ya Azerice dili yoxdur. Xahiş edirəm, məqalələri redaktə edəndə, fikir verin! Hörmətlə: Masalli qasimli (mesaj)  Merhaba , Azerbaycan maddesinin tartışma sayfasında konu görüşülmeye devam ediyor. Burada herhangi bir karar almadan böyle bir değişiklik yapılamaz maalesef. Ayrıca    Türkçe Vikipedi    sayfasında olduğunuzu da unutmayınız. Sizin söyleminiz ile Azerbaycan dili sayfasında değiliz. İyi çalışmalar.    Pragdon      mesaj    ",0,0.00040722283301874995,0,tr
"Merhaba Nosferatü. Otomotiv maddesi ile ilgili aklıma takılan birşey oldu. Otomotiv in sadece araba üretimi olduğunu anladım ben bu maddeyi okuyunca. Otomotiv; otomotil, kamyon, traktör vb araçların üretilmesi ve bunların sanayilerinin (yedek parça, servisçilik vb) geliştirilmesi değil midir? Bunun tartışılmasını istiyorum. Bunu aynen otomotiv maddasinin tartışma kısmına da yazdım. Saygılarımla. Emre KALECİKLİOĞLU ",0,0.0007051975699141622,0,tr
" kibele üzülmez, bu yüzden zaman zaman sinir bozucu olabilir.. ) bu da böyle bir tanışma oldu diyelim.. kolay gelsin.    ki      bl   ",0,0.03792385011911392,0,tr
"40px|alt=|link=Değişiklik yaptığınız bir sayfa (Yusuf Ziyaattin Cenik) Vikipedi:Silinmeye aday sayfalar/Yusuf Ziyaattin Cenik sayfasında silinmeye aday gösterildi. Bir fikir birliği oluşana dek tartışma sayfası açık kalacaktır. Tartışmaya herkesin katılımını bekliyoruz. Maddede düzenlemeler yapabilirsiniz, ancak sayfanın üst kısmındaki silinmeye adaylık etiketini çıkarmayın. Teşekkürler.     Nushirevan11         Ⓜ    19.08, 19 Şubat 2018 (UTC)",0,0.000299647479550913,0,tr
"Bahreyn ve Kuveyt in en üst düzey idari birimlerine Arapça   muhafaza  , İngilizce   governorate   deniliyor. Sözlükte governorateyi valilik olarak çevirdi. Siz ne düşünüyorsunuz? Birde Kuveyt, Manama ve Doha da önemli yapılar var. Emporis yada Skyscraperpage den yardım alabilirsiniz.  Türkçe kaynaklara bakmak lazım onlar ne diyor diye. Biraz sonra, olmadı yarın bakarım, tabii sen de bakabilirsin ) Kuveyt in giriş kısmını geliştirdim gördüğün gibi. Şimdilik ondan devam edeceğim. Belki ilerlerken ilgimi çeken kırmızılık olursa açarım. Kolay gelsin...Rapsar ",0,0.002003635512664914,0,tr
"Merhaba Sabri, hizmetliliğe tekrar aday olmayı düşünmüyor musun, bence cidden olmalısın, artık pek kritermiş, şuymuş, buymuş vs. meselesi kalmadı. Şimdi olsa elimi kırar oyumu değiştirmezdim:) Bence tekrar aday olmanın zamanıdır. Reality, Rapsar ve sana söylüyorum. Senin de potansiyel oy kitlen var, bence vakit geçirmeden aday olmalısın...Vikiçizer  Merhabalar. Tüm gün boyunca ODTÜ ağından vikimedya projelerine giremediğinden mesajını cevaplayamadım. Özellikle yaz aylarında çok girdiğimden faydalı olabilirim. Bunun dışında sitenin de ihtiyacı var belli ki... Potansiyel oy kitlesi var mı bilmiyorum ama bu aylarda ODTÜ nün ağır ders programı dolayısıyla pek aktif olamasam da her gün en az 15 dk. girerek en azından deneme tahtasını temizlediğim görülüyordur. Fırsat buldukça giriyorum. Yarın gönüllü bir projede (ee sadece çevrimiçi gönüllülük kesmiyor) çalışmam var: Ankara Gönüllü Takımı. Umarım adı ileride sıkça duyulacak... Yarın en kısa zamanda adaylığımı koyayım. 2. adaylıkta seçilmezsem, bir daha da aday olmaya gerek duymam, vikisözlükte tek aktif hizmetli ve bürokrat (o yetki de pek işe yaramasa da duruyor işte, bir umut orası kalabalıklaşırsa) olarak takıılırız, kırma ellerini, lazım onlar bize unutma... ",0,0.0017421541269868612,0,tr
" Merhaba, Ben . Bilmeni isterim ki az önce senin birini geri aldım. Örneğin Vikipedi:Kullanıcılar maddesinde yaptığın bu değişiklik bana yapıcı gibi gelmedi. Eğer bir hata yaptığımı düşünüyorsan ya da herhangi bir sorun varsa üzerinden bana ulaşabilirsin. Teşekkürler. Umut Yazici (mesaj) ",0,0.0006153351860120893,0,tr
"MadameHooch.jpg kullanılmayan dosya           MadameHooch.jpg    adlı dosyayı yüklediğiniz için teşekkürler. Dosya tanım sayfasında belirtildiği üzere, dosya adil kullanım dosyasıdır ve Vikipedi de adil kullanım politikası kriterlerini sağlamak zorundadır. Şu anda bu dosya hiçbir maddede kullanılmamaktadır. Eğer dosya maddeden çıkarıldıysa, neden çıkarıldığını kontrol ediniz. Eğer kullanılabilir olduğunu düşünüyorsanız yeniden ekleyebilirsiniz. Ancak resmin adil kullanım politikasına kesin olarak uyduğundan emin olunuz. Yüklediğiniz diğer dosyaları kontrol etmek için bu bağlantıyı tıklayınız.    Hızlı silme kriterleri gereğince hiçbir maddede kullanılmayan adil kullanım resimleri işaretlendikten bir hafta sonra silinirler   . Sorularınız için Vikipedi:Medya telif soruları sayfasını kullanabilirsiniz. Teşekkürler. Reality ",0,0.00020807307737413794,0,tr
anasayfada günün şeçkin şablonunda sorun var resim gösterilmiyyor Son kahraman ileti  Hala gözükmüyor... Ykargin  denedim ama beceremedim.. ( teknikman birinin gelmesini bekleyelim.    ki      bl    Şimdi düzelmiş olması gerek. yabancım ,0,0.7236148715019226,1,tr
"Kod hatalarını düzeltmişsiniz,elinize sağlık çok teşekkürler.Önceki sürümleri araştırdım.13 Haziran 2010 da Kullanıcı:Türk Süvarisi nin yaptığı şu değişikliğe kadar 107 kaynak var ve benim görebildiğim kadarıyla kaynaklarda hata yok.Türk Süvarisi nin değişikliğinden sonra kaynak sayısı 111 e çıkıyor ve kaynak hataları oluşuyor.Bana Türk Süvarisi hatalı bir şekilde yeni kaynaklar eklemiş gibi geldi.Siz ne dersiniz?Yardımcı olursanız çok sevinirim.Bu arada İran ı KM adayı göstermeyi düşünüyorum ve bu nedenle maddeyi düzenlemeye çalışıyorum.Vikipedi:Madde incelemesi/İran/arşiv1 de siz de görüşlerinizi belirtirseniz maddenin gelişimi adına katkısı olur diye düşünüyorum.İngiltere Portalı nda sizin ve diğer vikipedistlerin bahsettiği yorumsal ifadeleri ve yazım hatalarını düzelttim.İsterseniz portala tekrar göz atın.Sevgiler, iyivikiler   Âkhilleus       mesaj    ",0,0.0003682742244563997,0,tr
"Sayın Hcagrı. Köyle alakalı bilgilerde mevcut olan imla ve anlatım bozukluklarını düzeltiyorum fakat devamlı reddediliyor. Mesela   Muhammedin soyu...  tabiri var.  Sen olmasaydın alemleri yaratmazdım  lutfuna mazhar olan ve şu anda varlığımızın müsebbibi olan zata karşı, sanki babamızın oğlundan bahsediyormuş gibi yazılmış bu tabir yakışıyor mu? Elimizi vicdanımıza koyalım lütfen... Merhaba, Vikipedi de benimsenen tarafsız bakış açısı politikası dolayısıyla kişi isimlerinden önce ve sonra Hz., Hazretleri gibi ifadeler kullanılmıyor. Bu bütün peygamberler ve diğer kişiler için de geçerli. Kaldı ki şahsi fikrimi sorarsanız da sizin gibi düşünmüyorum açıkçası. Hz unvanı sadece Türkçe de kullanılan ve sonradan icat edilmiş bir ön ektir. Bu ön eki kullanmak bir tercih olmalıdır, kullanmamak saygısızlık değil. İstiyorsanız tabi ki söylerken ya da başka yerlerde yazarken saygı ifadesi olarak kullanabilirsiniz ama burası bir ansiklopedi ve tüm dinlere, görüşlere eşit mesafede olmak zorunda. İyi günler.–   h.çağrı   msj ",0,0.0011166459880769253,0,tr
Senin hesabı da hackleyelim mi? Bunu mu istiyorsun. Ama sen ezik falan degilsin. Çok zeki bir çocuksun 15 eylüle sen de gel Parti yapacagız,1,0.9278786182403564,1,tr
":Resim:Baslik.JPG lisans problemi    :Resim:Baslik.JPG    resmini yüklediğiniz için teşekkürler. Ancak dosyanın tanım sayfasında telif statüsü hakkında yeterli bilgi bulunmamaktadır. Vikipedi telif haklarını çok ciddiye alır.     Lisans  ve  kaynak  bilgisi eksik olan resimler hızlı silme kriterleri gereğince işaretlendikten 7 gün sonra silinirler.    Eğer resmin lisansını biliyorsanız resim dosyasına    telif etiketini ekleyiniz   . Yüklediğiniz diğer resimleri kontrol etmek için bu bağlantıyı tıklayınız. Sorularınız için Vikipedi:Medya telif soruları sayfasını kullanabilirsiniz. Teşekkürler. :Resim:Baslik.JPG kullanılmayan resim           :Resim:Baslik.JPG    resmini yüklediğiniz için teşekkürler. Resim tanım sayfasında belirtildiği üzere resim adil kullanım resmidir ve Vikipedi de adil kullanım politikalarını sağlamak zorundadır. Şu anda bu resim hiçbir maddede kullanılmamaktadır. Eğer resim maddeden çıkarıldıysa, neden çıkarıldığını kontrol ediniz. Eğer kullanılabilir olduğunu düşünüyorsanız yeniden ekleyebilirsiniz. Ancak resmin adil kullanım politikasına kesin şekilde uyduğundan emin olunuz. Yüklediğiniz diğer resimleri kontrol etmek için bu bağlantıyı tıklayınız.    Hızlı silme kriterleri gereğince hiçbir maddede kullanılmayan adil kullanım resimleri işaretlendikten bir hafta sonra silinirler   . Sorularınız için Vikipedi:Medya telif soruları sayfasını kullanabilirsiniz. Teşekkürler.    Yabancı     msj   ",0,0.00022587050625588745,0,tr
"Merhaba! Birinci kaynağın  imc tv Türksat’a dönecek mi?  başlığı altında bu içerik ile ilgili bir bilgi mevcut. Dikkatli inceleminizi tavsiye ederim.  Bende farklı şeyler uyandırıyor  denilirken neyı kastetmek istediniz, pek anlayamadım. Bunun yanında bu emir verici üslubun hoş olmadığını söylemek isterim. Maurice Flesier (mesaj) ",0,0.0005920756375417113,0,tr
"Sayfa sanki bütünüyle bir magazin dergisinden alıntılanmış gibi. Anlaşılmaz uzun uzun cümleler ve reklam kokan ibâreler de cabası. Sayfanın (sayfadaki cümlelerin) yeniden düzenlenmesi, üslûbunun daha  ansiklopedik  olması gerek. Akay Çelebi (mesaj) ",0,0.00042708899127319455,0,tr
Vandalizm olarak tanımlanabilecek hareketlerden kaçının. Vikipedi de vandalizm yasaktır. Vandalizm tanımları için Vikipedi:Vandalizm sayfasına bakabilirsiniz. Vandalizm cezalandırılabilir... - Noumenon ,0,0.0005204329499974847,0,tr
" Ana Sayfa da çıkan bağlantılar tam korumaya alınıyor. Ancak yarı korumaya alınması gerektiğini düşünüyorum. Malum pek bir vandalizm olmuyor buralarda. Ancak gerekli olan düzeltmeleri/hataları buraya yazıyoruz bir kaç saat sonra düzeltiliyor. Yani gördüğümüz hataları direkt olarak biz düzeltebilir kanımca. Özellikle   (kişisel olarak)   günün seçkin resimlerine AS ye çıktığı tarih şablonunu ve tarihte bugün sayfalarında gerekli düzenlemeler yapmaya çalışıyorum ancak... Bu konuda bir görüş birliğinin olması şart olduğunu düşünüyorum. —   E M P E R Y A N       ileti     Katılıyor gibi gibiyim. Stultiwikia  Ya vandalizm olursa? Katılmıyorum. Her autoconfirmed kullanıcıya bunları değiştirme yetkisi veremeyiz, belki sadece devriye veya editörlere olabilir, eğer teknik olarak mümkünse. 82 ~145 ileti ",0,0.0004440686898306012,0,tr
"İlginize çok teşekkür ederim, fakat  Buffy vampir avcısı  şeklindeki çevirinin hem çok da doğru olmadığını, hem de kulaa hiç hoş gelmediğini de belirtmek istedim. Eğer Türkçe bir açıklama yapmamız gerekirse  Vampir Avcısı Buffy  çok daha doğru bir tercüme olur diye düşünüyorum. Eğer tercümeleri bu şekilde düzeltirseniz inanın çok mutlu olacağım - eğer yapmayı bilseydim inanın sizden böyle bir şey istemezdim. - İyi günler Morphosis~ ",0,0.0006393376388587058,0,tr
"Madde adı korunmadı, tartışıldığı esnada Orhan Gazi adındaydı. Tartışıldığı esnada yalın hale;  Orhan  adına taşındı. Görüşüm aynı, Orhan bu maddeyi açıklayıcı bir adlandırma değil. Bir tarih ansiklopedisi olsaydık belki evet olurdu.Sait* 15.29, 30 Ağustos 2019 (UTC)",0,0.0003739731037057936,0,tr
"Eğer yasalarla uyumlu olmaya kalkarsak bu iş tarafsızlığı yitirmeye kadar gider. Önce dosya alan adında başlar sonra maddelere geçer. Telif hakkını falan geçtim kişi sayfalarından dolayı bile engel yiyebiliriz. Örnek veriyorum Recep Tayyip Erdoğan sayfasındaki bir içerikten dolayı (diyelim ki bu içerik doğru), başbakan dava açtı ve mahkeme de içeriğin iftira olduğuna karar verdi. Bu durumda da Vikipedi engellenecektir. Bu durumda da yasalarla uyumlu çalışalım ceza almayalım diye içeriği kaldıracak mıyız? Ben açıkcası bu öneriye baştan karşıyım. Vakfın aldığı kararın doğru yorumlandığından da emin değilim.    Örnek alırsak ABD üretimi olan bir eser zaten Türk yasalarının yetki alanında olmadığından Türk yasalarına aykırı değildir.    ABD yasalarına da uygun olduğuna göre ABD gibi Adil Kullanımın serbest olduğu ülkelerin dosyalarını yüklemekte sıkıntı göremiyorum. Ben o kararı bu şekilde yorumluyorum. Bu yüzden önerimi yineliyorum.    Adil kullanım sadece adil kullanımın serbest olduğu ülkelere ait eserlerle sınırlı tutulsun. Onun dışında kalanlar silinsin. Örnek: ABD, İngiltere ye ait eserler yüklenebilir. Almanya Türkiye ye ait eserler yüklenemez.      Reality    ",0,0.00034348134067840874,0,tr
"   Sözkonusu resmin telif etiketinin  Logo-Ticari  olarak seçilmesi sonrası:    Selamlar Burak, Cebit için  Logo-Ticari  den ziyade, düz  Logo  daha mantıklı geldi bana. Şirket değil sonuçta, uluslararası bir fuar. Bilmem sen ne dersin?    Vito Genovese    ",0,0.00223186775110662,0,tr
"Merhaba Ansklopedist, Oluşturmuş olduğunuz Yaşar taşkın koç adlı sayfa, Vikipedi nin hızlı silme kriterlerinden g2 uyarınca silinmeye aday gösterilmiştir. Sayfanın silinmeye neden aday gösterildiği ile ilgili daha fazla bilgi almak için, ilgili kriterde verilen açıklamaları okumanız önerilir. Bu uyarıyı gördüğünüzde sayfa silinmiş olabilir. Eğer sayfanızı bulamıyorsanız silme kayıtlarını kontrol edebilir ve sayfayı silen hizmetli ile irtibata geçebilirsiniz.    emrahertr   mesaj ",0,0.0004000784829258919,0,tr
" 45x45px|left Lütfen uyarıları dikkate alınız. Vikipedi işleyişini aksatmanıza yönelik davranışlarınız için size yapılan uyarıları önemsememeniz, vandalizm olarak değerlendirilebilir ve    engellenebilirsiniz   . M. M. ",0,0.0009454722749069333,0,tr
" Selam Yabancı. Baktım da ingilizce vikipedideki o dörtlük vikikaynaktaki   Cennette huriler varmış   la başlayan dörtlük değil. O sayfadaki dörtlüklerin hiçbiri ingilizcedeki dörtlüğün anlamını vermiyo. Başka kaynaklara bakmak lazım. Türkçe, Farsça ya da İngilizce bi kaynak bulursam bakarım. Şimdilik sana kolay gele..    maderibeyza      ileti    ",0,0.0011564823798835278,0,tr
Vikipedi:Silinmeye aday sayfalar/Sözde Peygamberler oylanan başlık silindi mi bilmiyorum ama az önce bir i.p tarafından yeni sayfa olarak açılmış. Peygamberlik iddiaları incelemeniz dileğiyle.koc61 ,0,0.0004115796182304621,0,tr
Bence riske girmeden evvel fikirleri alalım ) O bağlantının bana zararı yok açıkçası )    Khutuc      k   msj ,0,0.002447821432724595,0,tr
"Bence cicekpasaji.com sitesini alması ticari nedenlerle anlaşılabilir bir şey. Böylelikle arama motorlarıyla  Çiçek Pasajı  diye arama yapanlar o siteyi de herhalde ziyaret ederler. Belki birkaçı da alışveriş yapar. Ancak, siteyi de inceleyince görülüyor ki, web sitesi adresinde kullanılan cicekpasaji dışında, sözkonusu yerin Çiçek Pasajı yla ilgisi yok gibi. Ne dükkanın adı Çiçek Pasajı (adı Gardenium muş), ne de yeri Çiçek Pasajı nda. Bu arada sitelerinde Çiçek Pasajı ndan da söz etmişler tabii. Ama o kadarı da olacak, adını kullandıkları yeri az da olsa tanıtmasalar, ayıp etmiş olurlardı. Muhammedcimci ",0,0.0028185865376144648,0,tr
Eski mesajlarimi buraya aktarmamda sorun cikiyor. Otomatik bir arac vandallik olarak goruyor. cozum bulmam lazim..Bahar yakın ileti ,0,0.010791950859129429,0,tr
O siteyi biliyorum ) Ama en az 70 madde puanlamak mı? Yok ben almayayım diyesi geliyor insanın P    Betelgeuse-Seginus    ,0,0.016635075211524963,0,tr
" Merhaba Sadrettin bey. Benim çalışma anımda siz düzenleme yapmışsınız.Yani eş zamanlı çalışmışız. Düzenleme yapayım dedim baktım baştan aşağı durum felâket.  Düzenle  ve  Tashih  şablonları ekledim. Tekrar bakabilirsiniz. İleride bu madde için yoğun bir çalışma planlıyorum. Çünkü ekmeğini yedim, suyunu içtim buranın. Bildiğim, yaşadığım bir yer. Selamlar, iyi akşamlar, iyi çalışmalar...Eğitmen Mahmut (mesaj) ",0,0.0004317000275477767,0,tr
" yahu burada ne var? Değerli zaten iki kullanıcıyı da rahatsızlık vermekten engelledi. Trollük işte bu. Ben trollük diye çıkarınca neyi yanlış yapıyorum anlamıyorum ki. Boşuna dursun mu orada? Zaten troll faaliyet olmasa Vikiçizer yaptırım uygulamazdı. Trollün orada durmasının ne gereği var? Gerçekten anlam veremiyorum. Köy çeşmesini boşuna meşgul ediyorlar. Çıkartıyorum. Suçluyum. Onu oraya yazanın hiç suçu yok. Birisinin yaptığı yanlış değişikliği güzel yolla anlatıyorum. Kin besliyor, değişikliklerimi takip ediyor. Geliyor bana milliyetçiliğini maddelere yansıtıyorsun diye iftira atıyor. Yine ben suçluyum. Trollüğü engellemeye çalışıyorum, yine ben suçluyum. Kusura bakmayın Chansey, size saygı duyuyorum elbette, Vikipedi tecrübeniz yeter, yaşınızda benden büyük ama bu trollüğü kaldırmanın, troll değişikliği geri almaktan herhangi bir farkı yoktur. Burada yaptığım değişiklik art niyet barındırmıyor. Toplumun iyiliği için yapıyorum. Saygılar, iyi geceler. Locos Turcos (mesaj) ",0,0.4129699468612671,0,tr
"Kullanıcı haklarımı değiştirdiğiniz ve beni Beyaz listeye eklediğiniz için sizə teşekkür ediyorum. Bu,benim için gururverici bir şey.Saygılarımla. Ben.okucu (mesaj) ",0,0.0008507148013450205,0,tr
Mesajım dikkatlice okunursa zaten bende daphnia magna nın bir tür olduğunu inkar etmedim sadece ctenodaphina alt cinsinde sınıflandırılmış bir tür olduğunu yazdım.Yinede daphnia a link vermek cladocera ya link vermekten daha yakın olur benim kanaatimce çünkü biri alt takım diğeri cins.Bende yukarıdaki arkadaşın eğitimini bilmiyorum ama taksonomisi yanlış takım cladocera değil diplostraca olacak çünkü cladocera bir alt takımdır.Ama yine karar sizlerin ben sadece bildiğimi yazıyorum.Bu arada su ürünleri mühendisiyim.Merak edenlerin dikkatine:). Kolay gelsin tekrar,0,0.0004944210522808135,0,tr
"Ddenkel, yöneticilik oylamamdaki yorum için teşekkürler. Kriterleri sağlıyorsunuz, oy verebilirsiniz oylamalarda. Benim için artık bir şey değişmeyecek, ama haberiniz olması için diyorum.    d   enisutku *:!? 10:47, 7 Mart 2007 Merhaba Ddenkel, yaptığın yorumu yönetici seçimi sayfasında okudum VP:OY sayfasına bakarsanız göreceğiniz gibi; Oyların geçerliliği [değiştir]Yalnızca bir kullanıcı hesabı olanlar oy kullanabilir. Bir kişinin birden fazla kullanıcı hesabı olsa bile, o kişi ancak bir tek oy kullanabilir. Bu kuralın çiğnenmesi durumunda, kuralı çiğneyen kullanıcının bütün oyları iptal edilir. Bir oyun geçerli sayılabilmesi için, kullanıcının Vikipedi de etkin olması gerekmektedir. Oy verebilme/kullanabilme ön yeterliliği için oy verebilecek durumda olan üye kullanıcının oylama açılma/başlangıç tarihi itibariyle Vikipedi de en az 2 aydır (60 gün) üye ve en az 150 değişiklik katkısı yapmış olması gereklidir. Eğer bir kullanıcının, eylemlerinden dolayı Vikipedi de değişiklik yapması yasaklanmışsa; o kullanıcı oy kullanamaz. demektedir.Etrüsk ",0,0.0004679249250330031,0,tr
"Ona yapacak bir şey yok sanırım. Ana kaynak bu şekilde iddia ediyor, iddia olduğunu da belirttik. Farklı kaynaktan açıklama gelirse ekleriz.   Khutuck   msj 19.43, 10 Ekim 2019 (UTC)",0,0.0005246528307907283,0,tr
 Haber verdiğiniz için teşekkürler. Eser 100 yıldan eski olduğu için (öyle belirtilmiş) sorunlu olduğunu bilmiyordum.   Abuk SABUK    msj ,0,0.0531587116420269,0,tr
Merhaba. Anabolik steroid maddesini taslak şeklinde açmaya çalıştım umarım yardımcı olabilmişimdir. Aslında ilgimi çeken bir konu ama vaktim olmadığından şimdilik taslak oldu. Kolaylık dilerim. ,0,0.000633454998023808,0,tr
Eklenme tarihi itibariyle İstanbul da vizyonda olan filmlerin bu listeye kalın fontla (bold) yazılmasını öneriyorum. Film seçimi amacıyla yolu Vikipedi Sinema Portalı na düşen birinin başlıkları okurken seçici olmasını kolaylaştırır. Doma ,0,0.00046730597387067974,0,tr
"Jedistarlogo.gif lisans şüphesi 64px|left|Dosya telif şüphesi    Jedistarlogo.gif    adlı dosyayı yüklediğiniz için teşekkürler. Ancak dosyanın telif durumu ile ilgili şüphe mevcuttur. Vikipedi telif haklarını çok ciddiye alır. Lütfen dosyanın tartışma sayfasına belirtilen şüpheleri giderecek bir açıklama bırakın. Sorunun çözülememesi halinde, hızlı silme kriterleri gereğince işaretlendikten 7 gün sonra dosya silinir.    Eğer dosyanın lisansı aslen farklıysa,    uygun telif etiketini ekleyiniz   . Yüklediğiniz diğer dosyaları kontrol etmek için bu bağlantıyı tıklayınız. Sorularınız için Vikipedi:Medya telif soruları sayfasını kullanabilirsiniz. Teşekkürler. ",0,0.00026042445097118616,0,tr
"Sen bilirkişimisin? Üslubu bozuk, kaynaksız ve başlığının anlamından uzak bu maddeyi bu haliyle gençlerin hizemtine sunamazsın. Sen kendine gel haddini bil. 78.162.6.107  Yine gerekçesiz kafanıza göre hareket ediyorsunuz. Yeter ki gerekçe gösterin. Takabeg ",1,0.6224212646484375,1,tr
"özür dilerim belki biraz kaba konuşmuş olbilirim ama insan o kadar uğraştığı bir maddenin silinmesine üzülüyor.Yazım yanlışı yapabilirim ama içerik tamamen şimdikinden oldukça iyi ayrıca birde teşekkür etmek istiyorum okyanus sürümünü geri getirdiğin için hep böyle vandallar yüzünden 3 kere değiştirmek zorunda kaldım.Graywolf  Maddelerde yapılan değişiklikleri herkes geri alabilir. Yani bir kez yazdın mı ve biri değiştirdi ise bir daha yazmak zorunda değilsin. Tek yapman gereken geçmiş sekmesine girip maddenin istediğin sürümünü değiştir deyip kaydetmek. O yüzden diyorum, eğer uykuyu geliştireceksen kendi sürümünü geri getir ve üzerinde çalış. Ancak lütfen maddenin biçemine ve yazım hatalarına dikkat et. Kolay gelsin. - Erhan ",0,0.0011099121766164899,0,tr
"Gericilik Diyalektik Materyalist felsefe açısından çeşitli kullanımlara sahiptir. Emperyalizmde gerici olarak nitelendirilir, gerektiğinde liberal burjuvazide. Ama çoğunlukla feodal sınıflar ve çarlık yanlıları/polisleri için kullanılmıştır.78.163.246.139 ",0,0.006119813770055771,0,tr
Merhabalar Abuk SABUK; ben de son yarım saattir üzerine düşüne düşüne okuyordum. En kısa sürede yorum yazmaya çalışacağım. İyi çalışmalar.Utku Tanrıveremesaj ,0,0.05525270476937294,0,tr
"25px|alt=Bilgilendirme simgesi Merhaba, ben . Fark ettim ki bir maddede değişiklik yaptın fakat bu değişiklik için güvenilir bir kaynak sağlamadın. Değişikliğin maddenin geçmişinde arşivlenmek kaydı ile şimdilik silindi. Eğer bir kaynak sağlayarak bilgiyi eklemek istersen lütfen yap! Eğer kaynak gösterme için yardıma ihtiyacın varsa kaynak gösterme yardımcısına göz atabilirsin. Eğer hatalı olduğumu düşünüyorsan veya sormak istediğin bir soru varsa aracılığıyla benimle iletişime geçebilirsin. Teşekkürler! chanseyMesajYaz 08.00, 1 Haziran 2018 (UTC)",0,0.0002914523065555841,0,tr
"Kategorileri yanlış oluşturuyorsunuz. Kategori sayfasının adını yine aynı kategoriye ekliyorsunuz. (Şunun gibi olması gerekiyor) Vikipedi:Kategorilendirme sayfasını acil olarak incelemeniz gerekmekte. Ben sana ölüyorum (mesaj)  Ceza söz konusu değil ancak bilgilendirme almışsınız, keşke mesajı görseydiniz. Kategorileri kendilerine bağlayarak açmışsınız, doğru yol bu değil. Yukarıdaki bilgilendirme mesajını okuyabilirsiniz.    Kud      yaz     Yahu hiç bir şey anlaşılmıyor ki şu bilgilendirme sayfasından 1 dakikada anlatılacak şeyi 10 dakikada anlatır gibi bende sayfaları inceliyorum öyle öğrenmeye çalışıyorum neyse artık yanlışın neresinden dönersen kar yapmam bir daha öğrenene dek. Aranan Kan (mesaj)  Kategorizasyon yeni kullanıcılar için biraz sıkıntılı. Kavraması biraz zaman alabiliyor. Şu sayfada adınız önerilmiş. Bir açıklama yaparsanız sorun yaşamazsınız. İyi çalışmalar.    Kud      yaz     Açtığınız kategoriler taşınması gereken kategoriler değildi. Uygun bir şekilde açmak isterseniz tekrar açabilirsiniz.    Kud      yaz    ",0,0.0017059416277334094,0,tr
"Merhaba Ryan; Aşağıdaki mesajınız tarafıma ulaştı. Merhaba, ben Ryan O Reily. Vikipedi çok farklı düşüncelere sahip olan kullanıcılar tarafından yazılır fakat maddelerin tarafsız bakış açısına sahip olması için uğraşırız. Son katkın tarafsız gibi görünmediği için katkını şimdilik sildim. Eğer hatalı olduğumu düşünüyorsan veya sormak istediğin bir soru varsa mesaj sayfam aracılığıyla benimle iletişime geçebilirsin. Teşekkürler! Ryan O Reily (mesaj)  İlgi editimde resmi devlet mecralarından kaynak göstermeme rağmen tarafsız olmadığımı belirttiniz. Manipüle edilmiş bir çok kaynak tarafsız olurken, yayın yaptığınız Türkiye Cumhuriyeti Devlet kaynaklarına taraflı olduğunu öne sürmektesiniz. Editimin tekrar eklenmemesi durumunda Hukuki tüm yollara başvuracağı ve ilerleyen süreçte muhatabınızın yasal temsilcilerim olacaığınız bilgilerinize sunarım. Mehmet Asker Yolculukta ",0,0.00033924568560905755,0,tr
"   Hoş Geldin !    Merhaba, tamamen gönüllü katılımcıların çabalarıyla 250 dilde oluşturulmaya çalışılan ansiklopedinin Türkçe bölümü    Vikipedi    ye hoş geldin! Bu ansiklopedi beş ana madde üzerinde şekillenir, katkıda bulunmadan önce okumanızda yarar vardır. Katkıda bulunmaktan lütfen çekinmeyin. Vikipedi nin yazım kuralları basittir. Ne şekilde madde yazabileceğiniz biçem el kitabında ayrıntılı olarak açıklanıyor. Herhangi bir sorun olursa, yardım sayfalarına bakabilirsin. Diğer kullanıcılardan yardım istemekten çekinmeyin; yeni bir katılımcıya yardım etmekten mutluluk duyacaklardır. Tartışma ve kullanıcı mesaj sayfalarındaki yazılarınıza,   ansiklopedi maddeleri hariç  , lütfen imza atmayı   (   ~~~~   )   ihmal etmeyin. İletişim için Köy çeşmesiOrtak çalışma alanı Topluluk portalıTelif hakkı kaybolmuş bir eseri eklemek istiyorsanız VikiKaynakBir terimin sözlük açıklamasını yapmak istiyorsanız VikiSözlükBir şeyin nasıl yapıldığını tarif etmek istiyorsanız VikiKitapÖzlü sözleri eklemek istiyorsanız VikiSöz En çok sorulan...Burada Bulmak istediğim konuya nasıl erişirim? Gezinti Bir madde için ekleme yapacağım ama telif hakları sorunu ne olacak? Kaynaklar Madde hakkında nasıl tartışırım? Tartışma sayfasını kullanın Bir madde için yapıcı eleştiri nasıl yapılır? Tavsiye Bir kullanıcı ile sorunum var. Ne yapmalıyım? Nezaket   (saldırı yasaktır)   ve Sorun çözümü Kolay gelsin. - Citrat ",0,0.0006418340490199625,0,tr
"Merhaba Pinar. Biliyorsun ben bu günlerde  Biliyor muydunuz?  sütununun Ana Sayfa ya eklenmesi için hazırlık çalışmaları yapmaktayım, başlamadan önce bir yıllık ilginç (ve kaynaklandırılmış) bir cümle deposu oluşturmak istiyorum. Adaylıklar şurda, şimdiye kadar birikenler şurda. Arada, diğer işlerin arasında ;-) eğer orada da yardımcı olabilirsen makbule geçer. Hoşça kal. İnfoCan ▀ ",0,0.0017549117328599095,0,tr
Işıklar Askerî Lisesi 2017 Aralık itibariyle   Işıklar Jandarma Astsubay Meslek Yüksek Okulu   adıyla Jandarma Genel Komutanlığına devredilmiştir. Taşımayı itiraz olmaması durumunda gerçekleştireceğim. chanseyMesajYaz ,0,0.0005118157132528722,0,tr
Merhaba Utku Tanrivere. Hemşinliler adlı maddenin kaliteli madde adaylığında görüş belirttiğiniz için şu anki tartışmaya katılabileceğinizi düşündüm. İyi çalışmalar. esc2003 (mesaj) ,0,0.00048341735964640975,0,tr
" Hallolduğuna sevindim. Yalnız o kendiliğinden çözülüyor daha sonra ki açmalarda. Ben bir kere kaldırdım, daha sonra aynı durumla karşılaşmadım. Garbino Merhaba ",0,0.0018071574158966541,0,tr
5 yıla yakın bir süredir vikipedideyim editörlük görevini alarak hem onaylanmamış sayfaları inceleme hem de çalışmalarımı hızlı neticelendirmek istiyorum bu yüzden editörlük görevini bana vermenizi talep ediyorum. saygılarımlaKadir ,0,0.0005900787655264139,0,tr
"Selamlar. Tartışma yapılmadan taşıma yapıldı. Görüşüm -ana madde adına uyum dışında- aynen devam ediyor. Sağlam kaynaklar gerekli. Bu arada bu ayki NTVTarih te Vahşi Batı konusu işlenmişti. Dergi bende var. Okuyup, oradaki kullanıma bakacağım birazdan.RapsarEfendim? ",0,0.000514004030264914,0,tr
 Yecüc ve Mecüc’ün kimliği  kısmı tamamen YORUMA dayalı ve bilimsellikten uzaktır. Buradaki YORUMLAR Yecüc ve Mecüc ü tamamen uydurma ve efsane olduğunu yazıyor. Ayrıca  bkn. Dış kaynak  diye bir referans olmaz. Bu nedenlerle  Yecüc ve Mecüc’ün kimliği  kısmı yorumdan uzak olacak şekilde düzenlenmeli veya çıkartılmalıdır. (Tezcaner (mesaj) ),0,0.0005227395449765027,0,tr
"Merhaba, senin soruna biraz hak veriyorum, bir çok kişi hâlâ bu sözcük birleşiklerini ayrı yazıyor, arada tire kullanıyor. Öncelikle kişisel görüşümü ileteyim ki   -   iminin    Ali nin    sözcüğünde olduğu gibi hoş durduğunu düşünmüyorum, Kaptan-ı derya yazımında... ama tabii bu kimse için birşey ifade etmiyor ) ama bende TDK nin sistesinde yaptığım birkaç küçük araştırmadan sonra gördüm ki artık bu adlar birleşik yazılmakta. Örnekler = Kuvayımilliye Devriâlem Veziriazam Kaptanıderya Şeyhülislam Divanıhümayun Arşıâlâ    Danbury         ileti      ",0,0.0006114005809649825,0,tr
ETOONUN YILIN AFRİKALI FUTBOLCU ÖDÜLÜNÜ DROGBAYA KAPTIRMASI ÇOK KÖTÜ ÇÜNKÜ HATIRLADIĞIMA GÖRE DROGBA FİLDİŞİ SAHİLLERİNDE OYNUYOR VE KAMERUN FİLDİŞİ SAHİLLERİNİ HEP YENDİ,0,0.44452160596847534,0,tr
"75px|center|   Aday gösterdiğiniz resim, seçkin resim statüsü aldı.       :Dosya:George Clooney 66ème Festival de Venise (Mostra) 3Alt1.jpg   , Vikipedi:Seçkin resim adayları sayfasında aday gösterildi, yeterli desteği topladı ve seçkin resim seçildi. Başka bir resmi aday göstermek isterseniz, Vikipedi:Seçkin resim adayları sayfasındaki yönergeleri takip edebilirsiniz. Katip-bot ",0,0.0004104066174477339,0,tr
"   Merhaba !    Tamamen gönüllü katılımcıların çabalarıyla 250 dilde oluşturulmaya çalışılan ansiklopedinin Türkçe bölümü    Vikipedi    ye hoş geldin! Burada çekinmeden bilgi sahibi olduğunuz her konuda yeni maddeler yazabilir, yazılanları düzenleyebilirsiniz. Yazım için biçem el kitabından, beş temel ilkemiz için buradan bilgi alabilirsiniz. Diğer kullanıcılar ile topluluk portalında ortak çalışabilir, iletişim için köy çeşmesini kullanıp, sorun halinde danışma masasına başvurabilir ve daha fazla bilgi için her zaman yardım sayfalarını kullanabilirsiniz. Not:  Ansiklopedi maddeleri hariç  , tartışma ve kullanıcı mesaj sayfalarındaki yazılarınıza, lütfen imza atmayı   (   ~~~~   )   ihmal etmeyin.    Kolay gelsin   .",0,0.0007309256470762193,0,tr
" Merhabalar. Tarihi şahsiyetlerin maddelerinde milliyet bilgilerini değiştirdiğinizi farkettim. Bunlar için güvenilir kaynaklar göstermeniz gerekli. Kimkimdir yeterince akademik bir kaynak değildir. Saygın ansiklopediler, saygın yazarların kitapları gibi kaynaklar göstermeniz gerekli. Kolay gelsin.   Abuk SABUK    msj ",0,0.021567320451140404,0,tr
"Bu şiir en az 25 yıllık, kitabın yanında basım tarihi 1991 yazıyor? Bir hata mı var acaba? Levent Abi ",0,0.0016031854320317507,0,tr
"Merhaba, şablonlarda hangi kadının hangi padişahın annesi olduğu belli olacak diye bir şey yok. Şablonlar sadece dolaşım için oluşturulur. Zaten padişahların maddelerinde anneleri kimdir yazılıdır, şablonda kimin annesi olduğu anlaşılmaz zaten sadece adı yazılır.     Nushirevan11         ☾★    ",0,0.004788985941559076,0,tr
Merhaba Vikiçizer. Kullanıcı:Rapsar a devriye olmasını teklif ettim ve kabul etti. Şuan aktif olarak sizi gördüğüm için bildirmek istedim. Kendisine devriye özelliği verilirse yararlı olacaktır. Hürmetler.   a[.]med     »»ileti   ,0,0.03105202317237854,0,tr
"Maddelerde değişiklik yaparken, lütfen    tarafsız bir bakış açısıyla    ve ansiklopedik bir dilde yazmaya özen gösterin. Maddelere imza atmayınız, maddelerde reklam yapmayınız, e-posta ve telefon numarası gibi özel bilgilerinizi paylaşmayınız. Kendinizi tanıtabilmek için kullanıcı sayfanızda    Babil    şablonlarını kullanabilirsiniz. Kullanıcılarla mesajlaşırken lütfen nezaket kurallarını unutmayın, herkesin aynen sizin gibi Vikipedi yi geliştirmek amacıyla katkıda bulunduğunu ve iyi niyetli olduğunu varsayın.    Beş temel taş   ,    imza kullanımı   ,    cesur ol   ,    engelleme politikası   ,    oy kullanımı    politika ve yönergelerini mutlaka okuyun. Aynı kişiye ait birden fazla hesabın ya da farklı kişilere ait olsa bile birden fazla hesabın tartışmalarda avantaj sağlamak amacıyla birlikte hareket etmesinin    kuklacılık    olarak değerlendirileceğini ve bunun yasak olduğunu unutmayın. Politika ve yönergeleri okuduysanız, değişiklik yapmayı ve Vikipedi de neler yapabileceğinizi artık biliyorsanız    cesur olun    ve değişiklik yapmaya başlayın!...    Haydi kolay gelsin!    Emyilmesaj ",0,0.022463884204626083,0,tr
"Aleyküm selam Takabeg ) Türkiye ve Azerbaycan konuyla en alakalı ülkeler, biri doğrudan muhatap diğeri ise Ermenistan işgali altında ve bu konuyu çok önemsiyor. Ama o paragrafı yazmasak da olur.    Khutuc      k   msj ",0,0.0009761787368915975,0,tr
imza atmamışsınız mesajlarlarını otomatik silen bir araç biliyor musunuz veya javascript biliyorsanız beraber yazalım ) dört tilde özgürüm (mesaj) ,0,0.0032001263462007046,0,tr
 Oluşturduğunuz Yasaksiz.org maddesi hızlı silme kriterlerinden  G11. Yoğun reklam içeren sayfalar silinebilir.  kriterini sağladığından silinmesi için işaretlendi. Lütfen ilgili politika ve yönergeleri okumadan maddeyi tekrardan oluşturmayınız. Israrlı tavırlarınız engellenmenize neden olabilir. Eğer bir hata yaptığımı düşünüyorsanız ya da herhangi bir sorunuz varsa üzerinden bana ulaşabilirsin. Teşekkürler. Umut Yazici (mesaj) ,0,0.0005942329880781472,0,tr
"Şikayetim yok size. Çok zor yaptığınız hizmetliliği bırakınız, olmuyor. Özensiz madde kafanıza göre madde siliyorsunuz, bir de kendinize bakmadan dalga geçmeye çalışıyorsunuz...Size ihtiyaç yok, sıradan bir kullanıcı olarak kalınız...Vikiçizer (mesaj) ",0,0.3596459627151489,0,tr
"Selamlar. Bu maddenin başlığı Türkçe vikinin standardına göre  Akçaalan, Gediz  değil mi? İyi çalışmalar. Takabeg ",0,0.028339417651295662,0,tr
"Selam Mach. Bunların Vikide kullanılması için şartlar var mı ? Takabeg  Selamlar, bağlantıyı çalıştıramadım ne yazıkki.    Mach   iavelli msj  Tekrar selam. Library Congres in Photochrom Collection da Turkey kelimesiyle arama yapıldığından çıkan sonuçlardan bahsetmek istedim. Takabeg  Şu an burdan görebiliriz (temp olduğu için 2 dakika sonra değişebilir). Takabeg  Bunların diğer Library of Congres kaynaklı resimlerden farkı nedir? Buradan oldukça resim yüklemiştiniz diye hatırlıyorum çünkü.   Mach   iavelli msj  En son verdiğiniz arama sayfasında bir resme girin, üst taraflarda  Bibliographic Information  sekmesini tıklayın, rights information bölümünde lisansın uygun olup olmadığını göreceksiniz. Not olarak 20 kadarına baktım uygun olmayanı göremedim.    Mach   iavelli msj  Teşekkür ederim.   No known restrictions on reproduction.   görüyorum. (Birkaç resim dışında) hiçkimsenin Commons a yüklemediği için merak ettim. Neden acaba diye ? İyi çalışmalar. Takabeg  Anlaşıldı. İyi çalışmalar.   Gökçє Yörük    ",0,0.0002517413522582501,0,tr
"Rudolph Diesel in ilk motorunda kullandığı yakıt Biyodizel değil, yer fıstığı yağıdır.BİYODİZEL biyolojik esaslı yağlardan değişik yöntemler yardımıyla üretilen bir yakıttır.Bu üretim sonucunda yağ içerisindeki gliserin ayrılarak viskozite azaltılmaktadır. Bu nedenle ilk dizel motorun yakıtı Biyodizel değil biyodizel hammaddesi olan yer fıstığı yağıdır.",0,0.0005413523176684976,0,tr
"78.191.0.16      İslam tarihinden bir parça sayabileceğimiz bir kişinin hayatını anlatan bu biyografi film ne yazıkki içler acısı bir filmdir. Bir müslümanın hayatını ve dolayısıyla islamı anlatan böyle bir filmde İslam dini insanlara yanlış tanıtılmıştır. Selamın anlamı değiştirilmiş. İsmi Muhammed olan Amerikalı bir siyahi müslüman İslam Peygamberi gibi tanıtılmış ve daha kötüsü zina suçuyla yaftalanmıştır. Bence oturup ağlanması﻿ gereken bir film. · İslam dinin ilk bugün orta doğu diye bilinen bir bölgede ve﻿ S. Arabistan topraklarında bulunan Mekke şehrinde, miladı 610 yılında ortaya çıkmıştır. Peygamberi Hz. Muhammed (S.A.V) dir. İslam dininin kutsal kitabı Kur anı Kerim dir. Bu filmde adı geçen Muhammet isimli kişi Amerikalı siyahi müslümanların kurmuş olduğu bir grubun başkanıdır ve sıradan bir kişi, sıradan bir müslümandır. İslam dininin Peygamberine benzetmeye çalıştıkları bu kişinin isim benzerliğinden başka hiç bir alakası yoktur.     Yukarıdaki bilgilerin doğruluğu islam tarihi kaynaklarından araştırılırsa görülecektir.   Kalın metin   78.191.0.16 ",0,0.11173433065414429,0,tr
" 65px|left Kendi mesaj(laşma) sayfanızdaki içeriği değiştirmekte özgür olmakla birlikte, size gönderilen mesajları silmeniz Vikipedi de hoş karşılanmayan bir tutumdur. Takdir edersiniz ki, diğer kullanıcılarla olan yazışmalarınızı, hem sizin hem de diğer kullanıcıların kolaylıkla takip edebilmesi açısından mesaj sayfanızdaki içeriğin silinmemesi gerekir. Aslında yaptığınız, tam olarak bir    silme    de olmayıp, sayfayı    boşaltmak   tan ibarettir. Zira, silme işlemini sadece hizmetliler gerçekleştirebilir. İsterseniz, mesaj sayfanızı burada anlatıldığı şekilde arşivleyebilirsiniz. Maddeleri taşıma ve yeniden adlandırma hakkında daha fazla şey öğrenmek için bu yardım sayfasına da bir göz atabilirsiniz.    Cnk  ALTDS    ",0,0.0005163596360944211,0,tr
webdebul erotikshop erken boşalma seksshop seks shop prezervatif geciktirici erotikshop erotikmarket penis büyütme penisplus titreşimli prezervatif titreşimli kondom penis büyütme fleshlight genitaltemizlik,1,0.9912751913070679,1,tr
"Olağandışı bir durum göremedim. Farklı bir tarayıcıda deneyebilir misiniz? Önbelleği boşaltmak ya da sayfayı doğrudan (hiçbir değişiklik yapmadan) kaydetmek de işe yarayabilir. Superyetkin       17.03, 27 Nisan 2018 (UTC)",0,0.000471273873699829,0,tr
Yazılabilir ama bizi ilgilendiren Türklerin oluşturduğu anayasal gelişmelerdir ki balkanlardaki düzenlemelerde maddeye dahildir. Türkiye ismi ilk kez TC ile mi kullanılmıştır? Coğrafik kullanımı yok mudur? —    heddagabler    ,0,0.0009483931353315711,0,tr
Hea bu arada şuraya baksana bi. Taramayı bitirdim. Lisanssız dosyaları tamamı (gerçek anlamda tamamı vikipedi de şu anda lisanssız dosya olmaması lazım) işaretledi. 2-3 gün sonra acayip bir iş yükü var şimdiden haber vereyim dedim.)Reality ,0,0.01952877826988697,0,tr
17 Mayıs ta Ankara da bir miting olduğunu sizden öğrendim:) Aslında kulağıma gelirdi de gün yaklaştıkça haberimiz oluyor. Maalesef fotoğraf çekemem o tarihlerde şehirdışında olacağım. İyi günler. Эялвачмеcаж ,0,0.002034176141023636,0,tr
"Selamlar. Dosyalara kullanılmayan dosya olarak bekletmeli silinecek olarak işaretlerken biraz daha özen gösterebilir misin? Zira özellikle üniversite maddelerinin bilgi kutusunun değiştirilmesinde yaşanan küçük bir aksaklıktan dolayı birçok üniversite maddesi logosu bilgi kutusunda olmasına rağmen maddede gözükmüyordu. İlgili kullanıcıyı bilgilendirdim. Zaten bu tip futbol logoları, üniversite logoları gibi logolarda toplu olarak bir kullanılmama durumu olunca bekletmeli sil şablonu ile işaretlerken daha dikkatli olmak gerekiyor çünkü bazen gizli vandalizmler sonucu bu logolar kullanılacağı yerde maddeden yok yere çıkarılmış vaziyette kalıyor. İyi çalışmalar. ",0,0.0003799848782364279,0,tr
tartışma bir mallık sallaklık ve manyaklıktır benim yaptığımda şu an bu arkadaşlar ben salak aptal ve manyak birinin tekiyim ~( napim allah beni böle yaratmış ~(,1,0.9257238507270813,1,tr
"Merhaba Sakhalinio, tavsiye ettiğiniz yöntemle dosya ekleyip maddeyi tekrar düzenledim. Kontrol edildikten sonra sanırım tamamlanmış olacak. Teşekkürler. Temizhanm (mesaj) ",0,0.0003987962263636291,0,tr
"Selamlar. Bu aralar fazlasıyla spontane dolaşıyorum vikide ). Ondan biraz geciktirebilirim çeviriyi, şimdiden kusura bakmayın lütfen. Umarım çeviri acil değildir. Sevgilerimle   Merube 89        msj      ",0,0.001251550973393023,0,tr
 Merhabalar. Bu makaleden önemli gördüğünüz kısımları  kendi cümlelerinizle  eklerseniz bir sorun olmaz. Muhtemelen kopyala-yapıştır yaptışınız için kabul edilmemiştir. İyi çalışmalar.   Abuk    Sabuk ,0,0.0016329414211213589,0,tr
"Merhaba Murat bey Hizmetli adaylığınızın oylama bitiş tarihinde burda olamayacağımdan şimdiden sizi tebrik ediyim dedim. Yeni statünüz hayırlı olsun . İyi, güzel çalışmalar...Aycan ",0,0.0010974652832373977,0,tr
"filistin topraklarında vahşi bir topluluk yaşamaktadır inandıkları kitapsa sahte ve içeriği pislik ve cinayet işlidir hiçbir dinin kitabı vadedilmiş topraklar diye bir saçmalıktan bahsetmez, böyle boktan bir kitap [tevrat]saçmalığından nefret ediyorum o` kadar nefret ediyorumki sinirden yazacaklarımı kariştıriyorum . kahrolsun israil ve ABD",1,0.9873228669166565,1,tr
"Merhaba Sayın Vito Genovese, beni aydınlattığınız için teşekkür ederim. Ancak bende başvurumu yapmama rağmen olumlu yada olumsuz sonuç almadım yetki alma konusunda lütfen yardımcı olursanız sevinirim. Saygılarımla.—   Bu imzasız yazı Şakşakcı7 (mesaj•katkılar) tarafından eklenmiştir.   ",0,0.0003554167633410543,0,tr
"Doğru diyorsunuz elden geçirilmesi giderek zorlaşıyor. Çok işim vardı ama, yine de gönüllü olacağım. 29 Ekimde ilgilenmeye başlayabilirim. 29 Ekim akşamı gözden geçirmeniz için size de paslamak isterim. İyi çalışmalar. iazak ",0,0.0029295480344444513,0,tr
" ben sadece cevap bekliyordum, bir de yıldız geldi. sağol. sana da bu yıldızdan gerek bence, ama artık ben yollamayayım ayıp olur, başkaları düşünsün. ) diğer konuya gelince. ben de şöyle düşünmüştüm. nasılsa yöneticiler silmeden önce duruma bakıyorlar, listeden çıkartırlar. ya da biz telifli durumdan çıkarttığımız zaman listeden de silebiliriz. hangisi minimum enerji gerektiriyorsa o olsun derim. kibele ",0,0.002454928355291486,0,tr
"İş Birliği Projesi Haftanın 3. sü|100pik    İş Birliği Projesi Haftanın 3. sü ödülünün sahibi oldunuz!    Merhaba Seksen iki yüz kırk beş, Bu haftaki İş Birliği Projesi ne katılımınız için çok teşekkürler. FeTeMM kadınları maddelerinin oluşturulması konulu projedeki performansınız sonrasında    İş Birliği Projesi Haftanın 3. sü    ödülünün sahibi oldunuz. Proje kapsamında verilen ödüllere    buradan   , geçmiş kazananlara    buradan   , kullanıcıların ödül koleksiyonlarına ise    buradan    bakabilirsiniz. Sonraki haftalarda da katılımınızın devamını umuyorum. Sevgiler...RapsarEfendim?  Not: Üstteki hesaplama yanlış yapılmış ve yanlış ödül verilmiş. Hak edilen budur )RapsarEfendim? ",0,0.0018896331312134862,0,tr
 Merhaba! LittleBigPlanet indirilebilir içerikleri listesi maddesinin Biliyor muydunuz sayfasında adaylığı değerlendirildi ve açığa kavuşması gereken bazı meseleler tespit edildi. Lütfen        altındaki yorumları gözden geçiriniz ve en kısa sürede yanıt veriniz. Biliyor muydunuz bölümüne katkınız için teşekkür ederiz! —    heddagabler    ,0,0.0002602956083137542,0,tr
"Selam Vito, yoğunsun biliyorum ama buraya geri dönünce Link KM, Link SM ve Link SL şablonlarının betaya göre Viki ye uyarlayabilir misin, çünkü betada çalışmıyorlar? Hedda Gabler ",0,0.0022950919810682535,0,tr
"Acaba şablon sayfası açmak serbestmi? Evet, Vikipedi nin politiklarına ve yönergelerine uygun bir şablon açabilirsiniz. Mesajlarınızdan sonra imza atmayı unutmayınız. Kullanıcı adınız uygun olmayabilir, engellenebilirsiniz. Teşekkürler. Mavrikantmsj ",0,0.0005989787168800831,0,tr
Selam. Şöyle bir değişiklik yapıyorsun fakat net miktar belliyse x milyon x bin x lira diye yazılmaz. Cquote şablonu içerisine aldığın paragraf bakanın ağzından çıkan cümle değil haberi yazan editörün kendi cümlesi. Zaten bir cümle öncesinde ödemenin neden yapıldığı yazılıyken tekrar etmenin manası yok. Sezon başına verilen para miktarı illa ki belirtilecekse cümle devamında belirtilir. Alıntı şablonuna ihtiyaç duyulacak bir durum yok yani burada. cobija₰ ,0,0.0005955114611424506,0,tr
Neden çalışmadı ya bende çok iyi çalışıyo bayağı da faydalı:( neyse. Hehe projelerini çok merak ediyorum:D D Ahh viki:D D,0,0.0158543698489666,0,tr
Adınız kötü ve saçma bir adı temsil etmekte.süresiz enggellenceksiniz.dileriz birdaha ye olursanız böyle adlar koymassınız.Metal Forever ,1,0.9200621843338013,1,tr
  Merhaba. Bu mesajı VP:Wikimania 2012 İstanbul katılımcısı olduğunuz için alıyorsunuz.   Lütfen VP:Wikimania 2012 İstanbul kapsamındaki çalışmaları sistemleştirmek ve hızlandırmak amacıyla planlanan Sanal Buluşma hakkındaki sayfamızı okuyun ve Sanal Buluşma tartışmamıza katılın.    n a z i f i l b e k    ✍ ,0,0.0056805070489645,0,tr
"Birşey daha soracağım. Bu bot ne işe yaramaktadır. Bilgi verir misiniz.Türk Süvarisi ileti  Mesela bu asker bilgi kutusu şablonunda sayfalarda bulunan image yerine resim, yaşadı kısmına doğum ve ölüm tarihi (ayrı ayrı), göbek_adı yerine takma adı şeklinde yapmak mümkün mü? Özellikle de botla.Türk Süvarisi ileti  Evet, mümkündür. Oraya ricada bulunursun. Gerekli değişikleri yazarsın. Bot sahibi birisi gelir, halleder.Rapsar da ne ki? ",0,0.04049600660800934,0,tr
"Türk milletinin geleneklerine karşı çıkıp kendi görüşünüzü uygulamanız ne kadar tarafsızlıktır acaba ? Siz Hz. ve (S.A.V.) ifadelerini tüm dillerdeki maddelerden çıkartarak sadece kendi tarafınızı belli ediyorsunuz ve tarafsızlık ilkenizle kendiniz çelişiyorsunuz. Eğer gerçekten tarafsızsanız, Türkçe maddede peygamberimizin adı Hz. Muhammed Mustafa (S.A.V.) şeklinde kullanılmalıdır. 85.107.237.60 ",0,0.011412005871534348,0,tr
Merhabalar geçen gün yolladığınız mesajı bugün aldım siteye zarar verdiğimi gerçekten bilmiyordum verdiğim zarardan dolayı çok özür dilerim Saygılarımla Emo35,0,0.0008194447145797312,0,tr
"Bu sorduğunuz soruların hepsi aslında size verdiğim bağlantılarda cevapları olan sorular.Ancak ne yazık ki maddeler silinmeye başlanınca ciddiye alınıyorum.Metinleri kopyala yapıştırla veya tek tek yazın başka bir yerden alınıp aynısı yazıldıysa veya telif ihlali gibi bir durum varsa silinir veya telifli kısım çıkarılır.Örneğin Vikipedi:Telif hakları/SSS sayfasında sorularınızın birçok kısmı mevcut.Lütfen katkıda bulunmadan önce, kendi zamanınızın boşa gitmemesi için, verilen bağlantıları okuyunuz.Aynı zamanda lütfen yukarıda da dediğim gibi kullanıcılara ileti atarken sol-üst kısımda bulunan mavi kutucuklardan 10.suna basınız ki imzanızı atmış olasınız.   Mach   iavelli msj ",0,0.0009560880134813488,0,tr
"Kars ile Gümrü kardeş kent değil. Her iki şehir hakkında de böyle böyle bir resmi belge yok. Ayrıca kardeş kent olmak için İçişleri Bakanlığından izin ve onay almak gerekiyor. Böyle bir resmi bir izin, onay ve karar da yok. Bu konu hakkında Ermeni sayfalarına özellikle de Gümrü kentinin resmi internet sayfasına ve diğer resmi Ermeni sayfalarına baktım böyle bir yazı ya da herangi bir anlaşma da yok. Gümrü Belediyesin nin Ermenilere şahsen yazdım, böyle bir kararın olmadığını yazarak bana cevap verdiler ve söz konusu bile olmadığını ve olmayacağını söylediler. Ayrıca kardeş kent olabilmek için de Ermenistan hükümeti nin onayı gerkiyormuş, ki böyle bir Gümrü Belediyesi nin böyle bir isteği de olmamış. (...) propaganda yapmaktan değişiklikleri izleme fırsatı bulamıyorsunuz sanırım. kars maddesindeki değişikliklere ve tartışma sayfasına bakın lütfen.    ki      bl   ",0,0.00045127319754101336,0,tr
" bu ana maddede görsel olması yönündeki görüşlere sınırlı katılmakla birlikte (sınırlı, çünkü islami hassasiyet-VP:TBA arasındaki denge söz konusu), görsellerin madde dışında kesinlikle kullanılmasından yanayım. Çünkü bir kesimin eleştirdiği öğeleri, karşı tarafın cümleleriyle aktarmanın her zaman yararlı olduğu kanısındayım. Devletsel bazda İran veya Malezya, satanizmi sapkın olarak itham ediyor diye biz bunu bu sebeple sansürlemiyoruz örneğin. Veya siyasal bazda Kolombiya devleti karşı diye FARC görsellerine sansür uygulamıyoruz. Veya dinsel bazda diğer dillerdeki İslam maddelerine, o yerel kültürdeki  islami olmayan değerler  ile eleştirisel yaklaşmıyor ve islami savunmaları sansürlemiyoruz. Burada da ayni şey olmalı, örneğin hakim olduğum için3 söylüyorum, Sovyetler Birliği ndeki din karşıtı görselleri, bu konuyla ilgili maddelerde  islami hassasiyetlere ters  gerekçesiyle sansürleyemeyiz, çünkü bunlar    var   . Bu görseller de    varlar    ve insanların bu görsellere ulaşabilmesi gerek. Hassasiyet sebebiyle ansiklopedide kimse bunları görmesin yaklaşımı son derece taraflı ve yanlış. Ahmet Turhan (mesaj) ",0,0.0009313608170486987,0,tr
" 50px 75px|right|Gülücük Herkesin katkıda bulunabildiği    özgür ansiklopedi Vikipedi    ye hoşgeldiniz !    Merhaba   . Yerleşim yeri maddesine katkınız için    teşekkürler   . Yerleşim yerlerine ait maddelere sıklıkla o yöreli kullanıcılar tarafından katkı yapılmaktadır. Ancak    çoğu zaman    düzenin devamını ve ansiklopedik özelliklerin korunmasını sağlayan    bazı kurallar gözardı edilmektedir   . Katkı yapmaya devam edecekseniz lütfen    genel biçem kurallarına ve aşağıdaki önerilere uyunuz.    Bilgi için    Yardım    sayfasına bakabilirsiniz. Örnek almak isterseniz    Ayvalık    ve    Kumçelteği    maddeleri size yol gösterecektir. Ansiklopedik dil kullanınız. Örneğin,    köyüm   ,    köyümüz   ,    beldem   ,    beldemiz    veya    ilçemiz    yerine    köy   ,    belde    veya    ilçe    demelisiniz. Altyapı ile ilgili    şikayetlerinizi burada dile getirmeyiniz   . Ancak    mevcut durumu ifade ediniz   . Yerel yöneticileri    öven    veya    yeren    ifadeler kullanmayınız. Kişilerin isim ve soyisimlerinin    sadece ilk harfini    büyük harfle yazınız. Mevcut alt başlıkları ve geçmiş katkıları    bozmamaya    özen gösteriniz.    Katkılarınızı büyük harfle yapmayınız   . Büyük harfleri sadece Türkçe kuralları dahilinde kullanınız. Maddeye başka kaynaklardan    kopyalanan bilgileri yapıştırmayınız   . Katkıları kendi cümlelerinizle yapınız. Bu konuda VP:Telif sayfasına bakabilirsiniz.    Kendi isminizi    veya yörede tanınmış olan ancak    ansiklopedik olmayan kişilerin isimlerini maddeye eklemeyiniz   . - Vikipedist ",0,0.00032300138263963163,0,tr
Selam Takabeg. bu resimdeki tüfek Norinco 16  paratroopers carbine modeliymiş.Selamlaregemen  Çok teşekkür ederim. Ben hiç bulamadım da ... Nerede ve nasıl araştırdın ? Cidden merak ettim )) Bu resim sence nasıl ? Seçkin mi sıradan mı ? İyi çalışmalar. Takabeg ,0,0.000954125658608973,0,tr
"Merhaba, madde metinlerinde tarafsız bakış açısını yakalamak zor olabilir ama imkansız değil...Birbirinizin değişikliklerini sürekli geri aldığınızı görüyorum. Tartışma sayfaları kullanılmıyor, metinde neyi/niye yazdığımızı/yaptığımızı anlatmamız gerekir. Mesele tartışma sayfasında hallolmalıdır. OsmanRus sizin de ilgilendiğiniz maddelerle ilgileniyor, Rapsar ise daha çok vikipedi düzenini takip ediyordur, ilgisi bu nedenledir. Hassasiyeti hepimiz gösterelim, kaynaklı bilgileri çıkartmayın, Sırp görüşü olsa da çıkartmayın, burada yapılması gereken maddeye denge sağlamak üzere Boşnak görüşünün, hatta üçüncü görüşlerin kaynaklı ve doğrulanabilir yer almasını sağlayabilmektir. Siyasi, etnik, tarihi konularda tarafsız ve objektif maddeler yazılabilir, yeter ki karşı görüşü dinlemeye tahammül olsun. Bundan kastım karşı görüşlerin de madde de düzen içinde yer almasına olan tahammüldür. Maddenin dengesinin gerçekten bopzuk olduğunu düşünüyorsanız; Şablon:Taraflı şablonunu maddeyte ekleyin ve tartışma sayfasına istediğinizi yazın. Metin içinde  fact  şablonu kullanın ve makul bir süre kaynaklandırılmasını bekleyin. Bunları yapmazsanız; çıkartma, değiştirme, boşaltma vs. değişiklikleriniz hoş görülmez hatta vandalist hareketler olarak görülebilir. Ancak tartışma sayfasına açık ve anlaşılır yazarsanız ne anlatmaya/yapmaya çalıştığınızı anlayabilir ve destek olunucaksa olabiliriz...Teşekkürler, iyi çalışmalar...Vikiçizer ",0,0.005542200990021229,0,tr
"Merhaba. Ya, ben işleri karıştırdım, sanırım. Svahili maddesinin içeriğini daha doğru bulduğum Sevahilice maddesine olduğu gibi aktardım. TAŞIMA yapmadan Svahili maddesini yeni açtığım Sevahilice maddesine yönlendirdim. Fakat, Svahili maddesinin geçmişi ve tartışma bölümü olduğu gibi eski yerinde kaldı. İşleri karıştırdım sanırım. Sayfayı Sevahilice yapma sebebini de açıklayayım: Türkçede, daha doğrusu Arapçadan geçen biçimiyle Sevahili ( sahiller ) en uygun ortografidir. Burada dil anlatıldığı için dil eki getirilerek Sevahilice yapıldı. Etnik olarak Sevahililer vardır çünkü. Selamlar. Geçmişler birleştirildi, madde adı da  Sevahilice  oldu. Geçmiş konusundaki hassasiyetiniz ve ilginiz için çok teşekkürler. Zira çok önemliler, haber verdiğiniz için çok teşekkürler. Böyle maddeler olursa farkettiğiniz, haber vermeniz kafi. Çift madde birleştirme veya böyle geçmiş aktarımı olması gereken durumlarda, yönlendirme sayfası halindeki sayfaya şablonunu da ekleyebilirsiniz. Tekrar çok teşekkürler. Ayrıca yeni maddelerinizi de zevkle izliyorum, güzel katkılarınız için ellerinize sağlık. İyi vikiler, sevgiler saygılar   Merube 89        msj      ",0,0.00029834359884262085,0,tr
"Kullanıcı:Eğitmen herhangi bir denetleme yapılmadan veya kukla davası sonlandırılmadan, süresiz engelleme verildiğini Vikipedi tarihinde görmedim duymadım. Kullanıcının yaptığı saldırılar asla tasvip edilemez, ancak politikalar ve işleyiş bellidir. Aynı numara ile başlayan bütün IP adreslerine aynı muameleyi yapmak hiç bir şekilde anlaşılır değil. Israrla kukla kullananın, aynı kullanıcı olduğunu bireysel olarak mı kanaat getirdiniz ? Bundan sonra şahsi kanaatler engelleme yapmak için yeterli midir ? O halde politikaları silip, kullanıcıların şahsi kanaatlerine göre hareket edelim. Eldarion ",0,0.0013008378446102142,0,tr
"Selamlar. Bu konuyla bir bürokrat olarak ilglenmen mümkün müdür? Görüş belirtmen? Bunun için rahatsız etmek istemezdim ama kendini benim yerime koyup, emeklerine bu şekilde bir saygısızlık yapılsa sen ne yapardın?RapsarEfendim? ",0,0.019918402656912804,0,tr
Bende 100.000 sınırını geçtiğiniz ve aldığınız koşan adam ve gayret yıldızları için ayrıca sizi kutlarım.umarım bu APG II sistemi de iyi olmuştur.Saygılar.(Gerçekler ),0,0.001364719937555492,0,tr
"Herhangi bir saldırı yok. Gayet güzel şekilde sizin Irak ve Şam İslam Devleti maddesindeki yorumunuza yer verdim. Her ne kadar benzer maddeler ve benzer konular olsa bile burada KBY demişsiniz. Ben de sizin yorumunuzu hatırlatarak (ki birçok kişi size katılmış madde tartışma sayfasına bakarsınız) böyle bir görüş ortaya koydum. bu kişisel saldırı üstünden çok güzel açıklamalar yapmıştı. Burada sizin yaşınıza, boyunuza, ırkınıza veya herhangi bir değerinize hakaret yok. Ki, yazdığım şeyde hakaret içeren hiçbir şey yok. Kişisel saldırı ithamı çok çirkin. Sadece yine Vikipedi çizgisinde olan bir bağlantı verdim. Görüşümü sundum. Lütfen, burada kişisel saldırı yüzünden hizmetli çağırılacak en ufak bir detay yok. Tuğkan (mesaj) ",1,0.003689931472763419,0,tr
" Burada kirli ağzınla Allah ın adını ağzına almayı ve vaaz vermeyi bırak da adam gibi konuş bre gafil! Sen kim oluyorsun da benim dinime laf ediyorsun. Allah a şirk koştuğunun farkında mısın sen? Bu konuşmandan sonra herkes gördü ki   Terbiyesiz, Hadsiz, Seviyesiz, Ne Dediğini Bilmeyen Meczup   olduğun ortaya çıktı.165.227.36.244 ",1,0.9907926917076111,1,tr
cahil .rospu çocukları özürlü defolu bir millet oldukları bu ufacık örnekten bile belli oluyor mkun kıllı hanzolarının:)88.231.4.50 ,1,0.9867571592330933,1,tr
Selam Rapsar. Dosya etiketlemelerin için teşekkürler ancak birkaç ayrıntıyı unutmuşsun. Birincisi etiketlediğin her dosya için kullanıcılara haber vermen gerekir. Etiketin alt kısmındaki yazıyı kopyalayıp yapıştırman yeterli. Bazı kullanıcılar her dosyadaki her gerekçe için haber veriyorlar ama onu çok da elzem bulmuyorum. Kullanıcının haberi olsun yeter. İkinci olarak dosyanın etiketi creative commons olmasına rağmen d5 etiketlemişsin. Bunlardan bazılarını geri aldım bazıları da başka kriterlerden silindiler. Ek olarak hizmetli adayı olmuşsun başarılar dilerim önümüzdeki günlerde muhtemelen oy kullanırım. Kolay gelsin ) Reality ,0,0.0002998932613991201,0,tr
"Azak adının kasıtlı Azov yapılması altında yatanları anlamakta zorlanıyorum. Azov adı için  kaynak  olarak verilen pdf dosyasında (Tarım ve Köyişleri Bakanlığı) aynen şöyle geçiyor: sayfa 10: ...  Karadeniz ve Azov havzasında 7 mersin türünün...   (ve sayfa 27 Kaynakça bölümünde:   Chebanov, M. İ., 1998. Sturgeon culture in the Sea of Azov basin: problems and prospects of a new biotechnology  ) Görüldüğü üzere burada açıkça  Azov havzası  kastediliyor.  Karadeniz ve Azak hamsisi  nitelemesini balıklarla uğraşanlar bilir. Azak denizi Karadeniz içinde farklı habitat sunar canlılara ve buradaki popülasyonlar Karadeniz in diğer kısımlarındaki popülasyonlardan farklı olabiliyor.  Karadeniz ve Azak  kelimelerini yanyana gördüğünüzde buradaki Azak tan  Azov  şehri değil  Azak  denizi anlamı çıkar. Bu kadar kesin ve nettir. Hâl böyle iken, pdf dosyasında tek yerde geçen  Azov  kelimesini  Azov  şehir adına  kaynak  olarak göstermek kasıtlıdır. Kmoksy (mesaj) ",0,0.0003245954867452383,0,tr
":Resim:Aksarayegitimspor logo.jpg kaynak ve lisans sorunu           :Resim:Aksarayegitimspor logo.jpg    resmini yüklediğiniz için teşekkürler. Dosyanın tanım sayfasında içeriğin kimin tarafından yapıldığı ve telif statüsü hakkında yeterli bilgi bulunmamaktadır. Eğer dosyayı kendiniz yapmadıysanız, içeriğin sahibini belirtmelisiniz. Bir internet sitesinden elde ettiyseniz nereden aldığınızı net şekilde gösteren bir bağlantı veriniz. Eğer resmin lisansını biliyorsanız resim dosyasına    telif etiketini ekleyiniz   . Yüklediğiniz diğer resimleri kontrol etmek için bu bağlantıyı tıklayınız.    Hızlı silme kriterleri gereğince kaynak ve lisans bilgisi eksik olan resimler işaretlendikten bir hafta sonra silinirler   . Sorularınız için Vikipedi:Medya telif soruları sayfasını kullanabilirsiniz. Teşekkürler. :Resim:Aksarayegitimspor logo.jpg için adil kullanım gerekçesi          :Resim:Aksarayegitimspor logo.jpg    resmini yüklediğiniz için teşekkürler. Yüklediğiniz resim adil kullanım politikasına uymak zorundadır ancak bu politikaya nasıl uyduğunu gösteren bir açıklama veya gerekçe bulunmamaktadır. Resim tanım sayfasına, kullanıldığı her madde için ayrı ayrı olacak şekilde bir    adil kullanım gerekçesi    yazmalısınız. Yüklediğiniz diğer resimleri kontrol etmek için bu bağlantıyı tıklayınız.    Gerekçesi eksik olan adil kullanım resimleri hızlı silme kriterleri gereğince bir hafta sonra silinirler.    Sorularınız için Vikipedi:Medya telif soruları sayfasını kullanabilirsiniz. Teşekkürler. yabancım  Lisans/kaynak bilgisi eksik resimler yüklemek Vikipedinin resmi politikalarından VP:RKP nin ihlalidir. Lütfen tekrarlamayınız. yabancım ",0,0.0002988418273162097,0,tr
"Burada sürekli, Atatürk ün adı KEMAL ÖZ imiş gibi bir izlenim yaratılmış birileri tarafından. Ama konu  Kemal öz adlı cumhurbaşkanımız...  şeklindedir.  Öz ad  bugün kullandığımız  ad dır. Dolayısıyla ad  Kemal dir.  Kemal Öz  diye bir isim yoktur.",0,0.0015086540952324867,0,tr
"Makaleden alıntı:  DJ lik alanında da kendini geliştiren Özyavuz, Turntablizm denilen olayın Türkiye deki öncüsü olarak kabul edilir  Gülmekten öldüm vallahi, Hande Yener mi bu kendini çok geliştirdi geyiği yapılıyor? İkincisi o denilen  olay  nedir acaba? Bunu ifade edecek başka kelime mi bulamamışlar? Üçüncüsü turntablizm denilen olay daha bu adam ergenken zaten var olan bir olaydı, nasıl yaşı bile yetmeyen birisi bu olayın öncüsü olmuş? (...)",0,0.007864579558372498,0,tr
"Katılımcı Yıldızı|100pik    Katılımcı Yıldızı ödülünün sahibi oldunuz!    Merhaba Mukaddime, Bu haftaki İş Birliği Projesi ne katılımınız için çok teşekkürler. En çok ziyaret edilen sanat müzeleri listesindeki eksik bağlantıların açılması konulu projedeki performansınız sonrasında    Katılımcı Yıldızı    ödülünün sahibi oldunuz. Proje kapsamında verilen ödüllere    buradan   , geçmiş kazananlara    buradan   , kullanıcıların ödül koleksiyonlarına ise    buradan    bakabilirsiniz. Sonraki haftalarda da katılımınızın devamını umuyorum. Sevgiler...Cem 53 mesaj 18.46, 4 Eylül 2018 (UTC)",0,0.00027124278130941093,0,tr
Desteğin için çok teşekkür ederim; ama artık senin de o güzel katkılarını da özledik yani . Sevgiler...    Ds      Murat      ileti    ,0,0.0006927149370312691,0,tr
" merhaba, size bir hoş geldin mesajı gönderilmiş. oradaki bağlantıları okuyarak vikipediyi yavaş yavaş tanıyabilir, takıldığınız durumlarda aktif vikipedistlerden yardım isteyebilirsiniz. kolay gelsin.    ki      bl   ",0,0.002076278207823634,0,tr
"Ben AWB nin bottan farkının olduğunu düşünmüyorum. Ha kendi yazmış veya hazır yazılmış, hata hertürlü yapılabilir. Bana göre bot demek    çok hızlı şekilde değişiklik yapan kulanıcı    demek. Eğer böyle bir durum varsa buna bot denilmeli ve kullanma izni verilmeli bence ki çoğu kullanıcıya bot başvurularında AWB için statü verdik. Ayrıca son değişikliklerde kalabalık ta yapmıyor botlar (filitre yapmayı biliyorum konu o değil )) herneyse.",0,0.000868406961672008,0,tr
Karduelis fikrimi belirttim. Sana da birkaç resim soracaktım hâlâ soramadım kısa süre içerisinde buraya yükleyip sana bir mesaj yollarım. İyi çalışmalar Ugur Basak     mesaj      ,0,0.0008673592819832265,0,tr
"Ya ibp de sorumlu oldum ya aynı zamanda katıldım haftanınkine. Benimkini bi puanlasan, onra kendine hep doğru yazdı demesinler.   Ilgaz ERmesajkatkılarım  Merhaba. Sonuçta verilen puanlar bir sisteme göre veriliyor. Kendi katkılarınızı puanlamanız bir soruna yol açmayacaktır diye düşünüyorum. Kimsenin de bunu sıkıntı yapacağını sanmam ) İyi çalışmalar.RapsarEfendim? ",0,0.001583425677381456,0,tr
Merhaba Supermaen İstabul BB nin 2013-14 sezonu formalarını yapabilirmisin ? Bir de İstanbul Büyükşehir Belediyespor Profesyonel Futbol Takımı maddesinde formalar kısmında bir sıkıntı var onu düzeltebilirmisin ?,0,0.0006578012253157794,0,tr
"Muhatab bile alınmayan, muhatab bile alınmaz! Bırakıyorum ki, bazıları sadece gelişimin önünde paçadan geriye çeksin, kendi yanlışını başkasına atsın. Ben Türkçe bilimin paylaşımı için çalışmalarıma devam edeceğim ve kendini sırf bir yere ait hissetmek isteyenlerde güçsüz, güçlerini kullanmaya devam etsinler. Güneş sıvanmaz ancak sıvanmaya çalışılır.",1,0.0191786028444767,0,tr
 Emin ol bir bilgim yok. Hizmetlilerden birisine danışırsan sevinirim. Kolay gelsin. İyi sabahlar )) ....i.е. vposta ,0,0.0012814513174816966,0,tr
" Merhaba, wikiproje de müzikle ilgili olan projeye katılmam mümkün müdür? Eğer böyle bir imkan varsa nasıl katılabilirim? Teşekkür ederim..    EskiBirDost/MetalHead     Sorun mu var? Yazabilirsin.    İyi akşamlar, Vikipedi:VikiProje Müzik/Katılımcılar sayfasına adınızı ekleyerek işe başlayabilirsiniz. Bu VikiProje, özellikle iş birliği bakımından biraz inaktif kalmış son birkaç yıldır. Tekrar canlandırmak gerekecek. Belki bu görevi siz üstlenebilirsiniz? ) ♪♫     B  erkay      0652   |   ileti    ",0,0.000320992199704051,0,tr
"Selam Vito Genovese (Cenevizli Vito) Tabakat maddesini sildiniz hayırlı olsun, Mehmet Akif Ersoy maddesini bir gözden geçirin olmazmı?91.23.118.8 ",0,0.002645096043124795,0,tr
"merhaba, aynı halktan söz eden bir madde var. isminin değiştirilmesini istiyorsanız orada konuşun lütfen. yeni bir madde açmakta ısrarcı olmayın.    kibele    ",0,0.01635686866939068,0,tr
"Selam Sabri 2 tane sorunum var: 1-Şablon:Çiftlikköy_belde_ve_köyleri ve Şablon:Çiftlikköy_mahalle,_belde_ve_köyleri şeklinde 2 ayrı şablon var 2-Her 2 şablonda da  gör  veya  değiştir  e tıkladığımda Şablon:Termal belde ve köyleri ne yönlendiriyor. hacitalhamesaj at  Merhabalar. Sorun kalmamış sanırsam. Bu arada diğer şablonu sildim. Malum, büyükşehir olmayan illerin mahalleleri kayda değer olmuyor. Kolay gelsin... ",0,0.0005138822598382831,0,tr
Merhaba. Sizden bir ricam olacak. Kullanıcı:Serhantr/Portal:Sanat sayfasında sanat portalımızın tasarımı bulunuyor. Portal bitmiş sayılır. Portalı deneme sayfasından  gerçek bir portal  haline getirebilirmisiniz lütfen? Bunun için alt sayfaların adları da değiştirilmesi gerekiyor. Yardımcı olursanız sevinirim. Sevgilerimle Serhantr ,0,0.0003366304445080459,0,tr
"Merhaba botlardan pek anlamam. trWiki de botu bulunan Khutuck a sorabilirsin. Önce kod yazıyorsun (dilimiz Türkçe olduğu için bir sürü hata veriyor), aday olduğuna göre senin bu kısmı hallettiğini düşünüyorum, sonrasını ben de tam olarak bilmiyorum ). Kusura bakma yardımcı olamadım.            ",0,0.0009119170717895031,0,tr
"Merhaba .  VikiProje Siyaset in Çalışma Odası nın   nasıl bir sisteme sokulacağı hakkında tartışma yapılıyor.Sonuçta bir karar alınacak.Ancak burada burada sizinde fikriniz önemli.Lütfen tartışmaya katılın,      fikrinizi söyleyin.      ~~     Atakan        Can     ileti   ",0,0.000459971692180261,0,tr
"Merhaba Jones. Elinize sağlık, böylesi çok daha güzel olmuş. VikiDoktorlar kısmı yerine de projeler bölümükoyulsa çok daha iyi olacak bence gerçi ). İyi vikiler, iyi çalışmalar   Merube 89        msj       Tekrar merhabalar. Beğenmene sevindim bencede daha iyi oldu. Fakat projeler bölümümü koymalıyız yoksa portallar mı? Eğer zamanın varsa bu bölümde gösterebilir misin. Deneme amaçlı, eğer olursa doktorlar bölümünü sileriz. İyi vikiler..C. Jones ",0,0.00042937955004163086,0,tr
" Yukarıdaki açıklamamı kaâle almadığınız anlaşılıyor, bir kere daha aynı maddeyi girmeniz hâlinde engellenceksiniz. -Mskyrider   ileti   ",0,0.0021494075190275908,0,tr
"Çocuk hakları gibi önemli ve ciddi bir maddeye katkıda bulunduğunuz ya da olumlu yanıt verdiğiniz için için teşekkür eder; aşağıdaki şiiri armağan olarak kabul etmenizi rica ederim (çünkü  adam olduğunuzu  düşünüyorum). Sevgiler. (Çoğaltılmış mesajdır) Levent Abi  ADAM OLMAK Çevrende herkes şaşırsa, bunu da senden bilse, sen aklı başında kalabilirsen eğer, herkes senden kuşku duyarken hem kuşkuya yer bırakır, hem kendine güvenirsen eğer, bekleyebilirsen usanmadan, yalanla karşılık vermezsen yalana, kendini evliya sanmadan kin tutmayabilirsen kin tutana. Düşlere kapılmadan düş kurabilir, yolunu saptırmadan düşünebilirsen eğer, ne kazandım diye sevinir, ne yıkıldım diye yerinir, ikisine de vermeyebilirsen değer, söylediğin gerçeği eğip büken düzenbaz, kandırabilir diye safları, dert edinmezsen, ömür verdiğin işler bozulsa da yılmaz, koyulabilirsen işe yeniden. Döküp ortaya varını yoğunu, bir yazı turada yitirsen bile, yitirdiklerini dolamaksızın dile baştan tutabilirsen yolunu. Yüreğine, sinirine dayan diyecek direncinden başka şeyin kalmasa da, herkesin bırakıp gittiği noktada, sen dayanabilirsen tek. Herkesle düşüp kalkar, erdemli kalabilirsen, unutmayabilirsen halkı, krallarla gezerken, dost da düşman da incitemezse seni, ne küçümser, ne büyültürsen çevreni her saatin her dakikasına emeğini katarsan hakçasına her şeyi ile dünya önüne serilir, üstelik oğlum, adam oldun demektir... Rudyard Kipling (1865-1936)",0,0.0032478957436978817,0,tr
 Evet şimdi tam olmuş sanırım. Elinize sağlık. Ustaca işleriniz için çok çok teşekkür ederim. İyi geceler (sabahlar?). Takabeg ,0,0.0008773604058660567,0,tr
Selamlar bu değişiklikteki alttaki bağlantının yararlı bir şekilde kullanıldığı sayflalar var. Üstteki bağlantı için biraz daha beklesek daha iyi olur. Kara listeye ekleme seçeneğimiz en son tercih olmalı. Biraz daha zorlarsa bir mesaj atın ekleyelim. İyi çalışmalar.   Mach   iavelli msj ,0,0.0007682680734433234,0,tr
"25px|alt=Bilgilendirme simgesi Lütfen Vikipedi maddelerinde, Joe Sugg adlı maddede yaptığınız gibi, deneme yapmaktan kaçının. Hatta daha sonra bu hatayı düzeltecek olsanız bile! Değişikliğiniz yapıcı görünmediği için geri alındı. Eğer tekrar deneme yapmak isterseniz, lütfen Deneme tahtasını kullanın.   Merhaba Lütfen oluşturduğunuz maddelere bir giriş bölümü veya az da olsa bilgi eklemeyi unutmayınız aksi taktirde maddeleriniz silinecektir   • ",0,0.00040270035970024765,0,tr
Selam. Elinize sağlık. Maddenin eksik noktaları doldurduğunuz için size minnetarım(z?). Ancak dipnotlar fazla değil mi?   Sarı Zeybek   kitabından alındığı anlaşılıyor. Bazı dip notları birleştiremez misiniz? Teşekkür ederim. İyi çalışmalar.Takabeg ,0,0.0004543343384284526,0,tr
Kullanıcı sayfamı çok kurcaladın galiba:DDD herşeyimi öğrenmişsin.Herneyse bende eurovisionda görüyorum o kadar.Mesela bu tür konular için TRTde 2 haftada bir yayınlanan ve Banu Avarın hazırladığı    SINIRLAR ARASINDA    adlı program tek kelimeyle muhteşemdir.Ayrıca bende bi atlas ve ansiklopedi kurduyum ne güzel değil mi.   UANNİS(Ailenizin müstakbel türkoloğu)    ,0,0.09530036151409149,0,tr
"Farklı kaynaklardan da yaranmaya çalıştım - ne yazık ki şu an İngilizce Vikipedi nin ilgili maddesinde bazı gereksiz ve tıbbî olmayan kısımlar da var. Terminolojideki düzeltmeleri sizler yaparsanız daha iyi olacağı kanaatindeyim - bu arada gözünüze takılan birkaç başka şeyi de düzeltme imkânınız olur. Ayrıca   azathioperine  in bir Türkçe karşılığı var mı? Genel olarak Türkçe çalışmalara göz attım ama orijinali kullanmışlar - bir karşılık bulamadım. Herkese teşekkürler, iyi çalışmalar... - Noumenon   mesaj    katkılar   ",0,0.0002715445007197559,0,tr
"Selam Taka;  Japonya nın teslimiyet belgesi  maddesinin başlığının yanlış olduğunu düşünüyorum. Kaldı ki sen de maddeyi yazarken ilk (tanıtım) cümlesinde bunun bir    yazılı anlaşma    olduğunu vurgulamışsın. SRA da oy verirken farkettim bunu. Eğer isim böyle kalacaksa madde içeriğinin    sadece belgeyi anlatır    olması gerekli. Gerekli uygun değişikliği yaparsan sevinirim. Teşekkürler.  Abi aslında iş biraz karışık. Söz konusu maddesi yani Japonya nın teslimiyet belgesi ‎(w:en:Japanese Instrument of Surrender) dışında Japonya nın teslimiyeti (w:en:Surrender of Japan) ve Japonya ya karşı zafer günü (w:en:Victory over Japan Day) var. Belge maddesinde 2 Eylül 1945 tarihinde imzalanmış    belge ve onun imza töreni    anlatılıyor. teslim maddesinde ise 15 Ağustos 1945 tarihinde Japonya nın  Potsdam Bildirgesi  mi   Potsdam Demeci  mi ? (w:en:Potsdam Declaration, birde w:en:Potsdam Agreement ve w:en:Potsdam Conference maddeleri mevcut) ni    kabul süreci    anlatılıyor. Gün maddesinde ise yine 15 Ağustos 1945 (ülkelere göre birazcık farklı ve Zafer Günü maddesinin Pasifik Savaşı versiyonu) ama onun    kutlama    tarafı anlatılıyor. Güzel bir çözüm varsa iyi olacak. Önerin var mı ? Takabeg ",0,0.0003487352223601192,0,tr
sayın AHMET NAFİZ ZORLU ürettiğiniz Plazmalarınızda başarısızlıktan dolayıüretimi durdurdunuz.Peki bizim günahımız NE BÜYÜK ŞİRKETLER ÜRÜNLERİNİN ARKASINDA OLUR ARBAYI BİLE GERİ ÇAĞIRAN ŞİRKETLER VAR TAMİRİ OLMAYAN 127 EKRAN PLAZMAYI YENİSİYLE 1000TL DEĞİŞTİRMEYE KALKTINIZ.ŞİRKETİNİZİN İHTİYACI VARSA YOLLIYAYIM DELİMİYİM TEKRAR VESTEL ALAYIM BASINDA SİZİ TEMİZ AHLAKLA DEERLENDİRİYORLARDI İNANDIK BİZ HELAL KAZANIYORUZ AHMET BEY TVNİ GERİ AL,0,0.6826543211936951,1,tr
"Maddelerde değişiklik yaparken, lütfen    tarafsız bakış açısıyla    ve ansiklopedik bir dilde yazmaya özen gösterin. Maddelere sakın imza atmayınız, maddelerde reklam yapmayınız, e-posta ve telefon numarası gibi özel bilgilerinizi paylaşmayınız. Kendinizi tanıtabilmek için kullanıcı sayfanızda    Babil    şablonlarını kullanabilirsiniz. Kullanıcılarla mesajlaşırken lütfen nezaket kurallarını unutmayın, herkesin aynen sizin gibi Vikipediyi geliştirmek amacıyla katkıda bulunduğunu ve iyi niyetli olduğunu varsayın.    Beş temel taş   ,    imza kullanımı   ,    Cesur ol   ,    Engelleme politikası   ,    oy kullanımı    politika ve yönergelerini mutlaka okuyun. Aynı kişiye ait birden fazla hesabın ya da farklı kişilere ait olsa bile birden fazla hesabın tartışmalarda avantaj sağlamak amacıyla birlikte hareket etmesinin    Kuklacılık    olarak değerlendirileceğini ve bunun yasak olduğunu unutmayın. Politika ve yönergeleri okuduysanız, değişiklik yapmayı ve Vikipedide neler yapabileceğinizi artık biliyorsanız    cesur olun    ve değişiklik yapmaya başlayın!... Haydi kolay gelsin!    a[.]med     »»ileti   ",0,0.0007216263911686838,0,tr
Aktivasyon sorunum sayenizde çözüldü. (Bazan böyle basit çözümler nasıl gelmiyor aklıma; sinir oluyorum kendime:) ) İlginize çok teşekkür ederim tekrar. Kolay gelsin.Hokage ,0,0.0010700877755880356,0,tr
rapin en kral adamlarındandır benim favori rapcim still dre big egos xplosive bitches aint shit bu şarkılar en haso şarkıları,1,0.989054799079895,1,tr
"Inter Milan maddesinin isminin F.C. Internazionale Milano olarak değiştirilmesi gerekiyor. Gerekçesi maddenin tartışma sayfasında belirtildi ve hiçbir karşıt görüş almadı. Zaten maddenin kendisinde de kulübün gerçek adının bu olduğu, Inter Milan ın ise kısaltması olduğu söyleniyor. Ancak isim değişikliğini yapabilmem için sizin F.C. Internazionale Milano maddesini silmeniz gerekiyor.    ◄bekiroflaz § mesaj►     İsim değişikliği gerçekleşti. İyi çalışmalar. M. M. ",0,0.00029267833451740444,0,tr
Milli Eğitim Bakanlığı nın sayfasında ve TBMM milletvekilleri albümünde de soyadı mevcuttur. http://www.meb.gov.tr/meb/bakanlar/mnecatiugural.htm?KeepThis=true&TB_iframe=true&height=350&width=700 http://www.tbmm.gov.tr/TBMM_Album/Cilt1/index.html (sayfa 55) 85.102.186.218 ,0,0.0007347906357608736,0,tr
Şu an benim için çok karmaşık ve başa çıkılamaz görünüyor. Katkılarımdan göreceğiniz üzere vaktim de pek kısıtlı. Mesaj arşivimde kalsın hazır olunca yardım etmeyi deneyeyim.Aditdigo (mesaj) ,0,0.0009118475136347115,0,tr
":Resim:Muharrak futbol kulubü giriş.jpg kullanılmayan resim           :Resim:Muharrak futbol kulubü giriş.jpg    resmini yüklediğiniz için teşekkürler. Resim tanım sayfasında belirtildiği üzere resim adil kullanım resmidir ve Vikipedi de adil kullanım politikalarını sağlamak zorundadır. Şu anda bu resim hiçbir maddede kullanılmamaktadır. Eğer resim maddeden çıkarıldıysa, neden çıkarıldığını kontrol ediniz. Eğer kullanılabilir olduğunu düşünüyorsanız yeniden ekleyebilirsiniz. Ancak resmin adil kullanım politikasına kesin şekilde uyduğundan emin olunuz. Yüklediğiniz diğer resimleri kontrol etmek için bu bağlantıyı tıklayınız.    Hızlı silme kriterleri gereğince hiçbir maddede kullanılmayan adil kullanım resimleri işaretlendikten bir hafta sonra silinirler   . Sorularınız için Vikipedi:Medya telif soruları sayfasını kullanabilirsiniz. Teşekkürler. Merhabalar, yukarıdaki resmi maddesinden çıkarttım. Özgür lisanslı eşdeğeri çekilebilecek durumdaki resimleri Vikipedi de kullanmıyoruz. İyi çalışmalar, görüşmek üzere...muratsahin ",0,0.00025892682606354356,0,tr
"Selam Cano. Oğlum Bak Git maddesindeki sil şablonunu çıkardığını gördüm ancak sil şablonuna hizmetliler bakıyor. Eğer maddenin silinme gerekçesini haklı bulurlarsa siliyor, silinmemesini gerektiğini düşünüyorlarsa şablonu kaldırıyor, silinip silinmemesi topluluğa sormak istiyorlarsa sas süreci başlatıyorlar. Tabi sas sürecini sadece hizmetliler değil herkes başlatabilir, ancak sil şablonunu yalnız onlar kaldırıyor. Bu yüzden değişikliğini geri aldım. İyi çalışmalar.Emyilmesaj ",0,0.0008424026309512556,0,tr
Bu olayın soykırım olarak belgelenmiş hiçbir kaynağı olmadığı için kırım hitabı gayet yerindedir. Soykırım ın temel anlamını öğrenip sonra böyle hararetli tartışmanız hepimizin yararına olacaktır. ,0,0.00148127437569201,0,tr
"size daha önce mesaj attığımı hatırlamıyordum, ikinci kez ilgimi çektiniz. ) öncelikle beni yanlış anlamamanızı rica ediyorum, çünkü sanki şahsınızla yahut ideolojinizle uğraşıyormuşum gibi bir hisse kapılabilirsiniz. benim amacım buranın tarafsızlığını sağlamak, ideolojik fanatizm olarak yorumlanabilecek içerikten arındırmak. çünkü burası bir ansiklopedi. tarafsız bilgi içerimeli. hepimizin bir siyasi-dini görüşü var elbette, ama bunları yansıtmamalıyız. vikipediyi bir propaganda aracı olarak görmemenizi rica ediyorum. yukarıdaki (geç gelmiş) hoşgeldin mesajında VP:BTT maddesini okursanız beni anlayacaksınız. tekrardan, sırf yanlış anlaşılmamak ve sizi gücendirmemek için söylüyorum, meselem şahsi ya da yanlı değildir, aynı şeyi kürt, faşist, islami vb. fanatizm için de yapıyorum. kolay gelsin. Tembelejderha ",0,0.009279688820242882,0,tr
"Merhaba bu maddeye görsel eklemek istiyorum ancak yardıma ihtiyacım var. Görsel bulup eklemem de yardımcı olur musunuz lütfen. Çok teşekkür ederim. Bu arada sizden epeydir haber alamadım umarım iyisinizdir. Güzel haberlerinizi almak dileğiyle. Sevgiler. Oznurkazanci (mesaj) 20.57, 28 Ekim 2018 (UTC)",0,0.00041069992585107684,0,tr
"Selamlar Mskyrider, az önce engellediğin IP nin katkılarından da göreceğin gibi büyük ihtimalle sadiferid in ya kendisi, ya da kuklası, tek bir pozitif katkısı da yok. IP statik. Sen bilirsin ama süresize ne dersin ? Saygılar, sevgiler..Metal Militia ",0,0.06973699480295181,0,tr
" Lütfen özgeçmişinizi eklemeyin, silinebilir. Kayda değerlik kriterlerini sağlaması halinde, maddeniz başka kullanıcılar tarafından eklenecektir. Vikipedi bir ansiklopedidir. Dilerseniz ücretsiz bir web alanı sağlayıcısını buradan bulabilirsiniz. Tekrar hoş geldiniz, teşekkürler.i.e. msj ",0,0.00045157765271142125,0,tr
"Sayın Cobija, Öncelikle sizi Samsunspor 2012-13 sezonu sayfasının düzeni için tebrik etmek isterim. Bende mümkün olduğunca sezon maddeleri güncellemeye çalışıyorum. Öncelikli olarak Fenerbahçe ve Kocaelispor olmakla birlikte ilgilenilmeyen diğer takımlarında güncellemerini girmeye çalışıyorum. Sizinlede ortak çalışmalarda olmaktan büyük gurur duyarım. Saygılarımla,    Fenerli1978 (mesaj)    ",0,0.000349763868143782,0,tr
"eski rejimin artığı tek kaşlı oro.spu evlatları alayınıza yahudi muamelesi yapacağız. gerçi sizin an.nızı belledik ki isyana kalkıştınız ya, karizmatik polislerimiz o isyanıda s.kip attı. )88.231.5.50 ",1,0.9539632201194763,1,tr
"~ Bence de Vito nun kulakları (şiddetle) çınlasın da, o sidebar eklentileri bizde de çıkacakmı? (Benim ilk monobook umu yapmıştı.. Keşke geri dönse) ",0,0.050793275237083435,0,tr
"Ya? Hacıbeyov un Azeri değil, Sovyet bestecisi olduğu gibi  gerçek  mi? Hiç değilse, önyargılı olmanızı boynunuza alıp itiraf edin. Parishan  Azeri değil diye kim söyledi? Sovyet bestecisidir. SSCB lidir ve etnik kökeni nedir diye sorulduğunda Azeridir deriz. Önyargılı yaklaşmazsanız güzel katkıda bulunabileceğinize inanıyorum. İyi çalışmalar. Takabeg ",0,0.0020927865989506245,0,tr
DERIN DEVLET Oncelikle  derin devlet  terimi kesinlikle yanlistir. Buna kontrgerilla dememiz daha dogru olur. Derin devlet olaya daha masum bir boyut getirmek ile birlikte konu ile alakali fazla bilgisi olmayan insanlarda devletin yararina calisan bir kurum intibasi olusabiliyor dolayisi ile bence bunun adi kontrgerilla dir ve kesinlikle semdinli olaylarinda ve 2007 Ankaradaki ulus bombalamasinda kontrgerilla yani eski adi ile ozel harp dairesi aktif bir sekilde rol almistir. (ozel harp dairesinin su andaki adini yazmak bircok tartismaya neden olacagi icin sakindim) 14 Agustos 2007 By oxaros Oxaros ,0,0.0018038359703496099,0,tr
"19 Mayıs a ait  tarihte bugün ün  olaylar  kısmındaki olayların %90 ı Türkiye yle ilgili. TBA? —    heddagabler     Oooops:)))    Cek Li Taran   mesaj  Tarihte bugün sayfalarına daha fazla ilgi göstermeliyiz. Sayfada ilk katkının yapıldığı 2008 den beri hiç değişiklik yapılmamış.  Ben de farkettim, Hedda haklı, neredeyse tamamı da Türkiye ile ilgili. Bunun da tek çözümü vardır, tarih maddelerine katkı yapmak. İyi vikilemeler, sevgiler...    Berm@nya     Bu, bu, bu, bu, bu ve bu son olarak da şu değişikliklere bakılırsa Tarihte Bugün sayfalarının ne kadar da ilgiye muhtaç olduğu, kısa çalışmalar ile düzenlenebileceği açıkça görülecektir. İyi çalışmalar...    n a z i f i l b e k    ✍ ",0,0.025599969550967216,0,tr
"Samkart.jpeg dosyası kullanılmıyor           Samkart.jpeg    adlı dosyayı yüklediğiniz için teşekkürler. Dosya tanım sayfasında belirtildiği üzere, dosya adil kullanım dosyasıdır ve Vikipedi de adil kullanım politikası kriterlerini sağlamak zorundadır. Şu anda bu dosya hiçbir maddede kullanılmamaktadır. Eğer dosya maddeden çıkarıldıysa, neden çıkarıldığını kontrol ediniz. Eğer kullanılabilir olduğunu düşünüyorsanız yeniden ekleyebilirsiniz. Ancak resmin adil kullanım politikasına kesin olarak uyduğundan emin olunuz. Yüklediğiniz diğer dosyaları kontrol etmek için bu bağlantıyı tıklayınız.    Hızlı silme kriterleri gereğince hiçbir maddede kullanılmayan adil kullanım resimleri işaretlendikten bir hafta sonra silinirler   . Sorularınız için Vikipedi:Medya telif soruları sayfasını kullanabilirsiniz. Teşekkürler. Fotoğrafı siz çekmiş olabilirsiniz yalnız bu kart üzerindeki sembollerin varlığı sebebiyle telif durumunu ortaya çıkarabilir. İyi Vikiler.   Ayrıntılı Bilgi   #   ileti    ",0,0.0002073972427751869,0,tr
Özel:UsabilityInitiativePrefSwitch sayfasına girip en alttaki  kapat  bağlantısına tıklarsan devre dışı kalması lazım. Bir dene de haber et bana da olmazsa. Sevgiler    Vito Genovese    ,0,0.0018457806436344981,0,tr
"@Rapsar; yukarıdaki mesajım dikkatlice okunduğunda anlaşılacaktır ki, yaygınlığı tercih etmeliyiz demedim. ikinci seçeken olarak,  yaygınlık karinesine göre konacaksa...  dedim. sonra;  sözde ermeni soykırımı  demek başından reddetmek olduğu gibi,  ermeni soykırımı  demek de başından kabullenmek olmuyor mu? şimdi böyle açalım, olmuşsa olmuştur, olmamışsa olmamıştır diyorsun. ama olmayan şeyin adına madde açılmaz ki. o zaman  davul tozu, minare gölgesi  maddeleri de açalım, bunlar aslında yoktur diyelim. kanıtlanmamış şey bir iddiadır, bu nedenle en doğrusu  ermeni soykırımı iddiası dır. kanıtlanabilir de, kanıtlanmayabilir de. iki halde de hata yapmış olmayız. @Vitruvian; illa yaygınlığa bakalım demediğimi yineleyerek belirtmek istiyorum ki, eğer yaygınlığa bakılacak   SA    burası türkçe viki olduğundan elbette ki türkçe kullanımdaki yaygınlığa bakmak lazım. ya neye bakacaktık? ermenicedeki yaygınlığa mı? dünya üzerindeki yaygınlığa bakma çabası da absürt olur, nitekim mesela  Beyaz Saray  maddesi açıyoruz,  White House  değil. değil mi?ANADOLU (mesaj) ",0,0.0011062129633501172,0,tr
sadece çocuğu islama saldırmaması için ikaz ettim o kadar baksana çocuk islam saldırmak için ne kadar çıpınıyor. şimdi de başbakana saldırmaya başladı.85.101.214.26 ,1,0.6961286664009094,1,tr
"Merhaba Hedda, az önce ATV haberde   İki Dil Bir Bavul   filmine Bayındırlık Bakanlığı nın en iyi müzik ödülü verdiğini söylediler, ancak filmde müzik yokmuş. Alt yazıda dünyanın en garip ödülü yazıyordu. Belki bunu maddeye ekleyebiliriz, sence nasıl olur. ",0,0.0004894052981399,0,tr
"Rica etsem şu ve şu maddeleri birleştirebilir misiniz? Zaten ikiside kısa ve uzun zamandır birleştirilmeyi bekliyorlar.Reality006  Eğer vaktiniz varsa içerikleri bir madde altında birleştirirseniz, geçmiş birleştirmesini yapayım.  İçerik birleştirmesine gerek yok çünkü ilk maddedeki bilgiler diğerini de kapsar nitelikte. Birleştirmeyi yapabilirsiniz.Reality006  Madde düzenlenip, intervikiler eklenerek Yazarın Ölümü başlığında geçmiş birleştirilmesi yapıldı. Ancak maddenin içerik düzeltilmesine ve düzenlemeye ihtiyacı var hâlâ. ",0,0.0002926641027443111,0,tr
"erotizmde üreme organları olmaz. pornoda ise üreme organları açıkça sergilenir. ama porno kendi içinde iki kategoriye ayrılır. soft (hafif) ve hard(ağır) porno olmak üzere. soft pornoda cinsel ilişki olmaz, genellikle bayanların tepeden tırnağa (üreme organlarıda dahil) çıplak görüntüsü sergilenir. hard pornoyu bu pornodan ve erotizmden ayıran tarafsa açıkça cinsel ilişkinin fotoğraf video yada başka medya araçları ile izlenebilir formatta seyirciye sunmasıdır.88.230.136.184 ",1,0.2003491222858429,0,tr
o geri aldığın maddedeki link İngilizcesinde bile yok. sen neden porno sitesi linkini sildiğim halde geri alıyorsun? sende ahlak utanma yok mu? neden pornoculara alet oluyorsun? 85.102.238.18 ,1,0.6474430561065674,1,tr
Kaliteli maddeleri okurken Kaykay maddesini de geniş bir biçimde inceleme imkanı buldum. Öncelikle bu maddeye katkılarınızdan dolayı size teşekkürlerimi iletmek isterim. Maddenin oylanmasında bulunabilecek hataların düzeltilmesinde katkılarınızı bekliyor ve tekrardan teşekkür ediyorum. İyi çalışmalar. Arjety ,0,0.0002609924122225493,0,tr
" Sakhalinio, vandalizm yapsam tamam, kendi adıma madde açsam tamam diyeceğim ama Türkiye nin futbolda beşinci ligi konumunda ki BAL da yer alan bir ekibe madde açmam hemen silinirse böyle şeyler heves kırar, başka bir şeye yaramaz, yine de teşekkürler. DieFohlen (mesaj) ",0,0.004850325640290976,0,tr
"Birincisi çalışma var diye bir şablon koydum oraya.İkincisi ise şu:Timothy Leary de de aynı şekilde davranmışsın.Ken Kesey de de.Eğer ingilizce yazmak yada okumak isteseydim,ingilizce vikipediye üye olurdum.Kopyaladığın  eserlerden  kim ne anlayacak.Ayrıca Türkiye de viking penguen (sanırım yayınevi) vs. yok.Neden Türkçesini yazmak zahmetine girişmiyoruz?özgünlük-özgürlük anlayışı ...İngilizce okumak isteyen ingilizce vikiyi takip etsin diye sildim, kısaca.Nihan ",0,0.04922492802143097,0,tr
"Tekrar merhaba. Bahse konu internet sitesinin maddesindeki reklam kokan üslubu değiştirseniz dahi, maddede bahse konu edilen internet sitesi, kayda değerlik kriterlerini karşılamadığı için, ansiklopedik bir üslup kullanılmış dahi olsa, M6 kriteri uyarınca silinecektir. İyi çalışmalar. Utku Tanrıveremesaj ",0,0.0006065246998332441,0,tr
"220px   Bu ayki işbirliğine katılın!    Eylül 2017 nin işbirliği üç maddeden oluşmaktadır. (a)  Siyaset proje şablonu  bulunan maddelerde sınıf ve önem değerlerinin birinin veya ikisinin tamamlanması veya düzeltilmesi, siyaset proje şablonu olmayan ilgili maddelere (sınıf ve önemi belirtilerek) eklenmesi. (b)    Taslak    sınıfındaki siyaset maddelerine katkı vererek    Başlangıç    sınıfına yükseltilmesi. (c)    Başlangıç    sınıfındaki siyaset maddelerine katkı vererek    C    sınıfına yükseltilmesi. Puanlama sonunda ilk üçe giren katılımcılar ödül alacaktır.    Hedefler:    (a) kısmı için 300, (b) kısmı için 20 madde, (c) kısmı için 10 maddedir. MediaWiki message delivery (mesaj) ",0,0.00031821971060708165,0,tr
" Mevcut konjonktür zaten kafa karıştırmakta. Şu an için düşünmemekle birlikte, hiç aklımda olmayan bir şeyi aklıma düşürdüğünüzü belirtmeliyim:) Bu aralar biraz ara vereceğim, işlerim durulduğunda ciddi ciddi düşüneceğime emin olabilirsiniz. Muratero ",0,0.0010595027124509215,0,tr
"Cine5-logo.jpg kullanılmayan dosya           Cine5-logo.jpg    adlı dosyayı yüklediğiniz için teşekkürler. Dosya tanım sayfasında belirtildiği üzere, dosya adil kullanım dosyasıdır ve Vikipedi de adil kullanım politikası kriterlerini sağlamak zorundadır. Şu anda bu dosya hiçbir maddede kullanılmamaktadır. Eğer dosya maddeden çıkarıldıysa, neden çıkarıldığını kontrol ediniz. Eğer kullanılabilir olduğunu düşünüyorsanız yeniden ekleyebilirsiniz. Ancak resmin adil kullanım politikasına kesin olarak uyduğundan emin olunuz. Yüklediğiniz diğer dosyaları kontrol etmek için bu bağlantıyı tıklayınız.    Hızlı silme kriterleri gereğince hiçbir maddede kullanılmayan adil kullanım resimleri işaretlendikten bir hafta sonra silinirler   . Sorularınız için Vikipedi:Medya telif soruları sayfasını kullanabilirsiniz. Teşekkürler. Reality ",0,0.00020240309822838753,0,tr
"Merhaba. Kullanıcı sayfanızda bulunan    Barış Nedir Sevgilim    adlı şiir Akgün Akova ya aittir ve telif hakkı saklıdır. Vikipedide VP:AKP kapsamındakiler haricinde telif hakkı saklı içeriğe yer verilemez. Bu nedenle şiiri kullanıcı sayfanızdan çıkarmanız gerekmektedir. Hassasiyet göstereceğinizi sanıyorum. Teşekkürler, iyi çalışmalar.    Yabancı     msj   ",0,0.0004486736434046179,0,tr
Ödül için çok teşekkür ederim. Çok mutlu oldum. İlk hediyem bu benim. Gözüm gibi saklayacağım. Kolay gelsin. Sevgi ve saygılar...   burak       ileti    ,0,0.0015859893755987287,0,tr
" Hello, I m . An edit you recently made to Atakan Çelik seemed to be a test and has been removed. If you want more practice editing, the sandbox is the best place to do so. If you think I made a mistake, or if you have any questions, you can leave me a message on . Thanks. Umut Yazici (mesaj) ",0,0.0002510208869352937,0,tr
"Merhabalar. Şu sayfa biraz kötü hale geldi. Ne yaptıysam düzelmedi. Yardım edebilir misiniz?Seksen iki yüz kırk beş  Merhaba, ne yazık ki sorunu anlamadım. Manco Capac ⇨   ⌨     Muratsahan sorunu düzeltmiş.Seksen iki yüz kırk beş ",0,0.0008447904838249087,0,tr
"Almanları pek sevmem, yıldızım barışık değildir. İngilizcede and bunlarda und dur mesela. Alman dilinde ev Haus diye geçer, İngiliz dilinde House. İkiside batı-cermen grubundandır. Gezi parkı olaylarına destek vermiştirler. )88.231.53.155 ",0,0.1978997141122818,0,tr
"Mrb. Tekrardan üstteki maddeyle ilgili rahatız edecektim ) Sanırım filmin doğru afişi şu, film ilk çıktığında her yerde bunu görüyordum )Rapsar ",0,0.011046074330806732,0,tr
"Kanımca telif hakkı olduğu düşünülen site, vikipedide telepati maddesindeki oluşturulan bilgileri vikipediden kopyalamıştır.Bu durumda, yani vikipediden alınan bilgileri kopyalayan bir site yüzünden,önce vikipedide açıklanmış bilgilere telif hakkı uygulanabilir mi? Herkese sevgilerle...Düşünenadam ",0,0.017670195549726486,0,tr
", ben de katılıyorum. Hatta tam tersi, dil adını istemediğimizde bir şey eklesek daha iyi olmaz mı ?RapsarEfendim? 21.37, 24 Ağustos 2019 (UTC)",0,0.0008601463050581515,0,tr
"İlgili konuda yaşanılanlardan ötürü, kullanıcı bir talepte bulunmuştur. Yoğunluğunuzu biliyorum ancak, boşluk yaratabildiğiniz bir zaman diliminde ilgilenmenizi rica ederim.. İyi çalışmalar.. Garbino ileti  Evet, o isteği gördüm. İlgilenmeye çalışacağım. Superyetkin        Teşekkürler yetkin. Garbino ileti  Kullanıcının mesaj sayfa içeriği nedeniyle aynı sorunları yaşamaması için, mesajlarını arşivlemek gerekir mi?.. Uygun görürseniz, içeriği arşivleyip, mesaj sayfasının üstüne koyarak yeni bir  hoş geldin  şablonu ekleyebilirim. Garbino ileti  Olabilir. Superyetkin        İyi çalışmalar.. Garbino ileti ",0,0.00044602956040762365,0,tr
"40px|alt=|link=Değişiklik yaptığınız bir sayfa (Doğan Egmont Yayıncılık) Vikipedi:Silinmeye aday sayfalar/Doğan Egmont Yayıncılık sayfasında silinmeye aday gösterildi. Bir fikir birliği oluşana dek tartışma sayfası açık kalacaktır. Tartışmaya herkesin katılımını bekliyoruz. Maddede düzenlemeler yapabilirsiniz, ancak sayfanın üst kısmındaki silinmeye adaylık etiketini çıkarmayın. Teşekkürler.Ahmet Turhan (mesaj) ",0,0.0002792593732010573,0,tr
" Vikipedi deki cinsiyet dengesizliğini gidermek amacıyla köy çeşmesinde kadınlar ile ilgili projeler hakkında konuşulmuştu, burada dursun. Ahmet Turhan (mesaj) 07.38, 23 Ağustos 2018 (UTC)",0,0.011565865948796272,0,tr
"türk-islam sentezcilerine ve türkçülere saygım var, ama sizin gibilere saygım yok. bizim ırkımıza yalakalık yapıp durmayın. biz sizi  sarı  ırktan görüyoruz yani oğuz türklerinin soyundan gelen mongoloid ırktan bir kitle.88.226.74.97 ",1,0.6661548018455505,1,tr
" SAS a taşınan büyükelçilere dair kabul görüşünde bulunmadım ben şu tartışma sayfasında da şunu belirtmişim, alınan karar olursa saygı duyarım, alınan bir karar olmamasına rağmen her zamanki işgüzarlığı ile sayfaları SAS a taşıdı. Biliyorsunuzdur  in kendisine bir süre hiçbir yargı mensuplarına dair maddeleri SAS a taşımayın bana da yeni yargı mensuplarına dair madde açmayın (ki hiç açmadım üzerine önceden size de belirtmiştim) uyarısına rağmen taşıdığı gibi. Ayrıca yukarıda belirttiğim tartışma sayfasında büyükelçilerin KD liğine dair, uzunca protokole de dair bilgiler sunup, acaba diplomatlara dair de yönerge oluşturulsa mı diye öneride de bulunmuştum. Bunu sizinle de tekrar paylaşmak istedim. SarvSarv 22.41, 17 Mayıs 2018 (UTC) Böyle bir yönerge var mı? Yok. O zaman gerekçen mesnetsizdir. Zaten kabul edilmeyecek gerekçeler, denilebilecek her şey dendi daha diyeceim bir şey yok. Lütfen bu konulara dair daha fazla bildirim ya da gönderme bana, diyeceğim her şeyi diyorum zaten. İyi günler.RapsarEfendim? 02.37, 18 Mayıs 2018 (UTC)",0,0.00039055378874763846,0,tr
Çok az Fırsat buldukça Çok sık Hergün 4.Vikipedi kodlarını ne seviyede biliyorsunuz? Hiç bilmiyorum Az biliyorum İyi biliyorum Çok iyi biliyorum 5.Eğitim seviyeniz nedir? İlköğretim mezunu Lise mezunu Üniversite mezunu Yüksek lisans ve üstü 6.Yaş grubunuz hangi aralıktadır? 18 altı 18-30 30-45 45 üstü,0,0.0007611230830661952,0,tr
Merhaba Metal Militia. Rahatsız ettiğim için üzgünüm ama mesaj sayfam için zorda olsa arşiv oluşturmaya çalışıyorum. 2008 yılındaki mesajları yerleştirdim ama şimdi mesaj sayfamdakileri tek tek silicek miyim? Vandalizm olur mu acaba? Umarım derdimi anlatabilmişimdir D Böcürt ,0,0.01414000429213047,0,tr
"Sen büyük oynuyorsun Yetkin, benim oralara çıkmama imkan yok ) kodlar filan.. Neyse kolay gelsin, yapacak çok iş var, çok... ",0,0.1098492220044136,0,tr
Aynı kaynağı birden fazla yerde kullanıyorsanız Örnek kaynak şablonunu kullanabilirsiniz. Kaynağı tekrarladığınız yere yazmanız (sondaki eğik çizgiye dikkat) yeterli. Kolay gelsin.   Abuk SABUK    msj ,0,0.01930844783782959,0,tr
 merhaba iyi o halde sezon maddelerindeki kadro bölümünü [su maddedeki] gibi yapilacak. ben yanliz kart kismini yapmam. cok ugrasmaya gelmez. büyük takimlarda yapan olursa olur. iyi calismalar.Xberger ,0,0.0012072185054421425,0,tr
"Bugün aldığın herhangi bir gazetenin künyesine bak, sonra bir de internet sitesine gir ve oradaki künyeye bak. Yayın yönetmenleri farklıdır, yayın politikası farklıdır, çalışanları farklıdır lakin ikisi de aynı genel yayın yönetmenine bağlıdır. Dolayısıyla ikisi farklı şeydir. Fark basılı ya da çevrimiçi olması değil. Aynı şey örneğin NTV Spor için de geçerli. NTV Spor adı taşıyan radyo, televizyon kanalları ve internet sitesinin yayın yönetmenleri farklı ve dolayısıyla politikaları farklıdır. Öyle olmasa NTV Spor Radyo ve NTVSpor.net için ayrı madde açılmaz alt başlık olurlardı bunlar. Aynı ismi taşımaları aynı şey olduğu anlamına gelmez, aynı grup çatısı altındadır sadece. Bunlar fark yaratan detaylar. cobija 12:27, 28 Haziran 2015 (UTC Merhaba Cobija. Bir yıl önce de bunu konuşmuşuz. Tek bir şey söyleyeceğim, linkini verdiğimiz gazetelerin dış bağlantılar kısmında resmi site olarak neresi veriliyor? ) Madem öyle, her gazetenin sitesi için bir sayfa açmak gerekir. Web te yayımlanan pek çok haber gazete de çıkıyor. Bu da link vermenin yanlış olmadığını gösteriyor... İyi çalışmalar. - Seyit mesaj ",0,0.00040975981391966343,0,tr
İyi günler. Kırgızistan maddesi istediğiniz kıvama gelmiştir umarım. Eğer isterseniz Vikipedi:Kaliteli madde adayları/Kırgızistan da oy vermenizi isterim. İyi günlerTuz ,0,0.0007692148792557418,0,tr
"Merhaba bir kullanıcıya mesaj yazmak istediğinizde o kullanıcının tartışma sayfasının en altına mesajınızı yazabilirsiniz. İyi çalışmalar, Teşekkürler.22px   bora006      ileti    ",0,0.00047993246698752046,0,tr
"Ege Üniversitesi Giriş Kapısı-Bilim Meşalesi.jpg kaynak ve lisans sorunu    64px|left|Dosya telif sorunu       Ege Üniversitesi Giriş Kapısı-Bilim Meşalesi.jpg    adlı dosyayı yüklediğiniz için teşekkürler. Dosyanın tanım sayfasında içeriğin kimin tarafından yapıldığı ve telif statüsü hakkında yeterli bilgi bulunmamaktadır. Eğer dosyayı kendiniz yapmadıysanız, içeriğin sahibini belirtmelisiniz. Bir internet sitesinden elde ettiyseniz nereden aldığınızı net şekilde gösteren bir bağlantı veriniz. Eğer dosyanın lisansını biliyorsanız    telif etiketini ekleyiniz   . Yüklediğiniz diğer resimleri kontrol etmek için bu bağlantıyı tıklayınız.    Hızlı silme kriterleri gereğince kaynak ve lisans bilgisi eksik olan dosyalar işaretlendikten bir hafta sonra silinirler   . Sorularınız için Vikipedi:Medya telif soruları sayfasını kullanabilirsiniz. Teşekkürler. SakhalinioBuyrun beniiiim? ",0,0.0002808764693327248,0,tr
"Bu Ergenekon konusu Vikipedi içinde o kadar karışmış ki,ben bu işi senin çözeceğini düşünüyorum.Derin Devlet,olmayan bir örgüt,Örgüt referansı olarak verilen kişi (Erol Mütercimler) de bugün aynı soruşturmada içeri alındı.Turhan Çömez bile gözaltında.Ben senin tarafsızlığından şüphe duymuyorum.Vikipedi de ki bu arapsaçını çözeceğini umuyorum.Çünkü konu gitgide hem burada hem sözkonusu maddede gitgide budaklanıyor.Bilgiler derlenip toparlanırsa madde daha derli toplu olur.Konunun bütünlüğü açısından bu önemli.Saygılar.Yürekli  Güvenin için çok teşekkür ederim. Ben de Vikimola da olmama rağmen; bugünkü olayın ortaya çıkmasının ardından bütün zamanımı bu konuları düzenlemeye ayırdım. Haklısın, örgüt, operasyon, soruşturma vb. hepsi karışmış. Yardımlarınla, Ergenekon konusunu açığa kavuşturursak iyi olur. Kolay gelsin, iyi çalışmalar...    Ds      Murat      ileti    ",0,0.0005971051286906004,0,tr
"70px|uyarı Merhabalar;Bildiğiniz gibi Vikipedi nin amacı kullanıcıları sayesinde tarafsız bir ansiklopedi oluşturmaktır. Bu sebeple kullanıcı sayfalarımızda ve kullanıcı mesaj sayfalarımızda ideolojik, siyasi, kişisel (özgeçmiş, vs. gibi), reklam içeren, telifli veya herhangi başka bir    Vikipedi politikaları    na aykırı hiçbir içeriği bulundurmamamız gerekiyor. Aslına bakarsanız, kullanıcı sayfalarında Vikipedi de yaptıklarımız, Vikipedi deki projelerimiz gibi konuları ve    Vikipedi:Babil    yoluyla da bildiğimiz dilleri koyuyoruz. Kullanıcı mesaj sayfalarında ise, yaptığımız değişiklikleri diğer Vikipedistlerle tartışıyoruz.    Vikipedi:Kullanıcı sayfası    maddemizi inceleyip, kullanıcı sayfanızı ve/veya kullanıcı mesaj sayfanızı burada yazılanlara uygun şekilde düzenlerseniz çok seviniriz. Teşekkürler.    ki      bl   ",0,0.000339098391123116,0,tr
Elinize sağlık herhangi bir hata gözüme çarpmadı. Ek olarak Kullanıcı mesaj:Bambi nin annesi size yardımcı olabilir. LGBT alanındaki maddelere önemli katkı sağlamış birisidir kendisi. Benim pek uzmanlık alanım değil ama yine de elimden geldiğince yardımcı olmaya çalışırım. Kolay gelsin )   Reality    ,0,0.0014736636076122522,0,tr
"Kır Zincirleri Bu Gece.jpg kullanılmayan dosya           Kır Zincirleri Bu Gece.jpg    adlı dosyayı yüklediğiniz için teşekkürler. Dosya tanım sayfasında belirtildiği üzere, dosya adil kullanım dosyasıdır ve Vikipedi de adil kullanım politikası kriterlerini sağlamak zorundadır. Şu anda bu dosya hiçbir maddede kullanılmamaktadır. Eğer dosya maddeden çıkarıldıysa, neden çıkarıldığını kontrol ediniz. Eğer kullanılabilir olduğunu düşünüyorsanız yeniden ekleyebilirsiniz. Ancak resmin adil kullanım politikasına kesin olarak uyduğundan emin olunuz. Yüklediğiniz diğer dosyaları kontrol etmek için bu bağlantıyı tıklayınız.    Hızlı silme kriterleri gereğince hiçbir maddede kullanılmayan adil kullanım resimleri işaretlendikten bir hafta sonra silinirler   . Sorularınız için Vikipedi:Medya telif soruları sayfasını kullanabilirsiniz. Teşekkürler.    Reality    ",0,0.0002296148450113833,0,tr
"taraflıdan çok saçma bir yazı. Hackingin manifestosu mu olur, Lamer manifestosu bu resmen.. ) şuyrasıda yarmıştır resmen,  Ortaokul veya lisedeydim. Hocaların onbeşinci kez bir kesiri nasıl indirgeyeceklerini dinlemiştim. Ben anlamıştım.  Hayır hocam, size ödevimi gösteremem, ben onu kafamdan yaptım...  Lanet olası velet. Muhtemelen kopya çekmiştir.  puahahahaha ) okuyup adam olamadım bari Lamer olayım manifestosu olmuş )88.230.7.72 ",1,0.9147503972053528,1,tr
"60px|rightLütfen çok kısa içerikli maddeler oluşturmayınız; taslak kriterlerini sağlamadıkları için silineceklerdir. Yarattığınız maddelerin silinmesini önlemek için en az üç-beş cümleden oluşan ve maddenin ele aldığı konuyu nitelikli bir biçimde tanımlayan bir bilgi girişi yapmanız uygun olacaktır. Taslaklar hakkında daha fazla bilgiye Vikipedi:Taslak sayfasından ulaşabilirsiniz. Teşekkürler, iyi çalışmalar.tema  ileti   ",0,0.00031282720738090575,0,tr
ASALA nın eylemleri maddesini de referans olarak kullanabiliriz. Önce 2007 PKK eylemlerinin tam bir listesini çıkartıp sonra buna göre referans eklemek daha mı kolay olur acaba?,0,0.0008790473802946508,0,tr
30px bu resme sil etiketi koymuşsun nedenini öğrenebilir miyim? Cunku lisans bilgisi var. Simdiden sagol   Erkan    ,0,0.03558450937271118,0,tr
"Merhaba , maddenin adını kişi Gürcü olduğu için Gürcücede kullanıldığı biçimde   Giorgi   olarak değiştirmiştim. Soyadında ancak hata yapmışım aynı şekilde   Shirtladze   olarak kalmalı. Ama yine de sporcu Sovyetler Birliği ni temsil ettiği için Rusçadaki kullanımı mı esas alınmalı bu konuda görüşün nedir acaba? Ali95Acar, 7 Ocak 2019, (UTC)",0,0.00038573433994315565,0,tr
"Aslında steve jobs gibi bir lamerdir. Ama vaktiyle IBM e attığı kazıklar sonucu piyasaya iyi tutunduğundan populerlik kazanmıştır. Buna karşılık hacker olan c dili uzmanları, brian w.kernighan denis richie, richard stallman, linus torvalds ve gnu-gpl lisansı yanlıları pek tanınmaz. Adamın Windows NT çekirdeği bile sistem programlamaya uygun bir işletim sistemi değil ne yazıkki, acınak düzeyde.88.230.175.156 ",0,0.47511062026023865,0,tr
" 200px    Sovyetler Birliği Ayın İşbirliği Daveti    right|150px İyi günler, iyi Vikiler.Sovyetler Birliği ile ilişkili konularda katkı sağlamayı amaçlayan VikiProje Sovyetler Birliği projesi kapsamında her iki haftada bir tekrarlanan    Sovyetler Birliği İşbirliği Projesine    davetlisiniz. Bu ayın ilk proje konusu    kaynak eksik olan maddeler kategorisinde yer alan Sovyet konulu maddelere kaynak eklemektir.    Burada örnek bir liste yer almaktadır. Her ay planlı bir şekilde Sovyetler Birliği ile ilişkin farklı bir hedefe odaklanan işbirliği projesinin dönemki ayağına siz de katılım sağlayın. Projeye katılmak için proje sayfasının en altında yer alan katılımcılar bölümüne isminizi eklemeniz yeterli. Proje kapsamında verilen pek çok ödül sizi bekliyor. Ayrıca anket ve oylamalara katılarak gelecek işbirliği projeleri için öneri ve görüş bildirebilirsiniz. Şimdiden iyi çalışmalar, bol Vikiler! Bu mesaj proje toplu mesaj listesindeki kişilere gönderilmiştir. MediaWiki message delivery (mesaj) ",0,0.00025789180654101074,0,tr
"Merhaba Vikiçizer, Müsait olduğunda Vikipedi:Silinmeye aday sayfalar/Kozmik ışınların sağlık tehditi ve Vikipedi:Silinmeye aday sayfalar/Uzay silahı tartışmalarına bakabilir misin rica etsem? Kaldılar öyle.    Vito Genovese    ",0,0.0015137935988605022,0,tr
"AŞAĞIDAKİ HARİTADA ESKİ ANADOLU HALKLARININ YAŞADIĞI BÖLGELER GÖSTERİLİYOR. thumb|Eski Anadolu Haritası GENETİK BİLİMCİLER ŞU AN ANADOLUDA YAŞAYAN VE KENDİNİ TÜRK BİLEN HALKLARIN GEN YAPISI BİNLERCE YIL ÖNCE ANADOLUDA YAŞAYAN İNSANLARINKİYLE AYNI OLDUĞUNU VURGULUYOR. Bu Anadolu halkları havaya uçup yok olmadılar herhalde. Bu halklar halen Anadoluda yaşıyor ama kimlik değiştirmişler müslüman olduklarında sonrada Türkleştirilmişler ve Türkleşmişler. Daha eskilere gidersek Anadolu veya Asya Minor un antik eyalet isimleri şunlardı: Bithinya, Paflagonya, İonya, Kapadokya, Misya, Kilikya, Likya, Karya, Pisidya, Pamfilya, Lidya, Frigya.",0,0.016254205256700516,0,tr
"Demek Kandıralılıktan korkarım hiç bir şeyden kormadığım kadar dersin ha.. Eline sağlık süper olmus valla. Ama O Saldano lavuğunu ben de sevmeyip Kırmızı yapmamış idim. Ömür boyu mavileşemesin inşallah.... ))   Plenumchamber     Sorun değil, kalabilir böyle Pinar ",0,0.06810476630926132,0,tr
"Merhaba 85.108.93.235, Oluşturmuş olduğunuz Mark Henry adlı sayfa, Vikipedi nin hızlı silme kriterlerinden g1 uyarınca silinmeye aday gösterilmiştir. Sayfanın silinmeye neden aday gösterildiği ile ilgili daha fazla bilgi almak için, ilgili kriterde verilen açıklamaları okumanız önerilir. Bu uyarıyı gördüğünüzde sayfa silinmiş olabilir. Eğer sayfanızı bulamıyorsanız silme kayıtlarını kontrol edebilir ve sayfayı silen hizmetli ile irtibata geçebilirsiniz.    Âkhilleus       mesaj    ",0,0.00028443412156775594,0,tr
İyi yapmışsın. Henüz çok erken. Ama seçim yaklaşdıkca seve-seve bi şeyler yaparız.    Safir yüzüklü Cekli   Altından konuş ,0,0.04824386537075043,0,tr
   فارس سگ    mi ? Yoksa Türkçe ile mi söylerler ? İzmirlilere gavûr denir ) Bence bu da ansiklopedik bildi. İyi çalışmalar. Takabeg ,0,0.0011060975957661867,0,tr
Diyeceğin varsa şurda demeliydin. Şimdi yangından mal kaçırır gibi yapmak hiç etik değil. 76.64.176.197  Şurada derken? Takabeg ,0,0.10211563855409622,0,tr
"Hayır hiç bir zaman olmadı, olmayacak. Zaten Vikide geçirdiğim sürelere bakılırsa, alternatif bir hesapla uğraşmaya zamanımın olmayacağı açık. Olduğum gibiyim, benim, kimliğim, e-posta adresim de açık ve net. Levent Abi ",0,0.001976451138034463,0,tr
"Merhaba, geç cevap için kusura bakmayın, aktif değildim. Bir müddet sonra tekrar başvuru yaptığınızda düşüncelerimim yazmak isterim. İyi çalışmalar...Vikiçizer (mesaj) ",0,0.0009868188062682748,0,tr
" Hakem kurulumuz olmalı, ancak bu kurulun görevi hizmetli/bürokrat/denetçi vb. kullanıcıların yetkilerini kötüye kullanıp kullanmadıklarına, bu sebeple de görevden alınıp alınmamalarına karar vermek olmalı. Hizmetlilik görevinde verilen bazı kararlar kullanıcıları kızdıracaktır, benim gibi şeker bir hizmetlinin bile kullanıcı sayfası 30 küsür kez vandalizme uğradı. Ancak bu kararlar Viki nin doğru işlemesi için alınmak zorundadır. özetle yanlış yapanın kellesini alalım, ama doğruyu yaptı diye kızdıklarımızı cezalandırmayalım.    Khutuc      k   msj ",0,0.006106903310865164,0,tr
Merhabalar mazrup maddesini haksız yere sildiğinizi düşünüyorum.Modaratörlük vey yazarlık hakkı işine gelmeyen maddeleri silmek değildir. Akınsoft ve benzeri bir çok ansiklopedik bilgi arz etmeyen Maddeler vikinin içinde mevcut olmak la birlikte sizin onaylarınızdan geçmektedir. Mazrup maddesinin geri alınmasını rica ediyorum.,0,0.0017504784045740962,0,tr
"1 -    Turkcell Süper Lig de oynamış ve oynayan yabancı futbolcular    degil,    Türkiye de oynamış ve oynayan yabancı futbolcular    olmasi lazim. Kartalspor, Bucaspor vs. Süper Lig de oynamiyor. 2 - Gustave Bebbe nin Türk adi Alper Aydin. Lütfen ekleyiniz.",0,0.0012027902994304895,0,tr
Evet Turanid ekibi de size katıldığı için bu ismi kullanmama kararı aldılar. http://www.lapislinux.org adresinde ilgili açıklama yer alıyor. Ayrıca forumda da yer alıyor. Yazı 19 temmuz da yazıldı. O zaman lapislinux.blogspot.com adresi kullanmaktaydı. Alan adı daha sonra alındı ve blogger.com  a yönlendirildi. Artık bu madde geçerliliğini yitirdi. Teşekkürler.,0,0.0002925636654254049,0,tr
"Pomaklar, elbette müslümanlastirilmis Bulgarlardir. 1390 öncesi Ortodoks olan bu halk elbette çok eski yüzyillarda yörede Alban, Grek, Romen ve 6. asirda yerlesen Slavlarin içinde erimis olmasi bir ihtimaldir. Bu DNA analizlerinde ayni Türkiye de Türk sandiklarimizin aslinin Hititlere dayanmasi kadar siradan bir gerçek olsa da, Pomaklarin bir öncek islami olmayan kökenlerini siyasî nedenlerle saklamak ne kadar dogrudur, hele de Pomak Türkleri gibi bir tanimlamanin bazi siyasî cevrelerde kullanilmasi gibi. Anton Aldemir (mesaj) ",0,0.001428558025509119,0,tr
"Merhaba Merube, Adaylığı kabul etmene sevindim, umuyorum ki topluluk da benimle aynı fikirde olur da Vikipedi senden bu yeni alanda da yarar sağlama imkanı bulur. Sevgiler    Vito Genovese    ",0,0.0006146022933535278,0,tr
"Sanırım siz de benim  zaman kaybı yaratmak  sözlerimi itham olarak algıladınız. Sadece ortaya çıkan sonuç anlamında bu sözleri ekledim. Eğer kaynak eksikliği gördüyseniz bu konuda bana ileti yazsanız ya da bunu şablonuyla ya da ilgili kaynak şablonuyla belirtmeniz daha uygun olurdu. İyiniyetiniz kuşkum yok; çalışkanlığınızı daima takdir ediyorum.  Hiç bir maddeyi bir diğerinden farklı kılacak şekilde kayırmamak gerektiği  konusunda kaynaklarla ilgili çalışma yapacağım. Sanırım bir gülümseme aradaki durumu tatlıya bağlayacaktır. Kaynak konusuyla ilgili e-posta iletiyorum. Kolay gelsin, sevgiler. Levent Abi ileti            ",0,0.0011974484659731388,0,tr
"Merhaba bu sayfanın oylama süresi sanırım dolmuş. Kapatır mısınız ? Boyalikus  Merhabalar, şimdi siz hatırlatınca baktım da.. Başlayalı epey olmuş gerçekten (3 Nisan), ve hala da sürüyor gibi sanki. Üstelik normal oylamalar gibi, iki hafta vb şekilde, bir yerlerde yazılı, belli bir süresi de yok bu sayfanın/projenin. Hem şurada başlatılmış fakat bir karar alınmadan kalmış bir tartışma da var. Dilerseniz siz de oradan süre ile ilgili görüşlerinizi topluluğa duyurun. Ve gidişata göre hep birlikte bir karar verelim. Teşekkürler, kolay gelsin. M. M. ",0,0.0007445069495588541,0,tr
"Merhaba 88.235.45.0, Oluşturmuş olduğunuz Ömercan Bekaroğlu adlı sayfa, Vikipedi nin hızlı silme kriterlerinden g2 uyarınca silinmeye aday gösterilmiştir. Sayfanın silinmeye neden aday gösterildiği ile ilgili daha fazla bilgi almak için, ilgili kriterde verilen açıklamaları okumanız önerilir. Bu uyarıyı gördüğünüzde sayfa silinmiş olabilir. Eğer sayfanızı bulamıyorsanız silme kayıtlarını kontrol edebilir ve sayfayı silen hizmetli ile irtibata geçebilirsiniz.    emrahertr   mesaj ",0,0.00034046341897919774,0,tr
"25px|alt=Bilgilendirme simgesi Merhaba, ben . Bilmeni isterim ki dan bir kısmını tanıtım amacı taşıdığı için geri aldım. Tanıtım yapmak ve Vikipedi yi  özgür kürsü  olarak kullanmak Vikipedi politikalarına aykırıdır ve bu davranışa izin verilmez. Vikipedi hakkında daha fazla bilgi almak için karşılama sayfasına göz atabilirsin. Teşekkürler! Kodvizit (mesaj) ",0,0.00036651789559982717,0,tr
Arkadaşlar font küçültmek kolay da içinde bulunduğu o mavi alan iyice boş kalacak. Mavi alanı küçültmek demek tüm tasarımı elden geçirmek demek. Durum çok basit font değişimi değil şu anda. Dbl2010mesaj ,0,0.000701156968716532,0,tr
Selam Ahmet (?). Burada siz diye hitap etmişsin de bana. Sıkıntı olmazsa senin açından sen diyebilir misin? Aynı şekilde ben de o şekilde hitap ediyorum/etmek isterim sıkıntı olmazsa.RapsarEfendim? ,0,0.0017648434732109308,0,tr
"arkadaşlar yapmayın göktürkler tarihi bir devlettir kazım mirşan adlı birine sorarsanız öyle der ilber ortaylı varken...Burda bazılarınız taraflı konuştuğumu düşünebilirler ama göktürk devleti vardır orhun kitabelerinde devletin nasıl yönetildiği,insanlar halklar herşey yazar.Bu bir uydurma olsa yabancılar habire üzerimeize baskı yapardı yok eiyerekten.Yapmayalım bir kişi yazıyor 4 kişi peşinden gidiyor lütfen.En ünlü tarihçilerden biri desin bunu ağzımı açmam ama Kazım Mirşan adlı bir tarihçi.Göktürk devleti vardır,Türk tarihinde de vardır. Toolga",0,0.0034819399006664753,0,tr
"Rica ederim ^_^ Ödül şablonlarının bir kısmını oluşturacağım; umarım bu topluluk ruhunun canlanmasına katkıda bulunur... Teşekkürler, iyi çalışmalar... - -    nou   menon    ʘ    mesaj ",0,0.00046427943743765354,0,tr
"Merhaba Utku Bey.ŞURAYA özellikle de sayfa altındaki dış bağlantıya bir bakar mısın, lütfen. İyi çalışmalar...Eğitmen Mahmut (mesaj)  Merhabalar. Sayfa zaten silinmiş. İlginiz için teşekkürler, iyi çalışmalar. Utku Tanrıveremesaj ",0,0.0006800376577302814,0,tr
"merhaba abi işler nasıl gidiyor? S.Y  Merhaba Fainlandiyalı beretta 92 için yazdım bir şeyler devamı gelecek,bir göz at istersen.birde transdinyester savaşı için link atarmısın.Kamuran otukenli ",0,0.08090337365865707,0,tr
", bir kez daha değerlendirebilir misin rica etsem? Kalsın diyenlerin gerekçeleri ve maddede yaptıkları ile ilgili yorumum kritik.RapsarEfendim? ",0,0.027426468208432198,0,tr
Savastaki Fransiz Gücleri  nin asker sayisi 70.000 idiyse. Frnsizlarin kayip sayisi nasil 75.000 olabilir ? Sanirim kullanilan kaynaklardan biri en az biri takribi sayiyi veriyor.,0,0.004146542865782976,0,tr
Aynen. kübada hiç bir dönem sosyalist inşa gerçekleşmemiştir. daima devlet kapitalizmi hüküm sürmüştür. stalinist hatta stalinizmin çürüğünden maoist bile değil bunlar178.233.187.223 ,0,0.07288617640733719,0,tr
Arama motorlarına bordo bulamacı diye yazıldığında başta Tarım Bakanlığı olmak üzere tüm zirai mücadele ile ilgili yazı ve sitelerde ibarenin Türkçe ye bu şekilde geçtiği görülebilir.,0,0.0007061760406941175,0,tr
"Heyula91 bence uygulanmalı, eğer bunlar aynı parti ise ve sadece isim değiştirdiyse böyle yapılmalı! Spor kulüplerinde de aynı şeyi yapmaktayız. Son 2 örnek var elimizde Ankaraspor u Osmanlıspor sayfasına taşıdık. Sadece İstabul BB sayfasını taşımadık. Çünkü orda kulüp kendi bünyesinden futbol branşını ayırdı. Diğer tüm şubeler hala İBB olarak devam etmekte. Selamlar ve iyi vikiler, Fenerli1978Buyrun beniiiim? ",0,0.0004606239090207964,0,tr
"Merhabe Ömer, İzberbaş maddesinin sağ üst köşesinde bulunan koordinatlarda eksiklik var. Bakarsanız sevinirim. Kolay gelsin... hmtktrk ileti ",0,0.0038938794750720263,0,tr
" 50x50px|left Bilgilenmeyle doğrudan ilgisi olmayan, ansiklopedik değer taşımayan içerikler    reklam    olarak algılanabilir. Vikipedi’de reklam yapmak yasaktır. Ticari olsun ya da olmasın, ısrarla bu tip maddeler/içerik eklemeye devam ederseniz, bu davranışınız    vandalizm    olarak algılanabilir ve    engellenebilirsiniz   . Lütfen bu tür içerik eklemeyiniz.    c3mâL    ",0,0.001191580668091774,0,tr
BİR:   Kategori:Kızılderili dili taslakları   sayfasına   Na-Dene dilleri   bağlantısını ekleyemedim; İKİ:   Kategori:Kızılderili dilleri   sayfasındaki   [+] Na-Dené dilleri (1)    göndermesindeki   é   harfini   e   olarak değiştiremedim; ÜÇ:   Bu kategori ile ilgili Vikipedi ana maddesi: Na-Dené dilleri    şablonundaki   é   harfini   e   olarak değiştirmek ya da açılan yeni sayfaya yönlendirme yapmak gerekir sanırım. Kaleminiz kırılmasın! Kmoksy ,0,0.0055835433304309845,0,tr
 Bence ilk baş harfin büyük devaminda gelen kelimelerin baş harflerinin küçük olması daha iyi olur. Örneğin    Özel görelilik   . Bunuda makale başlıkları için standart bir kriter yapmak lazım. Pinar ,0,0.0006726460414938629,0,tr
" merhaba, Vendée Globe sayfasını HS#M6 dan silmişsin, ancak bu işlemin doğru olduğunu düşünmüyorum. Tamam çok kısa bir madde, taslak sınırlarını zorluyor ama silinmesinin nedeni tanınmazlık kriteri olamaz. 1989 dan beri yapılan bu yarışma kayda değerlik kriterlerini karşılıyor bence. etiketlerde yazanı herzaman doğrudan uygulamadan kontrol etmek faydalı olur. kolay gelsin Mskyrider   ileti   ",0,0.0004002148925792426,0,tr
"Merhaba. Hebelübü Hübülüp 2, siz bildirim yaptıktan 1 day, 21:05:04 saat sonra Superyetkin tarafından engellendi. Engel açıklaması:#13-Uygunsuz kukla kullanımı Bildirimde bulunduğunuz için teşekkürler. KET Bot (mesaj) ",0,0.0019604091066867113,0,tr
"Merhaba Makedon, bahsigeçen resmin etiketini, Machiavelli nin ikazı üzerine PD-user dan PD-self e dönüştürdüm. Bilgine. Sevgiler. Metal Militia ",0,0.0019438861636444926,0,tr
"Evet ancak mahallelerde kullanırken eğer renk farkı uygulamazsak insanlar köyleri de mahalle sanabilir. Ve haritalarda seriyi bitirip arka arkaya yüklüyorum. Yani bölme olmadığı için seri bittikten sonra haber verebiliyorum. Bir sonraki ilçe olarak da Bakırköy ü düşünüyorum. Sizin bir ricanız olursa lütfen bildirmekten çekinmeyin.    18:23, 26 Ağustos 2010 (UTC+2)    Bakırköy olabilir evet. Onun dışında Adalar, Bahçelievler, Beşiktaş ve Zeytinburnu ilçelerinin tüm mahallelerinin maddeleri açılmış durumda. Onların haritaları oluşturulursa hemen maddelere ekleyebilirim. —   Stambouliote       ileti    ",0,0.0003556568699423224,0,tr
"Feat kısmını değiştiririm, haklısın. Diğer maddelerde gelişim, oynanış, konu ve tepkiler olarak 4 ana kısım bulunmakta. Oyunu hazırlayan 60 kişi varmış, sırf bunun için bile zar zor kaynak bulabildim ) Gelişimi için birkaç kaynak daha olsa, onlardan yararlansak fena olmayacak. Bir tek BBC nin yaptığı röportajı bulabildim maalesef ( Aslında orada video da vardı; ama İng. yetmedi ) Bu arada birkaç oyun buldum buna benzer, en:Midtown Maddness ve en:Guitar Hero IIRapsar  Feat için şimdiden ellerinize sağlık o zaman. O iki maddeyi inceleyeceğim, ama şimdilik biraz ayrılıyorum bilg. başından. O nedenle cevabım biraz gecikecektir, şimdiden kusuruma bakmayın. Bu arada madde incelemesine yeni yorumlar yazdım, bakabilirseniz sevinirim. Sevgiler, iyi çalışmalar   Merube 89        msj      ",0,0.000588910945225507,0,tr
"Hatam için özür dilerim. Bilgilendirmeniz ve uyarınız için teşekkürler. Bir daha yapmam, tekrar teşekkürler. İyi vikilemeler, sevgiler...    Berm@nya    ",0,0.002857465762645006,0,tr
" 45x45px|left Madde ile doğrudan ilgisi olmayan, ansiklopedik değer taşımayan dış bağlantılar    reklam    olarak algılanabilir. Lütfen Vikipedi maddelerine    ticarî amaca yönelik    bağlantılar eklemeyin. Vikipedi ayrıca, sahibi veya üyesi olduğunuz    blog, forum veya hayran sitelerini    tanıtabileceğiniz bir platform da değildir. Bu tür eklemeler yapmanız Vikipedi kurallarına aykırıdır. Detaylı bilgi için lütfen  Vikipedi ne değildir?  sayfalarına bakınız. Israrla bu tür dış bağlantılar eklemeniz halinde bu davranışınız    vandalizm    olarak algılanabilir ve    engellenebilirsiniz   . Teşekkürler, iyi çalışmalar.yabancım ",0,0.00034779991256073117,0,tr
"Merhaba BSRF, bir maddeye ekleyeceğim bilgiyle ilgili kaynak eklemem gerek ancak yazılı bir kaynak bulamadım. YouTube tan bir videoyu kaynak göstermek gibi bir şey söz konusu olabilir mi acaba? Görkem7 mesaj ",0,0.0004966931301169097,0,tr
"Ben, kendi sitemde büyük çaplı  İnyupikçe Bitki ve Hayvan Adları  üzerine yoğunlaşmıştım ve balıklara gelince işimi gücümü bırakıp vikiye yazı yazmaya başladım ve sanırım birkaç aydır sürüyor. Benim haklarımı viki korumalı, nasıl yapılır bilemiyorum, fakat bunun gibi durumlarda sert yaptırımlar uygulanmalı. Kmoksy (mesaj) ",0,0.001125203212723136,0,tr
sayın Homonihilis ben tire belediyesi webmasteri olarak eklediğim yazıları kabul etmiyorsunuz ve benim ip mide yasakladınız anlam veremiyorum oy benim amacım izmirin gizli cenneti Tire tanıtımına katkıda bulmak için uğraşıyorum ve aynı zamanda tireli öğrencilere ve tire dışında yaşayan insanların tarihini öğrenmeleri için yardım etmekti maksadım gönderdiğim yazılarda tire belediyesince bedava dağıtılan kitapta bulunun ve karşılığında telif hakkı istenmeyen bir kitapdan alıntılardır ayrıca bu gönderdiğim yazılar da adresinde yayınlanmaktadır... ,0,0.0025466138031333685,0,tr
"Ermeni Soykırımı nın şahitleri maddesinin silinmesiyle ilgili tartışmada    silinsin    diye oy kullandım. Hizmetli değilim, oy kullanma hakkım var mı bilmiyorum, hakkım yoksa    silinsin   i    yorum   a dönüştürür müsünüz? Sultan Galiyev (mesaj)  Oy kullanmak için hizmetli olmak gerekli değil! Ama buradaki 4. madde kriterlerinden en az 60 gün önce üye olma kriterini sağlayamadığınız için oyunuz yoruma dönüştürüldü. Selamlar ve iyi vikiler, Fenerli1978Buyrun beniiiim? ",0,0.00542439054697752,0,tr
9 maddeye daha dosya ekleyerek projenin hedefi olan 100 maddeyi tamamladım. Bu arada önemli değil 😊 Kullanıcı mesaj:Ali95Acar ,0,0.00046717346413061023,0,tr
O şablonları Sabri değil ben ekledim. Nedeni ise taslak kriterlerini karşılamaması değil telifli içerik barındırmasıydı-ki aynı zamanda taslak kriterlerini de karşılamamakta...Rapsar ,0,0.008027265779674053,0,tr
"Bu aralar haltere merak saldım. Halterciler için yapmıştım sadece. Öylesine yani:)JustForFun  Bu arada ülke ve doğum adı parametreleri gözükmüyor. Bende yaza kadar ufaktan şimdiden hazırlamaya başlıyım dedim maddeleri.JustForFun  İngilizce Vİkipedi de halterciler için özel bir şablon kullanılmıyormuş. Sporcu bilgi kutusu kullanılıyor onun yerine. Nedeni ise halterciyi diğer sporculardan ayıracak bir parametre bulunmaması bilgi kutusunda. Futbolcu, basketbolcu, beyzbolcu vs için bir ton parametre var farklı. Halterciler için düşününce yok gerçekten. Şablon:Sporcu bilgi kutusu nu kullanabilirsin istersen. Gerçi o şablonda da biraz yenileme yapmak lazım ama iş görür gibi. Alternatif sporlarla ilgili maddeler için de eline sağlık. Futbol ve basket dışındaki sporlarda eksiklerimiz var bolca.Rapsar da ne ki? ",0,0.0022057215683162212,0,tr
"Merhaba, öncelikle şunu belirtmeliyim ki; translatewiki çevirilerinin Wikimedia projelerinde yayınlanması translatewiki nin elinde olan bir şey değildir. Yapılan çeviriler genellikle bir kaç hafta içerisinde Wikimedia git e gönderilir. Fakat buradan Mediawiki projelerine yüklenmesi, Vakıf yetkililerinin sorumluluğundadır. Bu nedenle en kısa 2 hafta en fazla ise 1 ila 1,5 ay içerisinde yapılan düzenlemeler Wikimedia projelerinde aktif hale gelir. Eğer bu süreye takılmak istemiyorsanız ve hizmetli, bürokrat ya da teknisyenlik yetkiniz var ise yerel Vikipedi de, Türkçe Vikipedi de Özel:Tümİletiler sayfasında görülebileceği gibi MediaWiki ad alanından gerekli değişikliği yapabilirsiniz. Ana mesajlar dışındaki tüm mesajlar, yeni dil dosyası geldiğinde bir bot tarafından otomatik olarak silinir. Kolay gelsin. İnceleme Elemanı (mesaj)  Ha bi de Değişiklik sayılarına göre vikipedistlerin siralamasi sayfasi yapabilir misiniz?→→     Mehk63      Mesaj ",0,0.00027651991695165634,0,tr
"Bruno, Abdullah Öcalan maddesine yapıştırdığın alıntı, özellikle quote box u kullanarak yaptığın eklemelerin gereksiz vurgu ve empoze yarattığı düşünülmektedir. Lütfen VP:TBA yı unutmayın. Eğer Mustafa Kemal Atatürk maddesinin başlangıcına şunu eklendiğinde kaldırıyoruz değil mi ? Tekrar VP:TBA yı okuyup çok dikkatli davranman lazım. Takabeg ",0,0.0007683595758862793,0,tr
"Sayın , son zamandaki tepkinize anlam veremiyorum. Oysa birlikte çalışmaktan memnun olacağımı düşündüğüm kullanıcılardansınız. Konu genel bir konu, köy çeşmesine taşınmasında bir sakınca görmüyorum. Neden bu isteğimi benimle irtibata geçmeden geri alıyorsunuz? Para birimi tartışması da Tartışma:İspanya da sürüyordu ancak ilgi düşük ve başka kullanıcılar tarafından beslenmesi gerekiyordu alındı. Bırakın topluluk karar versin. Ufak tefek anlaşmazlıklar, şikayetler taşınıyor da tüm kategorileri etkileyen bir değişiklik niye taşınmıyor?  Sayın demenize lüzum yok öncelikle ) Sakınca görmeyebilirsiniz şahsi olarak, ama köy çeşmesinin kullanımı, amacı bu yönde değildir, buna da uymak zorundayız hepimiz. Geri alırken kimseyle irtibata geçme durumunda değiliz, değişiklik özetinde belirttim zaten geri alınma gerekçesini. Köy çeşmesinde bir konuya dikkat çekilir, tartışma biraz hareketlenince ilgili sayfanın tartışmasına (madde olur şablon olur kategori olur) taşınır, prosedürü budur bu işin.RapsarEfendim? ",0,0.0005382910603657365,0,tr
"Zazalar maddesinin tartışma bölümünde  Neribij  adlı kullanıcıyla fazla kişisel tartışmaya girmişsiniz. Bence fazla olayı kişiselleştirmeden ve suçlayıcı ifadelerde bulunmadan tartışma yapmakta fayda var. Bende bazen bunun ayarını kaçırabiliyorum, tartışmanın hararetiyle kendimize engel olamıyoruz. Biraz daha dikkat edersen iyi olacaktır. İyi çalışmalar...Muratero ",0,0.0005620532901957631,0,tr
"Kategori:Bozuk dış bağlantılar Robot gerçeklestirdigi bir kaç kontrolde asağıdaki dış bağlantının çalışmadığını tespit etti. Lütfen bağlantıyı siz de kontrol edip bozuksa siliniz ya da düzeltiniz. Düzelttikten sonra lütfen bu mesajı da başlığı ve kategorisi ile birlikte siliniz. http://www.kimyaevi.org/elementler/ In Brom on Wed Jun 21 22:36:48 2006, 403 Access Forbidden In Brom on Wed Jun 21 23:47:45 2006, 403 Access Forbidden In Brom on Wed Jun 28 13:49:18 2006, 403 Access Forbidden In Brom on Sun Jul 2 14:13:12 2006, 403 Access Forbidden Dbl2010bot ",0,0.0003932556719519198,0,tr
 Bu kitabın Türkçesi. Vakanüvislerin kaleme aldıkları değildir. Yine de istifade edilir. Hangi sayfadan aktardığınızı eklerseniz iyi olacaktır. Teşekkür ederim. İyi çalışmalar. Takabeg ,0,0.0009555115830153227,0,tr
"1953 de Midyat,Mardin, Türkiye da doğdu. Çocukken atletizm sporundan çok etkilendi.Dönemin önemli atletlerini gazete küpürlerinden keserek sakladı. Ama 5 yaşında geçirdiği önemli bir kaza sonrası göz damarlarında sorun yaşadı ve doktor olmak için çok çalışma kararı aldı. Atın tepmesi sonuçu sol gözünden defalarca ıoperasyonlar geçirdi ve nihayet doktor olduğunda geçirdiği son operasyonlar ile bundan kurtuldu. . 1971 yılında Ankara Aydınlık Evler Lisesi nden mezun oldu. Lisedeyken okul atletizm takımında ve bilim kulübünde çalışmalar yaptı.Atletizm dünyasının önemli simlerinden meslek seçiminde de ona yol gösteren İlker Çetin un yanında Sprinterlik ve dayanıklılık eğitimi almaya başladı. Amacı iyi bir atlet olmaktı. 1951 de   Hacettep Üniversitesi İngilizce Tıp Fakültesine   başladı. Bu yıllarda İngilizce eğitimini daha da geliştiriken Atletizmde ismini duyurmaya başladı. Aynı zamanda Tofaş Atletizm takımında koşmaya devam ediyordu. Milli takım yolu işte bu dönemde açıldı ve kendini Ümiversite takımı ve milli takıma kazandıracak çalışmaları sıklaştırdı. 1978 yılına kadar   Hacettepe Üniversitesi  forması ile koştu. Tofaş kulübünde aktif sporculuk yaptı. 1975 de Türkiye de koştu.   Üniversite Olimpik Oyunları  , onu dünyanın en iyi atletler arasına taşıdı. Türkiye rekorları da dahil pekçok başarıya imza attı ve Türkiye ye milli takım ile madalyalar getirdi. Aktif spor kariyerini 1982 yılında noktaladı ve Bilim insanı olarak görevini sürdürdü. Şu an Samsun un Çarşamba ilçesinde bir klinikte Ortapedi uzmanı olarak çalışıyor.",0,0.0001715021935524419,0,tr
İyi günler Kidz TV maddesinin programlar bölümündeki kısmı Kidz TV de yayınlanan programlar kısmından detaylıca anlatılmıştır. Ya bu iki madde birleştirilmeli ya da Kidz TV maddesindeki program bölümündeki kısmı sadece ikinci maddeye bağlantı verilecek şekilde düzenlenmelidir. 212.83.165.203 ,0,0.00035955372732132673,0,tr
"Öncelikle devriyelik hayırlı olsun. Tüm maddeleri Ulaş, Arhavi gibi düzenlemene çok sevindim. Yavaş yavaş elbirliğiyle şu köy maddelerinin hakkından geleceğiz. Fallingrain de bulamadığın bir köyün eski ve yeni adlarını google da köyün adını ve bağlı olduğu ilçenin yanında fallingrain yazarak aratıp bulabilirsin. Öbür türlü bulmak zaman kaybettirebiliyor. Kolay gelsin ",0,0.0005055480869486928,0,tr
"  Siz kendinizi ne sanıyorsunuz.Burası bingonun ahırı değil.Elimiz yetişmiyor diye iyice akılsızca yazı yazıyorsunuz.TKP makalesine ne hakla saçma yazıyorsunuz.O makalenin bir kısmınıda ben yazdım ve ben bir sosyalisttim.Ama yenede tarafsız ve gerçek yazıdım eğer bir yerde tarafsılık varsa o da sizinkiler.Sizi gidi ülkücüler saçma sapan bir makale okumak istiyorsan MHP araaaaaaaaa   Ne güzelmiş de, hiç bir şey anlamadım. Ne MHP si ne TKP si ne ahırı... ben ses sistemleri dışında hiçbir şey yazmam... Esas sizin kendinize gelmeniz lazım... hakan cezayirli ",1,0.6211915612220764,1,tr
"Bu demek oluyor ki parti gerçekten kapanmışve yeniden kurulmuş. Benim şahsi fikrim bu iki partinin farklı maddelerde ele alınması ve eski partiden küçükte olsa bahsedilmesi gerekmektedir. İşte girişten hemen sonra parti kapatıldı 1 hafta sonra tekrardan kuruldu gibi. Selamlar ve iyi vikiler, Fenerli1978Buyrun beniiiim? ",0,0.0011118969414383173,0,tr
" 50px 75px|right|Gülücük Herkesin katkıda bulunabildiği    özgür ansiklopedi Vikipedi    ye hoşgeldiniz !    Merhaba   . Yerleşim yeri maddesine katkınız için    teşekkürler   . Yerleşim yerlerine ait maddelere sıklıkla o yöreli kullanıcılar tarafından katkı yapılmaktadır. Ancak    çoğu zaman    düzenin devamını ve ansiklopedik özelliklerin korunmasını sağlayan    bazı kurallar gözardı edilmektedir   . Katkı yapmaya devam edecekseniz lütfen    genel biçem kurallarına ve aşağıdaki önerilere uyunuz.    Bilgi için    Yardım    sayfasına bakabilirsiniz. Örnek almak isterseniz    Ayvalık    ve    Kumçelteği    maddeleri size yol gösterecektir. Ansiklopedik dil kullanınız. Örneğin,    köyüm   ,    köyümüz   ,    beldem   ,    beldemiz    veya    ilçemiz    yerine    köy   ,    belde    veya    ilçe    demelisiniz. Altyapı ile ilgili    şikayetlerinizi burada dile getirmeyiniz   . Ancak    mevcut durumu ifade ediniz   . Yerel yöneticileri    öven    veya    yeren    ifadeler kullanmayınız. Kişilerin isim ve soyisimlerinin    sadece ilk harfini    büyük harfle yazınız. Mevcut alt başlıkları ve geçmiş katkıları    bozmamaya    özen gösteriniz.    Katkılarınızı büyük harfle yapmayınız   . Büyük harfleri sadece Türkçe kuralları dahilinde kullanınız. Maddeye başka kaynaklardan    kopyalanan bilgileri yapıştırmayınız   . Katkıları kendi cümlelerinizle yapınız. Bu konuda VP:Telif sayfasına bakabilirsiniz.    Kendi isminizi    veya yörede tanınmış olan ancak    ansiklopedik olmayan kişilerin isimlerini maddeye eklemeyiniz   . Nasıl ve nerelere bağlantı verileceğini bilmediğiniz durumlarda bağlantı vermekten kaçınınız; [[ ve {{ işaretlerini kullanmayınız. -    Vito Genovese    ",0,0.0003348989994265139,0,tr
 O zaman ismi Ermeni Kırımı iddiaları olarak değiştirilmesi için çabalayın. Soykırım tarafsızlık politikasına aykırı.    Kür Şad      mesaj    ,0,0.009753636084496975,0,tr
"Sanırım GSR de bir sorun çıkmış. Burada kullanılan fotoğraf bizde seçkin değil. Bizde seçkin olan versiyonu şu. Birde daha önceden iki kez kullanılmış., . Teşekkürler.Reality ",0,0.0004010573902633041,0,tr
"Bence Che ve Simon Bolivar isimlerinin sakıncası yok, çünkü proje sayfasında belirtilen,   tanınmış ve yaşayan   kriterine uymuyor. Ayrıca kullanıcılar bu isimleri aşağılamak veya yermek için almamışlar, tersi bir durum söz konusu. Ateist için ise konu biraz yoruma açık, ama sonuçta o da kimseyi tahrik ya da taciz etmiyor, ben kötü niyet içerdiğini düşünmüyorum . Ama IP adresine benzeyen kullanıcı adı proje sayfasında da belirtildiği üzere kesinlikle uygunsuz.Syg. ",0,0.00130179594270885,0,tr
"Merhaba Uğurkent; Vikisöz de web kaynağı şablonuna otomatik tarih ekleyen şablon koydum ancak ref etiketi ekleyince sorun çıkıyor. Düzeltebilir misin?      Turgut46      ✉  Turgut46, Çok uzun zamandan beri Vikisöz de değildim. İlgilenmeye çalışırım. Uğurkentmesaj  Turgut46, şimdi sorun çıkıyor mu? Uğurkentmesaj  Çıkıyor.      Turgut46      ✉ ",0,0.0004260786809027195,0,tr
Merhaba Gökhan bey Kukark soykırımı maddesini sözde Ermeni soykırımı maddelerine karşı Azerilere işlenen zulmü belgelediği içinmi sildiğinizi öğrenebilirmiyim ? Wikipedinin tarafsızlık anlayışından endişe duyduğumuda belirtmek isterim!. İyi akşamlar. Exte00 ileti ,0,0.012893572449684143,0,tr
"İmzayı sonradan fark ettim iyi ki tesadüfen görmüşsün )  Manya Ekberi  3 (yazı ile  üç ) sonuç veriyor google aramasında,  Mania Akbari  ise 71.700 sonuç. Akademik google aramasında  Mania Akbari  79 sonuç,  Manya Ekberi  0 (sıfır) sonuç veriyor. Google books  Mania Akbari  445 sonuç,  Manya Ekberi  0 (sıfır). Sanırım Türkçe deki yerleşmiş istisnalara giriyor. )    Pragdon      mesaj    ",0,0.0004204407159704715,0,tr
"Argo kelimlerin yada resmi olamayan jargonlarin aciklanmasi kullanimi. Argo kelimeler de kelime açıklayan makaleler gibi bir kategori altında toplanabilir diye düşünüyorum. Birde aklımda şu var. Biz buraya koyulmasını istemediğimiz kelimeler olacağını söylesekte, şu anda değil ama emin olun ileride bununla baş edilemeyebilir. Bunu söylememin nedeni sanırım farkındasınızdır, artık Google da çoğu aranan kelimelerde türkçe vikipedia neredeyse ilk sıralarda çıkıyor. Tabi bu belki uzun bir gelecek söylemi ama düşünmeden de geçilebiceğini sanmıyorum. Elbette topluluk fikrine sahip çıkma duygusu gereği kim daha fazla aynı ya da yakın şeyleri söylerse onu uygulayacağız. Fikrim konulmasından ve bir kategori altında toplanılmasından yana. İncelemeelemani mesaj ",0,0.0008885115385055542,0,tr
"   Türkmen ↔ Yörük    Tapu Tahrir Defterlerinde Menteşe’deki Yörüklerden bahsederken diğer birçok yerde olduğu gibi   cemaat, Yörük, konar-göçer, Türkmen   ve   tir   gibi ifadeler kullanılmıştır. Bunlar arasında kısmen belirli farklar söz konusudur. Fakat çoğu zaman aynı anlamda kullanıldıkları için bu farklılıkları ortaya koymak ise oldukça güç olmaktadır. < 1522–1532 Tarihlerinde Menteşe Bölgesi Yörükleri karacaahmet.com/makaleler/kizilbaslik-ve-turkmenler-.htm Kızılbaşlık ve Türkmenler (  Reklam filtresine takılıyor  ) Ankara Yörükleri (1463, 1523/30 ve 1571 Tahrirlerine Göre)",0,0.0005440312088467181,0,tr
"bu madde Tekirdağ şehri ile ilgilidir, bütün bilgiler de bu doğrultuda zaten. Süleymanpaşa ilçesi için ayrı madde açılmalı. Yok efendim büyükşehir oldu, merkez ilçe vs derseniz; İstanbul, Samsun maddelerini de kaldırın o zaman. kısaca  Bu sayfa Tekirdağ ilinin merkezini anlatmaktadır.  Ardinolu (mesaj) ",0,0.0003877081617247313,0,tr
Knight Online World de Çok Büyük Ün Yapmış ve Çok Sağlam bir karakter ismidir ... Gerçek Kullanıcısı Mert Küpeli dir. Şuanda Pathos da Başka bir Nickle Devam Etmektedir ... Knight Online World Aleenia,0,0.0031274862121790648,0,tr
Daha önce incelediğim Sakarya iline bağlı birköyün sayfasını inceleyerek bu maddeyi oluşturmaya çalıştım. Köyle ilgili bilgileri topladıkça ekleyebilirim. Ancak aynı sayfa yapısına ulaşamadım. Katkıda bulunacak arkadaşlara şimdiden teşekkürler.,0,0.00034330555354245007,0,tr
" 50x50px|left Bilgilenmeyle doğrudan ilgisi olmayan, ansiklopedik değer taşımayan içerikler    reklam    olarak algılanabilir. Kendinize veya gruplarınıza ait blog ve/veya forum sitelerine yönlendirici bağlantılar eklemeyin, Vikipedi; şirket, kurum ve kuruluşlarınızı ya da web sitenizi tanıtma yeri değil,    bir ansiklopedidir.    Vikipedi’de reklam yapmak yasaktır. Ticari olsun ya da olmasın, bu tip maddeler/içerik eklemeye devam etmenize izin verilemez ve bu davranışınız    vandalizm    olarak algılanabilir. Lütfen bu tür içerik eklemeyiniz. - Sakhalinio (mesaj - e-posta) 20.45, 5 Eylül 2019 (UTC)",0,0.0005479543469846249,0,tr
"merhaba, Gijón maddesini onaylayabilir misin acaba?  Onaylandı. İyi günler.Rapsar da ne ki? ",0,0.11340460926294327,0,tr
"Selam Merube. Şimdiye kadar gördüğüm en nazik, en kibar kullanıcıydın, hatta belki de -burada tanıyabildiğim kadarıyla elbet- tanıdığım en nazik insanlar arasındaydın. Ne oldu son bir kaç günde? Canın bir şeye mi sıkıldı? Birkaç lafa sinirlenip Vikipediye katkı yapmayı mı bırakacaksın?Rapsarbi diyeceğin mi vardı?  Merhaba rapsar. Nazik sözleriniz ve tanımlamalarınız için çok teşekkür ederim. Mesnetsiz iddialara maruz kalıp iftiraya uğrayan biri olarak böyle bir ortamda katkı yapmayı sorguluyorum. Şimdi de sadece bir haksızlığı farkettiğim için vikideyim. En azından uzunca bir süre daha buralarda olmayı düşünmüyorum. Kullanıcıları karalamak, zan altında bırakmak bu kadar kolayken de, vikiye neden döneyim ki diye de sormadan edemiyorum kendime. Tekrar çok teşekkür ederim. Sevgi ve saygılarımla    Merube 89        msj      ",0,0.03640125319361687,0,tr
"Maddeye küçük bir ekleme yaptım.Şimdi nasıl?Bu arada İtalyanca daki gibi kordinaat eklemek istiyorum.Nasıl yapabilirim?Drlp  Merhaba Drlp, üç kelimeden oluşan taslak bir madde olarak kalabilir. Koordinatları Türkçe vikipedi şablonu kullanarak ekledim. (Bu şablonu örnek alıp her zaman kullanabilirsiniz) Rakamları İtalyancadan aldım, doğru gösteriyor sanırım, tıklayıp inceleyebilirsiniz...Kolay gelsin, hoşcakalın...Vikiçizer ",0,0.03063604235649109,0,tr
Merhaba. Rica etsem Vikipedi:Hizmetlilik başvurusu/Sebastian James şu sayfada görüşünüzü ve düşüncelerinizi paylaşır mısınız? Sebastian James -Rettelo- (mesaj) ,0,0.0004986912827007473,0,tr
siz böyle bir kızı rüyanızda bile göremezsiniz koduğumun ezikleri sizi. siz ancak bize özenip abiye felan giyin otoban kaşlı kız ve erkek arkadaşlarınıza sarılın )78.165.162.108 ,1,0.9724029302597046,1,tr
"Öyle düşünmeyin, ben başından beri içerisindeyim ve tartışmalardan pek çok şey öğrendim, size de katılmanızı öneririm ) Ahmet Turhan (mesaj) 09.33, 10 Mart 2018 (UTC)",0,0.0006025436450727284,0,tr
"Merhaba, 1 aydan fazladir sahsin kayda deger olmadigi iddiasi mevcut, yorum yapmak isterseniz buraya buyrun. Cok tesekkurler Anton.aldemir (mesaj) ",0,0.0009477341664023697,0,tr
"Maddelerde değişiklik yaparken, lütfen    tarafsız bir bakış açısıyla    ve ansiklopedik bir dilde yazmaya özen gösterin. Maddelere imza atmayınız, maddelerde reklam yapmayınız, e-posta ve telefon numarası gibi özel bilgilerinizi paylaşmayınız. Kendinizi tanıtabilmek için kullanıcı sayfanızda    Babil    şablonlarını kullanabilirsiniz. Kullanıcılarla mesajlaşırken lütfen nezaket kurallarını unutmayın, herkesin aynen sizin gibi Vikipediyi geliştirmek amacıyla katkıda bulunduğunu ve iyi niyetli olduğunu varsayın.    Beş temel taş   ,    imza kullanımı   ,    Cesur ol   ,    Engelleme politikası   ,    oy kullanımı    politika ve yönergelerini mutlaka okuyun. Aynı kişiye ait birden fazla hesabın ya da farklı kişilere ait olsa bile birden fazla hesabın tartışmalarda avantaj sağlamak amacıyla birlikte hareket etmesinin    Kuklacılık    olarak değerlendirileceğini ve bunun yasak olduğunu unutmayın. Politika ve yönergeleri okuduysanız, değişiklik yapmayı ve Vikipedide neler yapabileceğinizi artık biliyorsanız    cesur olun    ve değişiklik yapmaya başlayın!...    Haydi kolay gelsin!    Kumul ",0,0.000832295510917902,0,tr
"Merhaba, bu notu içerikte değiştirilmesi gereken bir cümle görerek mi koydunuz, yoksa su testisi su yolunda kırılır, kızını dövmeyen dizini döver proactifliğiyle mi? Sizden gelecek bilgiye göre sayfayı değiştireceğim.Ebru Barok ",0,0.29342374205589294,0,tr
"Merhaba, Leyla Zana maddesini belirli bir bakış açısına göre değiştirmeye çalışmaktasınız. Eğer bu mesajı yanlışlıkla almışsanız özür dileriz, fakat değilse, bir maddeyi kendi fikirlerinize göre yönlendirmeye çalışmamanızı, fikirlerinizi ilgili maddenin tartışma sayfasında belirtmenizi dileriz. Teşekkürler. i.e.msj ",0,0.00042702938662841916,0,tr
"Selamrlar bir an irc gele bilersiniz , sizin yardimza ehticim var . gelmek icin burnai tiklayin resim:Face-angel.svg   Mardetanha    Mesaj ",0,0.01206390280276537,0,tr
Selam. Nasılsınız? Anime sevdiğinizi gördüm. Japoncanız varmış. Benim de. Hatta Anime otakuyum. Yardımcı olablirim. İyi çalışmalar. Takabeg ,0,0.0013816548744216561,0,tr
"Merhabalar, KMA tartışmasındaki oyumun üstünü çizdim. İlgili sorunu düzelttiğiniz ve bildirdiğiniz için teşekkür eder, iyi çalışmalar dilerim... - -    nou   menon    ʘ    mesaj ",0,0.00040696203359402716,0,tr
Bu başlik Karadeniz Denizi ni mi yoksa Karadeniz bolgesini mi iceriyor? Bu sorun icin baslikta bir degisiklik yapsak daha iyi olmaz mi? ,0,0.007302532438188791,0,tr
"Bagrationi Gürcü, Pakraduni ise Ermeni hanedanı olarak ayrılıyor genel olarak. Araşarına köken bakımından bağlantı olup olamadığı konusunda görüş ayrılığı var imiş. Dilerseniz İngilizcedeki maddeyi okuyabilirsiniz. esc2003 (mesaj) ",0,0.00038295486592687666,0,tr
Ahmet Kara (güreşçi) maddesi varmis ama bu zat Kara Ahmed degil mi ? Takabeg  Bilmem ki? ) Resmin üzerinde Kara Ahmed yazıyor. Ahmet Kara belki sonradan soyadı olarak verilmiştir? Ancak yine de dediğin akla daha uygun.RapsarEfendim? ,0,0.0014842608943581581,0,tr
filmleri istiyorum ve sinemalar dizi seyret bölümleri istiyorum ben işitme engelliler gerçek Allah razı olsun ama Allah emanet ol lüfen yardım olsun istiyorum imza,0,0.022662054747343063,0,tr
"Kafama sağlık xD Şöyle ki, mezheplerin neler olduğunu bilmiyorum, tek bildiğim aşkenaz (o da sadece adı). Sen sinagog maddelerine bilgin varsa mezheplere göre kategori ekleyebilir misin? İstanbul daki xxx sinagogları > İstanbul daki sinagoglar şeklinde... Topu sana atmış gibi oldum böyle biraz ama gerçekten bilgim yok D —   Stambouliote       ileti     Aradiginiz kullaniciya ulasilamiyor P okey ben el atarim. ama  istanbuldaki askenaz sinagoglari  gibi bolmicem. o zaman her sehir icin bolmek gerekr boyle. onun yerine ornegin İstanbul Aşkenaz Sinagogu icin sen zaten Kategori:Beyoğlu, İstanbul daki sinagoglar eklemissin; bunun yanina bir de Kategori:Aşkenaz Sinagogları eklicem. Senin dedigin gibi  Istanbul daki Askenaz Sinagoglari  kategorisi yaratirsam, her sehir icin (80 kusur sehir) x (Askenaz, Sefarad, Italyan, Romanyot, Karay vs) inanilmaz derecede kategori yaratilmasi gerekecek. ",0,0.013954628258943558,0,tr
Aslında kayan kaynakçada ne gibi sorunlar vardı? Neden silindi? Oysaki bana göre çok iyi durmaktaydı. İyi vikiler.   Finlandiyalı   Илети ,0,0.09231404215097427,0,tr
"Merhaba, size bir sorum var: siz gay misiniz? Eğer öyleyse... çak bir beşlik ! Raning-friciz-rulcall me, I m yours 20px ",1,0.9286290407180786,1,tr
 45x45px|left Maddelere ilgisiz ya da seri halde (spam) dış bağlantılar eklemek vandalizm olarak değerlendirilir. Vikipedi yi reklam aracı olarak kullanmaya devam etmeniz halinde Vikipedi de değişiklik yapmanız    engellenecektir   . - Muratsahin ,0,0.0004558945947792381,0,tr
"Selamlar,haklısınız tartışmalı.Onun yerine bekletmeli sil şablonu kullandım.Bu arada vikiprojelerin sas adayı gösterilmesi yanlış değil midir?   Âkhilleus       mesaj     Yanlış veya doğru demeyelim. En azından belirtilen gerekçeyle vikiprojeler silinemez. Zaten bu sebeple bir oy kullanmak yerine yorumda bulundum. Bu tartışmanun  inactive  şablonunun aktarılması konusunda yardımcı olacağını düşünüyorum yani yararsız bir tartışma olmayacaktır. Saygılar.   Mach   iavelli msj ",0,0.0012904253089800477,0,tr
"Merhaba, Sizin sildiğiniz şey iyi bir kaynak var. Basit bir şekil (Türkçe ana dilim değil) anlatabılımısınız problem ne var şu cümlede? Saygılar Jzlcdh (mesaj)",0,0.0010201528202742338,0,tr
"Sayfanın geçmişini kontrol etmediğim için kişiyi tespit etmedim, maddeden bazı kaynakları çıkaranlar var. William Leonard Langer ın   A survey of European civilization   adlı eseri çıkarılmış.   Gökçє Yörük     Şu kullanıcı çıkarmış. Burada görülebilir. Teşekkürler.   Gökçє Yörük    ",0,0.000299078383250162,0,tr
Selam şöyle bir sataşma gördüm yanıtlamadan duramadım: Son derece güzel.Kızılderili Çadırlarına benziyor.Manco Western filimlerinin etkisiyle Kızılderili düşmanı olmayasın sakın? ) Yürekli  Bak bu hiç aklıma gelmemişti. Gerçi ben hep kızılderilileri tutardım ama. Hatta annemden bana kızılderili şapkası yapmasını bile istemiştim ve o zmanlar oturduğumuz evin altında bulunan kümesten hindi ve tavuk tüylerini toplamıştım. Bundan 30 sene falan önceydi. ) Manco Capac ,0,0.0039078365080058575,0,tr
"N.K.K.V.H.A.S bir türk gençlik düşüncesidir.Açılımı NE KADAR KÜRT VARSA HEPSİNİN ANASINI SİKEYİM demektir.Yeryüzünde suan 20-25 milyon kürt vardır.Ve türk gençliği böyle bir ırkı ülkesinde istemiyor.Aslında hiçbir ülke bu ırkı istemiyor.Çünkü en iyi kürt ölü kürttür.Bu insanlar hayatları boyunca azınlık kalacaktır.Çünkü bunlar kanı bozuk bir ırktır. Türkiyemizde eğer bir türk delikanlısı kız arkadasıyla kendi mahallesinde dahi rahat yürüyemiyorsa,elindeki malını mülkünü dısarda çıkaramıyorsa,bası belaya giriyorsa bunun sebebi bu kanı bozuk ırktır.O yüzden bunların ölüsünü,dirisini hergün birisini birgün hepsini sikiceğiz.Ve bu topraklardan göndericeğiz. EN İYİ KÜRT ÖLÜ KÜRT YAZAN:TOLGA HEPSÜMER",1,0.9270822405815125,1,tr
"Ben termodinamikten anlamıyorum ama Bu nedenledir ki, ısı akışı sıcak cisimden soğuk cisime doğru gerçekleşir. ifadesi ile Soğuk bir cisimden sıcak bir cisme ısı akışı dışında bir etkisi olmayan bir işlem elde etmek imkansızdır. ifadesi birbiri ile çelişmiyor mu ?",0,0.0007030850974842906,0,tr
"Hemen Rusmeniya sayfasını sil, lütfen. Runningfridgesrule  Merhabalar, Kullanıcı:Kibele halletmiş gördüğüm kadarıyla. M. M. ",0,0.0028033587150275707,0,tr
Vikipedi:Seçkin madde incelemesi/Tank sayfası için maddenin gelişimine göre değerlendirmenizi tekrar yapabilir misiniz. İyi çalışmalar. (Bu mesaj sayfada yorum yapan bütün kullanıcılara atılmıştır)    Mach   iavelli msj ,0,0.0005490470211952925,0,tr
"içerik olarak eklediğim yazı ve görsel telif hakkı ihlali sebebiyle kabül edilmedi,telif hakkı olmayan genel bilgiler ve kendi çektiğim resim bulunmaktadır, lütfen yazıyı tekrar incelermisiniz. teşekkürler. İçeriğe başka birçok sitede rastlanıyor. Bu demektir ki, telif ihlali söz konusu. Tekrar etmeyeceğinizi umuyorum. İyi çalışmalar.. Théoden ileti",0,0.0003211884177289903,0,tr
" Merhaba sayın Eğitmen Mahmut, Pir Sultan Abdal maddesine, Pir Sultan ın şuradaki resmini eklemek istiyorum commonsa, fakat telif hakkı ihlali olacak, bana yardımcı olur musunuz? Teşekkürler... J.M.P Jumpeax   ye yaz   Merhaba sayın Jumpeax. Bahsettiğiniz sitenin telif konusunda yaptığı açıklama oldukça açık ŞURADA. O yüzden bu tür yerlerden hiç bir şey alamıyoruz. Zaten bu konudaki politikamız oldukça açık. Bilgilerinize, hayırlı çalışmalar...   Eğitmen        mahmut    msj   ",0,0.0003760927065741271,0,tr
" Slm. Tebrikler madde SM seçilmiş, hayırlı olsun hepimize ) Maddede kullanılan harita yerine Google Earth teki görüntüsünü yükleyebilmen mümkün mü acaba?Rapsar  Selam. Teşekkürler, darısı diğer köylerin başına, keşke her köy maddesi böyle olsa ) Maddenin altyapı bölümünden bulunan haritayı kast ediyorsun sanırım. Aslında zamanında uydu görüntüsünü eklemiştim; fakat yanlış adil kullanım etiketi gerekçesiyle silindi. Bu kez etiket kullanmadan, sebebi düz yazı şeklinde yazarak eklerim. Bu arada, maddedeki kullanılmayan parametreleri temizlediğin için teşekkürler. 82 ~145 ileti  Rica ederim. Devam edeceğim aslında temizlik işlemlerine. Çünkü bunlar maddenin boyutunu yükseltip, geç görüntülenmesine sebep oluyorlar. Bir de kaynaklardaki dil kısımlarında Türkçe yi belirtmesen daha uygun olur sanırım. Zaten Türkçe Vikideyiz )Rapsar ",0,0.00043360915151424706,0,tr
"Lütfen Yeniyer, Yığılca maddesine yaptığınız gibi ansiklopedik önemi olmayan yazılar yazmayınız. Aşağıdaki mesajdan bilgi alabilirsiniz. İyi çalışmalar. M. Yalçın Yalhı ",0,0.0008012200705707073,0,tr
"ddenkel, Halit Çelenk sayfasını -epey uğraşarak- oluşturdum. Ancak, sayfa ilk açıldığında soyadının başharfi küçük (Ç-ç) çıkıyor. Bunu nasıl değiştirebilirim? İlgine teşekkürler.",0,0.0008612009696662426,0,tr
Selam Kibele Şurada Vito Genovese nin yanında  Genovese haklar  ve  Genovese isim değişikleri  diye bir şey gördüm. Bir hata mı yoksa başka bir şeyi mi ifade ediyor    Zaitsév     selam şu değişiklikten sonra bozulmuş. uğurkent e haber verebilirseniz iyi olur.    kibele     Güncellemeden sonra bir şey olmuş. İlgilenirsen sevinirim    Zaitsév    ,0,0.00035367420059628785,0,tr
Merhabalar. Kuran maddesindeki değişiklikleri geri almak durumunda kaldım. Bu yazılanların tamamının uygunsuz olduğu anlamına gelmez ancak o kadar çok değişiklik yapılmış ki düzeltmek mümkün olmadığı için Takabeg sürümüne geri döndürdüm. Maddede yapılan değişiklikler taraflı ve sadece İslami bakış açısıyla yapılıyor. Ancak dilbilimle ilgili değişikliklerin eklenmesi uygun olur. İyi çalışmalar. Abuk SABUK ,0,0.03821106627583504,0,tr
" 75px|left    SON UYARI    !    Bu size yapılan son uyarıdır.    Vikipedi sayfalarına zarar vermeye devam etmeniz halinde    engelleneceksiniz   . Engellenmek istemiyorsanız, başkalarının emeğine zarar veren bu tutumunuzdan vazgeçin. Jimqode ",0,0.002700861543416977,0,tr
Selamlar. Tablo güzel fakat Vikipedi için abartılı olmuş. Üst kısımdaki ödüller altbaşlığındaki gibi sade bir tablo genelde kabul gören biçim. Ayrıca şablon olarak değerlendirirsek de Muhteşem Yüzyıl logosunun tablo içerisinde kullanılması yasak Vikipedi kurallarınca. Ricana gelirse maddenin zamanlarında ilgileniyordum ama şimdi vandalların değişikliklerini düzeltmek için takip ettiğim maddeler arasında duruyor sadece. Maalesef yardımcı olamayacağım sana bu konuda. cobija₰ ,0,0.00031492995913140476,0,tr
"Maddelerde değişiklik yaparken, lütfen    tarafsız bakış açısıyla    ve ansiklopedik bir dilde yazmaya özen gösterin. Maddelere imza atmayınız, maddelerde reklam yapmayınız, e-posta ve telefon numarası gibi özel bilgilerinizi paylaşmayınız. Kendinizi tanıtabilmek için kullanıcı sayfanızda    Babil    şablonlarını kullanabilirsiniz. Kullanıcılarla mesajlaşırken lütfen nezaket kurallarını unutmayın, herkesin aynen sizin gibi Vikipediyi geliştirmek amacıyla katkıda bulunduğunu ve iyi niyetli olduğunu varsayın.    Beş temel taş   ,    imza kullanımı   ,    Cesur ol   ,    Engelleme politikası   ,    oy kullanımı    politika ve yönergelerini mutlaka okuyun. Aynı kişiye ait birden fazla hesabın ya da farklı kişilere ait olsa bile birden fazla hesabın tartışmalarda avantaj sağlamak amacıyla birlikte hareket etmesinin    Kuklacılık    olarak değerlendirileceğini ve bunun yasak olduğunu unutmayın. Politika ve yönergeleri okuduysanız, değişiklik yapmayı ve Vikipedide neler yapabileceğinizi artık biliyorsanız    cesur olun    ve değişiklik yapmaya başlayın!...    Haydi kolay gelsin!    Kumul  50px|left    Lütfen maddelerin içeriklerine yorum eklemeyiniz.    Vikipedi nin blog, forum vb. bir site değil, bir ansiklopedi olduğunu unutmadan ve özellikle tarafsız bir yaklaşımla, ansiklopedik içerikli değişiklikler yapabilirsiniz. Teşekkürler, iyi çalışmalar. - Kumul ",0,0.0004323711327742785,0,tr
"25px|alt=Bilgilendirme simgesi Merhaba, ben . Bilmeni isterim ki dan birini ya da birkaçını geri aldım. Çünkü yapıcı değişiklikler değillerdi. Eğer deneme yapmak istiyorsan, lütfen Deneme tahtasını kullan. Eğer hatalı olduğumu düşünüyorsan veya sormak istediğin bir soru varsa aracılığıyla benimle iletişime geçebilirsin. Teşekkürler! Ryan O Reily (mesaj) ",0,0.0006296448409557343,0,tr
"  Vikipedist ısrarla Türkçe üzerinden örnekler veriyor.   demişsiniz önyargılı olarak ve anlaşılan maddeyi dikktatli okumamışsınız. Birrkaç örnek vereyim (aşağıdaki cümleler sayfadan alıntıdır): Örneğin Macarcadaki Bodza (Boḑa: Mürver Meyvesi). Ses olarak Boşnakça da, Macarcada ve Bulgarcada yer alır. Kazakça Қасқыр (Ⱪasⱪır: Kurt), Қой (Ⱪoy: Koyun) Gagavuzcadaki Soţial şeklinde yazılan (Sosyal,  Sotsyal  gibi okunur) Başkurtça daki Ҡалын (Kalın) sözcüğünün çevirisi Ⱪalın olarak yapılır Örneğin: Moğolcadaki Ţag sözcüğü (Çağ, “Tsag” okunur), Ţeţeg (Çiçek, “Tsetseg” gibi okunur).",0,0.00039145583286881447,0,tr
"Konuyla ilgili mevcut pek çok rapor ve araştırma elbette ki yapılmakta ve yayınlanmakta. Tüm araştırmaların sonucunda kanıtlanmış bir zararı henüz tespit edilmemiştir denilmekte; bu aynı zamanda zararı olmadığı ve olmayacağı anlamına gelmemektedir. Bilim çevreleri, somut bulgular için gerekli maruziyet süresinin tamamlanmadığını ifade etmekteler. Mikrodalga ile baz istasyonu ilişkilendirilemez ama baz istasyonunun oluşturduğu şeyin elektromanyetik radyasyon olduğu bir gerçektir. Bilim insanları dahi açıklamalarında hatalı tabirler kullanabilmekte veya konunun uzmanı olmayan kişilerin beyanlarının, haber forumları aracılığıyla sıkça internette yer bulması da araştırma yapan insanları tereddütte bırakmaktadır. Bazsikayetcom (mesaj) ",0,0.00029815142625011504,0,tr
 Selamlar. Sizinle özel bir konu hakkında konuşmak istiyorum. Daha önce konuşmuştuk. IRC e gelebilmeniz mümküm mü?    GökçeYörük    ,0,0.0011329508852213621,0,tr
"75px|center|   Merhaba Âkhilleus, aday gösterdiğiniz resim, seçkin resim statüsü alamadı.       :Dosya:Tennis Racket and Balls.jpg   , Vikipedi:Seçkin resim adayları sayfasında aday gösterildi, ancak yeterli desteği toplayamadığı için seçkin resim seçilemedi. Resminizin seçilememesiyle ilgili detayları buradan görebilirsiniz. Başka bir resmi aday göstermek isterseniz, Vikipedi:Seçkin resim adayları sayfasındaki yönergeleri takip edebilirsiniz. Katip-bot  Davet için teşekkürler. Birazdan ekleyeceğim adımı oraya. LYS de iyiydi, iyi diyelim iyi olsun ) Mimarlık mı, inşallah. Bakacağız, göreceğiz ) Sorduğun için sağol...Rapsar ",0,0.0015600015176460147,0,tr
"   Diaspora, fiziksel olarak var olmasa bile, anavatanına bağlılık gösteren, yaşadığı toplumun dini, dili, ırkı ne olursa olsun kendi içinde kapanık olan azınlıklara verilen isimdir.  ",0,0.0023388804402202368,0,tr
Bu maddeyi geliştirmeyi düşünüyorsanız lütfen en üste şablonunu ekleyiniz. Yoksa bu haliyle M1 nedeniyle silinecektir. Bilginize. M. M. ,0,0.0007952937157824636,0,tr
"Merhaba, John Ford maddesine eklediğiniz sesli filmler filmografisini John Ford filmografisi maddesine aktardım. Beni işin yarısından kurtardınız:) Teşekkürler...Hoşcakalın...Vikipedist ",0,0.0011361241340637207,0,tr
"Haklısınız,  yeni oyuncu  sözleri şaşırtıyor, bilgiyi Sinema Türk ten aldım, Ank. film fes. sitesinde de geçmişe yönelik bir şey bulamadım. Bu durumda bilgiyi kabullenmek kalıyor. Övgüleriniz için çok teşekkürler. Bugünlerde biraz işim oluyor, pek ilgilenemiyorum. Ayrıca yine açtığım maddelerdeki eksiklikleri tamamlayıp katkıda bulunduğunuz için sağolun, saygılar.Levent Abi ",0,0.0003952186380047351,0,tr
Vah vah. Yazık olmuş. Ama çok geç. MSI yetkileri ile telefonda konuştum bugün. Resim yüklerken hemen siliyordunuz telif ihlali var diye. Telif hakkı ihlali var diyorum. Anlamıyorsunuz sanırım. İnat etmeyin! Ne yazıkki telif ihlali yaptığımı yeni farkettim. Derginin arka kapagında kücük bir kısımda belirtiliyormuş. Ne yazık ki gözümden kaçmış. İlk önce 12 liracık ver ve dergiyi al. Telif haklarına bak ve sonra sildiklerimi geri getirmeye çalış. Tabi yapabilirseniz. XD Eğer bir daha geri getirseniz sizin MSI yetkilileri ile temasa geçmenizi sağlarım. Böylece mahkemeye bile verilebilirsiniz. Tehdit ya da başka bir şey olarak algıyabilirsin. Bu senin algın. Ama sakın işime karışma! Son uyarı    kızılsungur®    ,0,0.0667547956109047,0,tr
" 150px   VikiProje   Spor   Ayın iş birliği       İyi günler...   VikiProje Spor bünyesinde Eylül ayının işbirliği;    Cumhurbaşkanlığı Bisiklet Turu organizasyonu ile ilgili maddenin açılması, tur yıllarının açılması ve düzenlenmesi    seçilmiştir. Katılım için    tıklayın   .Rapsar ",0,0.0014491818146780133,0,tr
"Merhaba. Vikiproje:Spor kapsamındaki Ağustos 2018 in iş birliği projesi    futbol dışındaki sporla ilgili açılması istenen maddelerin oluşturulması    olarak belirlenmiştir. Katılımlarınızı bekliyoruz ) İyi günler.RapsarMediaWiki message delivery (mesaj) 20.25, 2 Ağustos 2018 (UTC)",0,0.00031516695162281394,0,tr
bu soru akademik bilgiye aykırıdır. kaynaklarımızda böyle bir bilgi yoktur. öss sadece bilgiyi ölçer. bilgi öğretmez . akademik hatalı bir soru,0,0.004687781445682049,0,tr
"Maddelerde değişiklik yaparken, lütfen    tarafsız bakış açısıyla    ve ansiklopedik bir dilde yazmaya özen gösterin. Maddelere imza atmayınız, maddelerde reklam yapmayınız, e-posta ve telefon numarası gibi özel bilgilerinizi paylaşmayınız. Kendinizi tanıtabilmek için kullanıcı sayfanızda    Babil    şablonlarını kullanabilirsiniz. Kullanıcılarla mesajlaşırken lütfen nezaket kurallarını unutmayın, herkesin aynen sizin gibi Vikipediyi geliştirmek amacıyla katkıda bulunduğunu ve iyi niyetli olduğunu varsayın.    Beş temel taş   ,    imza kullanımı   ,    Cesur ol   ,    Engelleme politikası   ,    oy kullanımı    politika ve yönergelerini mutlaka okuyun. Aynı kişiye ait birden fazla hesabın ya da farklı kişilere ait olsa bile birden fazla hesabın tartışmalarda avantaj sağlamak amacıyla birlikte hareket etmesinin    Kuklacılık    olarak değerlendirileceğini ve bunun yasak olduğunu unutmayın. Politika ve yönergeleri okuduysanız, değişiklik yapmayı ve Vikipedide neler yapabileceğinizi artık biliyorsanız    cesur olun    ve değişiklik yapmaya başlayın!...    Haydi kolay gelsin!    Reality ",0,0.0006995131843723357,0,tr
Pac man ve super mario bağıntıları spam sitelerdir ve Hentai (çizgi porno) da var. Aman dikat! Lagoon ,1,0.16160285472869873,0,tr
" merhaba sophia, ya ben senin mesajını cevaplamayı unuttum ve şimdi baylan a yazdığını görünce hatırladım ( bu bilgi içermeyen madde şişkinlikleriyle ilgili olarak tamamen aynı fikirdeyim. tbmm meselesi SAM ile halledilecek gibi görünüyor. tobb için, daha maddeler açılırken bir tartışma olmuştu ama gördüğün gibi hepsi burada. istersen sen de onlar için bir SAM açabilirsin. kolay gelsin.    kibele     mesaj   ",0,0.006963508203625679,0,tr
" 50px|left Kendi mesaj(laşma) sayfanızdaki içeriği değiştirmekte özgür olmakla birlikte, size gönderilen mesajları silmeniz Vikipedi de hoş karşılanmayan bir tutumdur. Takdir edersiniz ki, diğer kullanıcılarla olan yazışmalarınızı, hem sizin hem de diğer kullanıcıların kolaylıkla takip edebilmesi açısından mesaj sayfanızdaki içeriğin silinmemesi gerekir. Aslında yaptığınız, tam olarak bir    silme    de olmayıp, sayfayı    boşaltmak   tan ibarettir. Zira, silme işlemini sadece hizmetliler gerçekleştirebilir. İsterseniz, mesaj sayfanızı burada anlatıldığı şekilde arşivleyebilirsiniz. Maddeleri taşıma ve yeniden adlandırma hakkında daha fazla şey öğrenmek için bu yardım sayfasına da bir göz atabilirsiniz.    Levent    ileti katkılar            Lütfen eğer gerekmiyorsa bu iletiye yanıt yazmak yerine fazladan bir vandalla uğraşın ya da bir düzeltme yapın, teşekkürler. ",0,0.0005155012477189302,0,tr
"   MESAJ ATMADAN ÖNCE       Nazik olun   , Vikipedi, bir bütün olarak diğer katkıda bulunan insanlara özellikle saygılıdır. Herhangi bir nezaketsizlik, Vikipedi de topluluk deneyiminin kalitesini doğrudan etkiler. Topluluk incitildiği anda maddelerin kalitesi de bu nedenle etkilenir. Bir nezaketsizlik ortamı yaratıldığı anda, olaylar diğer vikipedistlere ve maddelere de sıçrayabilir.    İçerik üzerine yorum yapın, benim üzerine değil   , Vikipedi de hiçbir yerde konuları kişiselleştirmeyiniz. İçerik üzerine yorum yapınız, katılımcı üzerine değil. Kişilere ilişkin yorumlar, bir noktayı dile getirmenize yardımcı olamayacağı gibi Vikipedi topluluğuna zarar verir ve kullanıcıları iyi bir ansiklopedi yaratmak için çaba harcamaktan caydırır.    Taciz etmeyin,    bu tür davranışlar Vikipedi yi tatsız hale getirir ve kullanıcılarda heves bırakmaz.    Hukuki tehditte bulunmayın,    Vikipedi nin tarafsız kalmasını sağlayan en önemli kavramlardan biri olan  sayfaların özgürce değiştirilmesi ni engeller. Bu özgürlük olmadığı takdirde, tartışmalarda bir tarafın diğer tarafı sindirmesi riski doğar, maddelerde sistematik önyargı oluşabilir.    Fikir birliği için iletişim kurun,    Vikipedi, fikir birliği oluşturarak gelişir ve ilerler. Fikir birliğini gerçekleştirmek de, nazik tartışmalar ve müzakerelerle olur.",0,0.0018947682110592723,0,tr
"__NOTOC__ 250px   Bu ayki işbirliğine katılın!    Temmuz 2017 nin işbirliği dört maddeden oluşmaktadır. (a)  Siyaset proje şablonu  bulunan maddelerde sınıf ve önem değerlerinin birinin veya ikisinin tamamlanması veya düzeltilmesi, siyaset proje şablonu olmayanlara (sınıf ve önemi belirtilerek) eklenmesi. (b)    Taslak    sınıfındaki siyaset maddelere yapılacak katkı ile    Başlangıç    sınıfına yükseltilmesi. (c)    Başlangıç    sınıfındaki siyaset maddelere yapılacak katkı ile    C    sınıfına yükseltilmesi. Puanlama sonunda ilk üçe giren katılımcılar ödül alacaktır.    Hedefler:    (a) maddeleri için 3000, (b) kısmı için 50 madde, (c) kısmı için 20 maddedir.MediaWiki message delivery (mesaj) ",0,0.00032345959334634244,0,tr
"Yine bir soruyu sana sormak istiyorum. Yeni kullanıcıları nereden öğrenebilirim. En azından kimsenin olmadığı zamanlarda ben de hoşgeldin mesajı atarak katkıda bulunmak isterim. Teşekkürler Nooneas  Merhaba, yeni kullanıcı kayıtlarına şu sayfadan erişebilirsiniz. Teşekkürler, iyi çalışamalar   Cnk  ALTDS    ",0,0.0004267996409907937,0,tr
" 50x50px|left Bilgilenmeyle doğrudan ilgisi olmayan, ansiklopedik değer taşımayan içerikler    reklam    olarak algılanabilir. Kendinize veya gruplarınıza ait blog ve/veya forum sitelerine yönlendirici bağlantılar eklemeyin, Vikipedi; şirket, kurum ve kuruluşlarınızı ya da web sitenizi tanıtma yeri değil,    bir ansiklopedidir.    Vikipedi’de reklam yapmak yasaktır. Ticari olsun ya da olmasın, bu tip maddeler/içerik eklemeye devam etmenize izin verilemez ve bu davranışınız    vandalizm    olarak algılanabilir. Lütfen bu tür içerik eklemeyiniz. - Garbino ileti ",0,0.001016783993691206,0,tr
"Merhaba 78.173.26.9, Oluşturmuş olduğunuz Msn de soyunan kızlar pornosu izle, MSN DE SOYUNAN KIZLAR sikiş ... adlı sayfa, Vikipedi nin hızlı silme kriterlerinden g3 uyarınca silinmeye aday gösterilmiştir. Sayfanın silinmeye neden aday gösterildiği ile ilgili daha fazla bilgi almak için, ilgili kriterde verilen açıklamaları okumanız önerilir. Bu uyarıyı gördüğünüzde sayfa silinmiş olabilir. Eğer sayfanızı bulamıyorsanız silme kayıtlarını kontrol edebilir ve sayfayı silen hizmetli ile irtibata geçebilirsiniz. Reality ",1,0.20816920697689056,0,tr
"40px|alt=|link=Değişiklik yaptığınız bir sayfa (Od (Bir Yunus romanı)) Vikipedi:Silinmeye aday sayfalar/Od (Bir Yunus romanı) sayfasında silinmeye aday gösterildi. Bir fikir birliği oluşana dek tartışma sayfası açık kalacaktır. Tartışmaya herkesin katılımını bekliyoruz. Maddede düzenlemeler yapabilirsiniz, ancak sayfanın üst kısmındaki silinmeye adaylık etiketini çıkarmayın. Teşekkürler.     Nushirevan11         ☾★    ",0,0.00027841347036883235,0,tr
 Bakış açını anlıyorum. Katkılarımla ilgili takdir dolu sözlerin için teşekkürler. Senin de katkıların için ben teşekkür ederim. -Vikiyazar ,0,0.0011802088702097535,0,tr
Acaba Afganistan devlet başkanları listesi sayfasındaki çalışma devam mı ediyor yoksa bitti mi? Eğer bittiyse çalışma var şablonunu lütfen çıkarınız.Teşekkürler Gezginler06 ,0,0.00093651661882177,0,tr
"Tipini si.ktiğim. ABD önce bunu sonra Işid ve El Nusrayı s.kecek havadan. Bunun tipini, diğer ikisininde allahını si.keyim.85.99.34.254 ",1,0.8720703721046448,1,tr
"Hemen verdiginiz yanit icin tesekkurler; ama hazirladigim yazi uzerine boyle bir yafta konmasina itirazim hala degismis degil. Ben   ün = herkes tarafından iyi bir nitelikte bilinip tanınmış olma   sozcugunden cıkarılan   ünlü   sıfatını   önem=birşeyin göz önunde tutulmaya veya hesaba katılmaya değeri olma hali   sozcugunden cikarilan   önemli   sifatina (TDK Sozluk anlamlari) tercih ettim. Eserlerin katilma kriteri opera otoritesi olarak ün yapmis kisilerin hazirladigi 9 liste. Sonra da yillardir verdigim universite lisans-ustu arastirma metotlari derslerimde , ozellikle sosyal ve kisilerin estetik ve hislerine hitap eden konularda,   subjektif   metotlarin   objektif   metot adi altinda kullanilan metotlardan cok defa daha etkin, etkili ve bilgi saglayan metotlar olabilecegi; arastirmanin degerlendirmesi icin   objektif  -  subjektif   ayriminin kullanilamayacagi ve degerlendirme icin daha uygun kriterler kullanilmasi ders konumun ana motifi idi. Bunun icin sizin   objektifi tercih etme   onerinize istirak etmiyorum. Butun bu aciklamalar yaninda da Vikipedi:Adlandırma kuralları maddesi okunursa bunun hicbir yerinde   objektif   ismin   subjektif   isme tercih edilecegini yazmamaktadir. Onun icin konulan  Bu maddenin adı Vikipedi için uygunsuz olabilir.  yaftasinin hem dusunce ve mantiken hem de Vikipedi nin kurallari dolayisiyla uygunsuz ve haksiz oldugu gayet acik. Bu uygunsuz yaftayi onun icin sildim ve yaptigimin   vandalizm   oldugu iddiasina siddetle itiraz etmekteyim. Bu yaftanin ortadan kaldirilmasini rica ederim. Tesekkurler.noyder ",0,0.008235353976488113,0,tr
"Site, genellikle katılımcı sayısı ve anketin yapılış tarihi gibi gerekli asgari bilgileri bile vermeden bazı anket sonuçları paylaşıyor. En son 29 Aralık 2014 te  PollMark: 2014 Yılının Son Anketi Sonuçları  adıyla şurada, yine herhangi bir bilgiden yoksun olarak verdikleri anket, 10-14 Ekim de yapılmış, 24 Ekim 2014 te şurada duyurulmuş, hâlihazırda sayfada da mevcut olan anketin aynısı (sadece seçim sonuçları olarak değil, Kobani eylemleri ve ortaöğretimde başörtüsü konusu da o eski anketten alınmış, zaten iki konu da bugüne değil, o tarihlere ait.) Dolayısıyla zaten salt tıklanma sayısını odak alan, bir doğruluk kaygısı gütmeyen amatör bir site görüntüsü veren secimanketi.tv nin güvenilir bir kaynak olmadığı açık. Maalesef şimdiye kadar pek çok araştırma sonucu için bu kaynak kullanılmış. Ben şimdiye kadar sonuçlara alternatif kaynaklar bulmaya çalıştım, idealinde şirketin kendi kaynağı kullanılmalı. Olmazsa saygın ve güvenilir ikinci kaynaklar, gazete haberleri de kaynak gösterilebilir, ama secimanketi.tv bu niteliklere haiz değil. Bundan sonra başka kaynaklardan ekleyin lütfen, şimdiye kadar bu siteden eklenmiş sonuçlar da bir süre içinde alternatif güvenilir kaynaklar bulunmazsa çıkarılmalı.Cfsenel (mesaj) ",0,0.00035683452733792365,0,tr
"Argo kelimeler de kelime açıklayan makaleler gibi bir kategori altında toplanabilir diye düşünüyorum. Birde aklımda şu var. Biz buraya koyulmasını istemediğimiz kelimeler olacağını söylesekte, şu anda değil ama emin olun ileride bununla baş edilemeyebilir. Bunu söylememin nedeni sanırım farkındasınızdır, artık Google da çoğu aranan kelimelerde türkçe vikipedia neredeyse ilk sıralarda çıkıyor. Tabi bu belki uzun bir gelecek söylemi ama düşünmeden de geçilebiceğini sanmıyorum. Elbette topluluk fikrine sahip çıkma duygusu gereği kim daha fazla aynı ya da yakın şeyleri söylerse onu uygulayacağız. Fikrim konulmasından ve bir kategori altında toplanılmasından yana. İncelemeelemani mesaj ",0,0.0004233194049447775,0,tr
"Merhaba Honacan, Oluşturmuş olduğunuz Dosya:DSCN5925.JPG adlı sayfa, Vikipedi nin hızlı silme kriterlerinden d1 uyarınca silinmeye aday gösterilmiştir. Sayfanın silinmeye neden aday gösterildiği ile ilgili daha fazla bilgi almak için, ilgili kriterde verilen açıklamaları okumanız önerilir. Bu uyarıyı gördüğünüzde sayfa silinmiş olabilir. Eğer sayfanızı bulamıyorsanız silme kayıtlarını kontrol edebilir ve sayfayı silen hizmetli ile irtibata geçebilirsiniz.    taysin    ",0,0.0004078718484379351,0,tr
What a Wonderful World maddenizi gördüm. Belki Louis Armstrong maddeside ilginizi çeker henüz fırında pişiyor gerçi. hmmm bunu konuşmuşmuyduk yoksa?Kutu su ,0,0.006742095574736595,0,tr
"Dünyanın bütün dillerinde bilgi yaymayı amaçlayan özgür ansiklopedi, sizin katkılarınızla gelişiyor. Katkıda bulunurken temel ilkeleri göz ardı etmezseniz seviniriz. Telif hakları, tarafsızlık ve katılım davranışları bu ansiklopedinin en önemli başlıklarıdır. Biçim konusunda bu rehberden yararlanabilir, her türlü konuda vikipedistlerden yardım isteyebilirsiniz. On sekiz yaşından küçükseniz çocuk koruma politikasını mutlaka okuyunuz. Lütfen değişiklik yapmaktan çekinmeyin. Mavi bağlantıları tıklayarak Vikipedi yi tanımayı ve katkıda bulunmayı sürdürmeniz dileğiyle. Kolay gelsin.    kibele    13.45, 14 Ağustos 2019 (UTC)",0,0.0004358565201982856,0,tr
"Daha önce katkı yapmayışımının konuyla ilgisini anlayamadım. Yukarıda da dediğim gibi  fluent speaker  (akıcı konuşan) terimi daha çok soyu tehlike altında olan dillerde kullanılır ve bunları tespit etmek soyu tehlike altında olmayan dillere göre az sayıda olduklarından kolaydır ve bu özellikle vurgulanır. Süryanice (ve de Aramice) konu komşu tarafından kolaylıkla öğrenilip başka bir etnik grupça sahiplenilecek bir değildir. Hele hele  fluent speaker  derecesinde (çevreyi de düşündüğümüzde) hiç de kolay değil, aksine oldukça zordur, bayağı zordur hem de.  Maddenin tartışma sayfasına buradaki mesajı kopyalamanızı gerektiren nedir? Silinmesini isteyeceğim  cümlenizin ilki için maddenin tartışma sayfasına aktarmak doğaldır, zira öncelikle o sayfayı ilgilendiriyor.  Silinmesini istiyeceğim  demek ne demektir? Tortum maddesinin tartışma sayfasını sık sık boşaltan ve hizmetlilerden silinmesini taleb eden Kullanıcı:Amadoni ile Kullanıcı:Yolcular adlı Hemşinli kuklalar gibi düşünmenize bir anlam veremedim. Kmoksy (mesaj) ",0,0.0006635739700868726,0,tr
bu bilimadamının 1680 yılında yaptığı ikinci aynalı teleskop (ilki gregoryen) 50/168mm dir. yani açıklığı 5cm odak uzunluğu ise 16 cm kadar olan bir bir çukur aynaya sahiptir. Newton 4.6mm odaklı gözmerceği kullanmış. Bu da 35 kat büyütme felan oluyor. Galileo bile 20xle bir çok şey gördüğüne göre bu hayli yeterlidir. 90mm mercekli teleskobumun 36 kat büyüten eyepiece ile satürn ve jupiter gayet detaylı görünüyordu. Mars görünmüyordu sadece. 50/160 olduğu için fotoğraftakilerin aksine ele avuca sığacak büyüklüktedir ilk newtonian. Şimdi bile 76mmden küçük üretimi yoktur.88.232.128.198 ,0,0.0017830856377258897,0,tr
"Lütfen benimle bir kez dahi iletişime geçmeyin, Flesier in dediği gibi siz provokatörsünüz ve insanlarla inatlaşmaktan haz alıyorsunuz. Eğer amacınız maddelerin gelişmesi olsaydı size iyi niyetle yaklaşırdım ama siz insanların vaktini çalmaktan başka hiçbir şey yapmayan birisiniz. Lütfen benimle iletişim kurmayın.Kingbjelica (mesaj) ",1,0.05507706478238106,0,tr
"Mewlidê Kirdî, Transkrîpsîyon: Roşan Lezgîn - Roşan Lezgîn bir aktivist-yazar. Çok isterlerse dış bağlantı olarak eklenebilir. Fakat    kaynak    olarak gösterilemez. Takabeg ",0,0.001057701068930328,0,tr
" Sevgili OmerFarukDemir, Ramazan bayramını kutlar, bu bayramın senin için hayırlara vesile olmasını dilerim.      Turgut46      ✉ ",0,0.0011886650463566184,0,tr
"Çıkacağı bile belli olmayan bir oyunun maddesi yapılmış, GTA 3- 2001 de çıkmışken GTA 4- 2008 de çıktı GTA 5- 2013 de çıktı GTA 6 da 2020 de çıkacaksa 5 yıl var. şimdiden böyle bir madde açılması yanlış üstelik madde hem taraflı yazılmış (içinde müthiş oyun olacak vb. cümleler bulunuyor) hemde ansiklopedik değil Grand Theft Auto VI adlı maddeyi siler misiniz.   Salihka      raca2000    ",0,0.0011092615313827991,0,tr
"Rica ederim, maddenin silinme halini ortadan kaldıracak bir kaynak göremedim. Dolayısıyla geri getirecek bir durum yoktur. İyi çalışmalar. Eldarion ",0,0.0004163238045293838,0,tr
"~Hizmetliye Mesaj yazıp, ayrıca, vandalın yaptığı değişikliği düzeltirken de özet kutucuğuna büyük harfle DİKKAT! ÖNEMLİ VANDALİZM! gibi bir uyarı yazarsanız görürüz sanıyorum. Değerli katkılarınızın azalmaması dileğiyle. ",0,0.0015534000704064965,0,tr
"Merhaba 81.215.88.84, Oluşturmuş olduğunuz Dosya tartışma:Istanbul location Şişli.svg adlı sayfa, Vikipedi nin hızlı silme kriterlerinden g3 uyarınca silinmeye aday gösterilmiştir. Sayfanın silinmeye neden aday gösterildiği ile ilgili daha fazla bilgi almak için, ilgili kriterde verilen açıklamaları okumanız önerilir. Bu uyarıyı gördüğünüzde sayfa silinmiş olabilir. Eğer sayfanızı bulamıyorsanız silme kayıtlarını kontrol edebilir ve sayfayı silen hizmetli ile irtibata geçebilirsiniz.    Captain Bradley    ",0,0.0003498884616419673,0,tr
"Merhabalar, VP:Telif sayfasında gerekli tüm bilgiler mevcut. Size gönderilen iletileri ve o iletilerdeki linkleri okumanızı öneriyorum. Teşekkürler, iyi çalışmalar. M.M. ",0,0.0003624274686444551,0,tr
"25px|alt=Bilgilendirme simgesi Merhaba, ben . Yaptığın son değişiklik (:Yardım:Yönlendirme adlı sayfadaki) deneme gibi görünüyordu ve silindi. Eğer deneme yaparak kendini geliştirmek istiyorsan Deneme tahtasını kullanabilirsin. Eğer hatalı olduğumu düşünüyorsan veya sormak istediğin bir soru varsa aracılığıyla benimle iletişime geçebilirsin. Teşekkürler! kodvizit👻 ",0,0.0005044936551712453,0,tr
" left|50px|Uyarı Maddelerin isimlerini, Vikipedi’de mevcut eğilim ve standartların aksine olacak şekilde değiştirmeyiniz ve/veya yönlendirmeyiniz. Teşekkürler, iyi çalışmalar. Eldarion ",0,0.0006071366369724274,0,tr
"Selamlar. Lütfen Şablon:Chelsea FC kadrosunda yaptığınız gibi İngilizce Vikipedi den kopyala-yapıştır yaparak şablonları güncellemeyiniz. Orasıyla bizim sistemimiz biraz farklı, iki şablonda birden güncelleme yapmak gerekiyor. İyi günler.RapsarEfendim? ",0,0.0003904732293449342,0,tr
"25px|alt=Bilgilendirme simgesi Merhaba, ben . Bilmeni isterim ki :Yarpuz adlı maddeye yaptığın dan birini ya da birkaçını geri aldım. Çünkü yapıcı değişiklikler değillerdi. Eğer deneme yapmak istiyorsan, lütfen Deneme tahtasını kullan. Eğer hatalı olduğumu düşünüyorsan veya sormak istediğin bir soru varsa aracılığıyla benimle iletişime geçebilirsin. Teşekkürler! kodvizit👻    Eğer bu paylaşılan bir IP adresi ise ve değişikliği siz yapmadıysanız ileride değişikliklerinizle alakasız bildirimler almamak için size ait bir hesap açabilirsiniz.",0,0.0006342357955873013,0,tr
"Merhaba, Lütfen şablonlara  kullanılmıyor  gerekçesiyle sil etiketi koyarken sol alttaki  Sayfaya bağlantılar  seçeneğine tıklayarak kullanılıp kullanılmadığını kontrol edin ve sil şablonunu şablon içeriğini silmeden ekleyin. Genellikle kullanılan şablonlara koyuyorsunuz sil etiketini. Kolay gelsin    Vito Genovese    ",0,0.0005513973301276565,0,tr
"Kürt, kazığı yiyip susacak. Ezilecek, ağzını açmayacak. Konuşmaya kalkarsa, kansız, şerefsiz. Herkes devlet kuracak, Ermeni kurmak istemeyecek mesela... Bizim ampul kafalılar da hadlerini bilecekler, ayaklar baş olmaya kalkmayacaklar, yerli yerlerinde oturacaklar, oylarını da bürokrat partisine verecekler, kendileri bürokrat olmadıkları halde. Kendi partileri olmayacak. Dağdaki çoban,  ben insan değilim, benim oyumu saymayın ağabey  diyecek. Ya da  benimki bir sayılıyorsa manken ablamın oyu iki olsun  diyecek, imana gelecek. Müslüman kadın, inançlarına aykırı da olsa, zorla başını açacak. Katolik rahibesi ortalıkta rahibe kıyafetiyle, Ortodoks papazı ortalıkta cüppesiyle dolaşacak ama imam cüppesini ancak cami sınırları içinde giyebilecek, avludan çıkarması yasak. Bu ezberler bozulduğu için sancı çekiyor Türkiye... Geçer canım, sancı geçer, son araştırmalara göre oy oranı yüzde 42 çıkmış ama hele şu iktidar gitsin de zayıf bir üçlü koalisyon kurulsun! Öyle olacakmış ya... Memleket ne güzel kurtulur, geldiğimiz çukura geri döneriz. İçimiz rahatlar. Çünkü gerçekler bize iki numara büyük geliyor! Yirmi birinci yüzyıl da büyük geliyor, Avrupa Birliği de.",1,0.18620410561561584,0,tr
 Elinden geldiğini yap lanetlik kafir senden korkan senin gibi olsun. Ben Elhamdülillah Müslümanım Hasbünallahu ve nimel vekil Bana Allah Yeter Ona güzel vekildir.Ahmet Akman31 (mesaj) ,1,0.9824443459510803,1,tr
"bu tip durumlarda tamamen silmek yerine bir-iki cümle bile olsa özet bir bilgiye indirgemenin daha yapıcı olduğunu düşünüyorum.. tabii bu başlık hakkında tek bilgim  okullar falan açıp hakan şükür tarafından da saygı duyulan dinsel bir kişilik  şeklinde olduğundan ben pek yapamıyorum bunu.. Sin City için  sin city değil kin city: bu benim filme duyduğum kindir  ağzıyla yazılmış, makaleyle ilgisi olmayan yazı için yapmıştım gerçi - vikipedi de yaptığım ilk icraattı, örnek teşkil etmesi açısından makalenin geçmişinden görülebilir..:) spAs ",0,0.0008298876346088946,0,tr
"Marka isimleri hep rapor edilmiyor mu yoksa ben mi hata yaptım? Aranan Kan (mesaj)  , Marka olduğunu nereden biliyorsun? Mavrikantmsj  Şimdi gördüm kokusuz parfümmüş ben onu yerli parfüm markası sandım korkusuz parfüm diye okudum. Ayrıca bu gün Gömülü Dev adlı kitabın kapağını Gönüllü Dev dosya ismiyle yükledim arada böyle hatalar oluyor bir daha yapmamaya çalışırım. Aranan Kan (mesaj)  , 20px Mavrikantmsj ",0,0.0006444372702389956,0,tr
"Sayın Metal Militia, Çok özür dilerim. Üre adlı maddenin tartışma bölümünde yaptığım tartışmanın hoş olmadığını biliyorum. Ancak yazacaklarımı çok sindirmediğim için(beynimde), birden böyle bir edâ içinde bulunuverdim. Yine böyle bir saldırıda bulunmamaya dikkât edeceğim ancak, orada yazdıklarımın arkasındayım. Lütfen, az önceki cümlem için beni yeniden engellemeyin. Bunu mesaj olarak hiç bir yerde kullanmayacağım. Tekrar tekrar özür diler, görevinizde size ve tüm bürokrat, hizmetlilerimize başarılar dilerim. Uğurcuk ",0,0.0023812605068087578,0,tr
"Selam. Tartışma:Laçın sayfasına Güzelyurt örneği (ansiklopedik olmayan örnek) eklendi. Artık anlayacak mıdır bilmem? Sence trollüğü önlemek yeterli mi? Görüşürüz. Takabeg  Uygun olmayan bir durum için uygun olmayan bir örnek gerekliydi. Eline sağlık. Bilgi kutusundaki de jure ve de facto durumların gösterilmesini hâlâ doğru buluyorum. Her iki farklı yapılanmayı da sağlıklı bir şekilde açıklıyor, Vikiçizer gibi düşünmüyorum. Okuyucuların sadece de jure ve de facto durumu bilmesi gerekiyor, bunlarda birkaç cümle okuma ile anlaşılabilecek kavramlar. Trollük ve anlama durumuna gelirsek, izah yeterli ve umarım durumu anlayacaklardır. Görüşmek üzere..Muratsahin  Teşekkür ederim. İlgili maddeler sırf  İşgal  konusundan oluşan madde durumundan kurtarmayı düşünüyorum (ileride). İyi çalışmalar. Takabeg ",0,0.0006454013055190444,0,tr
"Merhaba Merton, Oluşturmuş olduğunuz ARKAJSPOR adlı sayfa, Vikipedi nin hızlı silme kriterlerinden m1 uyarınca silinmeye aday gösterilmiştir. Sayfanın silinmeye neden aday gösterildiği ile ilgili daha fazla bilgi almak için, ilgili kriterde verilen açıklamaları okumanız önerilir. Bu uyarıyı gördüğünüzde sayfa silinmiş olabilir. Eğer sayfanızı bulamıyorsanız silme kayıtlarını kontrol edebilir ve sayfayı silen hizmetli ile irtibata geçebilirsiniz.    [ahzaryamed]     ₪.ileti   ",0,0.0003306482103653252,0,tr
"Ayrıca   Kanûn-ı Esâsî   (en doğru Latince yazılış şekli) yukarıda belirtildiği gibi   anayasa   değil, günümüz Türkçe de   Temel Kanun   demektir. Hukukçu ",0,0.000768229307141155,0,tr
"Merhaba. Böyle durumlarda sayfanın üst kısmındaki    adını değiştir    sekmesine basarak durumu düzeltebiliyoruz. Sorun halloldu herhalde, tıklayıp bakabilirsiniz: Şablon:Kars Merkez İlçenin belde ve köyleri İyi çalışmalar.    Yabancı     msj    Rica ederim, kolaylıklar dilerim.    Yabancı     msj    Merhaba. Königswinter ve Königsvinter maddelerine çift madde şablonu koydum. Çıkmak üzere olduğumdan daha fazla inceleyemiyorum maalesef. Ama maddeler birleştirilecektir, merak etmeyin. Dikkatiniz için teşekkürler, iyi çalışmalar.    Yabancı     msj    250px|left|thumb|Kurban bayramınız mübarek olsun(Dedemin inekleri.)25pxSαвяι¢αи76 ",0,0.0003542205085977912,0,tr
" left|55px Sevgili kullanıcı, Büyük ihtimalle heyecanlı bir gençsin, bugüne kadar aynı şeyi deneyen heyecanlı gençlerden binlercesi geldi geçti, sen de şu an sonuncususun, öyle diyelim. Şunu bilmeni istiyoruz ki, sonradan heyecanlanma, enerjini doğru konulara, doğru yerlere harcayabilirsin. Sana istediğin sayfayı değiştirme hakkını vermiş olmamız; şu an kullandığımız yazılımın bir özelliğidir . Bu ansiklopedi projesi böyle işliyor,   insanların bilgiye para vermeden ulaşmasını   böyle sağlıyoruz. Senin de diğer yüzbinler gibi ansiklopediye verecek bir şeyin olduğuna inanıyoruz ve özgür ansiklopedide özgürce hareket etmeni sağlıyoruz. Bu sayfalara  Hacked  yazan ilk kişi değilsin, maalesef sonuncu da olmayacaksın. Ancak umuyoruz ki yaşın biraz daha ilerleyince, bugün yaptığının ne kadar komik olduğunun farkına varıp,  kutsal  diye nitelendirmekten çekinmeyeceğimiz amacımıza katkıda bulunmak isteyeceksin. Şimdi dilersen buraya tıklayıp kayıt olabilir, olumlu değişiklikler yaparak insanlara yararlı olma yolunu seçebilirsin. Hatta kayıt olmadan da bunu yapabilirsin. Sevgiler, İyivikiler...    homonihilis    //    ileti    ",0,0.006207204423844814,0,tr
"   Vedat Nedim genel sekreterliğe getirildi. Vedat Nedim, burjuvaziyle yani kemalizmle uzlaşma içerisine girdi   ...burjuvazi=kemalizm anlayışını açıklamaya kalkışan işin içinden çıkamaz.Böyle bir anlayışta yoktur..Birkaç cümlede taraflı olduğu bariz..Şeyh saidin bahane edilmesi gibi şeyler var..Benim bir zaman oy attığım partiyi bana karşı savunman hoş değil onu ayrıca başka yerde tartışırız (nedenleri niçinleri gelişimi vs..) fakat burada belli zümreleri,kişileri,kurumları suçlayabilecek hakka yada ehliyete sahip değiliz.Ansiklopedilerde bu tür şeyler olmaz.Mutlak tarafsızlıkta olmaz elbette ama en azından yaklaşılabilinir.Nihan ",0,0.0011964131845161319,0,tr
"Merhaba Aycan, izleyip fikrini zikrettiğin için teşekkür ederim. Ama benim adım   Beyza   değil,   Emine  . Kullanıcı adım olan   Maderibeyza   ise Farsça da   Beyza nın annesi   anlamına geliyor. Yani   Beyza   benim 1 yaşındaki kızımın adıdır. Sevgiyle kal..    maderibeyza      msj    ",0,0.0011645023478195071,0,tr
Bilinçli bir kullanıcıdan alınabilecek üzücü bir yanıt. Bir sonraki bayramla kastınız şeker bayramıysa çok uzun. Ama iyimser bakıyorum arada 23 nisan var.. Sevgiyle.. ,0,0.004268455319106579,0,tr
"Merhaba Berkecelik Senin yaşında ki kişiler çizgi dizi izlemekle meşgulken sen burada bilgiler eklemektesin yaptığın katkılar yaş göz önüne alınınca takdire şayan, bende senden o kadar büyük değilim 3 veya 4 yaş var aramızda. Tekrar tebrikler ayrıca editörlük hayırlı olsun. Rdvnygt Merhaba",0,0.011815385892987251,0,tr
"Kafama sağlık xD Şöyle ki, mezheplerin neler olduğunu bilmiyorum, tek bildiğim aşkenaz (o da sadece adı). Sen sinagog maddelerine bilgin varsa mezheplere göre kategori ekleyebilir misin? İstanbul daki xxx sinagogları > İstanbul daki sinagoglar şeklinde... Topu sana atmış gibi oldum böyle biraz ama gerçekten bilgim yok D —   Stambouliote       ileti    ",0,0.029551643878221512,0,tr
Bilgi sahibi olduklarınızla yardım edebilirsiniz. Mesela Vikipedi:Seçkin resimler deki İslam la ilgili SR leri portala aktararak otomatik güncellemeli yapabilirsiniz. Ya da en:Portal:Islam/Selected anniversaries sayfasındaki kısa cümleleri Türkçe ye çevirebilirsiniz. ):) İlginiz için asıl ben teşekkürler. Siz hadi berki İslam la alakalı bir şeyler biliyorsunuzdur ancak ben Yahudilik hakkında neredeyse hiç bir şey bilmiorum ):):):)    E M P E R Y A N    ⎝⏠⏝⏠⎠  Bulabildigim butun Islamla ilgili seckin resimleri  Secilen resim  bolumune ekleyip donusumlu yaptim. Umarim isteidiginiz gibi olmustur. Kolay gelsin. ,0,0.004379285499453545,0,tr
" O alt başlıkları sen koymuştun Takabeg. İçerikleri hakkında, en azından benden fazla şey bildiğini kabul etmek gerek. Eğer  gereksiz ayrıntı  diyorsan, öyle kabul ederim. Bu durumda yeniden adaylığa getirilmesi mi gerekir diyorsun. Makedon (mesaj)",0,0.0015952102839946747,0,tr
" selam, Takabege benim kullanıcı adımdan söz eden bir mesaj iletmişsiniz, iddianızın kanıtlarını vikipedi topluluğunun önünde sunmanızı DİLİYORUMDüşünenadam  Selam. burası değil mi? Bence sorun yoktur. Eğer üçüncü şahıs Düşünenadam arkadaşımızın hesabından girip yazmış olsaydı sorun olurdu. Acaba öyle midir? Bi kontrol edersen iyi olur. Teşekkür ederim. İyi çalışmalar. Takabeg ",0,0.004261001478880644,0,tr
"Vay be biz daha önce neden bunu görmedik ki? Oysa TFF sitesinin altını üstüne getirmiştim. İlk cildini indirdim şöyle bi göz gezdirmek için. Tam da senin İstanbul Ligi çalışmalarınla ilgili bilgiler çıktı. Harika gerçekten, bayağı bi işimize yarayacak. Tebrikler )Myrat ileti  Ben de zaten bu sayfayı ilk kez gördüğümü ve böyle mükemmel bir çalışmayı daha göze çarpacak bir yere koymalarını rica ettim ) Öte yandan 1991-92 sezonu sonrası gibi bu bilgileri de veri tabanlarına eklemeyi düşünüp düşünmediklerini sordum. Bakalım ne yanıt gelecek...Rapsar ",0,0.0012770899338647723,0,tr
"Tekrar slm. Açıkçası şuradaki tartışmayı yeni gördüm şimdi ben de. Tekrar İngilizce expatriate kelimesine de baktım. Gurbetçi de var anlamında yabancı da. Ama sanki gurbetçi olmak için o ülkede epey yaşıyor olmak lazım. Futbolcular için çok anlamlı gelmedi bana zira futbolcu 1 yıl kalıp başka ülkeye gidebilir de. Gerçi bu arada illa ki EN vikiye bağlı kalmak zorunda da değiliz. Gurbetçi futbolcu yerine yabancı futbolcu daha uygun gibi sanki bence ama neyse bu fikir birliğini (tartışma?) nerde açmamız gerek? Teacher0691 (mesaj)  Ben bir yerde tanımlamasını yapmıştım bunun, kaynaklar falan da sunarak. Bizim bildiğimiz klasik gurbetçi tanımıyla gerçek gurbetçi tanımı farklılıklar gösteriyor. Yurt dışında yaşayan Türklere toptan gurbetçi diyoruz mesela ama iş öyle değil. Belli bir süreliğine çalışmaya giden kişilere gurbetçi deniyor. Oraya yerleşenler için  göç edenler  kategorisi, orada doğup oranın vatandaşlığını alanlar için  asıllı  kategorisi var. Tartışma açmak için Vikipedi:VikiProje Spor/Tartışmalar sayfasını kullanabilirsin. Diğer tartışmalar da burada dönüyor çoğu zaman, izleme listene alman da iyi olur.RapsarEfendim? ",0,0.0005153756937943399,0,tr
" shit (bok) piss (çiş) fuck (sik) cunt (am) cocksucker (sik yalayıcı) motherfucker (ana sikici) tits (memeler) Carlin in bu sözlerin bir kaçı radyo ve televizyonda çeşitli seviyelerde kullanılmıştır.  Tits  (göğüsler) kelimesi, 1990 da yayımlanan The Trials of Rosie O Neill isimli dizinin ilk bölümünde ilgi çekerek yayımlanmıştır.  Piss  (işe) kelimesi, 1990lı yılların sonundan itibaren gerek tek başına gerek ya da bir cümle içinde kullanılmıştır (Örn: piss-off dellendirmek) .  Shit  (sıç) kelimesi bazı olaylarda kullanılmıştır. Örneğin Chicago Hope un bir bölümünde, dizinin prodüktörü  fuck  (sik) kelimesi ile flört ederken benzerini kullanmıştır. NCIS in  Bete Noire  isimli bölümünde, karakter ilk kelime sansürlenerek  fucking bastard  (siken piç) kelimesini kullanmıştır. Carlin in bu listeye eklediği diğer bir kelime  fart  (osur) da sıkça kullanılmaktadır. Bazı düzeltmeler yapmak isterim. Piss (işemek) Emir değil. Shit(bok,kahretsin,lanet olsun) sıçmakla alakası yok Emir değil. Fuck(Sikmek,kahretsin,lanet olsun) sıfat değil Emir değil. Fucking Bastard ( + öfkeyle siktiğimin piçi)  ing  takısının burda geniş zamanla alakası yok! Fart (osurmak) Emir değil. Bu yazının düzeltilmesini rica ederim. Ben uğraşmak istemiyorum )",1,0.9943962097167969,1,tr
" Aslında Eldarion o tartışmanın taraflarından olduğu için aynı tartışma ile ilgili olarak sana uyarı mesajı yollamalıydı, bence. Yine de riske girmeden kullanıcıları tarafsızlığa davet etmeye ve kurallara ve kaynaklara göre davranmaya davet etmeye çalışmak daha faydalıdır. Benden bu kadar. Görüşürüz. Takabeg ",0,0.0009689559228718281,0,tr
 Sen sahtekarsın hem de utanmaz arlanmaz sahtekarsın. Bu kelimeyi senin empoze etmeye çalıştığın anlamı başka sitelere ekleterek kaynak göstermeyi de aşıp başkasının kullanıcı adını bile kullanacak kadar düşmüşsün. http://www.turkcebilgi.com/cintonik çok yazık sana... 123snake45 (mesaj) ,1,0.8243860006332397,1,tr
"Marksistler bir zamanlar, benim millîyetçi muhteşem asîler olarak kabul ettiğim Köroğlu, Dadaloğlu, Pir Sultan Abdal gibi halk şairlerini sınıf savaşısı ilan ederek, komünizme tarihi ve millî bir boyut kazandırmak istemişlerdi. Halbuki bu Celalî ozanların işçi veya köylü diktatörlüğü kurmak gibi bir niyetleri yoktu. Aksine Türk halk edebiyatının bu seçkin ve eylemci simaları, dönme-devşirme enderun iktidarında pekişen Osmanlı egemen sınıfına başkaldıran birer Türk milliyetçisiydiler. Şimdi aynı çabayı, farklı bir biçimde bölücülerden görüyoruz. Kürtlere ayrı bir ırk şuuru kazandırarak, Türkiye  nin Güneydoğu  sunda bir kürt devleti kurulması fikrini telkin edenler, halkın kendilerine sempati ile yaklaşması için tıpkı komünistler gibi tarihî şahsiyetleri ve tarihî olayları istismar etmeye başladılar. Hemen hemen bütün açık oturumları kürtçülere tahsis eden televizyon kanallarında sık sık tekrarlanan iddialar, özellikle Selahaddin Eyyûbi ile Malazgirt Savaşı etrafında yoğunlaşmaktadır. Haçlı ordularına karşı verdiği mücadelelerle bütün İslâm Dünyası  nda sarsılmaz bir şöhrete kavuşan Selahaddin Eyyûbi  nin bir kürt hükümdarı, Eyyûbi Devleti  nin de bir kürt devleti olduğunda ısrar ederek, bu büyük İslâm mücâhidine duyulan hayranlıktan yararlanmak isteyen bölücü propaganda, aynı amaçla bir başka yalana başvurmuştur.    BÖLÜCÜLÜK PKK DAN BERİ DEĞİL, 1957DEN ÇOK ÇOK ÖNCELERİ DE VARDI...   ",0,0.00448134820908308,0,tr
abi selam tarihten anlamam bilirsin. ama ilki daha doğru görünmesine karşın resim iyi olmuş diye düşünüyorum.Sağlamcı ,0,0.0025109080597758293,0,tr
Merhaba. Seçkin resim adayı olarak eklediğim resmin aslında farklı bir resim olduğunu farkettim. Edit edilmiş versiyonunu aday göstermek için mevcut resmi adaylık sayfasındankaldırmamda bir mahsur var mı? Kolay gelsin?     Ahzaryamed       mesaj   ,0,0.0007660205010324717,0,tr
Atatürk önemli bir tarihi sima bence.Ondan dolayı tarihle iligi kategorilendirme yaptım.***Osmanlı98***İyi vikilemeler***  peki sana sorduğum portal tasarlamada uzman mısınDLT (Son Kahraman) ,0,0.010263921692967415,0,tr
" left|55px|Uyarı    Lütfen Vikipedi maddelerine imza atmayınız, isim yazmayınız, telefon numarası, e-posta adresi vb. eklemeyiniz.   . Vikipedi de imzalar sadece tartışma sayfalarında ve kullanıcı mesaj sayfalarında kullanılmaktadır. Bunun dışında bazı özel, sadece tartışmaların yer aldığı sayfalarda veya bildiri sayfalarında, örneğin Vikipedi:Köy Çeşmesi, imza atılabilir. Bahsi geçen sayfalar haricindeki hiçbir Vikipedi sayfasına imza atmayınız. İyi değişiklikler! Utku Tanrıveremesaj ",0,0.000396772229578346,0,tr
" 45x45px|left Lütfen uyarıları dikkate alınız. Vikipedi işleyişini aksatmanıza yönelik davranışlarınız için size yapılan uyarıları önemsememeniz, vandalizm olarak değerlendirilebilir ve    engellenebilirsiniz   .    Cnk  ALTDS    ",0,0.0013063199585303664,0,tr
ibrahim tatlısesin ekranına yazmıştım haliç üniversitesi mezunu ayşegül yıldız la evlendi diye ama silindi.neyazıkki. Sevgierol1984a (mesaj)  Baktım az önce. Evlendiği kişiyi tanıtırken mezun olduğu üniversiteyi yazmak pek gerekli veya doğru görülmediği için geri alınmıştır. Bana sorarsan doğru bir eylem. Kolay gelsin.    Vitruvian    ,0,0.00587866036221385,0,tr
" 70px    RESİM YÜKLEME UYARISI!       Lisans (telif) ve/veya kaynak bilgisi eksik veya yanlış resim(ler) yüklediniz!   . Vikipedi olarak telif haklarına en üst seviyede önem vermekteyiz. Vikipedide kullanılabilecek bir lisans ve kaynak bilgisine sahip olmayan ya da bu bilgileri yanlış girilmiş olan resimler silinmektedir. Yüklemiş olduğunuz resmin ya da resimlerin lisans ve kaynak bilgileri vikipedi telif hakları kurallarına uygun ise lütfen bu bilgileri ekleyiniz ya da değiştiriniz. Aksi taktirde yüklediğiniz resim(ler) silinecektir.   Daha detaylı bilgi için aşağıdaki bağlantılardan bilgi edinebilir ya da bu konuda deneyimli bir kullanıcıya veya medya inceleme timi üyelerine danışabilirsiniz:   Resim yükleme yardım sayfası, Resim Kullanım Politikası - Resim Telif Etiketleri - Telif Hakları (genel) - Telif hakları (SSS) - GNU Özgür Belgeleme Lisansı MightY ",0,0.000559644540771842,0,tr
"Bir dizide iki tür karakter vardır: ana ve yan (veya yardımcı). Bitirilen karakter diye bir kategori bulunmamaktadır. Bir karakter diziden ayrıldıysa bile o hala dizinin bir yardımcı karakteridir. Sonradan ayrıldı diye onu dizinin yardımcı karakterleri arasından ayıramayız. Bulunduğu bölümleri hiçe saymış olursunuz. Aynı şey başroller için de geçerli. Birkaç sezon başrol oynayıp sonra ayrılan bir karakteri de bu kategoriye alamayız çünkü o hala dizinin başrollerinden birisidir. ~ Z (m)  Diriliş: Ertuğrul karakterleri listesi ya da Buffy the Vampire Slayer karakterleri listesi maddelerindeki tablolara bakabilirsiniz. ~ Z (m)  Sizin değiştirdiğiniz sürümde bazı ölen ana karakterler diğer karakterler sınıfında yer alıyordu o yüzden geri adlım. Örn; Mustafa Uğurlu, Çetin Tekindor, Bensu Soral, Rıza Kocaoğlu... Gerekli düzenlemeyi yapmışsınız, teşekkürler.-     SunSoldiers (mesaj)      ",0,0.00037082115886732936,0,tr
"Konunun böyle kişisel bir tartışmaya dönüşmesi beni gerçekten üzdü açıkçası, ben yalnızca iyi niyetimden sizin görüşlerinizi almak istemiştim. Daha önceki zamanlarda sayfaya baktığımda gördüğüm konunun beni ilgilendiren ve katkı sunarken severek sunduğum bir konu olduğunu görmem beni sevindirdi ve bu yönde katkı yapacağımı öngördüm hepsi bu. Katkıları bekletmek hiç olacak şey mi, zaten birçok maddeyi bu tür bir beklenti olmadan açmış biriyim, sizin de fark edeceğiniz üzere. Bu kişisel ithamın bir hata olduğunu varsayarak, var olan bir yanlışlığı dile getirmemin ne gibi bir sakıncası oldu, buna verilen itham yanıtlarını biraz hayretler içerisinde okudum. Diyorum ki yanlış bir şeyler gidiyor, geç kalınıyor ve yazılanlardan farklı şeyler yapılıyor. Şimdi bunun üzerine  Ne yani yazılanlara göre mi katkı yapıyorsun  yanıtını vermek hiç olmadı. Ben iyi niyetinize dair sizden fikir almak istedim, siz bana   vikipedinin yarışılacak alan olmadığını, gönüllülerden oluşan bir topluluk olduğunu ve kimse kimseden üstün olmadığını    hatırlatıyorsunuz  oldu mu şimdi, bu konuda tecrübesiz biri olduğumu sanmıyorum. Ahmet Turhan (mesaj) ",0,0.001068296143785119,0,tr
" merhaba, amerikan futbolu maddesindeki emeklerin için üzgünüm, ama telifli olduğu için geri almak zorundaydım. kolay gelsin.    kibele     mesaj   ",0,0.011056044138967991,0,tr
"Maddelerde değişiklik yaparken, lütfen    tarafsız bir bakış açısıyla    ve ansiklopedik bir dilde yazmaya özen gösterin. Maddelere imza atmayınız, maddelerde reklam yapmayınız, e-posta ve telefon numarası gibi özel bilgilerinizi paylaşmayınız. Kendinizi tanıtabilmek için kullanıcı sayfanızda    Babil    şablonlarını kullanabilirsiniz. Kullanıcılarla mesajlaşırken lütfen nezaket kurallarını unutmayın, herkesin aynen sizin gibi Vikipedi yi geliştirmek amacıyla katkıda bulunduğunu ve iyi niyetli olduğunu varsayın.    Beş temel taş   ,    imza kullanımı   ,    cesur ol   ,    engelleme politikası   ,    oy kullanımı    politika ve yönergelerini mutlaka okuyun. Aynı kişiye ait birden fazla hesabın ya da farklı kişilere ait olsa bile birden fazla hesabın tartışmalarda avantaj sağlamak amacıyla birlikte hareket etmesinin    kuklacılık    olarak değerlendirileceğini ve bunun yasak olduğunu unutmayın. Politika ve yönergeleri okuduysanız, değişiklik yapmayı ve Vikipedi de neler yapabileceğinizi artık biliyorsanız    cesur olun    ve değişiklik yapmaya başlayın!...    Haydi kolay gelsin!    Beyazmavi ileti ",0,0.0005789737333543599,0,tr
" left|50px|Uyarı Lütfen Vikipedi nin  kişisel saldırı yasaktır  politikasına bir göz atın. Bireyler, kurum-kuruluş ya da oluşumlar üzerine değil,    içerik    üzerine yorum yapın. Hakaret ve kişisel saldırılar sadece topluluğa zarar vermekle kalmaz katılımcıları da caydırır. Unutmayınız ki, kişisel saldırılar, toplulukta yaratabileceği rahatsızlık sebebiyle engellenmeye yol açabilir. Lütfen soğukkanlı olunuz ve değişiklik yaparken bunu aklınızdan çıkarmayınız. -    Cnk  ALTDS    ",0,0.0006837216205894947,0,tr
"Vallah Kiev Küçük Knezi diye bir şey duymadığım için sadece Kiev Knezi olması yeterlidir, kanımca. Sivastopol Marşı hakkında hiçbir bilgim yok. Ancak ilgimi çekmediği hâlde NTV Tarih in geçmişte verdiği Osmanlı Marşları CD si var. İçinde de şarkı sözleri var. Onun dışında marşlarla ilgili hiçbir şeyim yok... CD yi sana kargoyla mı göndersem ne yapsam Ruslarla ilgilendiğini görüyorum... Eğer okumamışsan bu yazı da benim armağanım olsun... (NOT: Romanov kanousunda son bilimsel gelişme de şu ",0,0.0008600409491918981,0,tr
"Diğer iki sayfa onayı için teşekkür ediyorum öncelikle. Diğer sayfamla ilgili linkleri temin ettim örneğin hayatı kısmının kaynağını kendi kitap alıntısı değil de 3. şahıslara ait bir site linki olarak göstersem. Ayrıca Yazarın katılmış olduğu konferans, seminer ve zirvelere ait linkler buldum o linkleri de koyabilmek için içeriği genişletsem olur mu? Bir de gazete arşivimde yazarın kitaplarının tanıdıldığı bazı yazılar var fakat gazeteler kendi internet sayfalarına koymamış. Bu gazetelerin tarih, sayfa, yayın no gibi bilgilerini eklesem olur mu? Bu dediklerimi bugün tamamlayıp sizinle irtibata geçebilir miyim tekrar? Çok fazla zamanınızı aldım bunun için minnetarım. Saygılarımla. İyi çalışmalar diliyorum.Noraelnora Bu ve bu sayfaya göz gezdirirseniz, detaylı şekilde bilgi alabilirsiniz. Garbino ",0,0.0004097447672393173,0,tr
"Merhaba Beşiktaşlı, İsminden kapsam tam olarak anlaşılamasa da, zararı olmayacağı çok açık gibi gözüküyor. Nasıl bir organizasyonu olur, hangi bölümü ne şekilde yapılır, oralarını bilmesem de bir adım bir adımdır. Sevgiler    Vito Genovese    ",0,0.0006246226839721203,0,tr
" merhaba. Bence başkalarıyla mesajlaşırken dikkat etmelisin. Mümkün mertebe kişileri tanımadan mesajlaşma. Mesajlaşırken dikkat et, mesajlarından açığını bulup ceza verdirmek isteyenlerde olabilir. Onun için sana bana göre bunda ne var deme tanımadan çok muhatap olma. Sinirlenebilirsin sakin kalmaya çalış. Vikipedia da yenisiniz, önce gözlemlemeye çalış. Kuralları öğrenmeye vb. Ama bu yılgınlık vermesin, iyi vikiler...Muratero ",0,0.06359302997589111,0,tr
Merhaba. Yeni bir SR adaylığı başlatmak yeterli olacaktır. Adaylık başarılı olursa seçkin içerik sorumlumuz (Ahzaryamed) gerekli değişiklikleri yapar diye düşünüyorum. Superyetkin       ,0,0.0005753268487751484,0,tr
"Kullanıcı:İlkebay, kendi sayfasına başka adlar kullanarak ödül verdiği için mi engellenmiş?(Hemşerim olur da kendisi merak ettim:-))Sabri76 ",0,0.0008130268543027341,0,tr
"Merhaba; siz istersiniz de olmaz mı efendim? Yine boyumu aşan bir şeye giriştim ve galiba iki konuyu birbirine karıştırdım, bir göz atman mümkün mü? ",0,0.005475432612001896,0,tr
"Selamlar, şu iki şablonun    (   ,    )    birlikte kullanıldığı maddeler için ikisinin de bir arada olduğu yeni bir şablon oluştursak nasıl olur? İki logoyu sağlı-sollu veya tek bir kenarda bir arada yerleştirir, yanına  yazılanlar doktor veya veteriner hekim uyarısı değildir  yazarız. Üçüncü Adam (mesaj)  İsabetli olur kanaatindeyim, ancak ortak şablonun yanı sıra bu şablonların da ayrı ayrı var olmaya devam etmeleri gerekir çünkü sadece birinin bulunması gereken maddeler de var. Fikrinizden ve bunu paylaşmanızdan dolayı teşekkür ederim ilgilenip birleştireceğim ve ilgili maddelerde değişiklikler yapacağım.   KediÇobanı  🐈  Yalnızca ortak olanlar için söyledim. Diğerleri elbette ayrı ayrı var olacak. Üçüncü Adam (mesaj)  İşlem tamamdır.   KediÇobanı  🐈  Elinize sağlık. Üst tarafta birden fazla etiket kullanmak esas konunun önüne geçerek dikkati dağıtabilir. Bu sebeple, ortak bir şablon kullanılması iyi oldu bence. Üçüncü Adam (mesaj)  İlginiz ve uyarınız için teşekkür ederim, bence de böyle daha güzel oldu.  KediÇobanı  🐈 ",0,0.0005656015127897263,0,tr
"    Yorulmaz Katılımcı Yıldızı    Yaptığın çalışmalar ve inanılmaz enerjin için. Pulsar gibisin ) cRea80(mesaj)  Çok teşekkürler Crea80, övgünüz mutluluk verici ve çok değerli. Sevgilerimle ).. Garbino ileti ",0,0.0015667404513806105,0,tr
Tabiki seve seve sizinle birlikte halk oyunları maddeleri üzerinde çalışmaktan mutluluk duyarım. Vaktim elverdikçe yardım etmeye çalışırım. Arjety ,0,0.008292770944535732,0,tr
 100pxWikimedia Orta ve Doğu Avrupa Bahar 2016 Yarışması’nda 4. oldunuz!    Tebrikler Maurice Flesier ! Orta ve Doğu Avrupa Bahar 2016 Yarışması’nda yaptığınız katkılarla dördüncü geldiniz. Emekleriniz için teşekkürler. Adresinize bir hediye göndermek için buradan isminizi ve açık adresinizi bildirmenizi rica ediyorum. Başak (mesaj) ,0,0.0003865217149723321,0,tr
Günahkâr ya da Kafirler ölünce Ali Sami Yen Stadyumu na mı atılacaklar şimdi? Cehennem tabiri derhal kaldırılmalı ve Şükrü Saraçoğlu Stadyumu nun etrafı tavaf edilip tövbe edilmeli.,1,0.6045383214950562,1,tr
" Hollandaca  dilimize yeni girmiş bir sözcük.  Hollandalı  da öyle. Daha önce (örneğin on yıl önce) Flemenkçe ve Flemenk sözcükleri kullanılırdı. Sonra okuma yazmaları kıt olan gazeteci tayfası Şam a Damaskus dedikleri gibi, Hollanda sözcüğünden Hollandalı ve Hollandaca yı türettiler. Bir itirazım yok. Türkçenin iç tutarlılığı açısından daha güzel bile olabilir. Ancak işin doğrusu, eskiden Flemenk ve Flemenkçe sözcüklerini kullanırdık. Ve bu sözcüklerin Flaman ve Flamanca ile tek ilgisi ses benzerliği. Flaman bölgesi, Hitler in ikinci dünya savaşında Almanya nın Belçika yı işgali sırasında, Belçika içindeki işbirliğine daha yatkın olan Flemenk azınlığı pohpohlayıp öne çıkarması ve kuzeyde toparlaması sonucu, biraz yapay bir biçimde oluşmuş. Dillerine Flamanca deniliyor. Flemenkçe (Hollandaca) ile Flamanca arasındaki benzerlik, Türkiye Türkçesi ve Azeri Türkçesi arasındaki benzerlikten çok daha ileridir. Fiilen aynı televizyonları seyrediyor, aynı radyoları dinliyorlar. Daha ziyade İngiliz ingilizcesi ve ABD ingilizcesi benzerliğini andırır. Bu bağlamda, Hollandaca, Flemenkçe ve Flamanca sözcüklerini bu doğrultuda değiştirmeyi öneriyorum. 134.58.253.130 ",0,0.0006414827075786889,0,tr
"Sayin Tapfereritter, Yaptiginiz fenerbahce sayfalarindan dolayi sizi tebrik etmek istedim. Fenerbahcemiz icin herhangi bir yardimim dokunabilirse bunu memnuniyetle yaparim. Sizinle birlikte calismaktan buyuk onur duyarim. Saygilarimla, Fenerli1978 (mesaj) ",0,0.0008361919317394495,0,tr
 Portal:Müzik davetiyesi    Merhaba.   Müzik    alanına ilişkin maddeler için bir ana sayfa niteliğinde olan    Müzik Portalı    ile ilgilenebileceğinizi düşündüm. Portalla ilgilenecek her kullanıcı Vikipedide müzik maddelerinin belli bir düzene kavuşmasına katkıda bulunmuş olacaktır. Teşekkürler. kolay gelsin.tema  ileti   ,0,0.00036124876351095736,0,tr
"Merhaba, aktif oldugunuzu görünce sizden rica edeyim dedim. Daha once yaptigim ve incelenmesi unutulmus birkac degisikligim oldugunu farkettim. Bir goz atmanizi rica ediyorum. Maddeler: John A. Macdonald Bella Ahmadulina Süleyman Aydan Belen Likya Lahdi Lahit Karain Mağarası Antalya Müzesi Simdiden tesekkurler. Sargon (mesaj) ",0,0.001308069797232747,0,tr
:Resim:Farid farjad.jpg lisans problemi    :Resim:Farid farjad.jpg    resmini yüklediğiniz için teşekkürler. Ancak dosyanın tanım sayfasında telif statüsü hakkında yeterli bilgi bulunmamaktadır. Vikipedi telif haklarını çok ciddiye alır.     Lisans  ve  kaynak  bilgisi eksik olan resimler hızlı silme kriterleri gereğince işaretlendikten 7 gün sonra silinirler.    Eğer resmin lisansını biliyorsanız resim dosyasına    telif etiketini ekleyiniz   . Yüklediğiniz diğer resimleri kontrol etmek için bu bağlantıyı tıklayınız. Sorularınız için Vikipedi:Medya telif soruları sayfasını kullanabilirsiniz. Teşekkürler. İyivikiler...    homonihilis    //    ileti    ,0,0.0003558135940693319,0,tr
yeni sevgilim seks esnasında bana isaya inanıyor musun diyor. bende zevkten evet diyorum bir dine inanmadığım halde.78.162.21.101 ,1,0.8317234516143799,1,tr
"abuk selam, şu maddenin ansiklopedik olduğundan ve ayrı bir madde olarak durması gerektiğinden emin misin?    kibele    ",0,0.04931990057229996,0,tr
"Merhaba E4024, Etkin kullanıcı azlığından dolayı bu tür birikmeler olur, normaldir. En kısa sürede hallolacağına eminim. Bu arada mesajlarını sayfamın en altına eklemeni rica ediyorum. Karışıyor yoksa. Sevgiler    Vito Genovese    ",0,0.0006340390536934137,0,tr
"Dediğinizle TDK nın bahsettiğinin hiçbir alakası yok. Yukarıda verdiğim linkte TDK    yabancı özel adların yazılışından    bahsediyor. Selahattin Demirtaş ın ismi yabancı özel ad değildir, Türkçe bir addır. Bugün Kerkük Valisi Necmettin Kerim in adı Türkçe yazılırken Necmeddin olarak değil Necmettin olarak yazılır. Ayrıca TDVİA ne ben de bazı konularda müracaat ediyorum ancak bütünüyle her adlandırması kabul edilemez. Siz nasıl  TDVİA Selâhaddîn-i Eyyûbî dese de  -i siz kullanım çok daha yaygın  diyorsanız ben de buna benzer bir gerekçe ile    Selâhaddin    olmalıdır diyorum çünkü Türkçe de -din kelimesi şapkalı kullanılmaz. Yaygın kullanımdan ötürü Selahaddin de hiç şapka olmaması gerektiğini düşünen de olabilir ve bana göre haklılık payı vardır. Nesnellik için sanırım TDK yeterlidir.     Nushirevan11         ☾★    ",0,0.0004548669094219804,0,tr
"Maddenin girişindeki bilgileri İngilzce maddeye uygun bir hale getirdim. 2008 öncesine ait, güncelliğini yitirmiş bilgiler vardı. Mesela Gürcistan yanlısı yönetimin merkezi Kurta deniyor. Ancak şimdi Kurta Güney Osetya/Rusya yönetiminde. Gerçi şimdi de aşağıdaki siyasal statü başlığıyla çelişen yerler var. Bir ara ona da göz atacağım.",0,0.00045818183571100235,0,tr
"Anonim bir kullanıcı maddenin içine    türk şamanizninde toprak ana yoktur, sadece moğollarda vardır    yazmıştı. Moğollarda Tengricilik bugüne kadar pek değişmeden kaldığı için Tengriciliği tarif ederken mutlaka moğolları dikkate almamız gerekiyor, çünkü Türklerde bugüne kadar kalan kalıntıları başka dinlerle karışmış şekilde. Örneğin Altaylara bakarak tarif etmeye kalksak, sonunda Tengriciliği değil Zerdüştlüğün ve Taoizmin Şamanizm ile karışmış halini tarif ederiz! Moğollarda ki Tengriciliğin eski Türk Tengriciliği ile pek farkı yok. Onlar Ötüken i toprak ana olarak biliyorlar ve bazen İtügen ya da Etügen olarak da adlandırıyorlar. Bazı göllere ve dağlara Ötügen adı veriyorlar. Aynı şekilde Tengri nin adı da bazı dağlara ve göllere veriliyor. Göktürk yazıtlarında Ötüken dağının Türkler için önemi ve bu dağın kutsallığı vurgulanıyor! Bu yüzden Ötüken i sırf kutsal bir dağın adı olarak tanıyoruz.. ama moğollara bakıldığında Ötüken in toprak anaya verilen isim olduğunu görebiliyoruz. selamlar    Erdall    ",0,0.0005452192272059619,0,tr
"Merbaba i.e., Kullanıcı:Hmtktrk ü beyaz listeye aldım. Diğer kullanıcının katkı geçmişine baktığımda bazı sorunlu değişiklikler görüyorum. Birkaç zaman yakından takip edip, duruma göre BL işini düşünmek daha doğru olacak gibi. Bu arada SR sorumluluğun için kutlarım. Sevgiler.. Théoden ileti ",0,0.0025390402879565954,0,tr
"Levent Abi nasılsın? Hayat nasıl gidiyor? Umarım her şey istediğin gibidir. Bu arada Janet Jackson maddesi seçkin madde oldu. Çok çalışmıştım, insanın emeğinin karşılığını alması çok güzel. Kendine çok iyi bak Levent Abi. İyi çalışmalar. ♪♫     A  takan      0652   |   mesaj    ",0,0.011934597045183182,0,tr
"Çıkarttım efendim, çıkarttım. Siz rahat olunuz. Derken, gibi, herşey mi oluyor gibi cümleleri bu mesajıma karşılık tekrar kullanmanız temennilerim ile çıkarttım. Lütfen biraz daha İyi niyet var sayar mısınız? Lütfen .... Çünkü bazen can sıkıcı hal almaya başlıyor, ben başlatsam bile...   « ί.е. ℳ§₮»    ",0,0.00268212310038507,0,tr
 Yidişi bilen biri olsaydı zaten o zaman bu dilin adı Yiddiş olmazdı TDK da =) Sanırım asıl sorulması gereken soru TDK nın bir bağlayıcılığı olup olmadığıdır. ,0,0.010913537815213203,0,tr
Elinize sağlık güzel bir çalışma yapıyorsunuz. Umarım kaynak ekleyerek bunu güçlendirebilirsiniz. Yardımcı olması için:Vikipedi:Kaynak gösterme Ayrıntılı Bilgimesaj ,0,0.0003779982798732817,0,tr
"Aziz Yıldırım sayfasını geri döndürmeye çalışıyorum ama dönmüyor diğer sayfalarda değişiklik yapabiliyorum sadece onda olmuyor.Bot değişikliğinin olduğu kısma geri alabilir misiniz? Kızıl Şaman  Selam, yapılarla ilgili bir şablon var mı ? Örneğin, saraylar, tiyatrolar, sinemalar bunların binalarıyla ilgili bir infobox building tarzında ? Varsa ben göremedim..Boyalikus ",0,0.0062265717424452305,0,tr
hepinizin avradını sikim orospu çocukları yaşasın türkiye cumhuriyeti bu ülkeyi bölmeye kalkanların avradını 7 ceddini sikim başbuğlar hepinizin avradını kızı kucağınızdan alacak avradı şikişmişler pkk nında aponun da amına koyim,1,0.9969846606254578,1,tr
Eyvallah Sabri cim sağolasın.Tabii istediğin gibi yazabilirsin.Sorman hata.Böyle gördüğün için teşekkür ederim.Okul nasıl gidiyo.Kendine iyi bak.Kolay gelsin.25pxSağlamcı ,0,0.04504450410604477,0,tr
"Sayın Vikiçizer Vikipedi ye eklenmiş  Kuşadası Fotoğraf ve Sinema Sanatı Derneği  tarafınızdan silinmiştir. Kurumumuz TFSF üyesi bir kurum olupbugün ülkemizin en aktif  Fotoğraf Sanatı  derneklerindendir. yapmış olduğu aktivitelerle fotoğraf sanatına önemli katkıları olan kayda değer bir kurumdur. aktivite ve çalışmalarını www.kufsad.org sayfasından da göreceğiniz kufsad ın benzeri olan bir çok dernek (örneğin Bursa Fotoğraf Sanatı Derneği)vikipedi de mevcuttur bu sebeple silme işleminin geri alınmasını rica etmekteyiz Garon  Merhaba, maddenin kayda değerliğini ortaya koyabilmeniz amacıyla Kuşadası fotoğraf ve sinema sanatı derneği geri getirildi. Vikipedi:Kayda değerlik ve Vikipedi:Kaynak gösterme sayfalarını incelemenizi öneriyorum. İyi çalışmalar...Vikiçizer ",0,0.00027172447880730033,0,tr
"Aslında Türkiye Türklerinin kendilerine sadece Türk demelerinden dolayı Azerilere, Azerbaycan Türkleri denilirse, anlamalarda hata olacaktır. Evet, doğru olanı Azerbaycan Türkleridir, Türkçe maddesi de Türkiye Türkçesi olması gerekirken, sadece Türkçe olması bu tür sorunların nedenlerinin ortak olduğu görülmektedir. Yaygınlık, ulaşılabilirlik gibi nedenlerden dolayı maddenin adının    Azeriler    kalması en uygunudur. Hedda Gabler ",0,0.0004744013713207096,0,tr
Tamam bundan sonra direk resme bağlantı vereceğim. Ancak verdiğim linkteki dosya genellikle jpg formatında oluyor ve transparanlanmamış. Bu yüzden o linkteki dosya da farklı gözükecektir. Ben yine belirtteyim de:) İyi çalışmalar...    insan|perver    ,0,0.0017020790837705135,0,tr
"dbl de puro getirmiş akşama gelin tellendirelim dedim, şarap yetmezse iki şişe uzo var ;) Delamorena ",0,0.006491583772003651,0,tr
"Bu da bir çözüm sayılabilir, ama biz genellikle    silinecek sayfalar   ı açtığımız için o kategoriye de ayrıca bakmak gerekecek. Bunu diğer arkadaşlara da duyurmak lazım. Asıl olması gereken   Kategori:Vikipedi silinecek sayfalar   başlığının altında çıkması, ama yapamıyorsak önemli değil. Eh, o zaman geriye bir tek teşekkür etmek kalıyor. ) Eline sağlık.. Levent Abi ileti            ",0,0.00037272152258083224,0,tr
" Aha, o halde  yapılacaklar  bölümüne yeniden ekliyorum. Kayak merkezleri harika olur. Evet İsviçre deki kantonları açmışlar ama şehirlerin çoğu açılmamış. Yapacak epey iş var. Felix ve Regula yı almancasından çeviriyorum şu anda. İyi çalışmalar.    Sargon   ileti ",0,0.0004619784594979137,0,tr
"Selam Metal Militia Vikipedi de bürokrat oldugunuz icin size yazmamin nedeni oldu. Tila Tequila sayfasina uygunsuz bir vaziyet de Kullanıcı:Baho12 tarafindan bir resim eklenmistir bu konu ile iligillenirseniz memnun olurum saygilarimla Sero1988, 14 Ocak 2010 Merhabalar, madde temizlendi, kullanıcı 24 saatliğine engellendi. Haber verdiğiniz için teşekkürler. İyi çalışmalar. M.M. ",0,0.00037068367237225175,0,tr
Alo erdem sen neden Kurt tarihini silinmeye aday yaptin? Sana mi dokundu? O sadece Ksenefonun MÖ 401 yılında yazdığı kitabın tercümesidir. Yanlı falan değil. Ksenefon bizzat Kürtleri görmüş kişidir.,1,0.021552426740527153,0,tr
"Önce Mavrikant a atmıştım, cevap vermeyince sana kopyala-yapıştır yaptım . Deneme tahtasında deneyebilirsin. Aşağıdaki metni aynen deneme tahtasına kopyala. Ne demek istediğimi anlayacaksın.      Turgut46      ✉ ",0,0.0014174167299643159,0,tr
justın daha çok britney spears olan ilişkisiyle bilinir#redirectKategori:. justin denilince akla ilk gelen isim Britney Spears tır bu nedenle sadecebritney.com un dış bağlantılara eklenmesinde hiç bir sorun yoktur. Sadecebritney SadecebritneySadecebritney ,0,0.000589208269957453,0,tr
"40px|alt=|link=Değişiklik yaptığınız bir sayfa (Bülent Gökgöz) Vikipedi:Silinmeye aday sayfalar/Bülent Gökgöz sayfasında silinmeye aday gösterildi. Bir fikir birliği oluşana dek tartışma sayfası açık kalacaktır. Tartışmaya herkesin katılımını bekliyoruz. Maddede düzenlemeler yapabilirsiniz, ancak sayfanın üst kısmındaki silinmeye adaylık etiketini çıkarmayın. Teşekkürler.     Nushirevan11         ☾★    ",0,0.00029003253439441323,0,tr
"Merhaba, biz neden şablonlarımızı şu şekilde yapmıyoruz? Müzik sanatçı bilgi kutusuna eklenen şablon orada daha sempatik duruyor sanki.   Cnk  ALTDS     Tam nedenini bilmiyorum ama İngilizce Vikiden kopyalandığı içindir herhalde. Takabeg ",0,0.0004905739333480597,0,tr
" 50x50px|left   Vikipedi    ye hoş geldiniz. Herkesi ansiklopedimizin gelişmesine katkıda bulunmaya davet ediyoruz. Katkıda bulunma hakkında daha fazla bilgi almak için hoş geldiniz sayfasına göz atabilirsiniz. Bununla birlikte, gelişmeye katkıda bulunmayan, sayfa boşaltma, hakaret vb. değişiklikler    vandalizm    olarak tanımlanır ve eğer bu tavrınızı sürdürürseniz daha fazla uyarılmadan    engellenebilirsiniz   . Lütfen, diğerlerinin emeklerine zarar vermek yerine ansiklopedimizin gelişmesine yardımcı olun. Teşekkürler. SakhalinioBuyrun beniiiim? 17.34, 12 Mart 2018 (UTC)",0,0.0003509353846311569,0,tr
Aslında ateistler için hayalciler kelimesi daha uygun olur. Baksanıza Yaratıcının varlığını hayali gördüklerine göre onlara hayaliler yada hayalciler diyebiliriz. Bakın bunu teist bir insan olarak ben değil yukarıdaki ateist arkadaşınız söylemiş. Madem ateistlere göre bir yaratıcının varlığı ancak hayalden ibarettir o zaman niye ateistlere  HAYALCİLER  demeyelim ki...,0,0.007688920479267836,0,tr
"Profesyonel liglerde mücadele etmemiş KD olmyan bir futbol kulübü... O madde kalacaksa, herkes kendi mahallesinin, köyünün amatör futbol takımlarının maddelerini girsin  M6 mı ? SAM mı ? Takabeg ",0,0.002449343679472804,0,tr
" 45x45px|left Madde ile doğrudan ilgisi olmayan, ansiklopedik değer taşımayan dış bağlantılar    reklam    olarak algılanabilir. Lütfen Vikipedi maddelerine    ticarî amaca yönelik    bağlantılar eklemeyin. Vikipedi ayrıca, sahibi veya üyesi olduğunuz    blog, forum veya hayran sitelerini    tanıtabileceğiniz bir platform da değildir. Bu tür eklemeler yapmanız Vikipedi kurallarına aykırıdır. Detaylı bilgi için lütfen  Vikipedi ne değildir?  sayfalarına bakınız. Israrla bu tür dış bağlantılar eklemeniz halinde bu davranışınız    vandalizm    olarak algılanabilir ve    engellenebilirsiniz   . Teşekkürler, iyi çalışmalar.Hedda Gabler ",0,0.0003264133702032268,0,tr
Bu terim için güzel bir Türkçe adlandırma var;   Uzlaşmaz çelişki  . Bence madde adı bu şekilde değiştirilmeli...эртлй ილეტი იაზ ,0,0.0023698299191892147,0,tr
" Merhaba. Hayır, öyle yapılmıyor artık. Eylül 2014 ayından beri O iş şuradan hallediliyor. Kullanıcı adı değişiklikleri için oradaki uygulamaları incelerseniz, kolayca işiniz hallolur. Benim yaptığım değişiklik başvurusunu da incelemenizin de belki yararı olabilir. Kolay gelsin..   Eğitmen     msj   ",0,0.00048248376697301865,0,tr
"bg:user:Gavrail2, Bulgar wikide bizim Tarih in rakibi. Tek başına birkaç günde yüze yakın taslak ekledi, ve genel davranışı bu değil. Sanırım Bulgarlar geçilmek istemiyorlar. )) Tembelejderha  500 den az değişikliği var bulgarın:) Hepsi yeni madde mi. Bu arada telif konusu baştan çıktı, sanırım kimse kontrol etmiyor artık. Şu seri olarak eklenen biyografilerin hepsi telifli duruyor. Ben o kadar kontrol edecek zaman bulamıyorum. Bir sayı çılgınlığına tutulduk gidiyoruz:) İyi çalışmalar Ugur Basak     mesaj       Sanırım bu tür kullanıcılara uyarı atmak ve seri olarak ekledikleri tüm maddeleri silmek en uygunu. Ugur Basak     mesaj      ",0,0.0006374681834131479,0,tr
"150px Çok teşekkür ederim ya, bayağı uğraştırdım seni. Ham imza kutusunu tıklayınca, halloldu mesele. Umarım menekşe seviyorsundur, ben çok severim de. Sevgiler.    Yabancı     msj   ",0,0.005012388341128826,0,tr
 Diğer bazı vikilerde olduğu gibi Ali sözcüğünün anlam ayrımı yerine bu maddeye yönlendirilmesi daha uygun olur. Tek başına Ali olarak anılan başka kimse yok ve bu isimdeki en ünlü kişi.   Abuk SABUK    msj ,0,0.24718093872070312,0,tr
Resmin alt yazısı çok kısa. O Apolo-Mitra heykelinin baş kısımı dır. Ben de tırmandım oraya. İyi çalışmalar. Takabeg ,0,0.0009132491541095078,0,tr
"Esprito adında birinin kitabını tercüme ederek hazırlamışlar, ümid ederim sizde çok daha sağlıklı referanslar vardır..Vaktiniz olursa bir göz atın68.100.168.97 ",0,0.0012206766987219453,0,tr
 Merhabalar. Tekli-single tartışmasına olan ilginiz için teşekkür etmek istedim. Özellikle TDK Başkanı ile olan yazışmanız için özellikle teşekkür ederim. İyi çalışmalar. ♪♫     B  erkay      0652   |   ileti    ,0,0.0004564037953969091,0,tr
 Yaşar Bayrak! Biyografisi: Yaşar Bayrak 15-06-1974 Belören Gerze-SİNOP-TÜRKİYE Doğumlu. Burcu: Başak Ana Dgm.: 15-09-1973 Yaşar Küçük yaşdan buyana hafif Ortopedik bedensel (Ayağından Kalçadan) Engelli bir Vatandaş Askerlik Muav. Yasar... ,0,0.001682850532233715,0,tr
"Oguzhan merhaba, Ergenekon operasyonları maddesini şu sürümler arasında gorulecegi uzere köklü bir şekilde kısaltmışsın. Kısaltma sebebin  güncelliğini kaybetmesi  olarak gorunuyor. Ancak silinen kısımlar sadece  güncelliğini kaybeden  kısımlar olmamış. Mesela  Diğer örgütler ile bağlantısı  ve  Tarihce den de bazı ksımlar silinmiş. Maddenin diger kisimlari onemli olcude kisalinca madde, Tuncay Guney maddesine donmus. Bu kısaltmanı yeniden gözden gecirmeni talep ediyorum, yapilan onca katkilar bir anda yok olmasin. saygilar|    zoɯɐʞɐʎ |    ",0,0.0017687169602140784,0,tr
Dersim kelimesi der+sim (gümüş kapı) kelimesinden gelmiyormuydu? Ne Yunancası? Belki adı Perslerden kalmadır (O bölgeyi Yunanlılar rüyalarında bile görmeden çok önce Persler vardı),0,0.002132928464561701,0,tr
Katılmıyorum;  Türk Milli Takımı  ifadesi yerine  Alman Millî Takımı  ifadesi kullanılabiliyor (bknz Toni Schumacher maddesi) ~Tarkovsky~ ,0,0.0006769122555851936,0,tr
Ben de az önce sayfada yaptığın değişikliklerden kopya çekiyordum. Çok basitmiş. Epey uğraşmıştım. Değmezmiş:) Tekrar teşekkürler...  msj  maderibeyza ,0,0.002050116192549467,0,tr
"ulan it siz kimsiniz lan Wordlack, engelediniz için ikide bir sayfanızı boşaldıcam geri aldığınızdada gine boşaldıcam. Engeli kaldırın ,O.Ç Wordblack",1,0.9644877314567566,1,tr
"Köy Çeşmesi nde açıklama yaparsanız sevinirim.   Gökçє Yörük     Yaptım ama şimdi çıkmalıyım, şimdi çıkmalıyım. İyi çalışmalar... ",0,0.0006147045060060918,0,tr
" 200px    Sovyetler Birliği Ayın İşbirliği Daveti    right|150px İyi günler, iyi Vikiler.Sovyetler Birliği ile ilişkili konularda katkı sağlamayı amaçlayan VikiProje Sovyetler Birliği projesi kapsamında her iki haftada bir tekrarlanan    Sovyetler Birliği İşbirliği Projesine    davetlisiniz. Bu ayın ilk proje konusu    SSCB bayrakları şablonundaki kırmızı bağlantılı maddeleri gelişmiş seviyede (en az 5.000 bayt) oluşturmaktır.    Her ay planlı bir şekilde Sovyetler Birliği ile ilişkin farklı bir hedefe odaklanan işbirliği projesinin dönemki ayağına siz de katılım sağlayın. Projeye katılmak için proje sayfasının en altında yer alan katılımcılar bölümüne isminizi eklemeniz yeterli. Proje kapsamında verilen pek çok ödül sizi bekliyor. Ayrıca anket ve oylamalara katılarak gelecek işbirliği projeleri için öneri ve görüş bildirebilirsiniz. Şimdiden iyi çalışmalar, bol Vikiler! Bu mesaj proje toplu mesaj listesindeki kişilere gönderilmiştir. MediaWiki message delivery (mesaj) ",0,0.00025919234030880034,0,tr
"Ellerinize sağlık. Diğerleri de çok makbule geçer aslında. Size zahmet olmazsa tüm bu tarz şablonları kaldırsanız ve sadace kategorilerdeki şablonlara dokunmasanız çok harika olur. Sonra ana maddelere eklenmesi -ki bu da tartışmalı- çok daha basit bir işlem olacaktır. Ne dersiniz?   Merube 89        msj       Selamlar tekrardan Kumul. Tom Chaplin maddesinde bazı değişiklikler yaptım, değişiklik özetime bakabilirseniz çok sevinirim. Sevgilerimle   Merube 89        msj       Tamam ötekileride kaldıracağım o zaman. Neden kategorilerdeki şablonların kalmasını istiyorsunuz? L.A. Guns maddesini bitirdikten sonra Tom Chaplin e başlayacağım. Hatta kendisi Kullanıcı:Kumul sayfasına da eklemiştim unutmayayım diye.. Şu iş yoğunluğum bitsin hemen ona da bakacağım. Silmezseniz sevinirim. Saygılar. Kumul  Ayrıca maddeye olan katkılarınız için teşekkürler. Neden öyle küçük hatalar yapmışım anlayamadım.. Kumul ",0,0.000501089496538043,0,tr
"Merhabalar, Bir   çok pardon   da size o zaman... gözümden kaçmış ^_^ Bence bu durumu iyi aday gösterebiliriz, isterseniz siz aday gösterin. Ben günü gelince koyan olmazsa koyarım ana sayfamıza... Teşekkürler, iyi çalışmalar... - Noumenon   mesaj   ",0,0.000844756665173918,0,tr
 ++ Maddeye sünnetli ve sünnetsiz penis farklarını gösteren bir resim de koyabilirsek iyi olur.Abuk SABUK♫ ♫ ,1,0.8503614068031311,1,tr
"Lütfen kullanıcı sayfanızda, hakkınızda kısa bilgiler veren içerik dışında bir şey bulundurmayınız. Vikipedi:Kullanıcı sayfası # Kullanıcı sayfamda ne olamaz? Levent Abi ",0,0.0029520359821617603,0,tr
":Dosya:Türk Deniz Kuvvetleri Forsu 2.JPG için adil kullanım gerekçesi    32px|left|⚠      Türk Deniz Kuvvetleri Forsu 2.JPG    adlı dosyayı yüklediğiniz için teşekkürler. Yüklediğiniz dosya adil kullanım politikasına uymak zorundadır, ancak bu politikaya nasıl uyduğunu gösteren bir açıklama veya gerekçe bulunmamaktadır. Dosya tanım sayfasına, kullanıldığı her madde için ayrı ayrı olacak şekilde bir    adil kullanım gerekçesi    yazmalısınız. Yüklediğiniz diğer dosyaları kontrol etmek için bu bağlantıyı tıklayınız.    Gerekçesi eksik olan adil kullanım dosyaları hızlı silme kriterleri gereğince bir hafta sonra silinirler.    Sorularınız için Vikipedi:Medya telif soruları sayfasını kullanabilirsiniz. Teşekkürler. İyivikiler... —    [ho?       ni!]    ",0,0.0003312119806651026,0,tr
"Merhaba, Terence Stamp maddesini açtım ve ing.vikideki filmografisini kopyaladım lakin bozuk oldu. Nasıl düzeltiriz acaba. Yardımcı olabilirmisiniz? Totenkopf division  Merhabalar, maalesef yardımcı olamayacağım, üzgünüm. Film alanında uzman kullanıcılarımız var; Levent, Merube89, Serhantr, vb. gibi. Onlardan yardım isteyebilirsiniz. İyi çalışmalar. M.M. ",0,0.0005082996794953942,0,tr
Dünyanın gelmiş geçmiş en büyük Faşist köpeklerinden birisi. Bu kuzuk iti gebertme şerefi keşke benim üstüme kalmış olsaydı.85.97.209.212 ,1,0.9047102928161621,1,tr
"Merhaba, kaynak değiştirildi. OmerFarukDemir ileti 17 Temmuz 2015, 22:56. (UTC) Sorun kaynakta değil, metinde. Doğudan kopyala-yapıştır yapılmış. Kaynağı değil metni değiştirin.      Turgut46      ✉  Onuda bir zahmet sen yapıver, oluşturduğum maddelerde gereksiz gereksiz kategorileri silmeyi biliyorsun, Kolay gelsin. OmerFarukDemir ileti 17 Temmuz 2015, 23:29. (UTC) Gereğini yapmıştım ancak tarafınızca geri alındı. Ve ikincisi kategori silmedim sadece değiştirdim. Bunun konumuzla hiçbir alakası yok. Kişiler üzerine değil, konular üzerine yorum yapın.      Turgut46      ✉ ",0,0.0007248799665831029,0,tr
"Aşağıdaki ölçütleri sağlayan kullanıcılar, hizmetliler tarafından beyaz liste grubuna alınabilir:   En az 7 gün önce oluşturulmuş bir kullanıcı hesabı.   Sizin 1 haftalık uyuyor.   7 veya daha fazla güne yayılmış olan en az 30 değişiklik   Sizin değişiklik sayınız yeterli   5 veya daha fazla madde üzerinde gerçekleştirilmiş en az 20 değişiklik   Farklı maddelere katkı sağlamadığınızı düşünüyorum daha çok çalışın.   En az 5 kez değişiklik özeti kullanımı   Değişiklik özeti kullanmaya özet gösterin değişiklik yaparken ne eklediğinizi belirtmek gibi bir şey.   Değişikliklerinin %3 ünden fazlasının devriyeler/hizmetliler tarafından  eski hâline getir  düğmesiyle geri alınmamış olması   Eklediklerinizin yetkililer tarafından silinmemesi gerek.   Nasıl başvuracağım?   sorusuna gelirsek düzenli çalışıp katkılarınızı düzgün bir şekilde yaparsanız girmeye hak kazanmış olursunuz ben başvuru yaparken 1000 değişikliğim vardı kısaca daha çok çalışmalısınız. Bir hizmetliye mesaj atarak beyaz liste başvurusu yapabilirsiniz.. Aranan Kan (mesaj) ",0,0.0006253660540096462,0,tr
 Bir de Şumnu olsun Şumen olsun Shumen bizim için yanlış. Almanca wiki Schumen yazıyor bizde    Ş    harfi kullanılabilir. Takabeg ,0,0.0012201123172417283,0,tr
Merhaba Aynamahruti. Şurada konu anlatılmış. Benden uzun mesaj veya açıklamalar beklemeyiniz. Vikipedi deki deneyimi yüksek kullanıcılardan fikir beyan etmeleri için bir rica ve güncel bir tartışma başlığı olması sebebiyle de biraz zamana ihtiyaç olacaktır. Konu illaki çözülür.    Vitruvian    (mesaj) ,0,0.0004616175137925893,0,tr
"Acaba site dışı bir yerden konuşabilmemiz mümkün müdür? Böyle çok yavaş oluyor ) IRC idi galiba, ona girebilir misin?Rapsar  Burda da hızlı çalışabiliriz. Takabeg ",0,0.006510278210043907,0,tr
Ben içerik ile ilgilenmiyorum. Konunun doğruluğu hakkında yorum yapmadım hiç. Sadece Vikipedi de barışı korumaya çalışıyorum. Başkalarının fikirlerini silmek onlara saygısızlıktır ve bir saldırıdır. Burada değişik konularda taraflar olabilir. Tartışma ile tarafsız bir yazı elde edilmelidir. Sana göre tarfsız olan şey diğerine göre taraflı olabilir. Konuşarak halletmekten başka bir çare yok. Başkaların mesajlarını silerek bir yere varamazsın. Benim ilgilendiğim kısım o. ,0,0.0006663062958978117,0,tr
Sizi şikayet etmek zorunda kalacağım. bütün oluşturduğum maddelere telif ihlali şablonu koyuyorsunuz. Ayrıca imla kuralları ouygun içerik girişi yapın.Muratsahin ,0,0.02988438494503498,0,tr
"Provokasyon yapma!Türk gazetecilere ateş edenlerin oset olduğu vahiy mi geldi sana gazeteciler bile bilmiyor. Gözünü kaybeden gazetecinin Abhazyalı olduğunu, Akocba sülaesinden olduğunu da biliyor musun?",1,0.300631046295166,0,tr
"müslümanların onemlı yeri olan ve kıbleye dogru yoneldıgımız mescıdı aksanın şimdi israil polisi catısında siğarasını ,içiyor müslüman ülkeler ben musln ulkeumayım dıyor şimdi nerdesiniz uyanın basta turkıye",1,0.7864714860916138,1,tr
"   Bu sayfa, Vikipedi nin silme politikası gereğince silinmeye aday görülmüştür. Lütfen fikirlerinizi    burada    Silinmeye aday sayfalar sayfasında belirtiniz. Sayfa üzerinde değişiklik yapabilirsiniz, fakat lütfen tartışma devam ederken sayfanın içini boşaltmayın veya bu şablonu kaldırmayın. Birleştirme ve isim değiştirme konularında daha fazla bilgi için Hizmetliler için silme yönergeleri sayfasını okuyunuz. Aday sayfa nasıl eklenecek ([ kayıt])",0,0.00035404914524406195,0,tr
"Selam kibele. İstismar ve taciz konusunda sana katılıyorum.  İstismar  genel anlamda bir şeyi kötüye kullanmak veya bir canlıya kötü muamelede bulunmaktır.  Taciz  ise bir diğer kişiye yönelik istenmeyen veya rahatsız edici müdahalelerde bulunmaktır ve bir istismar türüdür. Birleştirilmeleri bence hata olur. Âliye Divan-ı Harb-i Örfi ve Malta Mahkemeleri konusunda emin olmamakla birlikte, sanırım her iki madde de aynı konuyu işliyor. İngilizce de ise birbiriyle bağlantılı ama farklı mahkemelerden bahsediliyor. Tarih konusunda bilgili Vikipedistlere danışmak daha faydalı olabilir. — Pınar (mesaj) ",0,0.0005866963183507323,0,tr
 Ve/veya kullanımın gereksiz olduğunu varsaymak saçma bir düşüncedir. Varsayım diyorum; çünkü bu bir varsayımdır. Ali ile Veli - Ali ve Veli gibi bir anlam olsa makul olabilir.,0,0.18277432024478912,0,tr
   sizi son defa uyarıyorum   . hem bana engel oluyor hem de kendiniz benimle uğraşmak nedeniyle hiçbirşey yapmıyorsunuz. Şikayet sayfasında yer almak mı istiyorsunuz? Benim mesaj sayfama müdahale etmeyin. kendi işinize bakın. Kimeneee,0,0.4045342803001404,0,tr
Artvinin en iyi dönercisi Soner Turhan usta NSS oyuncusu (mesaj) ARtvinin en yi dönercisi tel 0543 153 03 99 ARtvinin en yi dönercisi tel 0543 153 03 99 ARtvinin en yi dönercisi tel 0543 153 03 99 ARtvinin en yi dönercisi tel 0543 153 03 99 ARtvinin en yi dönercisi tel 0543 153 03 99,0,0.0007824859931133687,0,tr
"Merhaba, karaladım birşeyler. Azadagaoglu (mesaj)  Zaman ayırdığınız için çok teşekkürler. İyi çalışmalar. esc2003 (mesaj) ",0,0.0003684852854348719,0,tr
" Hehe, o armaları Sergi Horta diye birisi yapıyor. Varolanlar Commons a onun izniyle yüklenmiş. Bir tane armayı tıklarsan, açıklama sayfasında armaların herbirinin olduğu websitesine bağlantı var. Portekizce Vikipedi de o armalar bulunmuyor. Teşekkürler. Mskyrider   ileti   ",0,0.0010786657221615314,0,tr
"merhaba Sadrettin, Şablon:Ada bilgi kutusu parametreleri içinde Denizi diye bir kısım var, sonradan eklenmiş sanırım, Ben de Gölü parametresini ekledim. Ancak, şablonu kullanan bazı maddelerde, Denizi kısmına eklenen içerik bağlantı linkleriyle eklenmiş. Aslında gerek yok. Bunları botunla düzenleyebilir misin? Teşekkürler. Mskyrider   ileti    örnek: Saint Martin hayra geçer, teşekkürler. Mskyrider   ileti   ",0,0.00032032362651079893,0,tr
"Akademisyen  ve  Bilim adamı  diye iki ayrı kategori olmasının bir anlamı varmı , bence birleştirelim. Bilim adamı daha uygun geliyor bana.Selkem ",0,0.0018120738677680492,0,tr
"İyi günler,(Düşünenadam)Vikipedi bir akademidir. Herkese açık ,soru sormak her insanın en doğal hakkıdır.Sağlıklı gelişmeye engel değil önemli olan bu insanların gelişmesi ve doğruyu bulabilmesidir.Alfebenin ilk sayfasında   Uyu Uyu yat - Yat yat uyu  Sizin gibi düşünenler 85 yıl bu milleti uyuttu... hoşça kalın (İdepikiv@gmail.com",1,0.005389148369431496,0,tr
"Ortada tarafımdan bir yasal tehdit bulunmuyor, bir yorumdan çıkarılan komplo teorileri ve dezenformasyon bulunuyor. Yorum gayet açık ve net: Mskyrider ın açtığı kullanım şartları başlıklı bilgilendirmeye gönderme yaparak ve benim de başıma gelen Metin Feyzioğlu konusuna değinerek yazdım. Diğer madde adı örnekleri ve sıfat konusunda geçmişte yapılan TBA ihlallerinin geleceğe dönük benzer olaylarda IP/veya kayıtlı kullanıcılar için iki kere düşünülmesi gerektiğini ifade ettim. Bu yorumda, Pragdon, Turhan veya kibele ye verilmiş bir ping bağlantısı göremiyorum. Somut olarak ispatlanamayan bir yasal tehdit tehdidi ile karşı karşıyayım ve ben bundan artık ciddi biçimde rahatsızlık duyuyorum. Maurice Flesier message ",0,0.0008944149012677372,0,tr
"Merhaba, Sinema portalındaki sayfada yapılması gereken işlemler kısmında yaptığım güncellemeyi geri almışsınız. Gözden kaçırdığım bir şey var sanırım. Çünkü kaldırdığım başlıklar oluşturulmuş sayfalardı ve güncelliğini yitirmişti. Eklediğim Nijerya Sineması başlığını da eklenmesi gereken sinema tarihi açısından ayrı bir yere sahip olan bir başlık olarak düşündüm. Aydınlatırsanız sevinirim. İyi vikiler )    Pragdon      mesaj     Ben Dünya Sinema Tarihi denince Nijerya sinemasının akla geldiğini hiç duymadım.      Turgut46      ✉ ",0,0.00029423978412523866,0,tr
"Sevgili Kibele, yaptığın değişikliğin taraflı göründüğünü düşünüyorum. Vikipedi de hiç bir kimse için bu şekilde (T.C vatandaşı Kürt) bir ibare kullanmazken burada kullanmamız bence uygunsuz. Kişinin vatandaşlığından bahsedildiği için  Kürt kökenli Türk  denmesi uygun. Bu konuda taviz vermenin bir anlamı yok ki. Kürdistan diye bir ülke, devlet yok. Ya da malesef yok. Olsaydı ve Osman Baydemir Kürdistan devletinin vatandaşı olsaydı, Kürdistan devleti de vatandaşlarını Kürt olarak tanımlasaydı sorun olmazdı; ama Osman Baydemir belediye başkanı olabilmesi için Türkiye Cumhuriyeti vatandaşı olmalıdır, zaten öyledir, Vikipedi de de kişilerin vatandaşlık bilgileri yazılır, herhangi ek bir bilgi belirtilmeden ( vatandaşı  gibi). İngilizce Viki de de böyledir bizde de böyle görünüyor. Kişinin Kürt kökenli olmasının inkar edilemez bir kayda değerlik sağladığına katılıyorum, fakat en nihayetinde  Kürt kökenli Türk  olarak belirtilmek durumunda. Stultiwikia ",0,0.00045697949826717377,0,tr
"Selam. En aktif sizi gördüğüm için sizden rica edeyim. Türkiye Cumhuriyeti Kimlik Kartı ndaki içerik Türkiye Cumhuriyeti Nüfus Cüzdanına aktarıldı ve yönlendirme yapıldı. Fakat ters bir durum oluştu bu sefer. İçeriğin taşındığı maddenin Nüfus cüzdanı ndan  kimlik kartı  olarak, yönlendirme yapılan maddenin de Türkiye Cumhuriyeti Nüfus Cüzdanı olması gerekiyor. Yani çapraz bir taşıma olması lazım. Bilmem anlatabildim mi? Birde sayfa ve tartışma geçmişlerini birleştirebilirmisiniz? Maurice Flesier message ",0,0.0003753827477339655,0,tr
" 100px   CEE Bahar 2015 Uluslararası VikiProjesi davetiyesi    Merhaba, Eğitmen Mahmut   Orta ve Doğu Avrupa    ile ilgili maddeleri belirli standartlara ulaştırmayı, çoğaltmayı, geliştirmeyi ve düzenlemeyi hedefleyen    Uluslararası VikiProjesi    ile ilgilenebileceğinizi düşündüm. Ayrıntılı bilgi için    proje sayfasına bakabilirsiniz   . Projede değerli katkılarınızı görmek dileğiyle şimdiden teşekkürler, iyi çalışmalar. Mavrikantmsj ",0,0.0002973908558487892,0,tr
left|150px Merhaba.Sibel Pamuk sayfasını bir türlü açamadım. www.sibelpamuk.com adresinde biyografiside var lütfen yardım edermisiniz. Kalendira (mesaj) ,0,0.0013429615646600723,0,tr
"Teşekkür ederiz. Kötü niyetli insanlara Dadaşlar asla aman vermez. Köylerin eski isimlerinin ermenice rumca veya kürtçe olmasının ve yayınlanmasının bir önemi yoktur ki kürtçe isim sayısı 100 de 1 dir, bölücülerin bölgede hak iddia etmek için böyle aptalca yollara başvurmalarına izin vermeyiz...",1,0.632257342338562,1,tr
"Yukarıdaki yazımda belirttiğim gibi; Editörlük görevinin, aktiflikten ziyade tecrübeye ve Vikipedi nin işleyiş sistemine olan hakimiyete bağlı olduğunu düşünüyorum. Bunun yanı sıra; yaptığım birçok katkıyı Orta Doğu Teknik Üniversitesi yerleşkesi içerisinde yaşadığımdan dolayı, kullanıcı hesabımı kullanarak değil de, statik IP adresleri üzerinden yapıyorum, çünkü; gün içerisinde değişik bilgisayarlar kullanmam gerekiyor ve bu kullandığım bilgisayarların IP adreslerinin başka kullanıcılara ait olma olasılığı mevcut. Herkese iyi çalışmalar dilerim. Unlimited ",0,0.00032220481080003083,0,tr
 Mrb. Sabri. Eve Dönüş maddesindeki değişikliği geri almışsın; ancak anonim kullanıcı yenlış olan bilgileri doğrusuyla değiştirmiş ) Biraz daha dikkatli olabilirsen iyi olur. İyi çalışmalar...Rapsar ,0,0.002771063009276986,0,tr
"Tarafınıza yapılan uyarıları önemsemeniz gerektiğini hatırlatır, yapılan kritik değişikliklerde kaynak göstermenin çok önemli olduğunu belirtmek isterim. Kuşkuya sebep olmayacak şekilde değişiklikler gerçekleştirmeniz gerekiyor. Bilginize.. Théoden ileti ",0,0.0007870503468438983,0,tr
"Günün fotoğraflarının yayınlandığı kısmının  Günün resmi  yerine  Günün fotoğrafı  şeklinde anılması daha doğru olur diye düşünüyorum. 137.30.122.216  (A. Murat Eren) Sadece fotoğrafral sunulmuyor; grafik, çizim, tablo vb. resimler de sunuluyor.      `NeRVaL       Bu konu daha önce de tartışılmıştı. Ben de düşüncelerimi daha önce de ifade etmiştim ama bu konuda yol alınmadığı ve aynı konu yine tartışıldığı için düşüncelerimi tekrar ifade etmekte yarar görüyorum. Günün resmi ya da Günün fotoğrafı yerine    Günün görüntüsü    gibi genel bir ifade her türlü görüntüyü (fotoğraf, resim, şekil, grafik, çizim, tablo vb.) kapsamış olacağından yanlış anlaşılmalara yol açmaz. Dreamer  Aslında resim kelimesi burada istenen manayı verirken, görüntü kelimesi tam olarak vermiyor. Süleyman Habib  TDK ye göre evet. Ancak görüntü tanımları bence son derece eksik. Sadece gösterge olarak, bu alandaki hiç bir uzmanın (kendim dahil)  resim işleme  den söz ettiğini duymazsın. Nedeni de    her tür    görüntü işlendiğinden  resim  in kısıtlı kalıyor olması sözcük olarak. Dolayısıyla günün görüntüsü bence daha uygun. - Erhan  Anasayfa da bulunan İngiliz Tipi Piyano Mekanizması daha önce vardı!?Niçin Ana sayfa da bu resim 2 kez kullanılmış?",0,0.0006265329429879785,0,tr
"Hâlâ ısrar ediyorsunuz. Çerkes Sürgününde Kabartay ve Bjeduh Çerkezlerinden Osetlere ve Karaçay-Balkar Türklerine kadar Kafkasya daki Müslüman nüfusun epeyce bir kısmı Anadolu ya göç ettirilmiştir. Bugün hangi Çerkese giderseniz gidin size yerlilerle olan kavgalarını ve hüsumetleri anlatacaktır. Dediğim gibi, bunlar etnik değil ekonomik temelli dışlamalardır. Her ikisi de Türk olan yerliler ile göçmenler arasında da anlattığınızın birebir aynısı olan olaylar vukuu bulmuştur ve bunları  etnik temelli  göstermek gerçeklikten uzak etnosentrik yaklaşımlardır. Bana söylediğiniz  gönlünüz olsun vatanı kurtardınız gözünüz aydın  sözü Vikipedi:Kişisel saldırılar yasaktır olarak da görülebilse de ben Vikipedi:İyi niyet varsayın olarak algılıyorum ve de kaynaksız bilgiyi çıkartmanızla vatan kurtulmaz, eklemenizle de vatan bölünmez. Çıkardığınız bilgiyi kaynaklandırdığınız (Vikipedi:Güvenilir kaynaklar) zaman maddeye eklenmesinin zararı değil, faydası vardır. Kmoksy ",0,0.0008966142195276916,0,tr
"25px|alt=Bilgilendirme simgesi Merhaba, ben . Bilmeni isterim ki :Ermeni Kırımı adlı maddeye yaptığın dan birini ya da birkaçını geri aldım. Çünkü yapıcı değişiklikler değillerdi. Eğer deneme yapmak istiyorsan, lütfen Deneme tahtasını kullan. Eğer hatalı olduğumu düşünüyorsan veya sormak istediğin bir soru varsa aracılığıyla benimle iletişime geçebilirsin. Teşekkürler! Kapıyıaç (mesaj)    Eğer bu paylaşılan bir IP adresi ise ve değişikliği siz yapmadıysanız ileride değişikliklerinizle alakasız bildirimler almamak için size ait bir hesap açabilirsiniz.",0,0.0011439054505899549,0,tr
"Bilindiği gibi Hz.İbrahim in iki oğlu (Hz.İsmail ve Hz.İshak) sırasıyla Arapların ve İsraillilerin atası. M.Ö. 18.yüzyılda Bağdat civarında, Ur da yaşadıkları tahmin ediliyor. Daha sonraki yüzlerce tüm peygamber de aynı kavimden çıkıyor. Yani Araplarla İsrailliler, kabul etmesi zor da olsa, aynı (veya kardeş) kavimler esasında. Kimi dinbilimcilere göre Hıristiyanlık, Yahudiliğin M.S. 1. yüzyılda Roma İmparatorluğu istilası sırasında Roma ve Yunan kültürlerine adapte olmuş, daha sonraki yüzyıllarda da Orta ve Kuzey Avrupa ya yayılmış türevi. Müslümanlık ise Yahudiliğin 6.-7. yüzyıllarda Arap Bedevilerine uyarlanmış şekli. Bu iki dinin adetlerinin birbirine bu kadar benzemesi tesadüf olamaz (erkeklerin sünneti, domuz eti ve alkol yasağı, başa giyilen takke, çok benzeyen cenaze adetleri vb.). Yani aslında üçü de aynı din. İçlerinde Yahudilik en eskisi. Üçü de bu derece birbirleriyle akrabaysalar peki nasıl oluyor da birbirlerine bu kadar düşman olabiliyorlar? Kesinlikle din felsefesindeki farklardan dolayı değil.. Orta Çağ da din ve siyasetin içiçe ve aynı şey olduğu malum.. Doğu ile Batı (Şark ile Avrupa) hep birbirlerine tahakküm kurmak istemiş, hükümdarlar da büyük halk kitlelerini en kolay  Tanrı adına  savaşa yollamışlar (Haçlılar vs.). Yani ezeli düşmanlığın sebebi felsefi farklar değil, sarışın Avrupa ile esmer Ortadoğu nun birbirlerine diş geçirme ihtirası. Saygılar Touristguide ",0,0.006671783979982138,0,tr
Merhaba. {{Hoş geldin}} şablonunu yeni üyelerimize koyuyorum fakat otomatik imza atmıyor aksine aşağıya ~~~~ koyuyor ve bu rahatsız edici.Bunu düzeltebilir miyiz?Eğer düzeltilemiyor ise bana önerebileceğiniz başka hoşgeldin şablonu var mı?Çünkü güzel bir şablon bulamadım en iyi şablon bu bana göre.Şimdiden teşekkürler    King EdizS!       Efendim?    ,0,0.0013145373668521643,0,tr
"İnternet taslak şablon maddesine sil şablonu ekledim. Nedeni ise, bu şablonun İnternet-taslak şeklinde zaten var olması. Ama sil şablonu eklediğim şablonun kullanımda bulunduğu sayfalar var mı bilmiyorum. Yine de sen bir ilgilenebilir misin? Çift şablon olduğunu görünce yerleştirdim ama belki de silme şablonu koymamak gerekiyor, bilemiyorum. Kolay gelsin.    Arinna l    ileti  Bukadar çok dostumun olduğu biryeri saçma nedenlerden dolayı terk etmek aptallık olucak gibime gelmeye başladı. Dediğiniz gibi ben bi mola yapıym en iyisi. Daha yapılacak çook şeyler varken gitmek olmaz ki zaten. Gerçekten harikasınız. Yönetici seçimini de kutlarım bu arada. İyi çalışmalar. Selamlar    Erdall    ",0,0.0068272813223302364,0,tr
"Merhabalar. Veri maddesinde İngilizce karşılığı olarak  datum  yazmışsınız; ancak İngilizcesini  data  olarak bildiğim için konuyla ilgili size danışmak istedim.  -um  ile biten kelimeler genellikle Latince kökenli oluyor, Almanca ise  Datum ,  tarih  demek. O nedenle belki yanlışlıkla o şekilde yazmışsınızdır diye düşünerek teyit etmek istedim. Katkılarınız için teşekkürler, iyi çalışmalar. Utku TanrıvereMesaj ",0,0.00027492790832184255,0,tr
" 45x45px|left Vikipedi kurallarına aykırı hareketleriniz nedeniyle, değişiklik yapmanıza bir süre için izin verilmiyor. Eğer yararlı katkılarda bulunmak isterseniz, engellenme sürenizin sonunda tekrar geri gelebilirsiniz. Manco Capac ⇨   ⌨    ",0,0.0005491650081239641,0,tr
türklerin herşeyleri gibi faşizmleride osuruktan. Almanlar çingeneleri yok etmişken tüler bizi edememiş bunu geçtik durm tersine dönüp biz akp ile ittifak kurup kemalistleri fahri olarak soykırıma uğratmışızdır:) nedni ise basit a)türk faşizmi gelişmiş değil sömürge ülked hkim olan faşizmdir. b)türkler hint avrupalı değil ve anadoluya sonradan gelmedirler. c)kürtler diaspora değildir.aksine ülkeleri işgal altındadır.türklerden önce medler olarak bilinen anadolu uygarlığına dayanırlar.oysa çingeneler yahudilere benzer olarak pek çok avrupa ülkesinde diaspora yaşam sürdüren topluluklardı. d)roman topluluklar hint-dravidyan nadir olarak beyaz çoğunlukla açık kahve ve koyu kahve renkli olup ari ırkın kıstaslarına uymazlar.ayrıca yüz mimik ve şekilleride güney hintlilerininkine benzer. Oysa biz safkan beyaz ırktan farstırız. Perslerin antropolojik özellikleri güney avrupa ile hemen hemen aynıdır. Ama içinde bulunduğu sarı ırktan hoşnutsuz olan türkler ve türk seviciler iran ve hint kültürleri arasındaki yakınlığı suistimal ederel bizi romanlarla kıyaslama çabasına girişirler.amaçları ilkel sömürge tipi faşizmi sürekli kılmaktır. e)romanlarla birlikte aynı kategoriye sokulabilecek iki etnik grup türkler zenciler ve araplardır. Coğrafi konjuntürün avrupadakiyle ters işlemesinedeniyle türk ve arap egemenliği hakim olmuştur.88.227.14.112 ,1,0.5575132966041565,1,tr
yaptıklarının bedelini ödeyeceksin bu gece epeyi uzuca bir gece olacak kendine iyi korumalar seç bu korumalar şimdiye kadar seni koruyamadı. bu olanlar hep senin pisliklerin ve islama saldırmaların yüzünden oluyor bakalım islama sldırı için Cumhuriyetten haber toplayı madde yazmak neymiş göreceksin bu gece uyuma bundan sonra hiç uyuma seni kimse koruyamaz sen başlattın.85.107.162.116 ,1,0.826741099357605,1,tr
"Şu ve türevleri cümleler ansiklopedik bir maddede yer alamaz;   Northel Elektromekanik şirketinden gelen temel birikim ile     şebekeye Türkiye’de en yüksek yerli üretim teşvik rakamı olan 11 USD Cent/kWh tan elektrik satma hakkını kazanmıştır     Northel Enerji, teknoloji üreten bir firma olarak Türkiye’nin mevcut konjonktürünü analiz etmiş....   Firma hakkında genel bilgiler zaten verilmiş, kurucusu, yaptığı işler, örnek çalışmalar zaten yazmakta.  Türkiye’nin mevcut konjonktürünü analiz etmiş  gibi Özgün araştırma kapsamında değerlendirilecek sıfat tamlamaları,  xx hakkı kazanmıştır  gibi göreceli kavramlar, hemen göze batmakta. Bunlar olmadan da madde gayet güzel duruyor. Bu sebeple bu değişikliği gerçekleştirdim. Ahmet Turhan (mesaj) ",0,0.00033098316635005176,0,tr
"slm infocan, Bart Simpson maddesinde  Kişiliği  ile  Rol modeli olarak Bart  başlıkları hâlâ İngilizce. Benim İngilizcem onları iyi bir şekilde çevirmeye yetmediği için çeviremedim, Yabancı da yoğun olduğu için çevirmeye zamanı yok (tahminim). Acaba siz çeviri de yardım edebilir misiniz? Aşkım da değişebilir gerçeklerim de  Merhaba Hedda. Eski kullanıcı isminizi tekrar güle güle kullanın. Bart Simpson u daha yeni bakmaya fırsatım oldu. İşte çevirim: [kopyalamışsınız, kalabalık yapmasın diye sildim] İnfoCan ▀  Kişiliği bölümünü de çevirdim. Ama iç bağlantılar ve kaynakça şablonlarına dikkat etmedim, bir kalite kontrolü gerekiyor. İnfoCan ▀ ",0,0.0007511398871429265,0,tr
Selam. Geçen gün konuştuğumuz meseleyi şu şekilde aktarıyorum. Hepsi Bulgarca (hatalar vardır:). Aslında Osmanlı araştıracak olan arkadaşlarımız için ikisini de yazılması faydalı olduğu ortadadır. Fakat günümüzdeki yerleşimi anlatan bir madde olarak sizce hangisilerde Türkçe adı kullanılmalıyız? Takabeg  Bulgaristan ın illeri 58px|Bulgaristan Haritası 1. Blagoyevgrad| 2. Gurgas| 3. Dobrich | 4. Gabrovo | 5. Haskovo | 6. Kardzhali| 7. Kyustendil 8. Levech| 9. Montana| 10. Pazardzhik | 11. Pernik | 12. Pleven | 13. Plovdiv| 14. Razgrad 15. Ruse| 16. Shumen| 17. Silistra | 18. Sliven | 19. Smolyan | 20. Sofya (şehir)| 21. Sofya 22. Stara Zagora| 23. Targovishte| 24. 28. YamboluVarna | 25. Veliko Tarnovo | 26. Vidin | 27. Vratsa| Bulgaristan illeri,0,0.0003033725661225617,0,tr
Sadece merakımdan soruyorum. Eğer bugün madde aday gösterileli 15 gün olsaydı dadylığı kapatır mıydınız? Kapatmazsanız ne zamana kadar uzatırdınız? Neden? (bizim 3. sınıf Türkçe kitaplarındaki sorulara benzedi biraz)   ѕησω ωнιтє qυєєη    18px    ιℓєтι ,0,0.0018907998455688357,0,tr
"Hanımmı dır? vecibelere göre cevap mahdudidir, mahcubidir huzursuz ölmüştür kimsesizdir saradabilir sardıradabilir, bilinçsizdir buzağlara hilm verir, ancak çok kindardır, dikkat etmek gerekir. (85.108.83.84 Rus albino mitini kanıktım)",0,0.2580620348453522,0,tr
"Merhaba Bilgen, İbrahim Tatlıses albümlerini girdiğini gördüm, şarkı sözlerinin Vikipedi`de yer alması telif hakkına aykırı. Mesela İngilizce Vikipedi`de yer alan Yesterday maddesi şarkı hakkında birçok bilgi içermekteyken şarkı sözlerini içermiyor. Discussion bölümünde bu konu tartışılmış. Henüz yolun başındayken uyarmak istedim ). Başta ben de aynı hataya düşmüştüm ve birkaç Müslüm Gürses parçasının şarkı sözünü Vikipedi`ye eklemiştim fakat kaldıracağım. Kolay gelsin. 16 ",0,0.0004783259646501392,0,tr
"Merhaba 78.191.95.213, Oluşturmuş olduğunuz Bosch servisi adlı sayfa, Vikipedi nin hızlı silme kriterlerinden g11 uyarınca silinmeye aday gösterilmiştir. Sayfanın silinmeye neden aday gösterildiği ile ilgili daha fazla bilgi almak için, ilgili kriterde verilen açıklamaları okumanız önerilir. Bu uyarıyı gördüğünüzde sayfa silinmiş olabilir. Eğer sayfanızı bulamıyorsanız silme kayıtlarını kontrol edebilir ve sayfayı silen hizmetli ile irtibata geçebilirsiniz. Nooneas ",0,0.0003468307841103524,0,tr
sonsuz altınların bekçisi!! bu şablon:TI nedir? mesaj sayfama konu başlıkları tablosunu nasıl koyarım. Yoksa beni yine sabahki gibi ateşinle tehdit mi edeceksin? ),1,0.37605932354927063,0,tr
Senin cahil bir zaat olduğun yazdıklarından belli.Kardeşim Azerilerin Türk olmadığını bu zamana kadar kim söylemiş? Azeriler Türktür ve 2000 yıl önce şimdiki Azerbaycana yerleşmişlerdir.Peki azeriler neden TÜrkçe konuşur bunu düşündünmü? Genetik araştırmalar sonucunda azerilerin Türk olduğu zaten ıspatlanmıştır.Azerilerin zaten kendileride Türk olduklarını söylerler.Sadece rus komünizminden etkilenmiş Azeriler biz Türk değiliz der.Türkiyede yaşayan azeriler örneğin Erzurumlu Dadaşlar azınlık olarak algılanmaz.Lafımızı bilelim ve öyle konuşalım.,1,0.9177696108818054,1,tr
"Merhabalar. Vikipedide isimleri yazarken ünvanlarını kullanmıyoruz, Vikipedi:Adlandırma kuralları sayfasında ayrıntılı bilgiyi edinebilirsiniz. Mesela Yavuz Sultan Selim yerine I. Selim diyoruz. Ayrıca maddeleri yazarken vikipedi kurallarına uygun dilde eklemenizi salık veririm. Bunun için maddeleri tarafsızca, doğrulanabilir ve özgün araştırma olmayacak şekilde yazmanız gerekiyor, ayrıntılı bilgileri mavi gözüken linklerin üzerine tıklayarak ulaşacağınız sayfalarda görebilirsiniz. Ayrıca maddelerinizi genel viki düzenine de uygun şekilde yazmanızı rica ederim, ayrıntılı bilgi için bakınız: Vikipedi:Biçem el kitabı. Sorunlarınız olursa çekinmeden sorun lütfen, elimden geldiğince yardımcı olmaya çalışırım aynı şekilde her vikipedist elinden geldiğince yardımcı olmaya çalışacaktır emin olun. İyi vikiler dilerim   Merube 89        msj       Vikipedi:Madde",0,0.00022017724404577166,0,tr
"Aslında Benim Söylemeye Çalıştığım şey Yaptığım Değişikliğin Sayfa Tarafından kabul edilmemesi. Yani Nasıl anlatsam? sayfadaki normal yazılar bir paragraf halinde görünürken benim yaptığım bilgi eklendileri dümdüz sanki hiç etiekti koymamışsınız gibi tek satırda ilerliyor. durumdan hoşlanmadığım için de kaydetmedim / umarım anlatabilmişimdir Cagan12 (mesaj) 19:44, 18 Haziran",0,0.0011162693845108151,0,tr
"Bugun 20 dk önce kaydolan bir kullanıcı için babil kutularını görmesi erken olmazmı? Ayrıca yeni şablonlar oluşturması.   Captain Bradley     Kopyalamıştır herhalde. Ama hangi kullanıcı ? Takabeg  Günaydın  kaptan , hava perdesi resmini commons a yüklemek istediğimde ordaki kullanıcı adımın değişmediğini gördüm. Ben de eski adımla yükledim ama nasılsa burda da aynı isme geçmişim, ilginç. Tam sen yazmadan hemen önce farkettim. Düzeltmek lazım commons ta. İyi çalışmalar.  Patroller özelliği, yeni maddelerin kontroluna yarıyordu sanırım. Ancak şimdi size vermeye kalktığımda bu özelliğin aktif olmadığını gördüm. Bilen birine soralım. ",0,0.0004253137158229947,0,tr
"25px|alt=Bilgilendirme simgesi Merhaba, ben . Gördüğüm kadarıyla yaşayan (ya da yakında ölmüş) birinin biyografisinde(:Ferdi Tayfur (müzisyen)) değişiklik yaptın fakat bu değişiklik güvenilir bir kaynağa dayanmıyordu. Bu nedenle değişikliği sildim. Vikipedi nin yaşayan insanların biyografilerinin hazırlanması konusunda kesin kuralları vardır. Bu tür maddelerin yanlış bilgi içermemesi için bize yardım et. Eğer hatalı olduğumu düşünüyorsan veya sormak istediğin bir soru varsa aracılığıyla benimle iletişime geçebilirsin. Teşekkürler!    Eğer bu paylaşılan bir IP adresi ise ve değişikliği siz yapmadıysanız ileride değişikliklerinizle alakasız bildirimler almamak için size ait bir hesap açabilirsiniz.",0,0.0004148168081883341,0,tr
Peki o zaman... istek maddelerinden vakit kalırsa hali hazırdaki bilgilerle Abravanel in giridilerini birleştirmeye çalışıp (detaylı okumadım o yüzden bilmiyorum ama varsa) kişisel görüşleri kaldırıp birleştiririm... Rodos kan ifitirası hakkındaki fact leri gördüm ama bu bilgilerin kaynakları bende maalesef yok; acikcasi ingilizce seckin ve baska iki dilde kaliteli olan bir maddenin turkcede KM secilmemesi uzucu olacaktır ama elden ne gelir. Kolay gelsin    Iggydarsa     mesaj   ,0,0.004176855552941561,0,tr
" Merhaba. RTE maddesinin malvarlığı kısmını Amerika Birleşik Devletleri diplomatik belge sızıntısı maddesine aktardım, sanırım böylesi daha uygun. İyi çalışmalar. 82 ~145 ileti  merhaba, aslında o maddede de, türkiye nin ağırlığı çok fazla. ama yine de kişi maddelerinde olmasından iyidir. kolay gelsin.    ki      bl   ",0,0.0015342648839578032,0,tr
"90px    RESİM YÜKLEME UYARISI!       Lisans (telif) ve/veya kaynak bilgisi eksik veya yanlış resim(ler) yüklediniz!   . Vikipedi olarak telif haklarına en üst seviyede önem vermekteyiz. Vikipedide kullanılabilecek bir lisans ve kaynak bilgisine sahip olmayan ya da bu bilgileri yanlış girilmiş olan resimler silinmektedir. Yüklemiş olduğunuz resmin ya da resimlerin lisans ve kaynak bilgileri vikipedi telif hakları kurallarına uygun ise lütfen bu bilgileri ekleyiniz ya da değiştiriniz. Aksi taktirde yuklediğiniz resim(ler) silinecektir.   Daha detaylı bilgi için aşağıdaki bağlantılardan bilgi edinebilir ya da bu konuda deneyimli bir kullanıcıya danışabilirsiniz:   Resim Kullanım Politikası - Resim Telif Etiketleri - Telif Hakları (genel) - Telif hakları (SSS) - GNU Özgür Belgeleme Lisansı    Yabancı     msj    Merhaba. Yüklediğiniz resmin kaynağı bir internet sitesiyse, adresi url cinsinden yani tıklandığında resmin çıkacağı şekilde yazmanız gerekir. Eğer kendiniz taradıysanız, kaynak kısmına    kendim taradım    benzeri bir ifade yazmanız sorunu çözecektir. Kolay gelsin.    Yabancı     msj   ",0,0.0005505058798007667,0,tr
Merhaba hobbit sana bunu söyleme gereği duydum. Basketbolcu bilgi kutusunda Euroleague renkleri yoktu ve Nba bilgi kutusundan bi kaç alıntı ve NBA Color sayfasından bi düzenleme yaparak Euroleague Color sayfasını düzenledim ve uzun süren çabalarımın sayesinde bunu başardım. Vassilis Spanoulis sayfasında mesela Renkler böyle oldu fakat bi sorun var. Çoğu basketbolcunun profili eski basketbolcu bilgi kutusu en son senın yaptığın değişikliğe olduğu için öle yani bozuk kaldı. Bu konuda napılması gerek sana bi danışayım dedim iyi vikiler.    Gençfenerbahçeli98    ,0,0.003465173300355673,0,tr
"Haklısınız, fakat oradaki soru işareti doğum tarihinin kesin olarak bilinmediğine işaret ediyordu. Erol Budan ağır arabeskçiler tarafından tanınan biri fakat Internet`te kendisi hakkında bilgi bulmak oldukça zor. Bir gün bir IP geldi ve Tekirdağ 1961 yazdı, ben de doğru olabileceğini düşündüm, fakat yanına da  ?  koydum ki kesin olmadığını belirtmek için. Nitekim bir yere de doğrulatamadım. O yüzdendi, ilginize teşekkürler. 16 ",0,0.00038199336268007755,0,tr
"Selamlar. Ziynet Sali maddesindeki web kaynaklarının arşivlemesini bot ile yapabilmen mümkün müdür? Yapamadığı olursa ben elle yapayım ) İyi günler.RapsarEfendim? 16.55, 8 Ekim 2018 (UTC)",0,0.0011643015313893557,0,tr
"Maddelerde değişiklik yaparken, lütfen    tarafsız bir bakış açısıyla    ve ansiklopedik bir dilde yazmaya özen gösterin. Maddelere imza atmayınız, maddelerde reklam yapmayınız, e-posta ve telefon numarası gibi özel bilgilerinizi paylaşmayınız. Kendinizi tanıtabilmek için kullanıcı sayfanızda    Babil    şablonlarını kullanabilirsiniz. Kullanıcılarla mesajlaşırken lütfen nezaket kurallarını unutmayın, herkesin aynen sizin gibi Vikipedi yi geliştirmek amacıyla katkıda bulunduğunu ve iyi niyetli olduğunu varsayın.    Beş temel taş   ,    imza kullanımı   ,    cesur ol   ,    engelleme politikası   ,    oy kullanımı    politika ve yönergelerini mutlaka okuyun. Aynı kişiye ait birden fazla hesabın ya da farklı kişilere ait olsa bile birden fazla hesabın tartışmalarda avantaj sağlamak amacıyla birlikte hareket etmesinin    kuklacılık    olarak değerlendirileceğini ve bunun yasak olduğunu unutmayın. Politika ve yönergeleri okuduysanız, değişiklik yapmayı ve Vikipedi de neler yapabileceğinizi artık biliyorsanız    cesur olun    ve değişiklik yapmaya başlayın!...    Haydi kolay gelsin!    ~Tarkovsky~ ",0,0.0005914304056204855,0,tr
" 50x50px|left Bilgilenmeyle doğrudan ilgisi olmayan, ansiklopedik değer taşımayan içerikler    reklam    olarak algılanabilir. Vikipedi’de reklam yapmak yasaktır. Ticari olsun ya da olmasın, ısrarla bu tip maddeler/içerik eklemeye devam ederseniz, bu davranışınız    vandalizm    olarak algılanabilir ve    engellenebilirsiniz   . Lütfen bu tür içerik eklemeyiniz. Levent Abi ileti            ",0,0.0011711171828210354,0,tr
kibele başına gelenleri duyduk. her genç kızın başına gelebilir. sabırlar diliyoruz. tecavüzden kacınılacaksa bari zevk almaya bak derler. sende zevk almaya bak. kim ne istiyorsa ver. nasılsa sendeki am geniş. bir sakıncas olmaz. bilgisayar karşısında masturbasyon yapcağına bari gercek sik girsin. sevgiler ve iyi çalışmalar.    kibele     mesaj  ,1,0.9827573299407959,1,tr
PKK YININ YAPTIKLARINI ASLA UNUTMAYIZ CUNKU O KANLI ELLERINI KIRACAGIZ YASSIN TC TI SIZLER SADECE BOYLE KONUSURSUNUZ AM ATURK ASKERINI GORUNCE KACARSINIZ BIZLER SAVUNACAGIZ TC ASLA SIZLER BOLEMEYECEKSINIZ,1,0.9556285738945007,1,tr
" 200px    Sovyetler Birliği Ayın İşbirliği Daveti    right|150px İyi günler, iyi Vikiler.Sovyetler Birliği ile ilişkili konularda katkı sağlamayı amaçlayan VikiProje Sovyetler Birliği projesi kapsamında her ay tekrarlanan    Sovyetler Birliği İşbirliği Projesine    davetlisiniz. Bu ayın proje konusu    Sovyet Sosyalist Cumhuriyetler Birliği nin özerk cumhuriyetleri şablonundaki kırmızı bağlantılı maddelerin oluşturulması    olarak belirlenmiştir. Her ay planlı bir şekilde Sovyetler Birliği ile ilişkin farklı bir hedefe odaklanan işbirliği projesinin bu ay ki ayağına siz de katılım sağlayın. Projeye katılmak için proje sayfasının en altında yer alan katılımcılar bölümüne isminizi eklemeniz yeterli. Proje kapsamında verilen pek çok ödül sizi bekliyor. Ayrıca anket ve oylamalara katılarak gelecek işbirliği projeleri için öneri ve görüş bildirebilirsiniz. Şimdiden iyi çalışmalar, bol Vikiler! MediaWiki message delivery (mesaj) ",0,0.0002979791897814721,0,tr
Sanırım orada ben bir hata yaptım prosedürü tam olarak okumadan mesaj yazdım. Siz doğru olanı yaptınız. Saygılarımlanosferatü ,0,0.0017376983305439353,0,tr
Merhaba! Oluşturmuş olduğunuz Mehmet Ali Gümüş (oyuncu) maddesi    Düzen ve ansiklopedik olmaması gerekçesiyle   tarafımdan silinmesi için işaretlenmiştir. Eğer maddenin kayda değerlik kriterlerini sağladığını düşünüyorsanız lütfen maddeyi geliştirmeye devam ediniz. Aklınıza takılan her soru için mesaj sayfamdan benimle iletişime geçebilirsiniz. Teşekkürler iyi vikiler! chansey Mesaj ,0,0.0004446661623660475,0,tr
Aslında doğru söylüyorsun. Bana göre de mevcut madde adında bir değişikliğe gidilebilir gibi geliyor. Zaten fenerbahce.org sitesinde de Fenerbahçe Futbol A.Ş. ve Fenerbahçe Profesyonel A Takımı şeklinde tanımlanıyor. Açıkçası bu konuda maddenin tartışma sayfasında bir tartışma başlatılabilir ve öneriler sıralanabilir. O halde açtığım maddenin adı şimdilik bu şekilde kalsın. Madde adı değişikliği olursa bu gibi maddeleri de uyarlarız artık. Açıkçası biraz daKategori:Fenerbahçeli futbolcular ve Şablon:Fenerbahçe SK deki farklı adlandırmalar beni tereddüte düşürdü. Keşke futbol şubesinin adı Fenerbahçe FK olsaydı da bu gibi sıkıntılar yaşanmasaydı:) Beyazmavi ileti ,0,0.00032619095873087645,0,tr
"....namaz kılmayan kişi fasık kabul edilir, şahitliği kabul edilmez, dövülür veya hapsedilir. Kılmamakta ısrar eden öldürülür.... Yazmakta, oyleyse Turkiye de musluman yok neticesi ortaya cikar... 68.100.170.227 ",1,0.6708862781524658,1,tr
"Aslına bakılırsa bazı maddelerin başlatılış şekli Azerbaycanlı adı altında yapmıştım. Yani geriye döndürmek diye bir şey söz konusu değil çoğu için. Şu ana dek Azeri adıyla olan kategoriler hızlı sile tabi tutulmadı. Azerbaycanlı yerine Azeri adıyla karşılıklarını açmak gerekiyor. esc2003  (Angolalı nın, Angolalıların) bu şekilde değil mi? Tekil hal eki alınca kesmeyle ayırıyoruz, çoğulken ayırmıyoruz. esc2003  Cümle içerisinde tarif ederseniz anlayacağım galiba, TDK daki örnekler anlattığınız şekilde değil çünkü. esc2003  Yani Coğrafyada olduğu gibi mi? esc2003  Peki esc2003 ",0,0.0003925477503798902,0,tr
"Selam bi sayfa üzerinde çalışıyorum. Tablo oluşturabilirsem daha faydalı olacağım sanırım. Ama değişiklik sayfasındaki butonun en sonunda tableau diye bişey var. Fakat bi türlü kullanamıyorum. Yardımcı olabilirsen sevinirim. Maderibeyza  Selam Maderibeyza, ben o baglantiyi hic kullanmadim, genelde kalsik html tablo kodunu kullaniyorum. Kullanmasi zor da degil, biraz dikkat gerektiriyor ancak guzel sonuc aliniyor (renklerle oynayabilirsin). Asagida bir 3 x 3 matriksli ornegi ve kodunu gosteriyorum. Herhalde sordugun bu olmali; kolay gelsin. Citrat    PISA puanları   Türkiye Japonya   592 puan ve üstü   %4 %36  500-592 puan arası   %12 %34  499 puan ve altı   %84 %30   PISA puanları   Türkiye Japonya   592 puan ve üstü   %4 %36  500-592 puan arası   %12 %34  499 puan ve altı   %84 %30 Teşekkür ederim. Güzel oldu. Boş bi vaktimde geliştirmeye çalışıcam. Çalıştığım sayfa Kolloid bi göz at istersen.. Maderibeyza  Guzel olmus elinize saglik, bir iki yerine viki kodlari ekledim bende renklendi. Kolay gelsin, Citrat  yardım çoktan gelmiş zaten. ) kolay gelsin.    kibele     mesaj   ",0,0.0004557094944175333,0,tr
İfadem biraz sert olduysa kusura bakma. Doğrusu Descartes da o yüzden imla hatası diye değiştirip yanlışını girmem garibime gitti de... Mskyrider ,0,0.1011781170964241,0,tr
"Hangi linki eklediğini bilemiyorum. Ancak   blacklist   konusunda çok titiz davranılıyor. Bu sayfayı incelemeni tavsiye ederim. Bir sorun olursa yaz, kolay gelsin.Gökhan ",0,0.0011746594682335854,0,tr
Bu haftaki işbirliği projesine katılmayı düşünüyorum. İlk kez katılıyorum. Kendi proje sayfanızı oluşturur musunuz? Onu örnek alarak ben de bir proje sayfası açacağım. Teşekkürler. Sultan Galiyev (mesaj) ,0,0.00033573401742614806,0,tr
" Bu kararı alış nedenlerinizi bilmemekle birlikte saygı duyuyorum. Ancak, bunun Vikipedi için ağır bir kayıp olacağını siz de biliyor olmalısınız. Tüm içtenliğimle, kararınızı yeniden gözden geçirmenizi rica ediyorum. Saygılarımla. Makedon ",0,0.0004876325838267803,0,tr
"Josef değil, Joseph tir. Soyisminizden anlaşıldığı kadarıyla Faşist olmanızdan mütevellit şeyleri enternasyonal bir lisan olan İngilizce ile ifade etmekten korkuyorsunuz.95.7.248.60 ",0,0.42795318365097046,0,tr
Selam. Eklediğiniz resimler gerçekten sizin eseriniz mi? Milesbroke  Evet ben maça gitdiğimde tribünden çekiyorum ama sadece Arena da oynanan maçlarda çekebiliyorum. ultrAslansi Fanatiksin herhalde ) Milesbroke  Evet çok ) Deplasmana gelen takımları da çekmeye çalışıyoru çünkü vikipedide fotoğraf sorunu var. Kimse çekip yüklemiyor. ULTRASLANSİ  Ben de Galatasaraylıyım ama fanatik olamıyorum bir türlü ) Ha birde mesajları mesaj sayfama atarsan daha iyi olur. Çünkü böyle zor oluyor. Milesbroke  Tamam eyv. beni takibe devam... ) İşimiz bu ) Milesbroke ,0,0.0046732802875339985,0,tr
" 175px   VikiProje Siyaset Ayın İşbirliği    İyi günler, iyi Vikiler. VikiProje Siyaset in yeni 1-31 Ağustos 2016 tarihleri arasındaki işbirliği projesi:    Resim aranan siyasetçiler kategorisindeki maddelere görsel ekleme    olarak belirlenmiştir. Resim aranan siyasetçiler kategorisinde an itibariyle 4.151 madde bulunmakta. Burada yer alan maddelere resim eklenmesi gerekmekte. Katılımlarınızı bekliyorum.   Daha fazla bilgi ve katılım için      TIKLAYIN.    Ahmet Turhan (mesaj)  (UTC)",0,0.000271561584668234,0,tr
Hatirlattiginiz icin tesekkurler. Brecht in mesaji tamamen aklimdan cikmis. Birazdan gozden gecirip yorumumu yazacagim. Iyi calismalar. ,0,0.011347159743309021,0,tr
siz merak etmeyin bakalın kim rahatsız olacak açtığınız maddeleri başınıza yıkarım bu ansiklopediyi islam düşmanlığınızdan dolayı danimarka sitelerine döndürmek istiyorsunuz her halde bu akşam size sürprizlerim var bekleyin sizin islam düşmanlığınızın burarını ne hale getireceğini görün.81.213.66.44 ,1,0.466569721698761,0,tr
"   One Direction, beş üyeden oluşan, aptalların müzik grubu dediği fakat sadece bütün insanların kulak zarlarını patlatmak için bir araya gelmiş olan bir tarikattır.    Pardon bu ne? siz nasıl hem One Direction a hem de Directionersa hakaret edersiniz? Pardon ama vikipedi amacınız nefret kazanmak mı? 95.10.103.97  DIRECTIONER",1,0.8769499063491821,1,tr
"Şuradaki değişiklikte anlaşamıyoruz. Hak arıyor, insanlara bilgi veriyorum. Altına imzasız resim koymaktaki ısrar neden olabilir? Son hafta iki kere engellendiğim için bu yanlışlığa daha fazla müdahale edemeyeceğim. İlgili kullanıcı engel sebebimi vurgulamak için bunu yapıyor olabilir. Politikalar uğruna, sorumsuzlara meydan vermeli miyiz? İlgilenirseniz çok iyi olur. Teşekkürler.     Kafkasmurat     - ",0,0.003410706762224436,0,tr
Öyle de olabilir; şahsın ortaya koyduğu dini yaklaşıma hangi ifade daha yakınsa o olsun - yeter ki ifadeler ansiklopedik tarzda ve saldırgan veya taraflı olarak nitelenemeyecek şekilde olsun. - Noumenon   mesaj    katkılar   ,0,0.0006517404108308256,0,tr
Pornokrasi başlığına linklenmeli. Gerçi bu sapık maddeyi daha bilimsel olarak ele alıp eleştiren bir yazı asılmalıydı.95.7.150.45 ,1,0.41452834010124207,0,tr
"Maddelerde değişiklik yaparken, lütfen    tarafsız bakış açısıyla    ve ansiklopedik bir dilde yazmaya özen gösterin. Maddelere imza atmayınız, maddelerde reklam yapmayınız, e-posta ve telefon numarası gibi özel bilgilerinizi paylaşmayınız. Kendinizi tanıtabilmek için kullanıcı sayfanızda    Babil    şablonlarını kullanabilirsiniz. Kullanıcılarla mesajlaşırken lütfen nezaket kurallarını unutmayın, herkesin aynen sizin gibi Vikipediyi geliştirmek amacıyla katkıda bulunduğunu ve iyi niyetli olduğunu varsayın.    Beş temel taş   ,    imza kullanımı   ,    Cesur ol   ,    Engelleme politikası   ,    oy kullanımı    politika ve yönergelerini mutlaka okuyun. Aynı kişiye ait birden fazla hesabın ya da farklı kişilere ait olsa bile birden fazla hesabın tartışmalarda avantaj sağlamak amacıyla birlikte hareket etmesinin    Kuklacılık    olarak değerlendirileceğini ve bunun yasak olduğunu unutmayın. Politika ve yönergeleri okuduysanız, değişiklik yapmayı ve Vikipedide neler yapabileceğinizi artık biliyorsanız    cesur olun    ve değişiklik yapmaya başlayın!...    Haydi kolay gelsin!    M. Yalçın Yalhı ",0,0.0006456593982875347,0,tr
"Selam İplikçi Camii üzerinde çalışırken bir hizmetlinin bunu  telif hakkı  nedeniyle sildiğini gördüm. Maddeyi incelerseniz telif ihlali yapmadığımı derlediğim bilgileri yazmaya calıştığımı görebilirsiniz. Ayrıca diğer cami maddelerinde de metinleri kendimin yazığını da görebilirsiniz. Yani Kapu Camii Sadrettin Konevi Camii, Hoca Ahmed Fakih Camii maddelerinde yapmadığım telif ihlalini İplikçi Camii maddesinde niye yapayım. Allah aşkına birileri buradaki saçmalıklara keyfiliklere bir son versin yahu!!!Perencal (mesaj)  Sana bir mesaj yazdım görmedin mi? işine mi gelmiyor? bak kendimi zor tutuyorum engellenip burayı sizin gibilere bırrakmak istemiyorum. bana cevap vereceksin.Perencal (mesaj)  Lütfen nezaket kurallarına uyunuz ve size yapılan bilgilendirmeyi dikkate alınız. Metni kendi ifadelerinizle girmeniz durumunda herhangi bir sorun yaşanmayacaktır. İyi çalışmalar. Superyetkin       ",0,0.016658805310726166,0,tr
" merhaba sabri.. açtığın iki maddeden biri telif, diğeri ise kayda değerlik nedeniyle silindi. bu iki konudan da haberin olduğunu düşünüyorum. telif konusuna özellikle dikkat etmeni rica ediyorum.    kibele     mesaj   ",0,0.0005527949542738497,0,tr
"Merhaba Turgut bey ben şu maddeyi açtım fakat bazı yerler için bilgi bulamadım yani eksik, oraları tamamlayabilir misiniz? Ve bu oyuncu için Commons a dosya yükleyebilir misiniz? Eğer sizi çok sıkboğaz ediyorsam lütfen söyleyin.:] İyi günler.        Mehk63      Mesaj     Nasıl yardımcı olabilirim?      Turgut46      ✉ ",0,0.0011668273946270347,0,tr
"İngilizce deki   Turkic   ve   Turkish   iki farklı kavramdır. Eski Türk toplumları ve modern Türkiye var olduğundan bir karışıklık doğmaktadır ve evet,      Fransız Fransızları, İngiltere İngilizleri, Almanya Almanları, Amerika Amerikanları, İspanya İspanyolları      diye maddeler yoktur. Ama karışıklığı önlemek için birşey yapılabilir.   Turkic  : Türk,   Turkish  : Türkiyeli diye çevirilebilir. Bu şekilde madde başlığı da değiştirilmelidir.    Türkiye Halkı    diye bir başlık çok daha uygun olur. İhsanjr ",0,0.000418398849433288,0,tr
"İyi günler. Sizden ricam buradaki ilgili şikayetim hakkında yorumda bulunmanız olacak. Şimdiden teşekkür eder, iyi çalışmalar dilerim. Sökür (mesaj) ",0,0.0004278093983884901,0,tr
"Evet, ben de yazıldığı gibi bırakılması yanlısıyım Bunu İlham Aliyev tartışma sayfasında belirtmiştim. Sizin söylediklerinizden katılmadığım bir nokta var. O da  Heydər isim bariz Haydar dır  dediniz. Bu bence yanlış, Joseph i Yusuf diye çevirmek gibi bir şey. Çünkü adların her millet için farklı şekillerde kullanımı olabilir. Esc2003 ",0,0.0003784372820518911,0,tr
"Merhaba Yetkin, Böyle kod deryası içinde göremedi gözüm, hangi karakter değiştirilecek olan, nerede tam olarak?    Vito Genovese    ",0,0.002206525532528758,0,tr
Telif hakkı saklı içerik eklememeniz konusunda daha önce uyarılmıştınız. Sizi son kez uyarıyorum. Lütfen katkılarınızı kendi cümlelerinizle yapınız. Teşekkürler. Metal Militia ,0,0.00043916903086937964,0,tr
BU BİR TEHDİTTİR...BÜTÜN KAFİR VE ATEİSTLERE VE EN BAŞTA SİYONİST DOMUZLARA... ALLAH belanızı kökten elimizle verecek kafirler ve müşrikler din bilmez ateist şerefsizler...en kısa zamanda sitenizden kaldırmazsanız bu adice olayınızı gerekenlere katlanırsınız hem bu dünyada hemde diğer tarafta...ulan şerefsizler bu dünyada en büyük hakikat Hz.Muhammed tir(s.a.v)ve diyorum tehdidimi tekrarlıyorum ya kaldırırsınız yada siz ortdadan kaldrılırsınız...Muhammed in(s.a.v)neferi...,1,0.9560877680778503,1,tr
"Akademik ve yaygın kullanım Tip I şeklinde olduğundan söylemiştim. En azından Tür I gibi bir şekilde yapılmasının daha iyi olacağını düşünüyorum. Tabi siz bilirsiniz. Ayrıca maddeye DI ile ilgili bilgi eklemişsiniz, çok iyi olmuş. Son olarak madde adının nasıl olmasına karar verdiğiniz? Bu güzel madde için tekrar elinize sağlık. İyi akşamlarMerube 89 ",0,0.00026025690021924675,0,tr
"Théoden benim  Beyaz Şapkalı Hacker  lar ile ilgili olan sayfamı sildi ve gerekçesi de  Madde 8 e uymaması  olarak gösterdi ancak maddeyi kontrol ettiğimde bir sorun yoktu! Emeğim boşa gitti. Sevgili Théoden, lütfen sildiğin sayfamı geri al. Trapador36 (mesaj)  Lütfen bu, bu, bu, bu ve bu sayfalara göz gezdiriniz. İyi çalışmalar.. Théoden ileti ",0,0.03515190631151199,0,tr
"   Size göre ölümle beraber insanlar yok olacaklar ve bir daha hayat bulamayacaklar.    Haddinizi aşmıyor musunuz?  Size göre...  ile başlayan cümleler tamamen kendi kuruntunuzdur. Siz bana göre neyin ne olduğunu bilemezsiniz. Ben burada inancımla ilgili hiçbir şey söylemiş değilim. Kafanızda bir imge yaratıp onunla tartışmaya giriyorsunuz. Bu imge de  cehennem fikriyle bişeylerden uzaklaşan  bir şey. Bu imgenin karşılığı sizin aklınızda  SuiGeneris  olsa da gerçekle alakası yoktur. Kafanızda yarattığınız imgenin gerçekle uyuşup uyuşmamasını umursuyor musunuz? Yoksa şu yukarıda yazdıklarınız yazabilmek için bunu görmezden mi geliyorsunuz? Ateizm maddesinin önyargılardan arındırılmasını istemek de ne Tanrı ya meydan okumaktır, ne günahtır. Ne de bir şeylerden uzaklaşmaktır. Kuruntularınızı lütfen kendinize saklayınız. Lütfen maddeye katkınız olacak ise esirgemeyiniz. Konu  Ateizm in ne olduğu dur. Kafanızdaki kuruntularla gelmeyiniz. Lütfen.   SuiGeneris    |    ileti    ",1,0.14107976853847504,0,tr
"Merhaba renktaş, 9GAG maddesine öksüz ikazı konulmuş. Bu maddeyi de içeren bir şablon oluşturdum. Bu maddenin öksüzlük durumu ortadan kalkar mı? Bdscvr (mesaj) ",0,0.0017510824836790562,0,tr
"Merhaba Vikiçizer, 2016-PSİ 3004 dersi için üye olmuş Kullanıcı:Didemtugce hakkında yazıyorum. Madde oluşturmayı bilememiş; kendi kullanıcı sayfası altında yazmış. Bunu nasıl uygun başlıkta yayınlayacağım diye bana ekran görüntüsü ile mail gönderdi; ama ben bakana kadar kullanıcı sayfası silinmiş. Sayfayı geri getirme imkanı var mıdır? Orada yazanları kopyalayıp uygun başlığa aktarmak istiyorum.Başak (mesaj)  Merhaba Başak, sayfa geri getirildi. Bildirim için tşk, iyi çalışmalar....Vikiçizer (mesaj) ",0,0.0003875592665281147,0,tr
"Emre_Özdemir_-_Herkes_Bizi_Konuşuyor_Kapak.jpg için adil kullanım gerekçesi    32px|left|⚠      Emre_Özdemir_-_Herkes_Bizi_Konuşuyor_Kapak.jpg    adlı dosyayı yüklediğiniz için teşekkürler. Yüklediğiniz dosya adil kullanım politikasına uymak zorundadır, ancak bu politikaya nasıl uyduğunu gösteren bir açıklama veya gerekçe bulunmamaktadır. Dosya tanım sayfasına, kullanıldığı    her madde için ayrı ayrı olacak şekilde    bir    adil kullanım gerekçesi    yazmalısınız. Yüklediğiniz diğer dosyaları kontrol etmek için bu bağlantıyı tıklayınız.    Gerekçesi eksik olan adil kullanım dosyaları hızlı silme kriterleri gereğince bir hafta sonra silinirler.    Sorularınız için Vikipedi:Medya telif soruları sayfasını kullanabilirsiniz. Teşekkürler.    mesaj    ",0,0.0003846001345664263,0,tr
Arada ince bir anlam farkı var. Benim söylemeye çalıştığım  Polis şiddeti sonucu ölen  yani kasıtlı ya da kasıtsız polis şiddeti sonucu öldü.İyi Vikiler.   Ayrıntılı Bilgi   #   ileti   # ,0,0.0029603238217532635,0,tr
":Resim:Chicago Bears Miğferi.png için adil kullanım gerekçesi          :Resim:Chicago Bears Miğferi.png    resmini yüklediğiniz için teşekkürler. Yüklediğiniz resin adil kullanım politikasına uymak zorundadır ancak bu politikaya nasıl uyduğunu gösteren bir açıklama veya gerekçe bulunmamaktadır. Resim tanım sayfasına, kullanıldığı her madde için ayrı ayrı olacak şekilde bir    adil kullanım gerekçesi    yazmalısınız. Yüklediğiniz diğer resimleri kontrol etmek için bu bağlantıyı tıklayınız.    Gerekçesi eksik olan adil kullanım resimleri hızlı silme kriterleri gereğince bir hafta sonra silinirler.    Sorularınız için Vikipedi:Medya telif soruları sayfasını kullanabilirsiniz. Teşekkürler. İyivikiler...    homonihilis    //    ileti    ",0,0.0003593039291445166,0,tr
" Мстислав Володимирович Хоробрий  orijinal mi ? Doğrusu günümüz Rusçadaki yazımıdır. Onu geçtik. Mstislav, Çernigov Kenzliği (Ukraynaca, Rusça)nin (hükümdar listesi: w:ru:Список князей черниговских kükümdarıydı. Dolayısıyla başlıkta sorun yok. Fransızca kökenli Prens kelimesi ile Slav dili kökenli Knez kelimesi konusuna gelince Tartışma:Oleg (Novgorod Knezi) sayfasınsaki nota bakın. Takabeg  ‎",0,0.0004193380009382963,0,tr
"Merhaba Rapsar. Bir konuda yardıma ihtiyacım var.    Allegory of Prudence    şunu tam olarak nasıl çevirmeliyim? Zeka Alegorisi mi, yoksa başka bir ifade mi? Saygılarla      Okanfan          Evet benim?       Merhaba. Tablodan bahsediyorsun anladığım kadarıyla. Eser adlarının Türkçe kaynaklarda geçen kullanımlarına bakmak lazım öncelikle. Kabaca bir web araması yaptım ama bulamadım ben. Mutlaka konu hakkında yazılan kitaplarda vardır bir kullanımı. Kullanım yoksa veya bulamamışsak özgün adını kullanabilirsin şimdilik.RapsarEfendim? ",0,0.0003846756590064615,0,tr
" 50px|left    Lütfen çok kısa içerikli maddeler oluşturmayınız   , bu tür sayfalar taslak kriterlerini sağlamadığı için silinir ya da silinmek üzere işaretlenir. Yarattığınız maddelerin silinmesini önlemek için biraz daha kapsamlı bilgi yazmanız uygun olacaktır. Taslaklar hakkında daha fazla bilgiye Vikipedi:Taslak sayfasından ulaşabilirsiniz.    Ancak    zengin içerikli madde eklemek adına da    telif ihlalinde    bulunmamalı ve eklediğiniz içeriğin    ansiklopedik    ve kayda değer olup olmadığına dikkat etmelisiniz. Bu hassas konuyla ilgili olarak Telif hakları sayfasını inceleyebilirsiniz. Teşekkürler, iyi çalışmalar. - Muratsahin ",0,0.00022679197718389332,0,tr
"1923 ile 1935 in birleştirilmesi gerektiğini düşünüyorum, ancak 1992 konusunda çekimserim şu anda. Ama ilk ilk maddenin birleştirilmesi iyi olacaktır, ancak bu birleştirmenin 2 si mi ^ü mü arasında olacağı kararlaştırıldıktan sonra yapılması sağlıklı olur.    Ds      Murat      ileti    ",0,0.0005986804608255625,0,tr
"Bana bugün mesaj atmışsınız.gereksiz yönlendirme diye ancak Naldöken,Bornova şeklinde yazarsanız çıkıyor.Sadece Naldöken yazarsanız veya Çiçekli yazarsanız çıkmayacaktır.Onun için yönlendirme yaptım. Kullanıcı Mesaj:Bornovapo",0,0.0011405982077121735,0,tr
"tropol İstanbul da yaşıyorum ve İstanbulun en kalabalık ilçesi Bağcılar dayım ):) Ama yanlış anlaşılmasın ama burası hep doğudan göç almış ve doğudakiler mahalle baskısı yapıyor. Yukarı kısımlarda diğer Türk ülkelerinden ve Bulgaristan dan göç edenler biraz daha kültürlüler ve sosyaller yani onlarla anlaşıyoruz diyebilirim. ) Ah şu SBS diyesim var aslında 6.sınıfta 481 yaptım ama 7 öyle bir zor ki devamını siz düşünün... ):):) İyi vikiler    Emperyan     ileti     İyi bir başlangıç: 481. Devamının geleceğini ümit ediyorum. Mahalle baskısı dil, ırk ve inançtan kaynaklanmaz aslında! Mahalle baskısı kişilerden kaynaklanır; isterse Protestan, Moromon, Yahudi, Ateist, Müslüman, Katolik olsun kişiden kişiye değişir bu durum, yani sırf gelenek ve inançlardan kaynaklanmaz. Çok şey var söylenecek ancak taraf olmamak çok daha mantıklı. En iyisi   özgürce yaşıyorum   değip özgürlüğe gıpta kalan baskıcı, ırkçı, gelenekçi, dinci ve faşist şahısların bir adım daha önüne geçmek gerek. Ben böyle yapıyorum. Ve baskılar asla özgürlüğün ağzını bantlayamaz, gözlerini kör edemez, ellerini koparamaz. Ben buyum değip önümüze bakmak, doğru olan. Ve ben öznelim olan LGBT adına şunu diyorum; bir gün bu topraklarda da bir Eyfel yükselecektir. -    Nebe?   viye ",0,0.01902562566101551,0,tr
Arkadaşlar bence de yarın devam edelim. Takabeg ben Türkçe ise Türkçe derken Yukarda belirttiğim gibi bir köken açıklaması yapılacaksa mutlaka gerekir zaten. ama karşılığını yazmak kurallara aykırı. bu durum çeviriye giriyor. ozaman kendi diline yazılması gerekire gidiyor konu. iyi sabahlar.Qwl ,0,0.0005489054601639509,0,tr
Sayın hocam sizden bir ricam daha olacak. Şu fotoğrafı (Işılay Saygın) commons a yükleyebilir miyiz? Teşekkür ederim. Saygılar... Jumpeax (mesaj) ,0,0.0004903008812107146,0,tr
Profesyonel KariyeriUlusal LigKupaLig KupasıSüper KupaUluslararası LigToplamSezonKulüpLig kademesiMaçGolAss.MaçGolAss.MaçGolAss.MaçGolAss.MaçGolAss.MaçGolAss. TürkiyeLigTürkiye KupasıLig KupasıSüper KupaAvrupaToplam2010-11 Havzaspor1. Lig 19 1 - 2 - - - - - - - - - 21 1 -2011-12 24 1 3 1 - - - - - - - - - 25 1 3 Toplam 43 2 3 3 - - - - - - - - - 46 2 3 2012-13 Samsunspor Süper Lig 7 3 - 8 - - - - - - 4 1 - 19 4 - Toplam 10 3 - 9 - - - - - - 7 1 - 26 4 -Kariyer toplam 50 5 3 11 - - - - - - 4 1 - 89 6 3,0,0.012177235446870327,0,tr
İyi günler. Acaba Timsah Adam maddesini siler misiniz? Riddler maddesinin aynısı.Olağan Şüpheli  Kibele sorunu halletti. İyi çalışmalar. M. M. ,0,0.009996520355343819,0,tr
Selam. Bi şey soracam. Kendi çalışma sayfalarında istediği kadar telif ihlal edebilirler mi acaba? Bakınız: . Bence nerede yaparlarsa telif ihlali bir suçtur. İlgilenirseniz sevineceğim. İyi çalışmalar. Takabeg ,0,0.0013636746443808079,0,tr
Tmm peki teşekkür ederim. Sayfaya girmiyor. Bir sorun olduğu aşikar. Acaba kaç puanım oldum bi bakabilirmisiniz . Son olarak 200 deydi. ,0,0.0006656176410615444,0,tr
" Güzel ve faydalı olacak. 1001 de yer alanlardan A, B, C v.s. izlediniz mi ? İyi seyirler. Ben kaçtım. Hoşçakalın.Takabeg ",0,0.0020801161881536245,0,tr
"Etkili menzil, merminin ölümcül olacağı menzili belirtir. Örneğin G-3 ün etkili menzili 400m dir. MP-5 in namlu çıkış hızı 400m/s, etkili menzili 100m civarıdır. Dolayısıyla 200-300m bu silah için fazla iyimser.    Khutuc      k   msj ",0,0.0009696235065348446,0,tr
"Dosya adları değiştirilmediğinden doğru adda aynı dosyayı yeniden yüklemelisin. Tabii o zaman çift dosya olacakları için diğerini sildirmelisin 10 günlük mola veriyorum... Vikisözlük ü de tavsiye ederim, tenha ve hoş bir ortamı vardır... İyi çalışmalar... ",0,0.0011215273989364505,0,tr
Açıkçası ilgili maddenin sadece 2. fırkasında  yayımlanmış  ifadesi kullanılmış ki bunu yasa koyucu ilgili metni hazırlarken anlam karışıklığının önüne geçmek için düzenlemiş gibi gözüküyor.(tabi bu karışıklık neydi bunu bilemeyiz.bir gereklilik olduğu muhakkak).(bestenin alenileşmesi ifadesini kullanmamışlar yani). Bu nedenle bir nevi yayınlama olarak da değerlendirilebilir. Ancak netice itibariyle yukarıdada ifade ettiğim gibi FSEK m.35 bizi kapsamıyor. Bu nedenle bizi kapsayan bir yasal düzenleme olmadığı müddetçe adil kullanım dosyalarını kullanmamız sakıncalı gözüküyor. Beyazmavi ileti ,0,0.0005290761473588645,0,tr
Romen rakamı yerine yıl önerisi daha yaygınmıs gibi geldi bana.    Türkiye Büyük Millet Meclisi (1939)    gibi bir başlık olabilir. Ayrıca üç meclis yapısı olduğu için Türkiye Büyük Millet Meclisi Binası adında bir anlam ayrımı sayfası iyi olabilir. Binası kısmının özel ad olup olmadığı ve küçük/büyük olması konusunda yorum yapamıyorum çünkü dil bilgim berbattır. Maurice Flesier message ,0,0.09097231924533844,0,tr
"vikipedi de böyle bir stardantlaştırma yapılmıyor bildiğim kadarıyla.  benzer niteliklerdeki yüzlerce saldırı maddesi  muğlak bir ifade, neye göre benzer sorusunun cevabını da vermek gerekir.    kibele    ",0,0.009314170107245445,0,tr
ANNELER NİÇİN ÖNEMLİDİR BİZİ DOĞURAN BU YAŞA GETİREN KADINLARDIR ONLAR YEMEYİP YEDİREN İÇMEYİP İÇİREN GİYMEYİP GİYDİRENDİR ONLAR SİZCE BUKADAR ŞEYE KARŞI HAKLARI DEĞİL Mİ ANNELER GÜNÜ,0,0.6944664716720581,1,tr
Türkiye nin 35.000-40.000 civarındaki askeri adanın kuzeyine yerleşti.[1] Kıbrıs Cumhuriyeti[2] ve Birleşmiş Milletler[3] harekâtı  işgal  olarak nitelendirdi. asıl sonuç böyle ufak olaylar mıdır? yoksa bunlar taraf okuru akp lilerin gizli vandallıkları mıdır? yoksa asıl sonuç bir devletin kurulması mıdır?,0,0.0017090701730921865,0,tr
"Kamondo aile mensuplarının adlarını ve soyadlarını, sadece madde açabilmek için değil, aile ağacını da listelemek için hangi dilin versiyonunu kullanayım? Örneğin Türkiye de yaşamış aile mesupları için Türkçeleştirilmiş versiyonlarını ve Fransa ya yerleşmiş ve kont ünvanıyla soyadlarının önüne  de  eklenenler için Fransızcalaştırılmış versiyonlarını mı kullanayım? Bu konuda sizin öneriniz nedir?    Abraham Salomon Camondo    (Fransızcalaştırılmış) veya    Abraham Salomon Kamondo    (Türkçeleştirilmiş)    Salomon Raphaël Camondo    (Fransızcalaştırılmış) veya    Salomon Rafael Kamondo    (Türkçeleştirilmiş)    Behor Abraham Camondo    (Fransızcalaştırılmış) veya    Abraham Behor Kamondo    (Türkçeleştirilmiş)    Isaac de Camondo    (Fransızcalaştırılmış) veya    İsak de Kamondo    (Türkçeleştirilmiş)    Nissim Camondo    (Fransızcalaştırılmış) veya    Nissim Kamondo    ya da    Nesim Kamondo    (Türkçeleştirilmiş)    Moïse de Camondo    (Fransızcalaştırılmış) veya    Mois de Kamondo    (Türkçeleştirilmiş)    Nissim de Camondo    (Fransızcalaştırılmış) veya    Nissim de Kamondo    ya da    Nesim de Kamondo    (Türkçeleştirilmiş)    Béatrice de Camondo    (Fransızcalaştırılmış) veya    Beatrice Kamondo    (Türkçeleştirilmiş) Sağolun Menikure Şahsi fikrim şöyle: eğer nerede doğduğu biliniyorsa o ülkenin dili, yani TR de doğanlarınki Türkçe, FR da doğanlarınki Fransızca. Eğer doğdukları ülke bilinmiyorsa Türkçe. Bildiğim kadarıyla Tr Viki de buna mahsus bir kural yok o yüzden bu benim görüşümdür. Siz benim dediğim gibi yaratırsanız, eğer yanlışsa bile biri illa ki düzeltecektir. Kolay gelsin.    Iggydarsa     mesaj   ",0,0.0006129286484792829,0,tr
"2015 seçimleri sayfasında 2015 seçim sonuçları yok, sağdaki şablon genel olarak da yetersiz ama bu sayfanın şu anki halinde bu seçimlerin sonucu yok önceki seçimin sonucu var sadece.",0,0.0006185542442835867,0,tr
Homoseksüel Türkçe de homofobik bir söylemdir. Esasen eşcinselliktir. Ve senin gibi tüm eşcinsel başlıkları saldıran eşcinsel düşmanları için tek sözümüz  yazık ... 95.9.27.103 ,1,0.9508612155914307,1,tr
Bu kullanici sorundan baska bir ise yaramiyor bence. Kisisel biligileri yayimlamasi ve e saldirmasi kabul edilemez bir sey.  Yasaklandı zaten bu IP. Alperenin yasaklanmasını istediği IP farklı. Kayıtlı kontrol ediniz.  Tesekurler. Bu arada Ah! Tanrıçam ceviri isi ne alemde? ) ,0,0.07356279343366623,0,tr
Öyle sanıyorum ki bahsettiğiniz Şəmsi Bədəlbəyli maddesi Türkçe olarak   Şemsi Bedelbeyli   olarak değiştirilebilinir. Levent Abi ,0,0.0005634395056404173,0,tr
"Merhaba Superyetkin, nasılsınız? ) Bir isteğim vardı. Modül:Kaynak/KB1/Yapılandırma sayfasında  Error conditions  bölümü var. Bu bölümde bir dizi hata ve bakım kategorileri dizilmiş. Ben bir kısmını oluşturdum, ama mesela şöyle bir alt kategori var: Kategori:KB1 İngilizce kaynakları (en). Bu tarz tüm dilleri tek tek nasıl kontrol edebiliriz? Kırmızı gözüküyor şimdi hepsi. Kısayoldan tespit etmenin yolu var mıdır? ~ Z (m) 23.25, 10 Ağustos 2018 (UTC) Selamlar , kulak misafiri oldum sorunuza belki yardımcı olurum diye yanıtlamak istedim. İstenen kategoriler sayfası güncellenince ordan bulabilirsiniz ya da Superyetkin in aracı olan İstenen kategoriler sayfasından bulabilirsiniz iki türlü de veri tabanının güncellenmesini bekleyeceksiniz yardımcı olur umarım. Saygılar • 23.37, 10 Ağustos 2018 (UTC)",0,0.00026320418692193925,0,tr
Vikiye pek katkıda bulunmuyorum. Ama belki olabilir.     Kuz     ๛  Anladım. İyi (ders) çalışmalar. Takabeg ,0,0.0010032409336417913,0,tr
Uyarı için teşekkürler. Ancak proje sayfasında oluşturulacak kategoriler listesindeydi. Diğerini farketmedim. Farkedemeyişimin sebebi; kategori ismimin Boşnakça olması. Türkçe Vikipedia da Lig adlarını orijinal dilinde kullanıyorsak uyarınızda çok haklısınız.,0,0.00042228720849379897,0,tr
"Maddelerde değişiklik yaparken, lütfen    tarafsız bir bakış açısıyla    ve ansiklopedik bir dilde yazmaya özen gösterin. Maddelere imza atmayınız, maddelerde reklam yapmayınız, e-posta ve telefon numarası gibi özel bilgilerinizi paylaşmayınız. Kendinizi tanıtabilmek için kullanıcı sayfanızda    Babil    şablonlarını kullanabilirsiniz. Kullanıcılarla mesajlaşırken lütfen nezaket kurallarını unutmayın, herkesin aynen sizin gibi Vikipedi yi geliştirmek amacıyla katkıda bulunduğunu ve iyi niyetli olduğunu varsayın.    Beş temel taş   ,    imza kullanımı   ,    cesur ol   ,    engelleme politikası   ,    oy kullanımı    politika ve yönergelerini mutlaka okuyun. Aynı kişiye ait birden fazla hesabın ya da farklı kişilere ait olsa bile birden fazla hesabın tartışmalarda avantaj sağlamak amacıyla birlikte hareket etmesinin    kuklacılık    olarak değerlendirileceğini ve bunun yasak olduğunu unutmayın. Politika ve yönergeleri okuduysanız, değişiklik yapmayı ve Vikipedi de neler yapabileceğinizi artık biliyorsanız    cesur olun    ve değişiklik yapmaya başlayın!...    Haydi kolay gelsin!    İtalyakurdu (mesaj) ",0,0.0005172771052457392,0,tr
"Tekrar merhaba math34, NBA Draftı makalesini NBA Seçmeleri`ne yönlendirelim mi, yoksa şu anki haliyle (tam tersi şu anda) mi kalsın? - 16 ",0,0.0007294358802028,0,tr
"CEO ve Yönetim kurulu başkanı eski kalmış, şu andaki (18 ağustos 2014) yeni başkanı için bir madde oluşturup güncelledim. Kaynak http://www.lockheedmartin.com/us/who-we-are/leadership/hewson.html Eklenen Madde: Marillyn Hewson Şadi Evren ŞEKER (mesaj) ",0,0.0006818485562689602,0,tr
"Merhaba Seksen. İBP ye alınmasını önermiş olduğunuz konu bu hafta projenin konusu olarak seçildi. Destekleyen birisi olarak sizden de bir iki papa maddesi ile katkıda bulunmanızı bekliyoruz. Katılımınız ve desteğiniz için şimdiden teşekkürler.    Mukaddime   ileti 12.36, 11 Eylül 2018 (UTC)",0,0.0004237498214934021,0,tr
"Sağol ilgine valla ).Burak Yılmaz ın Fenerbahçe formalı fotoğrafını arıyorum. Örneğin bu birde Manuel Fernandes in arıyorum. Mesela o da şuUltraslansiMesajla  Yok, bu tür fotoğraflar alınamıyor ne yazık ki. Fotoğrafı çeken kişinin, fotoğraf üzerindeki telif haklarından vazgeçerek kamu malı olarak yayınlaması lazım. Çok çok nadir görülen bir durum bu da ne yazık ki.RapsarEfendim? ",0,0.0004913470475003123,0,tr
"TurkcellSuperonline Logo.jpg kaynak ve lisans sorunu    64px|left|Dosya telif sorunu       TurkcellSuperonline Logo.jpg    adlı dosyayı yüklediğiniz için teşekkürler. Dosyanın tanım sayfasında içeriğin kimin tarafından yapıldığı ve telif statüsü hakkında yeterli bilgi bulunmamaktadır. Eğer dosyayı kendiniz yapmadıysanız, içeriğin sahibini belirtmelisiniz. Bir internet sitesinden elde ettiyseniz nereden aldığınızı net şekilde gösteren bir bağlantı veriniz. Eğer dosyanın lisansını biliyorsanız    telif etiketini ekleyiniz   . Yüklediğiniz diğer resimleri kontrol etmek için bu bağlantıyı tıklayınız.    Hızlı silme kriterleri gereğince kaynak ve lisans bilgisi eksik olan dosyalar işaretlendikten bir hafta sonra silinirler   . Sorularınız için Vikipedi:Medya telif soruları sayfasını kullanabilirsiniz. Teşekkürler. ",0,0.00022971577709540725,0,tr
"Merhaba hocam, sayfaları dolaşırken bu maddedeki yoğun ihlali gördüm ve hiçbir açıdan vikipediye uymayan bu maddenin nasıl burda durduğunu sorgularken maddede yoğun şekilde uğraşan kişinin sizinle yazışmalarınızı gördüm. Ondan sonra geri döndürmeler yaptım falan filan baya uğraştım ancak maddenin ismi vikipedi isimlendirmelerine uygunsuz malum. Maddeyle o dönemde siz ilgilendiğiniz için ilgili değişiklikleri sizin yapmanızın daha doğru olacağını düşündüm. Kolay gelsin hocam.   Onur Kayabaşı       Sms    ",0,0.0008566475589759648,0,tr
"Merhaba bende eski şekliyle zorlama gibi olduğunu düşünmüştüm. Sanırım bu hali daha iyi, olumlu olumsuz da biraz tuhaf kaçıcak.. İyi çalışmalar.. Boyalikus ",0,0.001934499479830265,0,tr
  +tdk (Aslında aynı kaynak ama belli kullanıcının sorun yapacağını bildiğim için eklendi.   Ne demek acaba? Link göstermeden Melikov inanmadı ki. Ayrıca TDK nın    Azerbaycanlı    tanımı da vardı. Takabeg ,0,0.0006058057188056409,0,tr
"Bizans tarihçisi Priscos; Avrupa Hun Devletlerine giden Doğu Roma Elçilerinin Alilla nın huzuruna çıkmadan önce karısı Arıkan tarafından karşılanıp ağırlandığını söylemiştir. Kaynak: Prof. Dr. Gülçin ÇANDARLIOĞLU, Türk Destan Kahramanları, Sf:62 Kaynak: Prof. Dr. Gülçin ÇANDARLIOĞLU, Türk Destan Kahramanları, Sf:62 Pinaryalcin (mesaj) pinaryalcin",0,0.0004397150769364089,0,tr
 45x45px|left Lütfen uyarıları dikkate alınız. Vikipedi işleyişini aksatmanıza yönelik davranışlarınızdan dolayı size yapılan uyarıları önemsememeniz vandalizm olarak değerlendirilebilir ve    engellenebilirsiniz   . yabancım ,0,0.002688898239284754,0,tr
"Merhaba,Aşağıdaki resmin adil kullanım gerekçesinin değişmesi gerekiyor sanırım. İlk belirtilen maddede kullanılmıyor ama farklı bir maddeye eklenmiş şu anda. :Resim:Taraf Aktutun (2008-10-16).jpg için adil kullanım gerekçesi          :Resim:Taraf Aktutun (2008-10-16).jpg    resmini yüklediğiniz için teşekkürler. Yüklediğiniz resin adil kullanım politikasına uymak zorundadır ancak bu politikaya nasıl uyduğunu gösteren bir açıklama veya gerekçe bulunmamaktadır. Resim tanım sayfasına, kullanıldığı her madde için ayrı ayrı olacak şekilde bir    adil kullanım gerekçesi    yazmalısınız. Yüklediğiniz diğer resimleri kontrol etmek için bu bağlantıyı tıklayınız.    Gerekçesi eksik olan adil kullanım resimleri hızlı silme kriterleri gereğince bir hafta sonra silinirler.    Sorularınız için Vikipedi:Medya telif soruları sayfasını kullanabilirsiniz. Teşekkürler. İyivikiler...    homonihilis    //    ileti    ",0,0.000257074338151142,0,tr
 Oluşturduğunuz Dağıtım nedir maddesi hızlı silme kriterlerinden  G3. Vandalizm yapılmış sayfalar silinebilir.  kriterini sağladığından silinmesi için işaretlendi. Lütfen ilgili politika ve yönergeleri okumadan maddeyi tekrardan oluşturmayınız. Israrlı tavırlarınız engellenmenize neden olabilir. Eğer bir hata yaptığımı düşünüyorsanız ya da herhangi bir sorunuz varsa üzerinden bana ulaşabilirsin. Teşekkürler. Roxyℳ ,0,0.0006673011230304837,0,tr
"Citrat, resimlerle ilgili telif bilgilerini girmek istediğim bazı dosyalar var. Ancak bir kaç kez türkçe telif bilgilerinin okumama rağmen anlamakta zorlandığım bazı şeyler var. Örneğin ingilizce sitedeki şablonların bazılarının Türkçe karşılığını bulamıyorum. Mesela  \{\{PD-art}}  ya da eski sovyet dönemi için şablonlar eksik.. Ne yapmak gerekiyor.. Şablonların bir listesi var mı? FastEthernet",0,0.0005320781492628157,0,tr
Kategori:Afro-Amerikan filmler kategorisinde yazım hatası yaptım. Sonunu   filmleri   olarak düzeltebilir misiniz? Aranan Kan (mesaj)  Merhaba.   Filmleri   olarak düzelttim. Bunu    taşı    sekmesini kullanarak sizde yapabilirsiniz. Yardıma ihtiyacınız olursa yazabilirsiniz. Kolay gelsin -      Okanfan          Evet benim?      ,0,0.0010012867860496044,0,tr
Engellendim diye meydanı boş bulduğunuzu sanmayın. Sizi bu gaflet uykusundan uyandırıncaya kadar çeşitli ipler ile rahatsız edeceğim. Umarım hatanızdan dönersiniz ve İSLAM a gelirsiniz. İSLAM a geliniz ki kurtuluşa eresiniz. (Murat-Jumpeax). Kariwita (mesaj) ,1,0.5315976738929749,1,tr
"Merhabalar. Pürtüklü semender maddesinde dikkatimi çekti. Madde adının yazdığı yerde renkli olması gerekmiyor mu, beyaz görünüyor da? İyi çalışmalar.neskafefincanındatürkkahvesi ",0,0.083582304418087,0,tr
Seçim maddelerinde durumlar nasıl?Bu seçim biraz daha yoracak gibi bizi..Dayanamıyorum arada bir kaç madde daha ekleyebilirim..Hazır ol yavru kurt ) ( Kolay gele..Emreculha (mesaj) ,0,0.004975716583430767,0,tr
"Bayramınız mübarek olsun. Avarlar ve Avar Kağanlığı maddelerine bakabilir misiniz? Avarlar maddesi Avar halkı hakkında. Avar Kağanlığı ise Avarların kurduğu Doğu Avrupa Devleti. Maddelere katkıda bulunabilir misiniz veya kaynak bulabilir misiniz? İyi çalışmalar.   Gökçє Yörük     Sağol Gökçe, seninde bayramın mübarek olsun. Elimden geldiği kadar yardım etmeye çalışırım. İstediğin kaynak olsun. Türk tarihini ve devletlerini anlatan çok sayıda kitap ve dergiler var. Onları bir göz gezdirmeye çalışayım .Muratsahin ",0,0.0005563109880313277,0,tr
islama ve müslümanlara saldırılara devam edresen 2006 Danıştay Saldırısı maddesine kendi kafana göre ilaveler yaparsan başlattığın maddeleri kafana yıkarım bu akşam sana va bütün islama hakaret edenlere müslümanlara gerici yobaz köktendici islamcı terörist gibi kelimeleri kullanarak saldıranlara özel sürprizlerim olacak ve bu sürprizlerim senin saldırıların devam ettiği sürece artarak devam edecek kendine gel Teröris bir devleti destekleleyen ve 1300 kişinin ölümüne sebep olan ABD nin okulunda okuyan çocuk köktendinsiz sadırılarından vazgeç eğer ısraracıysan sen ve burdakiler bunun sonuçlarına katlanacak bu geceyi iyi takip et vaktin yoksa yarın kayıtlara bak beni engellemeyi denediler başaramadılar istersen kayıtlara bak kaç defa beni engelleyip gülünç duruma düşmüşler. bundan ssonra hep takiptesin senin islam düşmanlığını daha fazla kişi çok yakında öğrenecek bakalım islama saldırı uğruna çıkardığın piliklerin altından nasıl kalkacaksın ve bu ansiklopedi sana ne kadar daha katlanacak85.103.81.4 ,1,0.9369770884513855,1,tr
" sinir oldum, yatmadan Massachusetts i düzelttim bile ;) ismim Başar bu arada, kizildere (soyadım) diye hitap edilince bir garip oldu. iyi günler, sevgiler. Basar Kizildere ",0,0.022964833304286003,0,tr
Selam. Hocalı Katliamı maddesine bakar mısınız? Bence madde sorunlu. Taraflı görüşe sahip olan kullanıcı kendi isteği doğrultusundaki kaynaksız cümlelere eklenen kaldırıyor. kendi isteğine karşı olan cümleler kaynaksız diye kaldırıyor. İlgilenirseniz sevineceğim. Hassas konudur fakat hassas diye taraflılaştırmaya izin vermemizin yanlış olduğunu düşünüyroum. İyi çalışmalar. Takabeg ,0,0.0007072125445120037,0,tr
"Selamlar, kullanıcı sayfana ve mesaj sayfana ilan şablonunu ekledim. Bu arada adaylığının sonucu inşallah hayırlı olur. Kolay gelsin! 08:43, 20 Haziran",0,0.0005564276943914592,0,tr
H1Z1 logo.png lisans sorunu 64px|left|Dosya telif problemi    H1Z1 logo.png    adlı dosyayı yüklediğiniz için teşekkürler. Ancak dosyanın tanım sayfasında telif statüsü hakkında yeterli bilgi bulunmamaktadır. Vikipedi telif haklarını çok ciddiye alır.     Lisans  ve  kaynak  bilgisi eksik olan dosyalar hızlı silme kriterleri gereğince işaretlendikten 7 gün sonra silinirler.    Eğer dosyanın lisansını biliyorsanız    telif etiketini ekleyiniz   . Yüklediğiniz diğer dosyaları kontrol etmek için bu bağlantıyı tıklayınız. Sorularınız için Vikipedi:Medya telif soruları sayfasını kullanabilirsiniz. Teşekkürler. Fenerli1978Buyrun beniiiim? ,0,0.00031675564241595566,0,tr
"   Scene   , onların underground kültüründe kendileri için kullandıkları isimdir. Aslında burada anlatılan konu onlarla direk ilgili ancak ingilizce maddeyi yazanlarda tam bilemedikleri için sadece işin leecher boyutunu yazabilmişler. Scene bir tür üyelerinin el vermesiyle dahil olunabilen  harikalar diyarıdır , scene mensubu olanlar geri kalan leecher ve para karşılığı ticaret yapanları sevmezler ve içlerine girmişse birileri anında belgelenmesi halinde scene tarafından dışlanırlar. Ki o kişiye referans olanlar da haliyle şüpheli hale gelir.    Scene Rules    çok ağırdır. Küresel olabilen tek underground bilişim yasası bu olsa gerek!LandSCape ",0,0.000892253709025681,0,tr
"Merhabalar, Evet sadece bürokratlar yapabiliyor ve tek bürokratımız Dbl2010. Şu sıralar sanırım pek gelemiyor, fakat bir e-mail atarsan konuyla ilgili gelip isim değişikliğini yapacağından eminim. Teşekkürler, iyi çalışmalar... - Noumenon   mesaj    katkılar   ",0,0.00038660760037600994,0,tr
"Merhaba Koc61, Şablonun içini açıp bakmadım gerçi ama, bu resim olayı şablondaki bir sorundan kaynaklanmıyor. Şablonun yapısı resimlerin köşeli parantez içinde, yani standart dosya ekleme koduyla kullanımını gerektiriyor. Metro-Goldwyn-Mayer maddesinde bu şekilde bir düzeltme yaptım, oradan görebilirsin. Sevgiler Vito Genovese  Demek istediğinizi anladım, çok teşekkürler. Kullanıcı sayfanızdaki Chaplin sözü gerçekten mükemmelmiş. Bugünlerde iki tane filmini izledim.  Monsieur Verdoux  ve  The Circus . Gerçekten sanatsal açıdan çok sağlam filmler. Ve mesajlarını çok güzel veriyorlar. İzlemenizi tavsiye ederim.koc61  Merhaba Koc61, Yanlış bilmiyorsam kullanıcı sayfamdaki sözler Charlie Chaplin in filmi için bestelediği Smile şarkısına sonradan yazılan sözler, dolayısıyla kendisine ait değil. Tavsiyeler için çok teşekkür ediyor, sana şu videoyu hediye ediyorum. Sevgiler Vito Genovese  Çok teşekkürler video için, izledim gerçekten güzelmiş. Şarkı sözleri için biraz araştırma yapayım dedim ama kesin bir şey yok:) İngilizce Vikipedide Smile şarkı sözlerini kimin yazdığına dair söylentiler yazıyor sadece. Tekrar çok teşekkürler koc61 ",0,0.000266479910351336,0,tr
"Tamam siz ilgili değişikliği yapın, üzerinde konuşalım. Yani orada bakıldığında önceki yerel seçimde seçilen parti anlaşılıyor, ondan dedim. Ahmet Turhan (mesaj) 17.12, 15 Nisan 2019 (UTC)",0,0.0005497086094692349,0,tr
"Bir asker çocuğu olarak bu konuyu uzun uzun düşündüm. PKK ya terör örgütü demememiz gerektiği kararına vardım. Ama sadece Vikipedi içi geçerli bu sözlerim. Sanal yaşamımda terör örgütü demem; ama gerçek hayatımda derim. Hiçbir zaman da çekinmem. Bu arada 7 sene Adana da kalmış biri olarak Kürt kültürünü yakından tanıdığımı bilmelisiniz. Çok sevdiğim Kürt arkadaşlarım oldu ve şu anda konuştuğum, Adana dan beri irtibatımı koparmadığım Kürt arkadaşlarım da var. Ama onlar asla PKK lı değiller. Herkes kendini Türk olarak görmek mecburiyetinde değil. Bunun bilincindeyim. Kardeşçe yaşadığımız ve birbirimize zarar vermediğimiz sürece bir sorun olmayacağı kanısındayım. Ayrıca kimseye itham etmedim, gönderme yapmadım. Yarası olan gocunur. Engelletme tehditleriniz de umurumda değil. Zaten her zaman başka kimliklerle bu güzel sanal ortama girebilirim. Ama asla bu harika ansiklopediye zarar vererek yöneticilerimizin zamanını çalmam. Her gün daha da olgunlaşıyorum. Son olarak şunu belirtmeliyim: Kişisel hakaret vb. olmadığı sürece, yönetici dahi olsanız, benim tartışma sayfasında yazdığım yazıları silemezsiniz. Bunu da bilmelisiniz. Tekrar söylüyorum: Yarası olan gocunur. DDDDDDDDD      Ne Mutlu Türküm Diyene         KIZILSUNGUR     ileti    katkılar   ",1,0.35435155034065247,0,tr
" left|55px|Uyarı    Lütfen Vikipedi maddelerine imza atmayınız, isim yazmayınız, telefon numarası, e-posta adresi vb. eklemeyiniz.   . Vikipedi de imzalar sadece tartışma sayfalarında ve kullanıcı mesaj sayfalarında kullanılmaktadır. Bunun dışında bazı özel, sadece tartışmaların yer aldığı sayfalarda veya bildiri sayfalarında, örneğin Vikipedi:Köy Çeşmesi, imza atılabilir. Bahsi geçen sayfalar haricindeki hiçbir Vikipedi sayfasına imza atmayınız. İyi değişiklikler!    Merube 89        msj      ",0,0.00041503971442580223,0,tr
"Merhaba. kolay gelsin, Asansör maddesine değil, o maddenin tartışma sayfasına sil şablonu koymuşsunuz haber vereyim dedim. Bunu kendimiz silemez miyiz genel-12 ye istinaden? İyi çalışmalarDüşünenadam  Merhaba Düşünenadam. Asansör maddesinin tartışma maddesine sil şablonu koydum, çünkü o sayfada anonim bir kullanıcı hiç bir anlam ifade etmeyen bir deneme yapmıştı. Bu tür yazıları bizler silsek bile yazının asıl hali o sayfanın geçmişinde gereksiz olarak sürekli yer işgal eder. Bu nedenle bu tür ilaveleri bir yöneticinin kökten temizlemesi en uygun çözüm. Kolay gelsin. Dreamer  Çok teşekkürler Düşünenadam, ben de kullanıcının katkılarına bir göz atarım şimdi, bakalım daha nereleri karıştırmış ama sanırım dediğin gibi bir çoğunu sen düzeltmişsin. Kolay gelsin Pinar ",0,0.0006940990570001304,0,tr
foPen]]  Selam Honacan. Bilgim yok ayrıca moladayım. Ama özellikle senin için bakiim:) Acelen yok değil mi? Takabeg ,0,0.022803543135523796,0,tr
İyimisiniz Sünnet olanlar ben de sünnet oldum yani ben 1Eylül de saat:1.00 özel hasatanesin de sünnet oldum şimdi çok mutluyum D D D D Çocuklar bu dünya da sence kaç bebekken çocukken kaç erkek çocuk sünnet oldu?Sorusunun cevabını kim vercek,0,0.032411932945251465,0,tr
"Merhaba; Emre Öztürk (yüzücü) sayfamda daha önce bir düzenleme yapmıştınız. Kaynakça kısmını bir şablon haline getirilmiş. Ben bu şablon içerisine yeni kaynaklar eklemek istiyorum ancak hiç bir şekilde şablonun içine mevcut kaynakların devamına ekleme yapamadım bu konuda yardımcı olabilir misiniz? Nasıl yapabileceğim hakkında bilgi verebilir misiniz?Mustafacifci (mesaj)  Kaynağı yazıda bahsi geçen cümlenin sonuna ibaresinin arasına koymanız yeterli olacaktır. Saygılarımla, Fenerli1978Buyrun beniiiim? ",0,0.00038590963231399655,0,tr
"Merhaba, soğuk savaş döneminde Çin Halk Cumhuriyeti (ÇHC) ayrı bir blok değildi, SSCB ie olan gerginliklerden dolayı hem Doğu Bloğunda, hemde Bağlantıdızlar Hareti Bloklarıdanydı. Boloklar bölümünden ÇHC kaldırılmalıdır. AnıL97 ",0,0.0007075653993524611,0,tr
türkler çekik gözlü bir millet.türkler nasıl şimdiki hallerine geldi?ordaki ermeni rum kürtlerle karışarak herhalde.bu milletler türk olmayı nasıl kabul etmiştir?yada daha öncesinde iranlılarla veya araplarla karışarak.yani bu milletler türklüğü nasıl kabul etmiştir?,0,0.20396585762500763,0,tr
 Yanıtını okudum. Bence acemi olabileceklere biraz daha süre tanımamızda (en azından 10 dk) fayda var diye düşünüyorum. Panelhurry ,0,0.0020587770268321037,0,tr
"Bir hesap açıp ondan sonra edit yapmanızda fayada vardır. Eğer köylerimiz hakkında bilginiz varsa eklerseniz seviniriz. Size örnek köy maddelerimizden olanların sayfa linklerini vereyim bakıp bir fikir de edinmiş olursunuz: Kumçelteği, Gölet, Cihadiye. Ayrıca takıldığınız konularda yardımcı olmaya ben ve diğer vikipedist arkadaşlar memnuniyetle çalışırız...",0,0.010471339337527752,0,tr
"TBA ihlali yarattığı ispat edilebir mi rica etsem. Bir de terörün ve PKK nın eylemlerinin olumlu, iyi, cici olduğu ispat edilebilir mi? TBA politikasında bu var mı? Hayır. Tamamen kullanıcı yorumlaması ve görüşü. Terörizm ile tam olarak ilgisi var efendim. Bütün tartışmaların ucu oraya varıyor. Zaten bu tartışmaların yaşanmasının temel sebebi de bu konuda Türkçe Vikipedide var olan tabu ve belirsizlik. Bir kaynağa göre lider diğerine göre elebaşı. Eger burası lider diyeni TBA ihlali kabul etmez, elabaşı diyeni TBA ihlali kabul ederse bu sefer ansiklopedinin güvenirliği sorgulanmaya başlar. Çünkü bir tarafın dediğini seçerek tarafsız bakış açısı açık ve net olarak ihlal edilmiş oluyor. Çünkü bu kişi bir belli kurumlar ve ülkeler tarafından terör örgütü olarak tanımlanan bit örgütün başı. Şahsen bu ifadenin kullanımının abartıldığını ve kişisel endişelerin ön plana çıkarıldığını görüyorum. Maurice Flesier message 14.39, 9 Temmuz 2018 (UTC)",0,0.002801792696118355,0,tr
"1. Öncelikle belirtilen kaynakların ikisi de Amerikan merkezli olup, CIA gibi devlet kurumlarından alınmıştır. Bağımsız araştırma kurumlarına dayanmamaktadır. 2. ABD hükümeti Türkiye ile müttefiktir.Dolayısıyla bilgiler taraflı olup belirli bir devlet görüşünü yansıtmaktadır. 3. Bağımsız yapılan araştırmalar göstermektedir Türkiye de müslüman nüfusun oranı belirtilenden düşüktür. Dentsu, Gallup poll ve diğerleri örnek verilebilir. Kimzi (mesaj)  Güzel kardeşim, müttefiklik ile ne alakası var. Ben ansiklopedik, doğrulanabilir bilgiye bakarım. Yüzde bir bile olsa, Vikipedi de benim için kaynaklı olan bilgi doğrudur. Dediğim gibi siz daha iyi bir kaynak belirtirsiniz, tamamını başka din yaparız. Yani lütfen bana kaynak gösterin. CIA müttefik filan olabilir ama doğrulanabilir bir kaynak değil mi? i.e.msj ",0,0.0005615424597635865,0,tr
"Uluslararası yazılan şekli Helena Paparizou, İngilizce Vikipedi deki sayfanın tartışmasında doğru transkripsiyonun hangisi olduğu üzerinde durulmuş ve Έλενα, Helena değil Elena olarak okunuyor denilmiş. Diğer bazı Viki dillerindeki yazılışlarda kullanılan alfabelere göre madde adlandırılmış. Yaygın kullanılan şekil deniliyorsa    Helena Paparizou   , Türkçe transkripsiyonu deniliyorsa    Elena Paparizu    şeklinde yapılmalıdır. Maddenin şu anki hali muhtemelen İngilizcede yapılan değişiklikle alakalıdır, değilse açıklanmalıdır. esc2003 (mesaj) ",0,0.00018417066894471645,0,tr
Madde adını  Soma kömür madeni faciası  olarak değiştirsek daha iyi olmaz mı? Sadelik açısından. Yılın gerekli olmadığını düşünüyorum. Değiştirmiştim madde adını ancak  olayın gerçekleştiği yıl  gerekçesiyle eski ada geri çevrilmiş. Yılın yer alması gibi bir zorunluluk veya bununla ilgili bir yönerge var mı? - Seyit mesaj ,0,0.0005342639051377773,0,tr
"Burada bana yönelik bir şeyler yazmışsınız. Oysa ben KD olması konusunda yorum yapmıştım daha sonradan, sanırım gözünüzden kaçmış. Ama sizinle bir dialogum yokken o oylamada, başka birinin sorusu karşısında bana saldırmanız da ilginçtir. İyi çalışmalar. Boyalikus (mesaj)  Size  saldırmam  söz konusu bile olamaz. Maddeyi kimin silinmeye aday gösterdiğiyle ilgilenmiyorum. O kullanıcıya verdiğim yanıtın sert olduğunun farkındayım ama bunun sizinle bir ilgisi yok. SAS sayfasındaki yorumumu israrla sorguladıktan sonra bunu mesaj sayfamda tekrarlamasından hoşlanmadım ve kıyaslama yaparak kimsenin kimseyi ikna etme zorunluluğu olmadığını anlatmaya calıştım. Yinede vaktimim çok az olmasına rağmen hızlı bir araştırma sonucunda bulabildiklerimi SAS sayfasına ekledim. Maddeleri silinmeye aday gösterirken verilen gerekçelerin zaman zaman yetersiz olduğuna dair görüşüm ise genel bir eleştiridir (ki geçmişte benim de buna özen göstermediğim esnalar olmuştur). — Pınar (mesaj) ",0,0.0005940211704000831,0,tr
"Tekrar merhaba, Bu yıl sayfalarında alakasız şeyleri çıkartıyorum, kendi doğum tarihini yazan gibi. Misal, ölüm de bahsedilen kişi olaylarda da mevcut az önce Zeki Müren i listeden çıkarttım. Aynı başlık Ölümler bölümünde de mevcut çünkü. Yada albüm satışları falan var çıkan albümler onlar kalmalı mı gitmeli mi? Size sormak istedim. Teşekkürler, Sevda Filiz ",0,0.0009351451881229877,0,tr
"Merhaba . Bu bir kategori tartışmasından çok, bir KD lik durumu. Ayrıca şablonun iş gördüğünü düşünürsek, aşırı kategorilendirmeye karşı yapılmış bir işlem. İl müdürlerinin müstakil olarak ansiklopedik olmadığı konusunda Topluluk deneyimi var, bu kategorilerdeki biyografilerde de il müdürü oldukları için KD sayılma durumları yok, bir dönem bu kişiler il müdürü oldukları için Yzkoc/Sarv gibi konuya meraklı kullanıcılarca açılan kategoriler bunlar. Çoğunda da sadece birkaç kişinin olduğunu, bu kategorilerin sırf o kişiler için açılmış oldukları bellidir. Bu konuda  a da şurada küçük bir açıklamam olmuştu. Nihayetinde aşırı kategorilendirmenin ve ansiklopedik tasnif amacı taşımayan kategorilerin  hızlı sil  yapılmasında sakınca görmüyorum. Ama illa Topluluğa gidelim derseniz, gider ve bu kategorilerin temizlenmesi konusunda açıklamalarımızı yaparız, Topluluğun il müdürlerine vs. kadar alt kategori açalım şeklinde bir meyli olursa, biyografilerin aşırı kategorilendirmeye gidebileceği de bir gerçek ama benim için bir sorun yok, bir zaman sonra yine bir düzelten olacaktır, Türkçe viki ağır da olsa geliştikçe bundan kaçış yok. Viki mantığı olarak kendimize özgünüz ama yine de tasnif tekniğinde diğer vikileri bazen izlemek durumunda kalabiliriz. Almanca kategorizasyon modeli kadar olmasa da bizim de aşırı kategorilendirmeye karşı önlemlerimiz olmalı. Vikiçizer (mesaj) 17.00, 24 Temmuz 2018 (UTC)",0,0.00029364231158979237,0,tr
"son halini gördüm de, bir facia... Ortada halife adı yok..ama en allta bir yazı...[H]: Hammudiler hanedanı...[G]: Gammudiler filan diye yazmış ta..Millet gidim önce index okuyacak herhalde...ama ortada gözüken halife adı filan yok..İşte zavallılık böyle birşey olsa..68.100.168.97  Gözükmeyen yazının referans açıklamaları millete gösterilir mi? Türkiye olarak gene rezil olacağız dünyaya durdursanıza şu adamı...68.100.168.97  68.100.168.97  68.100.168.97 ",1,0.31277090311050415,0,tr
 Azerbaycan Demokratik Cumhuriyeti nde kişiler  ile  Anadolu Selçuklu Devleti nde kişiler  daha uygun gibi geliyor bana Kmoksy (mesaj) ,0,0.0005751259159296751,0,tr
Sayın Noumenon; İyi olduğunuzu umuyorum. Birileri tarafından girilen Devrim Erbil madesini 11 Ağustos 2007 tarihinde VP.HS g9 gerekçesiyle sildiğinizi hatırlatıp; üzerinde çalışmış olarak girdiğimi iletmek üzere sizi rahatsız etmek istedim. Saygısızlık olmasın diye. Uygun bir zaman diliminde maddeye bakabilir misiniz? Önerilerinizi ve bana ışık tutacak eleştirilerinizi bekliyorum. Sevgilerimle hoşçakalın. Kapçak ,0,0.0016188024310395122,0,tr
" Mrb. Avrupa Birliği Bakanlar Konseyi ile Avrupa Birliği Konseyi aynı şeyi mi ele alıyor?Rapsar  Merhaba Rapsar, farklı işlevleri var. AB Konseyi, hani şu aile fotoğrafı çektiren devlet başkanları vs.den oluşuyor. Diğeri ise işin esas emekçiliğini yapan bakanlardan, diplomatlardan oluşan konsey...İntervikisini bulursam ekleyeceğim...Vikiçizer  İv eklemen çok iyi olur ) Kolay gelsin...Rapsar ",0,0.0008801234653219581,0,tr
"Abraham Lincoln, insan hakları vs. konular kültür portalına dahil olacak mı? Giriş bölümlerini de artık taslak olarak da olsa açmaya çalışacağım. Kesin birşey ne yazık ki söyleyemiyorum. İyi vikiler, iyi çalışmalar   Merube 89        msj      ",0,0.0009295514319092035,0,tr
"  ...Eylül 1924 te meydana gelen Nasturî İsyanınını tahrik ettiği ve Azadî adlı Kürt örgütüne önderlik yaptığından süphelenildi ve Beytüşşebab İsyanına kardeşinin karışmasından sonra (Genç Hadisesi nın başlamasından önce) yakalandı. Bitlis Divan-ı Harbinde yargılanarak Genç Hadisesi nin bastılmaya bir gün kala 14 Nisan 1925 sabahı idam edildi.[2]   Bu paragrafta şunlara değiniliyor: İsyanı tahrik ettiğinden ve azadi adlı örgüte önderlik yaptığından   şüphelenilmiş   Kardeşi bir isyana katılmış Şeyh Sait(genç hadisesi deniliyor) isyanından önce yakalanmış. Şeyh Sait isyanına hiç katılmamış ama idam edilmiş. Okuyanın aklına şu sorular geliyor:   Peki suçu neymiş? Sadece İsyanı tahrik ettiği ve Azadi örgütünün lideri olması şüphesi mi? Bir şüphe üzerine mi idam edilmiş?   Burda eksik bilgi var ve incelikli olarak taraflılık yapılıyor. Bu iddialar bir kişinin eserinde verilmiş ise o kaynağa atıfta bulunulabilirdi. İstiklal mahkemelerinin çabuk, sert ve acımasız karar aldığı bir yerlerde yazılmış olabilir. Ama bu ifadeyi, kaynağa atıfta bulunmadan, doğrulanabilmiş ve herkesçe kabul edilmiş gibi varsayıp yazmak veya ima etmek ansiklopedik olmaz. Bu önemsiz bir madde ama her küçük maddede bu şekilde davranılırsa viki siyasi görüşlerin empoze edildiği bir yere döner. Başınızı da ağrıtmak istemezdim ama sorduğunuz için düşüncemi açıklama gereği duydum. Ayrıca, ilginiz için gerçekten teşekkür ederim. Bruno ",0,0.0011658025905489922,0,tr
Köy çeşmesi ana sayfasındaki şablonunu ve en.viki deki Köy çeşmesini bir türlü bulamadım.link verirsen...—   Bu imzasız yazı Ilgazer (mesaj•katkılar) tarafından eklenmiştir.   ,0,0.00074973568553105,0,tr
"   Hoş Geldin !    Merhaba, tamamen gönüllü katılımcıların çabalarıyla 250 dilde oluşturulmaya çalışılan ansiklopedinin Türkçe bölümü    Vikipedi    ye hoş geldin! Bu ansiklopedi beş ana madde üzerinde şekillenir, katkıda bulunmadan önce okumanızda yarar vardır. Katkıda bulunmaktan lütfen çekinmeyin. Vikipedi nin yazım kuralları basittir. Ne şekilde madde yazabileceğiniz biçem el kitabında ayrıntılı olarak açıklanıyor. Herhangi bir sorun olursa, yardım sayfalarına bakabilirsin. Diğer kullanıcılardan yardım istemekten çekinmeyin; yeni bir katılımcıya yardım etmekten mutluluk duyacaklardır. Tartışma ve kullanıcı mesaj sayfalarındaki yazılarınıza,   ansiklopedi maddeleri hariç  , lütfen imza atmayı   (   ~~~~   )   ihmal etmeyin. İletişim için Köy çeşmesiOrtak çalışma alanı Topluluk portaliTelif hakkı kaybolmuş bir eseri eklemek istiyorsanız VikiKaynakBir terimin sözlük açıklamasını yapmak istiyorsanız VikiSözlükBir şeyin nasıl yapıldığını tarif etmek istiyorsanız VikiKitapÖzlü sözleri eklemek istiyorsanız VikiSöz En çok sorulan...Burada Bulmak istediğim konuya nasıl erişirim? Gezinti Bir madde için ekleme yapacağım ama telif hakları sorunu ne olacak? Kaynaklar Madde hakkında nasıl tartışırım? Tartışma sayfasını kullanın Bir madde için yapıcı eleştiri nasıl yapılır? Tavsiye Bir kullanıcı ile sorunum var. Ne yapmalıyım? Nezaket   (saldırı yasaktır)   ve Sorun çözümü Kolay gelsin... EmreDuran ",0,0.0006794565124437213,0,tr
isa özkişi 1966 yılında Aksaray ili Merkez İlçesine bağlı bostanlık köyünde doğdu. İsa özkişi (mesaj) ,0,0.0016373666003346443,0,tr
" 100px    İş Birliği Projesinde 2. oldunuz!!!   Merhaba Superyetkin, İş birliği projesine katılımınız için çok teşekkürler!   Bilgi kutusuz şablonu bulunan maddelere bilgi kutusu ekleme   konulu projede    2.    oldunuz. ¨ Katılımınızın devamını bekleriz. İyi çalışmalar Mecnun (mesaj) ",0,0.0003511636459734291,0,tr
"merhaba rapsar ben uzun süredir vikipedi yi kullanıyorum özellikle de uçaklar, havayolları, havaalanları işte jfk havaalanı sayfası oluşturucam bana bi yardım etsene google eart jfk uydu resmini aldım hangi resim etiketinde yapıcaz ya D",0,0.013059422373771667,0,tr
"mehaba, temizlik için teşekkürler, onaylıyorum çoğunu. ancak bazı maddelerde paragraf açıklamaları ve fotoğrafları da kaldırmışsınız. onları düzeltirseniz sevinirim. kolay gelsin.    kibele    ",0,0.001803167280741036,0,tr
"Buradan faydalanabileceğimi düşündüm.Hatta,üye olmadan önce faydalanıyordum ama üye oldum.Yine de buradaki bilgi çok az mesela şuanki konum beden eğitimi dersi hentbol sahası çizimi ve kulanılan malzeme ama ne bir saha çizimi ne bir malzeme çeşidine rastladım.Şuan benim sözlerimi gerçekten anladıysanız sizden dileğim şudur ki: -Sadece eğitimim için lütfen bir saha çizimi ve malzeme çeşidi koyun..Öğretmenlerden nefret nefret ediyorum.Kendi ınıf öğretmenim dışında.O kadar saçma ödev istiyorlar ki..",0,0.5899701714515686,1,tr
"   Hoş Geldin !    Merhaba, tamamen gönüllü katılımcıların çabalarıyla 229 dilde oluşturulmaya çalışılan ansiklopedinin Türkçe bölümü    Vikipedi    ye hoş geldin! Bu ansiklopedi beş ana madde üzerinde şekillenir, katkıda bulunmadan önce okumanızda yarar vardır. Katkıda bulunmaktan lütfen çekinmeyin. Ne şekilde madde yazabileceğiniz biçem el kitabında ayrıntılı olarak açıklanıyor. Herhangi bir sorun olursa, yardım sayfalarına bakabilirsin. Diğer kullanıcılardan yardım istemekten çekinmeyin; yeni bir katılımcıya yardım etmekten mutluluk duyacaklardır. Tartışma ve kullanıcı mesaj sayfalarındaki yazılarınıza,   ansiklopedi maddeleri hariç  , lütfen imza atmayı   (   ~~~~   )   ihmal etmeyin. İletişim için Köy çeşmesiOrtak çalışma alanı Topluluk portalıTelif hakkı kaybolmuş bir eseri eklemek istiyorsanız VikiKaynakBir terimin sözlük açıklamasını yapmak istiyorsanız VikiSözlükBir şeyin nasıl yapıldığını tarif etmek istiyorsanız VikiKitapÖzlü sözleri eklemek istiyorsanız VikiSöz En çok sorulan...Burada Bulmak istediğim konuya nasıl erişirim? Gezinti Bir madde için ekleme yapacağım ama telif hakları sorunu ne olacak? Kaynaklar Madde hakkında nasıl tartışırım? Tartışma sayfasını kullanın Bir madde için yapıcı eleştiri nasıl yapılır? Tavsiye Bir kullanıcı ile sorunum var. Ne yapmalıyım? Nezaket   (saldırı yasaktır)   ve Sorun çözümü Kolay gelsin. Ugur Basak     mesaj      ",0,0.0009562665363773704,0,tr
Muhammed Cimci rumuzuyla girebildigi her siteye bir seyler karalayan Internet müptelasi; Senin gibi pislikler temizlenmedigi sürece saltanatli yasayacaktir uzay cöplügündeki bok böcekleri.,1,0.9922460913658142,1,tr
"Dünyanın bütün dillerinde bilgi yaymayı amaçlayan özgür ansiklopedi, sizin katkılarınızla gelişiyor. Katkıda bulunurken temel ilkeleri göz ardı etmezseniz seviniriz. Telif hakları, tarafsızlık ve katılım davranışları bu ansiklopedinin en önemli başlıklarıdır. Biçim konusunda bu rehberden yararlanabilir, her türlü konuda vikipedistlerden yardım isteyebilirsiniz. On sekiz yaşından küçükseniz çocuk koruma politikasını mutlaka okuyunuz. Lütfen değişiklik yapmaktan çekinmeyin. Mavi bağlantıları tıklayarak Vikipedi yi tanımayı ve katkıda bulunmayı sürdürmeniz dileğiyle. Kolay gelsin.    kibele    12.13, 28 Mayıs 2019 (UTC)",0,0.00044767052168026567,0,tr
"Özgürlük kötü bir şeydir. Anarşizme ve ulusalcılığa lanet olsun. Komünizmi dünyaya hakim hale getirmek için totaliter diktatörlükler bile kurulmalı, kurulduda zaten. Sosyalizm hümanist değil psikopat ve devrimci bir toplum düzenidir. Çok özgürlük talep eden eşcinseldir. )2604:180:0:0:0:0:FC1E:DEA ",1,0.820980429649353,1,tr
DENİZ GEZMİŞ VE MAHİR ÇAYAN TÜRKİYE DE SINIFLAR ARSI EŞİTSİZLİĞİ GİDERMEK İÇİN ÇIKTILAR YOLA TAM BAĞIMSIZ BİR TÜRKİE İÇİN YARI SÖMÜRGE DURUMUNDAKİ TÜRKİYEYİ KURTARMAK İÇİN. HALKLARIN KARDEŞLİĞİ İÇİN ÇIKTILAR YOLA. ÖLÜME GİDERKEN BİLE Bİ AN BİLE PİŞMAN OLMDILAR YAPTIKLARINDAN ONLAR GEMEREK VE KIZILDEREYE BİZİM İÇİN TÜRKİYE İÇİN GİTTİLER,0,0.632407009601593,1,tr
"Merhaba, Demek ki önbelleği temizlemek ve/veya dosyanın yüklenmesi üzerinden biraz süre geçmesi gerekiyormuş. Teşekkürler Garbino. Konuyla ilişkili olarak: W.Commons’a yüklenen her tür dosya silinebilir mi? “ ”, “ ” gibi şablonlar eklenerek dosyanın silinmesi için talepte bulunuluyor. Ve bir hizmetli tarafından gözden geçirilip silinip silinmemesine karar veriliyor. Yukarıdaki genel metod dışında, dosyayı yükleyen kullanıcı ‘hizmetli’ hüviyetini taşımıyor olsa bile, dosyayı silme olanağı var mı? Tüm wikimedia araçlarında (vikipedi de dahil) silme işlemiVikipedi:Hızlı silme yönergesi ile mi yapılıyor? Toksoz (mesaj)  Wiki projelerinde silme işlemleri yalnızca hizmetliler tarafından gerçekleştirilmektedir. Ayrıca diğer wiki projelerinde de birer silme politikası bulunmaktadır. Mesela, İngilizce wiki nin bu, Commons un bu hızlı silme politikası sayfalarıdır. İlgili gerekçelerle sorunlu gördüğün madde/dosyaları silinmesi adına etiketleyerek, bir hizmetli nezaretine yollayabilirsin. Garbino ileti ",0,0.0006384261068888009,0,tr
Noumenon merhabalar. Nasılsınız? Uzun zamandır görüşemedik. Ben anasayfayı incelerken tarihte bugün bölümünde 1992 yılı altındaki bilgide 10 askerin şehit edildiğini okudum. Şehit kelimesi Vikipedi de taraflı değil midir? Aydınlatırsanız sevinirim.    Mızrak   msj ,0,0.001129845972172916,0,tr
"Levent Abi, sence şu madde çok mu kısa? Eğer silinecekse diğerlerine devam etmeyeyim. İyi çalışmalar. ♪♫     A  takan      0652   |   mesaj    ",0,0.0016651152400299907,0,tr
Yaşayan futbolularsa bu mümkün değil. Eğer ölmüş futbolcuysa özgün bir resmini çekmenin mümkün olmadığını belirterek resmini yükleyebilirsin... Zeki Rıza Sporel ve geçen aylarda rahmetli olan Vedat Okyar gibi... ,0,0.003583124140277505,0,tr
Kolay gelsin Bora. Alper Aga maddesine taa Mart 2008 de bir  özgün araştırma  şablonu eklemişsin ama maddenin tartışma sayfasında daha ayrıntılı bir not düşebilirsen konuyla ilgilenenlere yardımda bulunmuş olursun. Teşekkürler — Pınar [m] ,0,0.00035617707180790603,0,tr
 : Uyarı mesaj ve katkınız için teşekkür ederim. Tespit ettiğiniz herhangi bir uygunsuzluk varsa lütfen bildirin düzelteyim...İyi çalışmalar.Eğitmen Mahmut (mesaj) ,0,0.000532524602022022,0,tr
kürt diye bir millet yoktur biz türkler kendimize meşkale olsun diye böyle uyduma bilgiler atıyoruz ortaya yani daha düne kadar kürt diye birşey yoktu uzaydan mı geldiler bunlar bence ermenilerin ortaya attığı biz türklerinde yediği bir yalandır türkiye türktür bu böyle gelmiş böle gidecek soysuzluk yapılan bir kaynak haline geldi vikipedi46.1.135.184 ,1,0.2257108986377716,0,tr
Ali Kuşçu maddesine Azeri ve İngiliz vikilerinden eserleri kısmına aktarımlarda bulunuyorum. Hepsi bittikten sonra da Alman vikisinde yer alan bir gravürü de oluşacak olan sayfa boşluğunda değerlendireceğim. Umarım beğeneceğiniz doygun bir madde olabilir.Yamşı ,0,0.0009187051327899098,0,tr
Demek istediğim; Hazırladığım şablonu |şu şekildeki gibi kullanımı kolay hale getirmek. yani içeriğinin herkes tarafından kolayca doldurulabilmesini sağlamak. Ben yapamadım.,0,0.0005223980988375843,0,tr
" basitçe dönüş yaptım, çünkü bu kişisel bir görüş değil. rehberimiz vikipedinin tarafsızlık ilkesidir. biz burada fikir tartışmaları yapmıyor, birbirimizi bir takım konularda ikna etme çabası içine girmiyoruz. konuyu başka ortamlarda konuşabilirsiniz. ancak benim söyleyeceğim yeni bir şey yok. kolay gelsin.    kibele    ",0,0.001997636631131172,0,tr
Hmm. Aslında projeyi yenilemeyi düşünüyordum. Şimdi yenileyeceğim. Yakında Balkan VikiProjesinide oluşturmayı planlıyorum. Öncelikle projenin ana sayfası yenilenecek. Navigasyon oluşturulacak. Bu konuda yardım edersiniz umarım:) İyi vikiler. ,0,0.0002642814361024648,0,tr
Merhaba.Neden üye olupta katkılarını öyle yapmıyorsun.Seninle tanışmak isterim ama üye olmadan bu çok zor.eğer üye olursan benim kullanıcı sayfama bir mesaj at yada en iyisi beni msn nize eklerseniz sevinirim    Recep_06_1903@hotmail.com   .İyi akşamlar   UANNİS(Ailenizin müstakbel türkoloğu)    ,0,0.0028246347792446613,0,tr
Allah nasip ederse bu sene iyi bir üniversite kazanacağım ) Hangi bölümü bitiriyor kızın?    berm      anya    ,0,0.023438546806573868,0,tr
"diyarımıza tanınmamış demişsiniz, o halde onlarca olan diğer sözlükleri de silin. bu kadar saçma bir mantık görmedim önceden. katılımcı sözlükler ve sözlükler kısmına bakın.",0,0.1357424110174179,0,tr
"Ortada bir tartışma olması gerekmiyor zaten betimlediğim tarzda bir sakınca için. Bir taraf hiçbir şekilde karşı tarafla ilgilenmiyorken de yaşanabilir bu sorun. Sorunu çok basit ve açık olarak anlattığımı sanıyorum. Lütfen.    Vito Genovese     Üslubu şikayet sayfasında bir hizmetli tarafından engeli üzerine aday gösterilen bir şahıs adına şahsıma    üslubunuza dikkat et, tavır takınmayın    tarzında bir ikazıda haksız bulduğumu uyarının yada kendi deyiminizle (hatırlatmanın) muhattabı şahsen eğer ortada tartışmaya zemin bir durum varsa her iki tarafında dahil edilmesi aksi halde bi-taraf olunduğu izlenimi vereceğini hatırlatmak isterim. — Lubunya — ",0,0.0004151984176132828,0,tr
"Maddelerde değişiklik yaparken, lütfen    tarafsız bir bakış açısıyla    ve ansiklopedik bir dilde yazmaya özen gösterin. Maddelere imza atmayınız, maddelerde reklam yapmayınız, e-posta ve telefon numarası gibi özel bilgilerinizi paylaşmayınız. Kendinizi tanıtabilmek için kullanıcı sayfanızda    Babil    şablonlarını kullanabilirsiniz. Kullanıcılarla mesajlaşırken lütfen nezaket kurallarını unutmayın, herkesin aynen sizin gibi Vikipediyi geliştirmek amacıyla katkıda bulunduğunu ve iyi niyetli olduğunu varsayın.    Beş temel taş   ,    imza kullanımı   ,    Cesur ol   ,    Engelleme politikası   ,    oy kullanımı    politika ve yönergelerini mutlaka okuyun. Aynı kişiye ait birden fazla hesabın ya da farklı kişilere ait olsa bile birden fazla hesabın tartışmalarda avantaj sağlamak amacıyla birlikte hareket etmesinin    Kuklacılık    olarak değerlendirileceğini ve bunun yasak olduğunu unutmayın. Politika ve yönergeleri okuduysanız, değişiklik yapmayı ve Vikipedide neler yapabileceğinizi artık biliyorsanız    cesur olun    ve değişiklik yapmaya başlayın!...    Haydi kolay gelsin!    Duke ",0,0.0006606996175833046,0,tr
"listelerde maksat şarkının en yüksek kaç numara olduğudur. hande yener alem fm de hipnoz ile 9 haziran da 8 numara olduktan sonra 24 haziran da 16 numara olması bir anlam taşımaz, en yüksek 8 numara olduğu için haneye 16 yerine 8 yazılır. sevgiler. Triancula ",0,0.0007501691579818726,0,tr
" 45x45px|left Vikipedi kurallarına aykırı hareketleriniz nedeniyle, değişiklik yapmanıza bir süre için izin verilmiyor. Eğer yararlı katkılarda bulunmak isterseniz, engellenme sürenizin sonunda tekrar geri gelebilirsiniz. Mskyrider   ileti   ",0,0.0004445318481884897,0,tr
Evet malesef gördüm. Denetçilerin hepsinin yorumunu bekliyorum o zaman yorum yapabilirim... Boyalikus  Mesela ben iki ikişinin ayrı olduğunu kanıtlayabileceğimdir (gerç beceriksizim biliyorsun). Ama kişilere ait bilgileri açık ortamda yazmamız mümkün olmadığı için zor iş olacak. Şimdilik uzatmayacağım ama meseleyi çözelim. Takabeg ,0,0.001287265564315021,0,tr
"Merhaba. Willy Messerschmitt maddesine 17 Mart tarihinde,hiçbir kaynak belirtilmemiş olmasından ötürü kaynaksız şablonu eklemiştim. Şablonu kaldırmışsınız ancak hala maddede kaynak gözükmüyor. Benim bilmediğim bir prosedür mü söz konusu ya da bir yerde bir yanlışlık mı yaptım? Bilgi vererek yardımcı olursanız çok sevinirim. İyi çalışmalar, saygılar... Meden agan ",0,0.0004235589876770973,0,tr
"Merhaba, açmış olduğunuz Şeyh vasfi maddesinin bir kısmı şu sitedeki maddeden kopyalanmış gibi görünüyor. VP:T ve VP:THSSS yi okumuş muydunuz? Ayrıca başlık adı da sorunlu gibi duruyor. İsimlerde unvanların yer verilmemesine ilişkin bir VP:ADK ya bakar mısınız? İlk yazılan maddelerde bu tür sorunlar başımıza hep geldiği için bu sorunların sizi yıldırmamasını temenni ederim. İyi çalışmalar.    Sargon   ileti ",0,0.0007911952561698854,0,tr
Merhabalar. Uzun zamandır vikiden uzaktaydım. Bu arada size daha önce bir mesaj atmıştım sanıyorum gözden kaçtı. Bakabilirseniz sevinirim. Ayrıca halen daha bazı Azeri ==> Azerbaycanlı değişikliği yaptığınız madde ve kategoriler duruyor sanıyorum. Birkaçını biraz önce gördüm. Size zahmet bunların hepsini eski haline alabilir misiniz? Ben gördüklerimi şimdi alacağım ama gözümden kaçan hayli fazla olacaktır. Sizin hepsini geri almanız o nedenle daha mühim. Saygılar   Merube 89        msj      ,0,0.0025452720001339912,0,tr
"40px|alt=|link=Değişiklik yaptığınız bir sayfa (Ahmet Nuri Çolakoğlu) Vikipedi:Silinmeye aday sayfalar/Ahmet Nuri Çolakoğlu sayfasında silinmeye aday gösterildi. Bir fikir birliği oluşana dek tartışma sayfası açık kalacaktır. Tartışmaya herkesin katılımını bekliyoruz. Maddede düzenlemeler yapabilirsiniz, ancak sayfanın üst kısmındaki silinmeye adaylık etiketini çıkarmayın. Teşekkürler.     Nushirevan11         Ⓜ    12.43, 4 Nisan 2018 (UTC)",0,0.0002848911681212485,0,tr
"Merhabalar, Trafiğin arttığı bu günlerde hem   kaynak   konusunun önemini vurgulamak hem de kaynak bulmakta zorlanan arkadaşlara yardımcı olabilmek için kaynaklar bölümünü oluşturmaya başladık. Tabii çeviri işi çıktı fakat içeriklerin çoğunluğu liste halinde olduğu için çevirisi önceki çalışmalara göre daha kolay olacaktır. Bu konuya ilginizi ve yardımınızı bekliyor, tüm Vikipedist arkadaşları yardımcı olmaya çağırıyoruz. Vikipedi:GNU Özgür Belgeleme Lisanslı kaynaklar Vikipedi:Kamu malı kaynaklar Vikipedi:Kamu malı görüntü kaynakları Vikipedi:Özgür veya yarı-özgür kamu malı olmayan bilgi kaynakları Vikipedi:Haritalar Vikipedi:Bibliyografi listesi Teşekkürler, iyi çalışmalar... - Noumenon   mesaj    katkılar   ",0,0.00027208117535337806,0,tr
"Merhaba Matrix0101. Vikipedide her ne olursa olsun İntervikileri değiştirmiyoruz. İntervikiler diğer Vikipedilere bağlantıdır ve örneğin Almanca da Stara Zagora ysa bunu Eski Zağra yapamayız. Demek istediğim maddenin geneli için değil sadece İntervikiler için geçerlidir. Sevgiler.    Veritas       ileti     Merhaba, evet biliyorum. Yanlışlıkla oldu. Takabeg in yanlış düzenlemelerini geri alırken bir de onları da geri alınmışım (her iki düzenlemeyi birlikte yaptığı için birlikte gitti...). Sonradan farkına vardım. Matrix0101 ",0,0.00023613017401657999,0,tr
| işlem2 = SMİ | işlem2tarih = 7 Dec 2013 | işlem2bağ = Vikipedi:Seçkin madde incelemesi/Parapsikoloji | işlem2sonuç = başarısız | işlem2eskisürüm = 13971888,0,0.0008504866855219007,0,tr
"Merhabalar; acaba rica etsem; şu ve şu dosyaları vikipediye (aynı isimle) yükleyebilir misiniz? ya da en azından birini? Açıklama, kaynak ve lisans bilgileri verdiğim linklerde bulunuyor. Böylelikle sanatçının maddesi resimsiz kalmaz. Şu an aktif olduğunuzu gördüğüm için sizden rica ediyorum. Anonim bir kullanıcı olarak benim yükleme imkanım yok. Ve ayrıca kayıtlı kullanıcı olmayı düşünmüyorum. Teşekkürler. 78.173.70.160 ",0,0.0007283928571268916,0,tr
Tekrar söylüyorum beni tehtid etmeyin bir sorun varsa tartışma sayfasında her şeyi yazdım.Eğer Hizmetlilerden beni engellemelerini isteyecekseniz bunu herkes yapabilir.Kamuran Ötükenli  Tehdit değil. Sürekli ve ısrarla kaynakları ve o kaynaklı bilgileri kaldırıyorsun. Takabeg ,0,0.10222054272890091,0,tr
"Maddelerde değişiklik yaparken, lütfen    tarafsız bir bakış açısıyla    ve ansiklopedik bir dilde yazmaya özen gösterin. Maddelere imza atmayınız, maddelerde reklam yapmayınız, e-posta ve telefon numarası gibi özel bilgilerinizi paylaşmayınız. Kendinizi tanıtabilmek için kullanıcı sayfanızda    Babil    şablonlarını kullanabilirsiniz. Kullanıcılarla mesajlaşırken lütfen nezaket kurallarını unutmayın, herkesin aynen sizin gibi Vikipediyi geliştirmek amacıyla katkıda bulunduğunu ve iyi niyetli olduğunu varsayın.    Beş temel taş   ,    imza kullanımı   ,    Cesur ol   ,    Engelleme politikası   ,    oy kullanımı    politika ve yönergelerini mutlaka okuyun. Aynı kişiye ait birden fazla hesabın ya da farklı kişilere ait olsa bile birden fazla hesabın tartışmalarda avantaj sağlamak amacıyla birlikte hareket etmesinin    Kuklacılık    olarak değerlendirileceğini ve bunun yasak olduğunu unutmayın. Politika ve yönergeleri okuduysanız, değişiklik yapmayı ve Vikipedide neler yapabileceğinizi artık biliyorsanız    cesur olun    ve değişiklik yapmaya başlayın!...    Haydi kolay gelsin!    Ozankra ",0,0.0017212236998602748,0,tr
"Merhaba, ismine Büyükelcilik sayfasini gezerken rastladim, umarim rahatsiz etmiyorum. ) Kullanici sayfani okurken bir fikir patladi aklimdan diyebiliriz )) Türkce-Macarca Vikipedi arasinda bir  dostluk  anlasmasini yapsak acaba cok mu aptal bir fikir olur? Macaristan da Türklere cok sicak bakiyorlar diyemeyiz maalesef, yazik... aslinda akrabayiz, tarihimiz var sonunda. Macarca vikipedide Türkiye ile ilgili maddeleri yazan/gelistiren   tek   kisiyim. Bugünlerde Türkiye maddesini Featured Article yapmaya calisiyorum, olacak gibi görünüyor ) Türkce Vikipedide de Macaristan ile ilgili cok az madde var diyebiliriz dime? Biraz birbirimize yardim etsek? Ben maddeleri yazarken en cok enwikide bulunan kaynaklari kullaniyorum, bazen sizlerden yardim istesem olur mu acaba? Mesela simdi Türkiye Cumhuriyeti nin tarihini yazacagim, bununla ilgili   iyi   kaynaklar bulmakta zorlaniyorum (tarafsiz Türk kaynaklarini..) Ara sira Türkce Vikipedisine Macaristan ile ilgili birseyler yazabilirim, ancak biriler maddeleri önceden kontrol edip düzeltmeli, Türkcem biraz  yetersiz  ) Sence gerceklestirebilecek bir fikir mi bu .. yoksa? Cevabin icin tesekkür ederim, sevgiler, saygilar, ⊗ Emre Aydın ın dünyasına gir ",0,0.0035164756700396538,0,tr
"Merhaba Nihan,  terörist  tanimi uzerinde tartisiyoruz: Kategori tartışma:Teröristler. Silahli politik eylem yapmasi bir kriter ancak tanimi biz kendimiz koymayalim refere edelim diye dusunuyoruz. Kategorinin ismini degistirmek de dusunulenler arasinda. Che ve diger silahli devrim hareketinde bulunan kisilerin o donemki hukumet tarafindan nasil goruldugune bakmak gerek. Deniz Gezmis icin bu tanim henuz Turk Devleti tarafindan degistirilmis degil.  Terorist tanimi konusunda  tartismaya degisik bir bakis acisi getirebilirseniz sevinirim. Saygilar, Citrat ",0,0.00076763064134866,0,tr
"Beyin jimnastiği: Belki de şikayet sayfasında gerekçeleri nispeten haklı bulunan bir hizmetli şikayeti (gerçi oradan kurtulmak niyetindeyiz gibi bir hava da var ama) buraya taşınabilir başka bir hizmetli tarafından,   karar   olarak? / Stultiwikia ",0,0.01743330992758274,0,tr
 Reality diğer vikilerde geziyorum şimdi. Sadece kukla değil de süresiz engelleme için yeni uygulamanın gerektiğini düşünüyorum. Hizmetli tek başına herhangi kullanıcıyı süresiz olarak engellenemez. Topluluğun kararıyla ancak süresiz engellenebilir. 1 aydan fazla engellenme verilmesi için de hakem kurulu mu arabuluculuk kurulu mu emin değilim ama o kurulun onayı gerektirir. gibi mesela. Yani kullanıcılar kolay kolay ihraç edilemeyecek. Neden Türkçe Vikide yok ? Geri dönme isteği olanların başvuru ve inceleme süreçleri de lazım. Takabeg ,0,0.001520875608548522,0,tr
"70px|uyarı Merhabalar;Bildiğiniz gibi Vikipedi nin amacı kullanıcıları sayesinde tarafsız bir ansiklopedi oluşturmaktır. Bu sebeple kullanıcı sayfalarımızda ve kullanıcı mesaj sayfalarımızda ideolojik, siyasi, kişisel (özgeçmiş, vs. gibi), reklam içeren, telifli veya herhangi başka bir    Vikipedi politikaları    na aykırı hiçbir içeriği bulundurmamamız gerekiyor. Aslına bakarsanız, kullanıcı sayfalarında Vikipedi de yaptıklarımız, Vikipedi deki projelerimiz gibi konuları ve    Vikipedi:Babil    yoluyla da bildiğimiz dilleri koyuyoruz. Kullanıcı mesaj sayfalarında ise, yaptığımız değişiklikleri diğer Vikipedistlerle tartışıyoruz.    Vikipedi:Kullanıcı sayfası    maddemizi inceleyip, kullanıcı sayfanızı ve/veya kullanıcı mesaj sayfanızı burada yazılanlara uygun şekilde düzenlerseniz çok seviniriz. Teşekkürler. M.M. ",0,0.00032220728462561965,0,tr
"Selamlar. Geçen gün diğer kullanıcı arkadaşımız ile Türk-İslam sentezi hakkında konuşurken bulduğumuz alıntı buraya da aktaracağım. Belki faydalı olacaktır. Belki olmayacaktır... Etienne Copeaux,   Tarih ders kitaplarında (1931-1993), Türk Tarih Tezinden Türk-İslam Sentezine  , Tarih Vakfı Yurt Yayınları, 1998. 1990 lı yılların ders kitabı anlatan bölümünden (kitabın 188. sayfasından) alıntı:   Sonraki yıllarda Peygamber e yapılan gönderme giderek önem kazanır ve bir davayla özdeşleşmenin ifadesi olan iyelik ekine de rastlanmaya başlanır (Peygamberimiz). Bu ekle, Türk yurttallkığı ile İslam a aidiyetin örtüştüğü açık bir şekilde ifade edilmektedir: Muhammed in tüm okuyucu-çocukların peygamberi olamayacağını gibi bir olasılık düşünülmemektedir. İyelik ekine, Hz. şeklinde kısaltılan hazret unvanın sistematik kullanımı da eklenmekte, bu sözcük de yazar ile Müslüman inancı arasında bir mesafe bırakılmadığını göstermektedir...   Daha ayrıntılı bilgilere sahip olan arkadaşlarımız varsa bizi aydınlatsınlar. İyi çalışmalar. Takabeg ",0,0.0004220608389005065,0,tr
"Merhaba Veritas, hani ortada beni ilgilendiren bir durum yok aslında. Ortamı germek ya da oradaki tartışmayı başka konuya çekmek de istemiyorum ama sormadan da edemedim. Onun için sırf merakımdan sorma ihtiyacı hissettiğimi baştan belirteyim. İbne sözcüğünü hakaret olarak görmüyor ve kimliğinizle özdeşleştiriyorsanız, neden  Adam sözcüğünü insan anlamında kullanmakla ibne sözcüğünü eşcinsel anlamında kullanmak arasında bir fark yok  diye bir karşılaştırma yaptınız? İbne hakaret değil ama o sözcük kullanıldığında da güceniyorum mu demek istiyorsunuz? Eğer öyle değilse cidden anlayamadım ben durumu.–   h.çağrı   msj ",1,0.10574840009212494,0,tr
"Ben cahilim bu konuda (hiyeroglif )) ama şunu gördüm: burada Çin karakterlerine: Çin yazaçları denmiş o ne ki? Birde anlaşılan o ki   Çin Yazısı   daha çok benimsenmiş, son dakika söyledim ama kaynak gösterebilirim sanki..Boyalikus ",0,0.07373223453760147,0,tr
"Martin Seligman dışında Ed Diener, Mihaly Csikszentmihalyi, Christopher Peterson, Barbara Frederickson, Alex Linley, Robert Biswas-Diener Pozitif Psikolojinin öncüleri ve gelişimine katkıda bulunan isimlerden bazılarıdır. ",0,0.0004987982683815062,0,tr
-BEn insanlopedi çocuk sayfasındaki çeşitli yönlerde çocuk maddesinin hemen hemen hepsini ben düzenledim zatenn ona ek olarak askeri yönden konusunuda ekledim kaynağım var ama nasıl gösteceğim bilmiyorum yararım olduysa ne mutlu bana,0,0.004456163849681616,0,tr
"Selam Gökhan. Yakında portal açmak istiyorum ama yeterli bilgiye sahip değilim. Portal ile ilgili sayfalara baktım ama bilgiler yetersiz geldi. Bilgileri yeterli olan ve portal hakkında önemli bilgiler veren bildiğin sayfalar var mı? İngilizce de olur. İyi vikilemeler, sevgiler...    Berm@nya    ",0,0.0010143298422917724,0,tr
İngilizce Vikipedi de editörlere ayrıca verilmiş bir takım haklar mevcut. Editörler deneyimsiz kullanıcılar değildirler. Bu yükün altından kalkabilirler. G❽ktr ,0,0.09447737783193588,0,tr
"Rica ederim.Tabiki politika ve yönergeleri benimsemiş, benimsemekle kalmayıp cesurca uyguladığınız için Vikipedi topluluğunca yönetici seçildiniz zaten.Hiç şüphemde yok.İyi çalışmalar deilerim.   Mach   iavelli msj ",0,0.0011828639544546604,0,tr
"Sevgili Vikiçizer, Kayıt sayfasındaki değişikliğinizi geri almak zorunda kalıyorum çünkü sizden sonra birisi vandallık yapmış, tüm değişiklikleri geri almaktayım. kUsura bakmayın    İnternion   msj ",0,0.0017282827757298946,0,tr
Merhabalar Selefilik ile alakali ensonki guncellememi neye dayanarak belgesiz bir sekilde sirf elinizdeki devriyelik kozunuzu kullanarak geri aliyorsunuz guncellememi elinizde kaynak varmi neye dayanarak Selefiligi itikad mezhepler arasinda gosteriyorsunuz. Bagimsiz degilsiniz aciklayin kimler tarafindan finans ediliyorsunuz neye dayanarak mezhep olarak insanlara yanlis bilgi veriyorsunuz kaynaginiz varmi belgeniz varmi aciklama bekliyorum Soneracar3444 (mesaj) ,0,0.0064269122667610645,0,tr
Antalya nın Finike ilçesinden adını almıştır. İsminde herhangi bir yanlışlık söz konusu değildir. Bu arada taksokutunun kullanıldığı maddelerdeki değişiklikler için çok teşekkür ederim bitkiler alemini en sona bırakacaktım sayende zaman kaybından kurtulmuş oldum sağol. ,0,0.0007429243996739388,0,tr
"Paraklitos, incilde gelmesi müjdelenen varlık,  teselli eden  anlamı aslında bir nitelik ve sıfattır. Bu anlamda önemli soru  neyi teselli eden kişi? dir. Bu durumda bu sıfat amacına ulaşmıyor gibi. Ancak övülmüş kişi anlamı  ahmet  anlamında olması gerçekleşmiş bir durumu ifade ettğinden dolayı incilin büyük bir mucizesi olacaktır. Diğer ifade  tesellici  anlamı ise yoruma açıktır, gerçekleşmemiş bir hakikattır.",0,0.0004892714787274599,0,tr
Tüm Vikipedistlere selamlar. Hakemler Kurulu nun artık kurulması lazım. Hakemler Kurulunun kurulmasına yönelik fikirlerinizi Vikipedi:Köy çeşmesi (yönetmelik)nde belirtirseniz sevinirim. Naip İffetoğlu ,0,0.0004075883189216256,0,tr
 Beluciler ifadesi Türkçe dilinde tanımsız bir ifadedir. Beluçlar kendilerine    Beluç (بلوچ)    diyorlar. Bu durumda  i  takısı ne oluyor? Türkçe de böyle bir takı var mı? Burda mihenk noktası Farsça ve Beluçça da Beluçlara ne diyorlar sorusudur. Farsça ve Beluçça dilinde Beluç etnisitesi    بلوچ    olarak yazılıyor. Bu harf >>    چ    >>    ç    harfidir. Kendilerine Beluç dediklerinden ötürü İngiliz dilinde de Baloch olarak yazılıyor. Bu durumda Milliyet in arşivine bakmaya gerek var mı? Şurada yazdığım itirazıma bir mantıkî gerekçe ileri sürün görüşümü değiştireceğim.      Nushirevan11         ☾★    ,0,0.0010050083510577679,0,tr
tehditlerinizden çok kortum şimdi ne yapacağımı bimiyorum belki bu diyarı terk ederim çocuk kendine gel sen İlköce Maraş katliamı saçmalığının açıklamasını yap bu ansiklopadiye aldığın terbiye seviyesini belirten şeyleri ekleme sik yarak kelimelerinin burada işi ne hiç bir ansiklopedide böyle madde görmedim yoksa sen böyle şeylerle mi ilgileniyorsun boyundan büyük işlere kalkışma edebinle otur benim seninle bir işim yok Kullanıcı:81.213.64.145,1,0.9825389385223389,1,tr
"Merhaba Rapsar. Ayn el Arap sayfasının adını Kobani olarak değiştirmek istiyorum ancak tartışmada uzun süre bir sav geliştirmediniz. Eğer hala itirazınız varsa bunu belirtin lütfen tartışma sayfasında eğer yoksa adını değiştirelim. Ne dersiniz?   Kud      yaz     Merhaba. Zaten politikalara dayalı yazılar mevcut tartışma sayfasında, gerek benim yazdığım gerekse başkalarının yazdığı. Bunlara rağmen taşıma yapmak doğru değil.RapsarEfendim? ",0,0.0005321704666130245,0,tr
Bu maddenin SM olması için çalışmalar uzun süre önce başlamıştı ancak yarım kaldı. Şimdi çalışma yeniden başlıyor. Destek olmak isteyenlere duyurulur.,0,0.00047444572555832565,0,tr
"hz.isa ile ilgili bir takıntısı olduğunu düşündüğüm kullanıcı.78.167.99.195  benim sevgilimde Hristiyan, Ortodoks mezhebinden. haç kolyesi takıyor ara sıra.78.167.99.195  bense bir agnostiktirim. eskiden materyalisttim kürtçülük ve solculuktan kalma bir özellik olarak ) iki sene olacak önümüzdeki aylarda agnostik inanca geçiş yapışımın ardından.78.167.99.195  görüşlerim sağa kaydıkça agnostik oldum mk.78.167.99.195  bir monist inançlar vardır, materyalizm ve idealizm olarak. bir düalist inançlar vardır deskartın görüşlerine benzer fikirlere sahip ve günümüzde popülerliğini yitirmiş, birde bilinmezci yani agnostik inanç vardır benim benimsediğim türe yakın.78.167.99.195  özellikle birlikte olurken takmak istiyor bana öptürüyor o haçı bende zevkten öpüyorum )78.167.99.195  bende diyorumki bugün neden burası böyle boş, işsiz .rospu çocukları sizi )78.167.99.195 ",1,0.8685593008995056,1,tr
"Size de merhaba evet siz gayet doğru anladınız zaten burdaki yazarlar çok akıllı,zeki ve kültürlü insanlar.Evet o derecedeki bir kullanıcı için bile dava açılır buna bir şey diyemem vikideki adalet sisteminin sağlamlığını gösterir ama Elmacenderesine neoldu? o da mı silindi?Tüm bunalrı birleştirdiğimizde bir çalkantı var gibi duruyor,buna gerçekten şaşırdım ve üzüldüm.Kamuran Ötükenli ",0,0.041705045849084854,0,tr
"P.S ne oluyor. Tam versiyon derken ne kasteddiniz?***Osmanlı98***İyi vikilemeler***  Play Station. Takabeg  Selam Takabeg. Şu an DTP nin kapatılmasıyla ilgili bir haber oluşturuyorum Vikihaber de. Bitince sana haber versem TBA açısından kontrol edebilir misin?Reality  Olur. Ama önce seçkin resim aday adaylarına bakacağım. Yani yarınki adayları seçeceğim. Sonra bakacam. Kolay gelsin. Takabeg  Tamam Vikihaber de haber oluşturuldu. 1-2 kullanıcı habere devam ediyor onlara devrettim ettim haberi.Reality  Elimden geldiğince TBA ya uydum. Haber bitti bakabilir istediğin düzeltmeyi yapabilirsin. İyi vikiler.Reality  Eline sağlık. Demin baktım yani okudum. Bence tararsızlık açısından sorun yoktur. Ancak   Mecliste 21 üyesi bulunan DTP, yasaklarla 19 üyeye düşecek.   biraz tuhaf. DTP kapatıldığına göre... kapatılmış partinin koltuk sayısı 0 (sıfır). 21 ve 2 meselesini başka bir şekilde ifade edersen iyi olacak. Birde hükumet değil hükûmet. İyi çalışmalar. Takabeg  Tamamdır. Uyarı için teşekkürler.Reality ",0,0.001738868304528296,0,tr
"  Madde adında geçen Kürdistan Bölgesel Yönetimi nin kısaltmasını Türkiye basını IKBY şeklinde veriyor fakat orjinal isminden kısaltmayla KBY olması gerek  tarzı bakış açısı doğru değil. Türkçe Vikipedi deki madde adı güvenilir Türkçe kaynaklarda kullanılan şekli yansıtıyor, öyle değilse de yansıtmalı. Devlet adları zaten  orijinal ismi  (resmî dillerindeki resmî ismi kastediliyor sanırım) ile adlandırılmıyor genelde,  Türkiye Cumhuriyeti  resmî ado iken biz  Türkiye  diyoruz mesela. Dolayısıyla burada da ana maddeye uyum aranmalı, ana madde adı yanlış ve değiştirilmesi gerek deniyorsa o ayrı bir tartışmanın konusu.RapsarEfendim? ",0,0.0004236316599417478,0,tr
"Ümit Yaşar Oğuzcan, 1960 larda, istisnalar dışında, genellikle şiirlerini serbest yazardı.. Tabir uygun olur mu bilmem, bunlar     hercai şiirler    di..    Beni Unutma     o yıllarda birçoğumuzun şiir defterinda kayıtlıydı. Oğlu Vedat ın ölümü ve zamanın birikim ve olgunluğu ile hece ve aruza yönelerek daha mistik ve lirik eserler vermeye başladı.    Beni kör kuyularda merdivensiz bıraktın.. Denizler ortasında bak, yelkensiz bıraktın..     gibi. Ümit Yaşar gibi oğlunun ölümünden çok etkilenen iki edebi şahsiyet daha aklıma geldi ki bunlardan biri Recaizade Mahmut Ekrem , diğeri de Peyami Safa dır. Recaizade Mahmut Ekrem in, oğlu Nijad için yazdığı şiirinde,     Gözüm nûru, oğulcuğum, Nijad ım     derken ağladığını hissedebilirsiniz. Peyami Safa ise, asteğmenliği sırasında kaybettiği oğlu Merve nin acısına dayanamayarak bir kaç ay sonra vefat etti..(1961 de..Ben lise sondaydım..Mantık dokusu üzerine kurulu köşe yazılarını hiç kaçırmazdım,Ölümünden sonra kendimi bir süre boşlukta hissetttim.Daha sonra o formdaki yazıları ile Galip Erdem imdadıma yetişmişti.) Peyami Safa da, babası Şair İsmail Safa  yı küçük yaşta kaybetmişti.. Konu nerden nereye geldi? Her neyse, saygılar    Nihan    hanım..Hasan Sami ",0,0.0008565541356801987,0,tr
"ARKAŞIN BİRİ ALEVİLERE KÜFÜR ETMİŞ BEN ALEVİ DEĞİLİM SÜNNİYİM AMA ARKADAŞA RİCA EDİYORUM LÜTFEN KÜFRETME KARDEŞİM BİZE HİÇ YAKIŞMIYO UNUTMA MÜSLÜMANIZ BİZİM GÖNLÜMÜZ ÖYLE GENİŞKİ EBUBEKİRİ ÖMERİ ALİ Yİ OSMANI HEPSİNİ SEVİYORUZ HEPSİ İNCİ AMA NEDENSE BAZI ALEVİLER SÖZÜM MECLİSTEN DIŞARI HZ.ALİ Yİ SADECE KENDİLERİ SEVİYOMUŞ BİZ ONU VE HASAN VE HÜSEYİNİ KABUL ETMİYOMUŞUZ GİBİ DAVRAMASINLAR ALEVİLERDE MUTA NİKAHINI KABUL ETMİYOR BİLİYORUM BU LAFIM MUTA NİKAHININ SONRADAN YASAKLANDIĞINI GÖZARDI EDENLERE ALLAH,TAN KORKUN -Y.ÖZCAN-88.232.236.37 26.10.2010",0,0.9763995409011841,1,tr
" Bu kaynaklamayı biliyorum. Diğeri daha basit geldiği için uyguluyordum. Kaynaklar üzerinde   Sabah Gazetesi:   ifadeleri fazlalık onları siliyorum ayrıca. Sen madde üzerinde uğraşırken yeni olaylar gelişti hemn eklemeye başlıyorum. Teşekkürler, kendine iyi bak. Muratsahin ",0,0.000711553730070591,0,tr
Bu aralar yoğunsun. O yüzden çoğunlukla onun hazırlıklarıyla uğraştığımı görmüyorsun tabii. ) VP:SİHİRBAZ ile başladım. Sırada AfC var. Tabii onu büyük ölçüde basitleştirmem gerekiyor. O hali bizim için fazla komplike. MediaWiki değişiklikleri ise Bugzilla dakiler değişikliği uygulama koyunca ancak.    Vito Genovese    ,0,0.0031082769855856895,0,tr
"Iyi gunler, kullandiginiz bot ekledigim  Resim:Turkey flag large.png, Resim:Switzerland flag large.png, Resim:Italy flag large.png, Resim:Germany flag large.png  resimleri icin bana mesaj birakmis. Bu resimleri burada yeni oldugum siralarda kendi sayfami hazirlarken tahminen ingilizce vikiden bularak eklemistim. Simdi ise wikimedia daki bayrak resimlerini bunlar yerine kullanabilirim. Bunlar da onceki yazismamizdan anladigim kadariyla ileride botunuz tarafindan silinir. Boyle bir yontem  sizin icin uygun mudur  diye soracaktim. Iyi calismalar, EmreDuran . EmreDuran resimlerine belirsiz etiketi eklendikten sonra olumlu mesajların en azından tepki olmayanların gelmesi güzel oluyor. Şimdi tekrar baktım, o resimler commonsda bulunuyor, zaten sende gerekli değişiklikleri yapmışsın. O resimleri ileriyi beklemeden şimdi siliyorum. Temizlik işine başladık telif sorunu yaratanlar vs. bu iş içinde en kolayı kullanıcıların 1 defa uyarılmasıydı, silme işlemi için normal süreç 10 gün fakat ilk seferlik sanırım 1 ay kadar bir süre bekleyecez. Size de iyi çalışmalar. Ugur Basak     mesaj      ",0,0.0004935170290991664,0,tr
Burası tartışma sayfası kazma! Sen git kibeleyemi tapıyorsun ne sikime tapıyorsan git o işi yap burada önemli bir mevzu dönüyor.,1,0.9141510128974915,1,tr
"Grigori Ştern açıldı. Takabeg  Ellerine saglik. Gerci madde yaratilmis zaten ama yardima ihtiyac varmi? Bu arada istersen Vikipedi:Seçkin portal adayları/Portal:Yahudilik te oy kullanabilirsin, israr yok tabi ) ",0,0.007660414092242718,0,tr
"18 Ekim de Grafik Laboratuvarı nda Avrupa Birliği nün üç sütununu Türkçeleştirilmesini istemiştiniz. Aynı gün içinde Türkçeleştirdim ama görmediniz sanırım. Ses çıkmayınca öyle sandım da . İyi vikilemeler...  Merhaba, ben onu oraya ekledikten sonra, sayfa izleme listemde olmadığı için unuttum gitti ) Yoksa şimdiye kadar bir teşekkür mutlaka ederdim ) Elinize sağlık.    Danbury         ileti       Teşekkür için dememiştim, siz kullanmayınca merak ettim sadece . Umarım işinize yarar. Kolaylıklar... ",0,0.0003248072462156415,0,tr
"Selam Mızrak. Aradan dalıyorum ama bu şablonu ben de denemiştim, galiba çalıştıramamıştım. Bu arada KM oylamalarında oy vermemeni tavsiye ederim, taraflılık izlenimi oluşturabilir. İyi çalışmalar.    Khutuc      k   msj ",0,0.0006722365505993366,0,tr
"Selam, tıpkı yeni mesaj aldığımızda çıkan sarı bant gibi bir sarı bant çıktı.   Yeni görevleriniz var   yazısıyla beraber. Sayfayı açtığımda Atatürk ün Türk Gençliğine Hitabesi maddesi çıktı bu nedir? Bir bilgin var mı?Boyalikus ",0,0.035929370671510696,0,tr
" Azerice Vikipedide yerli Vikimedya kuruluşu yok, sorunuzun ilk kısmını ise İradaya sordum. P.S. Kişisel fikrimi söyleyeyim bu arada. Türkçe vikipedideki kullanıcılar neden bu Astana Konferansını büyüttüler anlamadım, bana hiç de hoş gelmedi.    N KOzi   İleti ",0,0.0018334499327465892,0,tr
"Selam Ahzaryamed. San Marino nun bir forma geleneği yok, kullandıkları renkler hep aynı. Arma olarak da çoğu milli takım gibi federasyon armasını kullanıyorlar. Diğer kısımları da Sabri cevaplamış zaten. Kısacası maddede çalışmaya gerek yok bence. Emyilmesaj  İyi çalışmalar.",0,0.002843933179974556,0,tr
"Tamam, uzun zamadır ban vakit bulamıyordum, şuan o sayfaya biraz daha el atacağım. Düzeltmelerim daha bitmemişti. Gerekli mobların adının yanına inglizceleri de yazarım. M.A.SEKİ WMS ",0,0.002223960356786847,0,tr
"Mega holdingsin saadet zinciri olduğu iddaanız tamamen gerçek dışıdır. Mega holdings size kendi websitenizi tasarlama fırsatı sunar ve çok düşük bir ücretle.yanında easy builder programı vardır ve bu program kaliteli bir üründür. Şirketin herkes yapabilir, Herkes Tasarlayabilir sloganı vardır. Yani websitenizi tasarlamak için web tasarım programı bilmenize gerek yoktur.",0,0.0010375876445323229,0,tr
Selam ) Redd sayfasında eski üyelere Ege Göktuna yı eklemişsin sanırım. Benim Ege Göktuna yı eklememe sebebim grubun resmi bas gitaristi olmadığı içindi. Aynı durum Berke Özgümüş için de geçerli grupta resmi olarak halen 4 kişiler. Suat Ayyıldız ise zamanında grubun resmi üyesi idi. Ufak bir bilgi vermek istedim. Sevgiler... Sevda Filiz ,0,0.0004388022352941334,0,tr
"Merhaba, Dediğiniz durum sıkça yaşanıyor. Ben o yüzden kendi işaretlediğim resimlerin tamamını izlemeye almaya başladım. O gün kategoriyi açmadan biraz önce bu resmi işaretlemiştim. Sebebi de, resimde adil kullanım şablonunun bulunmasına rağmen gerekçenin sadece  Vikide bulunsun  olması idi. Sonra, yükleyen kullanıcı gerekeni yapmış. Ben de o gün başka resim işaretlememişim. Muhtemelen kaçak resim yoktur. (zaten gerekçesiz resimleri işaretleyen iki üç kullanıcı dışında pek kimse yok.) Yani sonuç olarak, sanırım kaçak AK resmi yok o günden kalma. İyivikiler...    homonihilis    //    ileti    ",0,0.0013134147739037871,0,tr
Merhabalar. Beyaz liste kullanıcısı olmadığınızdan malesef yaptığınız her değişiklik için bir devriye onayı gerekmekte. Bu genellikle vandalizm kontrolü için kullanılmakta olan bir uygulama. Ayrıntılı bilgi için  tıklayın . İyi çalışmalar.    Kud      yaz    ,0,0.0020210747607052326,0,tr
"Kullanıcı isminin değiştirilmesi, ancak bürokratların gerçekleştirebileceği bir işlem. Bu amaçla bu sayfaya başvurmanız yerinde olacaktır. İyi çalışmalar. Metal Militia ",0,0.0008882496040314436,0,tr
İnsanların değerlerine (ister dini olsun ister olmasın) hatta insanların kendisine saldıran bir avuç/yığın hayvan sürüsünün yazdığı pislik çukurları.88.254.35.38 ,1,0.8550351858139038,1,tr
"mesela şu dilde de var, aynı resim sadece dil farklı bakarsanız, acaba baştan mı yapmışlar ki?? Hình:Cancer smoking lung cancer correlation from NIH-vi.png bakabilir misiniz??   Merube 89    ",0,0.0010148739675059915,0,tr
"Aşı olunca insanlar iyileşmezler.   Kalın yazı   AŞI , KORUYUCUDUR TEDAVİ EDİCİ DEĞİLdir. Aşı hastalıktan korunmak için yapılır. Sağlıklı insana , bir hastalığın zayıflatılmış mikrobu veya toksini verilerek kanda antikor oluştumanın sağlanmasıdır aşı . Bazı hastalıklara karşı aşı uygulandığında kalıcı olmayabilir çünkü virüslerin bazıları kendini yenileme özelliğine sahiptir.(Grip gibi)",0,0.0006561364280059934,0,tr
Livingthings.jpeg lisans sorunu 64px|left|Dosya telif problemi    Livingthings.jpeg    adlı dosyayı yüklediğiniz için teşekkürler. Ancak dosyanın tanım sayfasında telif statüsü hakkında yeterli bilgi bulunmamaktadır. Vikipedi telif haklarını çok ciddiye alır.     Lisans  ve  kaynak  bilgisi eksik olan dosyalar hızlı silme kriterleri gereğince işaretlendikten 7 gün sonra silinirler.    Eğer dosyanın lisansını biliyorsanız    telif etiketini ekleyiniz   . Yüklediğiniz diğer dosyaları kontrol etmek için bu bağlantıyı tıklayınız. Sorularınız için Vikipedi:Medya telif soruları sayfasını kullanabilirsiniz. Teşekkürler. Reality (mesaj) ,0,0.00026028964202851057,0,tr
"İşaret, simge, sembol eş anlamlı olarak kullanılabilir, ancak diğer tüm dillerde tekil olarak kullanılmış; bunun yanı sıra Meydan Larousse; Sembol - Sembolik - Sembolist - Sembolizm kullanmış ama Semboller diye bir maddeleri yok. Sembol ansiklopedik olanıdır. Interwiki yi düzelttim, renki arka planları da print edilirken zorluk çıkartıyor diye genelde kullanılmıyor ) Ben biraz el atayım, ardından küfredersiniz dilediğiniz gibi hehe )      `NeRVaL      ",0,0.0036445078440010548,0,tr
"←→§ÂÂÂÂÂÂÂÂÂHELAL OLSUN TÜRK SİLAHLI KUVVETLERİNE HAVA KUVVETLERİNE KİM OLURSA OLSUN KİMSE BU VATANA ELİNİ KOLUNU SALLAYARAK GİREMEZ TAMAM MI KİMSİNSEN GİRCEN ARKADAL DEMİŞ Kİİ TSK İLE HABERDAR ÇALIŞIYOR SEN O PİS AĞZINLA BU GÜZEL TEŞKİLATIN ADINI ALAMAZSIN BEN DİYORUM HER ZAMAN BÖLE YAPILSA KİM OLURSA OLSUN SINIR İHLALİ YAPIYORSAN KALDIRCAN UCAĞI BOMBALICAN 10 15 DEFA YAP SONRA KIMSE CESARET EDEMEZ GEÇMEYE YA ARKADAŞ ADAMLAR ELİNİ KOLUNU SALLAYARAK GİRİYO ÇIKIYOR MAYIN DOLU ARAZİDEN BUNU BİZİM ASKERİMİZ BİLMİYOR MAYIN YERLERİNİ KİM BİLİYOR PKK BANA GÖRE BU MEMLEKETİN EKMEĞİNİ YİYİP İHANET EDEN,BİRGÜN MUTLAKA EKMEĞİNİ YEDİĞİ YERDEN KURŞUN YER... BUNUDA UNUTMAYIN TÜRK KÜRT KARDEŞTİR...",1,0.7770286202430725,1,tr
Gazi Osman Paşa nın doğum tarihi yanlış yazılmış. 1832 olması lazım ama 1833 yazılmış. Güne ait normal sayfayı YALIN BALTA bugün düzeltmiş. Bu şablonu düzeltme yetkim yok. Yetkili birisinin bunu düzeltmesi gerekiyor. Erkan (mesaj) ,0,0.0007537309429608285,0,tr
" Mrh.Sn.Kibele.Şu kullanıcı ve Şu madde ile ilgilenebilir misiniz, lütfen. İyi çalışmalar....   Eğitmen        mahmut    msj    tamamdır, teşekkürler.    kibele    ",0,0.0021506205666810274,0,tr
Merhaba. Amaç Ankara nın çağdaş bir il olduğunu göstermek. Bir bakıma Ankara nın reklamını yapmak diyebiliriz. Ancak siz de haklısınız. İleride geliştirilebilir. İyi günler.       ,0,0.0005394932231865823,0,tr
"Kategori:Bozuk dış bağlantılar Robot gerçeklestirdigi bir kaç kontrolde asağıdaki dış bağlantının çalışmadığını tespit etti. Lütfen bağlantıyı siz de kontrol edip bozuksa siliniz ya da düzeltiniz. Düzelttikten sonra lütfen bu mesajı da başlığı ve kategorisi ile birlikte siliniz. http://sosyoloji.uludag.edu.tr/staff/arslan/index.html In Hüsamettin Arslan on Wed Jun 21 22:48:58 2006, 404 Not Found In Hüsamettin Arslan on Wed Jun 21 23:59:10 2006, 404 Not Found In Hüsamettin Arslan on Wed Jun 28 15:50:34 2006, 404 Not Found In Hüsamettin Arslan on Sun Jul 2 14:45:29 2006, 404 Not Found Dbl2010bot ",0,0.0003318811359349638,0,tr
"Şampiyon Kulüpler Kupası=Şampiyonlar Ligi Türkiye 1. Profesyonel Ligi= Türkiye Süper Ligi=Turkcell Super Lig Federasyon Kupası=Türkiye Kupası=Fortis Türkiye Kupası yukarıda ki 3 eşleşme ile aşağıdaki tek eşleşme arasındaki farkı biri bana söyleyebilir mi? eğer aşağaıdaki eşleşme yanlışsa yukardakiler de yanlış. Eğer yukardaki eşleşmeler doğru ise aşağıdakiler de doğru. Kaldıki TFF resmi sitesi  İlki 1966 yılında oynanan ve Türkiye 1. Ligi nin şampiyonu ile Türkiye Kupası şampiyonunun karşılaştığı Cumhurbaşkanlığı Kupası nın adı 1981-1982 sezonu sonunda Devlet Başkanlığı Kupası adı altında oynandı. 1998 yılında ara verilen kupa mücadelesine, 2006 yılından itiraberen Süper Kupa adıyla tekrar başlandı  cümlesi ile konuya son noktayı koyuyor.",0,0.00045674823923036456,0,tr
Eev152fb isimli eleman sürekli yazdıklarımı değiştiriyor. Albümler yerine şarkıları yazıyor. Bissürü saçmalık yapıyor. Engel olun lütfen Can Berk Saner ,1,0.8805611729621887,1,tr
" left|55px Sevgili kullanıcı, Muhtemelen heyecanlı bir gençsin, bugüne kadar aynı şeyi deneyen heyecanlı gençlerden binlercesi geldi geçti, sen de sonuncususun, öyle diyelim. Şunu bilmeni istiyoruz ki, heyecanlanma sonradan, enerjini doğru konulara, doğru yerlere harcayabilesin. Sana istediğin sayfayı değiştirme hakkını vermiş olmamız; şu an kullandığımız yazılımın bir özelliğidir . Bu ansiklopedi projesi böyle işliyor,   insanların bilgiye para vermeden ulaşmasını   böyle sağlıyoruz. Senin de diğer yüzbinler gibi ansiklopediye verecek bir şeyin olduğuna inanıyoruz ve özgür ansiklopedide özgürce hareket etmeni sağlıyoruz. Bu sayfalara  Hacked  yazan ilk kişi değilsin, maalesef sonuncu da olmayacaksın. Ancak umuyoruz ki yaşın biraz daha ilerleyince, bugün yaptığının ne kadar komik olduğunun farkına varıp,  kutsal  diye nitelendirmekten çekinmeyeceğimiz amacımıza katkıda bulunmak isteyeceksin. Sevgiler,    ◄bekiroflaz § mesaj►    ",0,0.004592791199684143,0,tr
"Merhaba Cobija, Bugün İstanbul un Fethi ne baktım. Bahsettiğin bozuk cümleleri tespit edemeyeceğimi farkettim, tespit etsem de iyileştirmek güç. Bu işi sana havale edebilir miyim? Kaynak, tarafsızlık gibi tespit edebileceğim eleştirilere eğilsem daha iyi olacak. Kolay gelsin.    berm      anya     Bu aralar pek müsait değilim açıkçası / Ancak acelen yoksa zaman içinde ilgilenebilirim tabii ki. cobija  Yok sorun değil, bir SM miz olsun yeter.    berm      anya    ",0,0.0010921000503003597,0,tr
" 50px 75px|right|Gülücük Herkesin katkıda bulunabildiği    özgür ansiklopedi Vikipedi    ye hoşgeldiniz !    Merhaba   . Yerleşim yeri maddesine katkınız için    teşekkürler   . Yerleşim yerlerine ait maddelere sıklıkla o yöreli kullanıcılar tarafından katkı yapılmaktadır. Ancak    çoğu zaman    düzenin devamını ve ansiklopedik özelliklerin korunmasını sağlayan    bazı kurallar gözardı edilmektedir   . Katkı yapmaya devam edecekseniz lütfen    genel biçem kurallarına ve aşağıdaki önerilere uyunuz.    Bilgi için    Yardım    sayfasına bakabilirsiniz. Örnek almak isterseniz    Ayvalık    ve    Kumçelteği    maddeleri size yol gösterecektir. Ansiklopedik dil kullanınız. Örneğin,    köyüm   ,    köyümüz   ,    beldem   ,    beldemiz    veya    ilçemiz    yerine    köy   ,    belde    veya    ilçe    demelisiniz. Altyapı ile ilgili    şikayetlerinizi burada dile getirmeyiniz   . Ancak    mevcut durumu ifade ediniz   . Yerel yöneticileri    öven    veya    yeren    ifadeler kullanmayınız. Kişilerin isim ve soyisimlerinin    sadece ilk harfini    büyük harfle yazınız. Mevcut alt başlıkları ve geçmiş katkıları    bozmamaya    özen gösteriniz.    Katkılarınızı büyük harfle yapmayınız   . Büyük harfleri sadece Türkçe kuralları dahilinde kullanınız. Maddeye başka kaynaklardan    kopyalanan bilgileri yapıştırmayınız   . Katkıları kendi cümlelerinizle yapınız. Bu konuda VP:Telif sayfasına bakabilirsiniz.    Kendi isminizi    veya yörede tanınmış olan ancak    ansiklopedik olmayan kişilerin isimlerini maddeye eklemeyiniz   . Nasıl ve nerelere bağlantı verileceğini bilmediğiniz durumlarda bağlantı vermekten kaçınınız; [[ ve {{ işaretlerini kullanmayınız.    DİKKAT:    Henüz seçilmemiş muhtar, azâ ve belediye başkanı adaylarıyla ilgili bilgiler eklemeyiniz. - Vikipedist ",0,0.0004284624010324478,0,tr
Sizin de yeni yılınızı kutlarım. Ayrıca cuma günü doğum günümdü... Ben de ikisini birlikte kutluyorum. O yüzden gönderdiğiniz hediyeyi bunlar için sayıyorum. Bu arada kullanıcı sayfanızdaki dostlar arasına giremediğim için üzgünüm... Ama öncemli değil. Ben de ileriki yılbaşında bir programınız yoksa sıkılmamanız için bir tombala seti armağan ediyorum...    *** Эɱ®εč¡κ *** ...ve saz arkadaşları     right|150px,0,0.006569450255483389,0,tr
"anlatım karışmış..anlam dağılmış. (diofizit başlığında da böyle, bu iki başlığı okuyanlar büyük mezheplerin monofizit mi yoksa diofizit mi olduğuna karar veremiyorlar.)",0,0.002151759807020426,0,tr
NURMEKTEBİ HUZURUN YENİ ADRESİ http://nurmektebi.tr.gg/nurmektebicocukegitimi.htm Çok değerli Nuryolcuları bu bölüm belkide sitemizin en önemli bölümü.Ve bunu sizlerle paylaşmak gerçekten bizim için onur verici. Sitemizin sloganı   Nurmektebi Huzurun Adresi  . Bu sloganımızı çok seviyoruz ve Nurmektebini gerçektende Huzuru yakalayabileceğiniz sitelerden biri yapmak istiyoruz.Ve bu bölümümüzle bunu az da olsa sağlayabileceğimize inanıyoruz.Huzur Eğitimden Geçer.Ve eğitimde Çocukluktan hatta Bazı ilim adamlarınca bebeklikten başlar.Biz de burada hayattaki en değerli varlıklarımız olan çocuklarımızın eğitiminde bizlere ışık tutacak temel bilgileri sizlerle paylaşmaya çalışacağız.Eğer siz Nur yolcularıda bize destek olur ve elinizdeki bilgileri bizlerle paylaşırsanız bize en büyük desteği vermiş olursunuz. Huzurun yeni adresi. Nurmektebinde zamanınıza değer katacak ve her anınızı farklı kılacaksınız. NURMEKTEBi BLOGLARI. Nurmektebinde zaman geçirmek değil zamanı kullanmanın farkına varacaksınız. ...,0,0.0004999294760636985,0,tr
" Linux hem güvenli olması hem de ekonomik olmasından ötürü ilerleyen yıllarda popülerliği artarak hayatımızda daha önemli hale gelecektir.  kelimesi şahsi yorum. Ayrıca anlatım bozukluğu var. Düzeltsem mi, direk silsem mi karar veremedim... ",0,0.0007685953751206398,0,tr
" Salam, vistrel. Ne demek istediğinizi anladım. Sizinki Türk-Farsçasıdır:)) Yeni mi başladınız? Öğretmeniniz Türk mü? Harfleri okuyabilir misiniz ve yazabilir misiniz? Bazı ders kitaplarında öyle yazılıyor bunu biliyorum. Fakat doğru olmadığını da biliyorum. Siz okuyucuları bilgilendirmek mi istiyorsunuz? Yoksa.... Kolay gelsin. Takabeg ",0,0.027506304904818535,0,tr
Kişisel saldırıda bulunduğunuza göre artık söyleyecek başka bir sözünüz yok. Alperen durumu gayet iyi açıklamış. Benden başka kişilerin de olduğu bu tartışmada dahi görülebiliyor. Gerçekten olmadığına inanmak istiyorsanız bu sağlıklı düşünemediğinizi gösterir. Ayrıca Reob a söylemiş olduğunuz  burada cinsiyetçi olup olmadığı tartışılmıyor  demenizden de ne kadar çelişkili bir durumun var olduğu görülebilmektedir. esc2003 (mesaj) ,0,0.0026979243848472834,0,tr
"Khadkhall ve Superyetkin yazdığım maddede referanslarım doğrudur ve reklam niteliği taşımamaktadır. Şirketin kendi sitesindeki vizyon misyon dokümanları kullanılmamış, resmi olarak KAP a yaptıkları duyurular alınmış, çalışan sayıları ile ilgili yurtdışından bir kaynak verilmiş tamamen doğru, reklam niteliği taşımayan, şirketin ansiklopedik bilgilerini içeren bir maddedir. bu madde zamanım oldukça ya da zamanı olan birileri tarafından geliştirilebilecek bir madde olabilirdi. Baktığınız zaman BIST üzerinde yer alan çoğu şirketin künyesi bile yok. Bir yerden başlayarak bunlar tamamlanmalı. Künye ingilizceye uygun olarak da oluşturulmuştu. reklam ya da vandalizm türündeki suçlamayı kabul etmiyorum. Diğer şirketler için de benzer maddeleri oluşturmayı düşünüyorum. Bunun sonuçlanmasını bekliyorum. İyi günler dilerim AksamgezmesiAksamgezmesi (mesaj) ",0,0.00036615628050640225,0,tr
"Bu başlıgın kayda deger olabilmesi için ne yapmalıyım. İyi çalışmalar... Hamzadirek (mesaj)  Merhabalar Hamzadirek, o şablonu koymamız kayda değer değildir demek değildir! Şüphelerimiz var ve Hizmetliler ve diğer arkadaşlar sizin eklediğiniz kaynaklar doğrultusunda karar vereceklerdir. Saygı ve selamlarımla, iyi vikiler, Fenerli1978Buyrun beniiiim? ",0,0.0011333076981827617,0,tr
"Selam. TDK yı kenara koyarak:)) İzmir Panoraması nın tefil durumunu inceleyebilir misiniz? Commons a yüklü olduğu için görev alanına girmiyordur. Bu resmi sevdim (biraz suni geldi de:)) ve şahsi inceleme yapmanızı rica ederim. Own work diyor. Fakat tarayıcıyla yüklenmiş. Negative den mi doğrudan taramış acaba? Teşekkür ederim. İyi çalışmalar. Takabeg  Merhaba. Aynı kullanıcının başka resimleri de bulunmakta Commons ta. Daha önce de rastlamamıştım bu resme. Doğrudan taranmış olması kuvvetle muhtemel bence; ama başka türlü de olabilir. Yalnız resmin sol üst köşesinde bir simge var; o kafamı karıştırdı. Kişisel çalışma mı tam bilemiyorum. Ben teşekkür ederim, kolaylıklar...    Ds      Murat      ileti     Çok teşekkür ederim. Sağ üst köşesindeki UFO mudur? İyi çalışmalar. Takabeg  Resim kişisel çalışmaysa, ya mürekkep lekesi gibi bir şey ya da kişinin özgün işaretidir. Değilse, bir web sitesinin vb. amblemi olabilir. UFO ysa, iyi haber olur: UFO lar İzmir de!    Ds      Murat      ileti     Sanırım sunucular ile ilgili genel bir sorun var bende sorun yaşadım.İyi çalışmalar.Eldarion ",0,0.0003213446179870516,0,tr
"Merhaba Ugur, evet arkadaşımız hızlı çıktı ve adına uygun (!) bir şekilde israrlı tavırlarını sürdürüyor bugün de. Yapılacak şey takipte olmak. Az önce Japonca dakini temizledim. Çalışmayanları, açıklamada belirterek silelim derim ben. Çalışan ve reklam kokanları ise silme taraftarıyım. Milyonlarca web sitesi var lisan dersi veren. Herkes linkini verse bunun önüne geçilebilir mi ) Kolay gelsin. Metal Militia  Japonca linkte bir hata varmış, düzelttim, çalışıyor şimdi. O diğer iki dış link te gayet masum görünüyor. Almanca dakiler de öyle. İng ve Rusça da dış link yok zaten. Başka gözüne çarpanlar olursa haber ver bakalım birlikte ) Kolay gelsin. Metal Militia  Bende tekrar baktım, bir tanesinde google reklamı var ama yinede masum duruyor. İleride biraz daha kesin kurallar ile ilerleriz. Ama şimdilik ilgisiz ve çok reklam kokanları gördüğümüzde çıkartalım yeter. Sanada kolay gelsin ",0,0.0005967100150883198,0,tr
The Tonight Show with Jay Leno bu başlıktaki şablona vikicommons fotoğrafını ekleyemedim.Nasıl ekliyoruz acaba? koc61 ,0,0.0010674908990040421,0,tr
Merhaba Drgulcu. Nasılsın? İyisindir umarım. Seçkin İçerik Sorumlusu olarak bu adaylığı sonuçlandırmak istiyorum ama henüz yeterli olumlu oy oranına sahip değil. Şartlı desteğine neden olarak kırmızı maddeleri göstermişsin. Yorumunu yaptığından beri epey kırmızı bağlantı açıldı; ama maddede halen kırmızı olan bağlantılar mevcut. Eğer bu haliyle halen SM olmasında engel görüyorsan bunu gayet doğal karşılarım ama son durumu dikkatine sunmak istedim sadece. Kolay gelsin. Mimar77 (mesaj) ,0,0.0006901901215314865,0,tr
"Böyle gayet iyi. Allah a şükür elimiz, kolumuz var. Birazda yazalım. Herşey için sağol. İyi çalışmalar... ~~      Cano        58   ileti ",0,0.003226068802177906,0,tr
"Şöyle bir itiraz eden çıkabilir, o zaman Ebu Bekir i de Bekir in Babası yapalım ^_^ Bence bu yapılamaz. Çünkü, Ebu nun çok farklı bir kullanımı var, başka anlamlarda da kullanılıyor Ebu X derken. Benim görüşüm bu, bu konuda.   Tuleytula   ileti",0,0.0006541402544826269,0,tr
"İstanbul Bakırköy satılık, kiralık, dükkan, ofis, alım, satım ve kiralama hizmeti veren emlak ofisi ! www.kozaemlakkonut.comErkanYCSY (mesaj) ",0,0.0006151982815936208,0,tr
Sizin yaptığınız vandalizm yüzünden okuyucularımız maddeleri anlamaktan zorluk çekecektir. Sonra tamir etmek zorunda kaldım. Her gün tamir ediyorum son günlerde. Milli duygunuzu inkar edemezsiniz. Değişiklikleriniz milli duygunuzu gösteriyor. Kolay gelsin. Takabeg ,0,0.05797548219561577,0,tr
Sadece Ermeni meselesini kastetmemiştim sevgili Khutuck. Özellikle PKK nın öldürdüğü köylülere ait yüzlerce fotoğraf var nette dolaşan. Yüzünden vurulmuş bebek resimleri falan. Keza Filistin sorunu resimleri ve Hocalı resimleri de aynı şekilde. Sınırı çizmek ya da bir politika belirlemek lazım. Bu arada Erdall ın üstteki önerisine . Aslına bakılırsa böyle bir çalışma var mı bilmiyorum ama belki de    vikifoto    diye bir proje başlatılmalı ve örneğin Holokost galerisinde tüm fotolar bulunmalı. İyi çalışmalar Abuk SABUK ,0,0.08148017525672913,0,tr
"Merhaba kardeşim vikipediye fotoğraf nasıl yüklüyoruz. Merhabalar Sayın Uguruyanik, Öncelikle katkılarınız için teşekkürler, Fotoğraf yüklemek için kıstasımız Telifli fotoğraf olmaması gerekmektedir. Yani internette bulduğunuz birçok fotoğraf yaratan tarafından telif hakkına sahiptir. Bir fotoğrafı siz bile çekmiş olsanız onu daha önce internette paylaşmamış olmanız gerekmektedir ya da OTRS dediğimiz prosedürü yapmanız gerekirki o prosedürü bende çok iyi bilmemekteyim! Telif hakları ile ilgili detayları    bu sayfayı    ziyaret ederek öğrenebilirsiniz. Ya da buradan direk vikipediye fotoğraf katkısında bulunabilirsiniz. Madde ile aynı soyadı taşıdığınızı düşünerek kişinin yakını olduğunuz izlenimini aldım. Eğer öyle ise zaten size telif hakları ile ilgili bir sorun olmadan sporcunun bir fotoğrafını yükleyerek katkıda bulunabilirsiniz. İyi vikiler, saygı ve selamlarımla, Fenerli1978Buyrun beniiiim? ",0,0.00028969618142582476,0,tr
"15 günlük yapalım, katılım beklenenden az olursa 1 aya uzatılabilir. Daha önce genel iş birliği projesinde bu tarz uygulamalar oldu.    Kud      yaz    ",0,0.0051573230884969234,0,tr
"Kuran-ı Kerim  sûre  adı verilen bazı ana bölümden oluşur. cümlesi düşük bir cümledir. bölümden yerine bölümlerden denmelidir. Ayetler bir kelime ila bir sayfa arasında değişir. bu cümlede de  ayetler  değil de  ayetlerin uzunluğu  denmesi daha uygun olacaktır. Kuranı Kerim, Muhammed hayatta iken, zamanın çeşitli yazım araçlarına yazılı olmasına rağmen, bunlar mushaf haline getirilmemişti. Mushaf haline getirme çalışmaları ilk olarak Halife Ebu Bekir döneminde, sonra halife Osman döneminde gerçekleşti. Halife Osman döneminde, zamanın Arap lehçelerinden yedi lehçe üzerinden okunabilen Kuran, Tek lehçe (Kureyş lehçesi) üzerinden çoğaltılarak İslam bölgelerine dağıtıldı. Kuranı Kerim i yazan Vahiy katipleri: Zeyd ibn Sabit başkanlığında Ömer, Osman, Ali, Talha bin Ubeydullah, Sa d bin Ebi Vakkas, Ebu Derda, Mikdad, Übey ibn Kab, Ebu Musa el-Eşari ve Abdullah ibni Mesut dur. bu kısım kuranın tarihi ile ilgili olup bu başlık altında geçmesi uygun değildir.  13. yüzyılın müceddidi kabul edilen Bediüzzaman Said Nursi  ifadesi kurallara uygun gözükmemektedir. ayrıca o kısımda verilen bilgiler kaynaklarda mevcuttur. Türkiyede pek alakamız olmamasına rağmen Zemahşeri nin görüşü kabul edilmektedir. dünya üzerindeki hiçbir mushafta bu kadar ayet yoktur.  besmele-i şerif  ifadesi  Hz. Muhammed (s.a.s.) veya  Kuran-ı Kerim  gibidir.",0,0.00021536997519433498,0,tr
"Merhaba, Manuel de Godoy maddesine  vikipedi standartlarına uygun değil ve düzenlenmesi gerek  şablonu koymuşsunuz. Neyin uygun olmadığını anlayamadım. Eğer söylerseniz düzeltebilirim. İyi günler.Guzelonlu  - Gerekli düzenlemeleri yaptım. Şablonu da çıkardım. İlginiz için teşekkürler. İyi günler.Guzelonlu ",0,0.0004518958739936352,0,tr
BEN BURASI HARİÇ HİÇ BİR WİKİ MADDESİNDE AİLESEL KÖKENİ DİYE SAÇMA BİR BAŞLIK GÖRMEDİM.EĞER OLACAKSA DİĞER ŞAHISLARADA EKLEMEME İZİN VERİN.ORADAKİLERİ SİLİP BURADAKİ BAŞLIĞIN KALMASINDA ISRAR ETMENİZİN MANASI NEDİR?,1,0.49231231212615967,0,tr
Che resimlerini hallettim. Dikkatimi çektiğin için teşekkürler. İnfoCan ▀  Ben de teşekkür ederim. Eline sağlık. Birde Achelousaurus için kusura bakma. Cidden cesaret edemiyorum. O konuda Fagus ne diyor acaba ? Takabeg ,0,0.02032325230538845,0,tr
Selam.   Massacre Exerted By The Armenian On The Turks During World War I Pictures   kitabının yayınevi ve tarihini de ilave ederseniz sevineceğim. Aynı kitap elimde varsa ben de bakacağım. Bir de bu ortamda consensus oluşturmadan ani değişiklikleri yaparsanız tepki alırsınız. Buna dikkat ederseniz belki verimli işleri yapabilirsiniz. Ayrıca başlık konusunda interwiki (diğer wikipediler) e de uyum sağlanmaya çalışılıyor. İyi çalışmalar. Takabeg ,0,0.00029936680220998824,0,tr
"İkisi de biraz garip duruyor ama sanırım doğrusu toplumdilbilim, ya da bilmediğimiz bir üçüncüsü. http://www.google.com.tr/search?hl=tr&q=sosyolinguistik&btnG=Ara&meta= http://www.google.com.tr/search?hl=tr&q=toplumdilbilim&btnG=Ara&meta= -Tembelejderha ",0,0.0032031789887696505,0,tr
" Mrb. Spor projesinde bir yazım kılavuzu gibi bir şeyler hazırlasak mı? Mesela futbolcu maddelerinin bilgi kutularındaki doğum yerlerinde bayrak kullanılmamaktadır vs. Bence maddelerin standartlaşması açısından iyi olacaktır. Ne dersin?Rapsar  Evet küçük bir rehber faydalı olur, standartlaştırmaya katkısı olur. Fakat fazla karışık, çok maddeli birşey taraftarı değilim. Kullanıcının gözü korkuyor aynı futbolcu-taslak larında olduğu gibi. Bir yönerge vardı onda da ancak kimse katkıda bulunmadı.   a[.]med     »»ileti    Evet, proje tartışma sayfasında görüşler toplanırsa iyi olur hem de kolaylaşır kriterleri tespit etmek. Bir de spor branşlarını da gözden geçirmek gerek sadece futbola odaklanmayalım derim, çünkü voleybolda da mesela farklı farklı renklerde, tiplerde bilgi kutuları var.   a[.]med     »»ileti    Şu mu acaba? İş birliğinde de kullanmışız zaten sanırım.   a[.]med     »»ileti    Teşekkürler. Barko şöyle şablonlar yapmış fakat kullanılmıyor mu acaba?   a[.]med     »»ileti    Şunun için sordum::Kategori:2010 FIFA Dünya Kupası kadro şablonları sayfasını iş birliğine eklesek de ordan rahatlıkla bulsalar açılmamış futbolcu maddelerini.   a[.]med     »»ileti    ) Evet, o da harika olur.   a[.]med     »»ileti   ",0,0.0008769475389271975,0,tr
"Dünyanın bütün dillerinde bilgi yaymayı amaçlayan özgür ansiklopedi, sizin katkılarınızla gelişiyor. Katkıda bulunurken temel ilkeleri göz ardı etmezseniz seviniriz. Telif hakları, tarafsızlık ve katılım davranışları bu ansiklopedinin en önemli başlıklarıdır. Biçim konusunda bu rehberden yararlanabilir, her türlü konuda vikipedistlerden yardım isteyebilirsiniz. On sekiz yaşından küçükseniz çocuk koruma politikasını mutlaka okuyunuz. Lütfen değişiklik yapmaktan çekinmeyin. Mavi bağlantıları tıklayarak Vikipedi yi tanımayı ve katkıda bulunmayı sürdürmeniz dileğiyle. Kolay gelsin.    kibele    ",0,0.0005736374296247959,0,tr
Türkiye İstatistik Kurumu nun yayınında yer alıyor. yayin.todaie.gov.tr adlı sitede Mesut Gülmez adlı birinin yazdığı makalede de geçiyor. esc2003 (mesaj) ,0,0.00033329115831293166,0,tr
"left|170px| İlk önce bir miktar bilgi topla: Tam olarak nerededir? Nüfusu kaçtır? Tarihi nasıldır, bu yerleşim yerini kim kurmuştur? Ne üretilir? Görülmesi gereken yerleri nerelerdir, niye ziyaret etmek gerekir? Tarihi eserler ya da doğa güzellikleri var mıdır? Ne yenir, ne içilir, türküleri, öyküleri ve hatta efsaneleri nelerdir? Yaşlılarla konuşup,   sözlü tarih  e de yer verebilirsin. Bu bilgileri İnternette de bulabilirsin,    ama kesinlikle bulduğun bilgileri kopyalayıp yapıştırma   , bilgileri kendi sözlerinle aktar! Yoksa telif hakkı ihlâli olarak silinir.",0,0.0006668370333500206,0,tr
Merhaba. Vikihaber deki hizmetlilik oylamasında olumlu/olumsuz fikirlerinizi belirtirseniz faydalı olacaktır. Vikihaber de etkin fazla kullanıcı olmadığı için bu mesajı atıyorum. Teşekkürler. 82 ~145 ileti ,0,0.00044420608901418746,0,tr
"Maddenin parçalanmasına sıcak bakmıyorum zamanla ismi değişmiş olsa da hepsi birbirinin devamı ve tek birşeyi anlatıyor. İsim değişikliği bir kopuş, bir şeyin yok olup yerine başka bir şeyin konulmuş olduğunu gösterimiyor. Bunun yerine tarihçe bölümünde bölüm bölüm isim değişiklikleri anlatılabilir veya Şablonlarda aynı mantıkla ilerliyor zaten TFF nin sitesinde de şampiyonluklar bölümü 1959 dan başlıyor. Şimdiye kadar yazılmış halide böyle bütün o isimler sonuç olarak bu konuyu bir konuyu ele alıyor. Asıl sorun sanırım yeterince araştırılmadan,  şaka gibi  nitelendirilen isim değişikliği konusu.   Mach   iavelli msj ",0,0.00044234265806153417,0,tr
İyi çalışmalar. Ben bir yardıma ihtiyaç duyurum ( sayfa) Sen benle bağlantı kurabilir misin? Adresim lusjeune@yahoo.it Mendilboldum ,0,0.0005503836437128484,0,tr
" merhaba Vikiyazar, Damat Cevher Paşa maddesine de bakıp doğruluğunu teyit edebilir misin lütfen? selamlar Mskyrider   ileti   ",0,0.000759380345698446,0,tr
Siz Takabeg bana bir teklif ihlal uyarı şabloni gönderdiniz. Bu suç duyurusunu lütfen açıklayın. Kolay gelsin. ^-^  Demirci Kawa Efsanesi maddesinin geçmişlerine bakıldığında    31 Mart 2008    tarihinde Kullanıcı:Zentuk tarafından eklenen bu kısım    12 Şubat 2008    tarihli   Bugün   gazetesinde de yer almakta. Takabeg  Macarcanız var mı?   Gökçє Yörük     Yox. Takabeg ,0,0.001449381117708981,0,tr
"Merhaba, Osmanlı Devleti nin sınırları 1683 yılında II. Süleyman zamanında 5.2 milyon km2 idi. Ancak en geniş sınırlara 1595 yılında III. Murat zamanında erişildi. O zaman ise 24 milyon km2 idi. buradaki harita doğrudur. Bu yüzden bende kendim hazırladığım 24 milyon km2 lik haritayı yayınlamak isterim.HaruNGs  Merhaba. Aman oradaki haritaya güvenmeyin sakın. Osmanlı ne zaman Polonya yı aldı, ne zaman Litvanya, Letonya ve Estonya yı fethetti? Bu şekildeki güvenilir olmayan sitelere güvenmeyin lütfen. İyi akşamlar...Rapsar ",0,0.027987807989120483,0,tr
"İyi günler. Mesajınızı okuduktan sonra kısa bir keşif gezisine daha çıktım tam net bir yanıt verebilmek için ama hâlâ kuşkularım var, zira anlamak zor şu anglofon dünyayı. Her şeyleri gibi idari birimleri bile ters. ABD için konuşmak gerekirse,   County   için İngilizce Vikipedi der ki: Eyalet statüsünden sonra gelen en büyük idari birim. Yani Butler County için  il  demek herhâlde doğru olacaktır. Ama bunun iki istisnası Alaska ve Louisiana imiş, orada başka ad verilirmiş.   Borough   terimine gelirsek de- ki Chicora, Pensilvanya bir borough imiş- bu da eyaletler arasında bile değişkenlik gösteriyor. Tam bir tanımını onlar bile koymamış. Chicora gibi tüm borough lar belediye benzeri bir yapılanmaya sahipler ama nüfusları 1000-3000 arası genelde. Türkçeye çevirirken en uygun tanımın sizin kullandığınız gibi   kasaba   olacağına karar verdim. Türkiye de de bu çapta kırsal kesim ilçe merkezlerine kasaba deniyorsa ben de böyle çeviri yapardım ) Umarım yardımcı olabilmişimdir. Amerika ile ilgili bilgi sahibi olan biri aslında bize bir yol haritası açsa ve tüm bu county leri, borough ları bir düzene koyabilsek ne güzel olurdu aslında. İyi günler.   Danbury         ileti      ",0,0.00033972968230955303,0,tr
"40px|alt=|link=Değişiklik yaptığınız bir sayfa (Teoman Topcu) Vikipedi:Silinmeye aday sayfalar/Teoman Topcu sayfasında silinmeye aday gösterildi. Bir fikir birliği oluşana dek tartışma sayfası açık kalacaktır. Tartışmaya herkesin katılımını bekliyoruz. Maddede düzenlemeler yapabilirsiniz, ancak sayfanın üst kısmındaki silinmeye adaylık etiketini çıkarmayın. Teşekkürler.evolutionoftheuniverse mesaj ",0,0.00027362146647647023,0,tr
"Arkadaşlar, ilk önce oylama şeklinde açılmış bu sayfanın daha sonrasında tartışma sayfasına dönüştüğünü görüyorum. Amacımız yeni isimleri bulmak mı hala? Yoksa iki seçenekten birini kabul mu etmek? Ben artık bu konunun daha fazla uzatılmaması gerektiğini ve bizi üst düzey bir sıfat şeklinde gösteren  yönetici  kavramından da artık kurtulmak gerektiğini düşünüyorum.  Hizmetli  denildiğimizde, yeni olan kullanıcıların ihtiyacı olan yardımları bizden isteyeceklerine emin olamadım; ama yine üst bir sıfatmış gibi duran  vikiyetkili den oyumu sildim. Bu (hizmetli) kelimeyle ilgili tek derdim budur, ancak ilgili yardım bağlantısı veren sayfalarda, iyi bir açıklama ile bu konunun da üstesinden gelebileceğimize inanıyorum. ~Herkese iyi çalışmalar. Cat ",0,0.0004040200437884778,0,tr
 Mrb. tekrardan Takabeg. Dönmene sevindim ) Şu madde KD mi acaba?Rapsar  Tabi ki KD. Takabeg ,0,0.01226557232439518,0,tr
Sıralamada 7.maddeden sonra ülkelerin savaştığı cepheler başlığı açarsak; onun altında da Osmanlı başlığını koyarsak; ben diğer ülkeleri oraya ilave ederim.Literatürde cepheler sadece doğu ve batı başlığıyla var.diğerleri onların alt cepheleri.Yardımınız için şimdiden çok teşekkür ederim.Realbada ,0,0.0004294691898394376,0,tr
"Şimdilik bir göz atıp ufak bir düzeltme yaptım. Sen aday göster, ben birazdan tekrar üstünden geçerim. İyi çalışmalar. ♪♫     B  erkay      0652   |   ileti    ",0,0.005484228953719139,0,tr
"hiç bir işe yaramaz bir din maalesef Hristiyanlık. asurilerin kendilerini arami sanmasını, güney avrupanın sikim sonik sarışın ve kızıl ırklarla akraba olduğuna felan inandırtmaya çalışıyor insanlığı. islam dini bile daha azını yapıyor bunlara nazaran, hiç yoktan perslerin etnik kimliğinin ayrılığını tanıyor çoğu zaman.78.167.74.56  kavimler göçü olayı ve roma imparatorluğunun yıkılmasına neden olan din.78.167.74.56  hz.muhammed ve islam dini bile bin kat iyi mk bu acayip ansiklopedik dinden.78.167.74.56  sevgilimi skerken, az öpmedim gerçi haç kolyesini )78.167.74.56 ",1,0.9501723647117615,1,tr
"Biliyorum, zor anlaşılıyorum. Bu aralar mı yoksa her zaman mı bilmiyorum ama anlaşılmıyorum ya da anlamıyorum. Ziyaret ettiğimde sanki San Pietro meydanı diye izlenim uyandırmış ya da yanlış bir ifadeyi yanlış kişilerden duymuşum. Yardımınız için teşekk. -    ПE+       (ileti)    ",0,0.0007752602687105536,0,tr
Bu konuyu neden devrim maddesine bağlıyorsun ? Aynı şey değil ki bunlar. Biri devrimin ne olduğunu açıklıyor diğeri de bir Atatürk ilkesini. -Ostique- ,0,0.002921400358900428,0,tr
"left|95px right|100px    Merhaba                  , kardeş projelerimiz olan Vikikitap ve Vikihaber ilgisizlikten dolayı güncelliğini ve dinamikliğini kaybetmektedir. Bu projelerin yeni ve gönüllü kullanıcılara ihtiyacı var.       Bu projelere de destek vermeniz dileğiyle..    -Aguzer#Cx   |14|Kasım|2012|14:32|   ",0,0.00039200365426950157,0,tr
" mesele isme müdahale değil, yanlış adla da olsa eski bir madde varsa oradan devam etmenin daha doğru olması. bu şekilde hem geçmişler kaybolmuyor, hem de çift maddeden devam edilmesinin önüne geçiliyor. isim değişikliği her an yapılabilir. isim konusunu anladım ve bunu çift maddeyi birleştirmeniz amacıyla da Tartışma:Taşnak sayfasına yazdım, isim değişikliğinin yapılabileceğini de söyledim. çift madde birleştirmeyle uğraşmak varken, madde henüz açılmışken dediğim yoldan gitmek sadece teknik bir kolaylık. siz de bu kadar önyargılı ve tepkisel olmayın bence.    kibele     mesaj   ",0,0.0017396335024386644,0,tr
" Kırım maddesi mevcut. Kırım Hanlığı, Kırım Halk Cumhuriyeti ve Kırım Özerk Cumhuriyeti de var. Nasıl olması gerektiği konusunda düşüncelerinizi yazarsanız ortak bir yol bulunur. Bu şekilde hiçbir şey elde edemezsiniz. Açıkçası sürekli cevap veriyorsunuz ama tam olarak ne istediğinizi yazmadığınız için hiç kimse ne dediğinizi anlamıyor. Yukarda Tatih bölümü konusunda şikayet etmişsiniz, ben size bir üst mesajımda Kırım Tarihi maddesine destek olun lütfen demiştim.. Bunlara hiç değinmiyorsunuz. Eğer çözümün parçası olmayacaksanız, lütfen sorunun bir parçası da olmayın. Vikipedide herşey geri alınabilir bildiğiniz gibi..Boyalikus ",0,0.014297072775661945,0,tr
   Keşke böyle beyinsiz saçmalıklar yaparken birde avaz avaz Türk olduğunu bağırmasaydın.. Yoksa hiçyoktan Türk düşmanları Türkçe ansiklopedisi geliştirilmesini önlemeye çalışıyor diye kendimi kandırırdım.. Böyle ancak ne kadar çok budala Türkün olduğunu kanıtlıyorsun. Yaptıkların derhal geri alınıyor. Boşyere zaman harcama.       Erdall    ,1,0.8115665316581726,1,tr
"Kürtler, (Kürtçe: tekil. Kurd کورد, çoğul. Kurdan کوردان), Orta Doğu nun yerlilerinden olup doğuda Zagros dağlarından batıda Toros dağlarına, güneyde Hemrin dağlarından kuzeyde Kars-Erzurum platolarına kadar uzanan, Kürdistan olarak anılan coğrafî bölgede yoğun şekilde yaşayan, tahminen yaklaşık 20–30 milyon kişiden oluşan bir etnik gruptur. Kürtçe, bir Hint-Avrupa dilidir. Bu sayfada belirtilen kürdistan ibaresi yanlış.Bu bahsedilen bölge TÜRKİYE dir.İnsanları yanlış bilgilendirmeyin....",0,0.0006841113790869713,0,tr
"Halk bir sınıftır, Millet ise Faşist köpeklerin öne çıkardığı Fransız Devrimi modernitesinden doğan ve Faşizmle beslenen, anası bellenmiş bir kavramdır.88.237.93.169 ",1,0.28883686661720276,0,tr
Jean Paul Roux un Türklerin Tarihi kitabında ve pekçok kaynakta Türk devleti olarak ya da bazı kaynaklarda da Türk-Moğol devleti olarak geçmektedir. Sonuçta Türk kültürü dışında anlam kazanmamaktadır. Orijinnal ,0,0.0005018025985918939,0,tr
"Selamlar, yapmış olduğunuz değişiklik elbette doğru bilgiler içeriyor olabilir. ancak ilgili değişiklikte    tenhalık başgösterdi    ,    izleyici kitlesi ve rating azalmaya başladı    gibi ifadeler yoruma açık olması nedeniyle kaynak eklentisi gerektirmektedir. Bildiğiniz üzere Vikipedi VP:TBA politikasına önem vermektedir. Anlayışla karşılayacağınızı ümit ediyorum. İyi çalışmalar..Beyazmavi ileti ",0,0.0003329618484713137,0,tr
"Emperyalistler ve işbirlikçileri, taze saf beyinleri kendi katliamlarına alet etmek için bu tip bilgisayar oyunları yapmaktadır. ayıptır, yazıktır, günahtur yahu.. Kendi pis çıkarlarınız için, katliamları böyle meşrulaştırmak olur mu hiç, cık cık cık ) 88.230.193.250 ",1,0.9778329730033875,1,tr
"Sınıflandırma yaparken kategori diye yazıyoruz. bence sınıflandırma, veya sınıf daha uygun.. bu kelime de dilimize artık yerleşmiş bir kelime ama sınıflandırma daha anlaşılır. tdk da ise şöyle yazıyor karşılık olarak: Sınıflandırma:Karşılaştırma esasına bağlı olarak tasnif yapma. bu konuda nerde tartışma açacağımı bulamadım. Konuyla ilgili fikirlerinizi de bakliyorum.Koraman  Merhaba Koraman, bu kararın alınması gerçekten katacağı katkıdan çok fazla emeğe yol açacaktır. Nedenine gelince, tüm Kategori adlarının değiştirilmesi gerekiyor ve bunun yanınnfda tüm alan adlarında yer alasn Kategori isimlerinin tekrardan yeni isme çevrilmesi gerekiyor. Kişisel fikrimi sorarsan bu sebeplerden dolayı yapılmaması gerektiğinidüşünüyorum. Ama ciddi anlamda yapılması gerektiğini düşünüyorsan benim bu mesajıma bağlantı vererekten Köy çeşlmesinde sebeplerini göstererekten bir tartışma başlatabilirsin. İyi çalışmalarUgur Basak     mesaj      ",0,0.0004238540423102677,0,tr
"Her şeyden önce mesajınız için, ikinci olarak teveccühünüz için çok teşekkür ederim. Çalışma bence tamamlandı, kırmızı bağlantılar, ayrıca bakınız kısmı ve dış bağlantılar ve bir iki küçük düzeltme, SM gösterildiği takdirde kısa zamanda tamamlayabileceğim şeyler; olsa olsa bir iki günümü alır. Öte yandan, vikipedideki çalışmalarıma bir buçuk ay sonra vikimoladan çıkarak çok daha artan bir tempoyla devam etmeyi düşünüyorum. Sevgi ve saygılarımla...Düşünenadam ",0,0.000940591620747,0,tr
"aşırı cinsiyetçi ve homofobik bir sablonlastirma olmus bunlar. ille de yapilacaksa buraya Kullanıcı İbne/Gay, Lezbiyen,Transeksüel,Biseksüel, Travesti vesaire de eklenmelidir.türkce ansiklopedide bunlar olmaz mi yoksa!?alibaz ",1,0.8710197806358337,1,tr
" Tekrar selam.  Selçuklunun Varisi: Harezmşahlar, Tarih Vakfı Yayınları diye kaynak olamaz. Bu dergi mi kitap mı? Ne zaman çıkmış? kim yazmış? Benim kaynağım bu madde için interwikilerdir. Eğer interwikilerdeki bilgiler çelişiyorsa ve interwikilerde hatalarına farkedersem kitaplara ve ansiklopedilere başvuruyorum. Benim genel çalışma tarzım bu. Fakat bu madde için sorun çıkmadı. Takabeg ",0,0.0003876913688145578,0,tr
"Merhaba Krkzn. Sence Tolon Tosun ansiklopedik bir madde mi? Ona göre uygun şablonu koyalım. Dreamer  Merhaba. Google dan gördüğüm kadarıyla maraton koşucusu yanı nedeniyle anılmış. Emin olmamakla birlikte kalsın derim, ancak SAM a gitmesi gayet olası. Karar senin. - Erhan ",0,0.003237735480070114,0,tr
"Takabeg, resimde Mç it a Muruntsxi yazıyor.Bu    Kızıl Yıldız    demektir.Lazca da.Gazetenin diğer yerlerinde, Duniaşi Ambarepe(Dünyadan haberler), ŞK unduraşen Oktyabrişa(Şubat ta Ekim e) gibi başlıklarda yazıalr var.Bu gazete Abhazya da 1929 yılında Komünist Parti tarafından yayımlanttırıldı. Komünist propagandayı Lazca yapmaktaydı.Türkiye ye sokulması yasaklanmıştı Kemal Atatürk tarafından.http://www.karalahana.com/makaleler/tarih/Mcita-murunxi.html bakanlıktan onaylı yasakname TuTasTemre_LAZ Altı yazı eklerseniz sevineceğim. İyi çalışmalar. Takabeg ",0,0.0005936928791925311,0,tr
"Merhaba Rapsar, iyisindir inşallah ) Bir konuda fikrini alacaktım. Almanya doğumlu bir şarkıcımız var Aynur Aydın diye, duymuşsundur belki. Albümü iki CD den oluşuyor, birinci CD de şarkılar Türkçe ikinci de İngilizce. Besteler aynı. Şarkıcı aynı anda besteleri aynı olan bir şarkının hem İngilizce versiyonunu hem Türkçe versiyonunu kliplendiriyor ve iki şarkıda listelere giriyor. Şimdi asıl meseleye gelelim D Bu şarkılar için iki ayrı madde mi açılmalı, yoksa tek bir madde de mi bahsedilmeli ikisinden de? Şarkıcının ilk şarkısı  Yenildim Daima , ingilizcesi  DNA . Ben şimdilik bu iki şarkıyı aynı madde de anlattım fakat ayrı maddeler de anlatılsa daha iyi duracak gibi. Sen ne dersin? - Seyit mesaj  Merhaba. 1, 2, 3 gibi örneklerde aynı maddede işlemişler.RapsarEfendim? ",0,0.0005444443668238819,0,tr
Merhaba. Şu değişiklikle ilgili takdir sizin. Kolay gelsin. Yabancı  Ben size teşekkür ederim. Yabancı ,0,0.009727143682539463,0,tr
"Merhaba..Seçim maddelerine olan katkılarınız için teşekkürler..Ancak bize verdiğiniz bilgilerin kaynağını belirtirseniz,bizim de faydalanmamızı sağlarsınız..İyi vikiler-Emreculha (mesaj) ",0,0.0012034475803375244,0,tr
"Etkinlik şart bence kullanıcının sağlıklı değerlendirme yapabilmesi açısından - etkinlik derken son birkaç ay. Yeni ve hevesli kullanıcıları mevcut olan bile soğutabilir, bence Goktr nin önerisi en doğrusu. Bunun dışında 2 ay ve 250 değişiklik sanırım orta yol olur ) 82 ~145 ileti ",0,0.00043038904550485313,0,tr
Üçüncü satır neden olmasın ama zaten saydığım herkesin fotoğrafı yok. Ben sadece örnek vermek istedim bu konuda neden hassas olduğum ile ilgili. Resmi konulabilecek o kadar insan var ki. Ama tabi halihazırda Vikipedide resmi olanlara baksak daha mantıklı olur. Ghuzz ,0,0.003186655230820179,0,tr
 Halen daha hangi zeki yazıyor..  gibi üslubunuza dikkat edin lütfen. Kişileri zeka yönünden küçümsemek size kalmamış. Bilimsel izahı olmadığını kanıtlayabilir misiniz maddeye aktarılan bilginin?Hedda Gabler ,1,0.09839580208063126,0,tr
"Merhaba Maderibeyza,  Kars Tarihi  adıyla başlattığım madde telif haklarına aykırıdır diye silinmiş. Ben kendi yazdıklarımın yanı sıra bazı bilgileri internettende buldum. İnternetteki sitede telif hakkıyla ilgili hiçbir yazıya rastlamadım. Burada almış olduğum bilgiler telif haklarına aykırı olmadığını düşünüyorum. Lütfen ilgilenirsen ve bana cevap yazarsan sevinirim. Cologne6",0,0.00037650883314199746,0,tr
"Merhaba 78.189.167.34, Oluşturmuş olduğunuz Adsız Cengaver (Film) adlı sayfa, Vikipedi nin hızlı silme kriterlerinden g1 uyarınca silinmeye aday gösterilmiştir. Sayfanın silinmeye neden aday gösterildiği ile ilgili daha fazla bilgi almak için, ilgili kriterde verilen açıklamaları okumanız önerilir. Bu uyarıyı gördüğünüzde sayfa silinmiş olabilir. Eğer sayfanızı bulamıyorsanız silme kayıtlarını kontrol edebilir ve sayfayı silen hizmetli ile irtibata geçebilirsiniz.    Dolp      hin    ",0,0.001368647557683289,0,tr
çok saçma yorum yapılmış. islamda aşırılık kökten dincilik yoktur.islam açıktır.kuran ve hadisler elimizdedir.bir insan çok namaz kılması çok hayır yapması çok ibadet etmesi veya islamı çok sevmesi aşırılıkla yorumlanamaz aksine o insanın salih bir kişi olduğunu gösterir.aşırılık hiristiyanlıkta ve yahudilkte vardır.isa Allahın oğlu diyerek aşırıya gidip kafir olmuşlardır.tevratta ki ayetleri değiştirip aşırı giden yahudilerde kafir olmuşlardır.islamı iyi bilen bir kimse aşırı gitmez ayetler açıktır ve değişmemiştir.kim islamdan başka bir din ararsa kendinden kabul edilmiyecektir ayeti mevcuttur.aşırı dinci kökten dinci terimleri bir tuzaktır.muslumanları bölmek isteyen kişiler tarafından söylenmiş gerçek dışı terim kelimedir.,1,0.6708292365074158,1,tr
Sevgili Takabeg uzun etmeyeceğim bu konuyu konuşup bitirmek için üçümüz arasında münakaşa düzenlemeyi önerdi Gökçe.İstersen o zamana kadar bekleyelim.Ve eklediğim hiçbir linki tıklayıp okumadığına eminim.Orada gezi kitabı oalrak 1 tanecik vardır.Ya geri kalan 7 linke diyeceksin ? Saygılarımla.O zamana dek bekle.Bu arada Gökçe Yörük ün tartışma sayfasını oku lütfen.   Münakaşa   ? Bu senin Laz milliyetçiliğinden kaynaklanıyor değil mi? Benim açımdan addeyi tarafsızlaştırmak ve ansiklopedileştirmek önemlidir. Gezi rehberleri eklememek. Milliyetçiliğini güzden siteleri kaynak göstermemek. Kabul görmüş araştırma müessesi dışındaki linkleri eklememek. Takabeg ,0,0.0009142059134319425,0,tr
"Merhaba Levent Abi dostça hatır sormanız için teşekkürler. Mesleki çalışmalarımın yoğunluğuna rağman vikipediden kopamadım, galiba ben de vikikolik olmaya başladım. Neyse... Ben iyiyim, sizin de iyi olmanızı dilerim... SDD de yine rüzgarınızı estiriyorsunuz:)... İyi çalışmalar, sevgi ve saygılarımla...Düşünenadam ",0,0.004769859369844198,0,tr
"Hocam merhaba, email olayini cozdum sanirim. Dosyayi gonderiyorum size. Biraz amatorce oldu kusura bakmayin. 1.sheet te olmasi gerektigini dusundugum puan durumu mevcut. 2.sheet te yine puan durumu tablosu var. Yesil ile boyanmis satirlar dogru olanlar, kirmizi olanlar sizin listenizle benimkinin arasinda fark olan satirlar. Bazi takimlarin tamaminda sorun varken, bazilarinda sadece gol sayilarinda fark var. 3.sheet te ise koca bir liste goreceksiniz. Bu listede 1959 dan bu yana tum puan durumlarini alt alta siraladim. Boylece filter dan takim ismi secip, o takimin puan durumlarinin toplaminda kac mac oynadigini, galibiyet aldigini vs vs. gorebilirsiniz. Bunu saglama icin yaptim. 3.sheet teki toplam rakamlar ile 1.sheet teki rakamlar birbirine uyuyor bu arada. Karisik anlatmis olabilirim, eger anlasilmazsa bana yazarsaniz daha detayli aciklama yapabilirim. Benim email adresim el_turco9@hotmail.com Eger cevap vermek isterseniz email ile de donus yapabilirsiniz. http://dosya.co/r9d3pbngof8g/Puandurumu.xlsx.html Bu linke yukledim dosyayi. Buradan yukleyerek gonderemedim, hata verdi nedense.",0,0.0006371705676428974,0,tr
"Lütfen, şahsıma yapılan şu Kişisel Saldırı ifadesini silip kullanıcıya bir uyarı mesajı atabilir misiniz. Şikayet sayfasını kullanmak istemiyorum. Kmoksy (mesaj) ",0,0.001613863161765039,0,tr
"Sayın Vitruvian; Yapmış olduğum son değişiklikte, ilgili yazıya ait son satırını kişinin güvenliği nedeniyle kaldırdım. Siz de incelerseniz, kendisi bir kurumla özdeşleştiriyor. Yapmış olduğum değişikliği onaylamanızı rica etmekteyim. Teşekkürlerimi sunuyorum. Saygılarımla. Kaldırdığınız kısım onaylanmıştı. Eklenen kaynaksız bilgiyi geleni gideni kabul eden bir şahıs kontrol etmiş. ) Aslında bu tip insanların sürekli uyarılması gerekiyor ama zaman... İyi çalışmalar, bir sorun yok yani.    Vitruvian    (mesaj) ",0,0.0003139311447739601,0,tr
"Slm takabeg. İstersen Roma İmparatorluğu nda Kadınlar çevirebilirsin. İlgi alanınsa. Benim o maddeden canım sıkıldı. Pek ilgi alanım değil.    Captain Bradley   İyi Vikilemeler.  Benim de ilgi alanıma girmiyor. Takabeg  Tamam.   Captain Bradley   İyi Vikilemeler.  Bunu SRA gösterecektim ama maddesi yok. Kamakura, Kanagawa veya Kōtoku-in maddesinin açılması lazım. Bunun gibi Türkçe Vikide maddesi olmaduğu için SR olamayan bir sür resim var. İyi çalışamlar. Takabeg  Merhaba Takabeg bu şablondaki Hou Çov, enwikideki Later Zhou Dynasty midir acaba? Teşekkür ederim.          Selam Gökhan. Later Zhou Dynasty (İngilizce), Hou Çov veya Sonraki Çov (Türkçedeki yazım), Çincede 后周/後周; Hòu Zhōu 951–960. Takabeg  SLM. Kōtoku-in kesin çevirim. Şimdi zamnım yok. Ders vakti. Vikiden yapıyorum D   Captain Bradley   İyi Vikilemeler. ",0,0.0014915846986696124,0,tr
"Merhaba Hedda, Hangi tarayıcıda ne hatası veriyor? Buraya yazabilir ya da ekran görüntüsü alabilir misin?    Vito Genovese    ",0,0.003339857794344425,0,tr
"Doom5.jpg kaynak ve lisans sorunu    64px|left|Dosya telif sorunu       Doom5.jpg    adlı dosyayı yüklediğiniz için teşekkürler. Dosyanın tanım sayfasında içeriğin kimin tarafından yapıldığı ve telif statüsü hakkında yeterli bilgi bulunmamaktadır. Eğer dosyayı kendiniz yapmadıysanız, içeriğin sahibini belirtmelisiniz. Bir internet sitesinden elde ettiyseniz nereden aldığınızı net şekilde gösteren bir bağlantı veriniz. Eğer dosyanın lisansını biliyorsanız    telif etiketini ekleyiniz   . Yüklediğiniz diğer resimleri kontrol etmek için bu bağlantıyı tıklayınız.    Hızlı silme kriterleri gereğince kaynak ve lisans bilgisi eksik olan dosyalar işaretlendikten bir hafta sonra silinirler   . Sorularınız için Vikipedi:Medya telif soruları sayfasını kullanabilirsiniz. Teşekkürler.    Doruk455    ",0,0.00025903276400640607,0,tr
 Oyumu karşı oya çevirdim neden? Çünkü bizim kullandığımız portal şablonu gerçekten maddeleri çok bozuyor ve kötü görünüme sahip olmasını sağlıyor. Halbuki İngilizce Vikipedi de kardeş projelere bağlantılar verilirmiş gibi portallere bağlantı sağlanıyor. Şimdi kullanıcı alt sayfamda düzgün bir düzenleme yapıp tartışma başlatacağım. Büyük ihtimalle görecektir. Tartışma sayfalarına taşınırsa portallerin hiçbir değeri kalmayacak diyebilirim. —   E M P E R Y A N       ileti    ,0,0.0007207088638097048,0,tr
"Merhaba Defnotes, Oluşturmuş olduğunuz Royal mimarlık adlı sayfa, Vikipedi nin hızlı silme kriterlerinden g2 uyarınca silinmeye aday gösterilmiştir. Sayfanın silinmeye neden aday gösterildiği ile ilgili daha fazla bilgi almak için, ilgili kriterde verilen açıklamaları okumanız önerilir. Bu uyarıyı gördüğünüzde sayfa silinmiş olabilir. Eğer sayfanızı bulamıyorsanız silme kayıtlarını kontrol edebilir ve sayfayı silen hizmetli ile irtibata geçebilirsiniz. Benvewikilerim ",0,0.0002858935622498393,0,tr
"bahsettiğiniz mesaj kısmı nerede.sayfanın sol tarafında ana sayfa hakkımızda, içerik,rastgele içerik,seçkin içerik kısmında mı ,bide oylum talu kadir has üniversitesinde yüksek lisans yapıyor onu yazdım dün akşam malesef o da silindi.sevgi erol &",0,0.002077799290418625,0,tr
"Funda, Sayfa başlık ve içeriklerinin Türkçe harflerle yazılmasına gayret gösteriyoruz. Ama benim asıl niyetim seni uyarmak değil. Son yazdıkların (resim, görüntü ekleme kuralları) tam da  Yöneticiler  tartışma sayfasında bahsi geçen bir konuyla ilgili olduğu için sormak istedim: Türkçe harfleri kullanmak neden zor? Ya da kolay değil? Tartışmanın özeti şu: Erdal, içinde  özgür  sözcüğü geçen bir başlık için aynı başlığı  ozgur  şeklinde yazarak yönlendirmeler oluşturmamız gerektiğini söylüyor. Bunu haklı bulmakla beraber, bir otomasyon yapamadığımız sürece elle tek tek her başlık için yapamayacağımızı ve tüm başlıklar için yapılmayacaksa hiç yapılmamasını yeğ tuttuğumu söyledim. Bir yandan wikitech listesinde, viki yazılımına böyle bir ek yapmanın mümkün olup olmadığını sorarken, diğer yandan tüm popüler işletim sistemlerinin (ms-windows, mac, linux) desteklemesine rağmen Türkçe harfleri kullanmanın neden sorun olduğunu anlamaya çalışıyorum. Karşılaştığın güçlüklerden bahseder misin?",0,0.0010452738497406244,0,tr
Ahmet Turhan  a ben de katılıyorum. Talat Aydemir in askeri darbe girişimi de tanımlanırken olayın tarihi verilerek olay isimlendiriliyor. Sadece 2016 demek biraz muğlak bir ifade. Teşebbüs Türkçe olmamakla birlikte attempt kelimesinin Türkçe deki karşılığı olması hasebiyle bir miktar kavramsallaşmaya uğramış. Özellikle sosyal bilimler literatüründe buna rastlamak mümkün. Sonuçta muhtıra da Türkçe değil ama onu kullanmak durumunda kalıyoruz. Sigmund Simityan,0,0.0004680591810029,0,tr
"Uğur, Meroë yı Meroe ye çevirmemin nedeni ë harfinin İngilizce deki kullanım anlamına göre bu ismin Türkçe de zaten Meroe okunacağı idi. İkincisi e olan iki ünlü harf birarada yazıldığı zaman bu e harfinin okunuşu  e  olarak kalmalıysa üzerine iki nokta konuyor. Örneğin İngilizce  pie   pay  diye okunur ama bir nedenle  pie  okunması gerekseydi (yabancı bir dilden alıntı olduğu için, mesela)  pië  yazılırdı. en:Umlaut (diacritic) maddesinde de yaziyor:  The trema or diaeresis is the similar diacritic ( ¨ ), used to indicate diaeresis, or, more generally, that a vowel should be pronounced apart from the letter which precedes it.  İnfoCan  Merhaba İnfoCan sanırım haklısın, şimdi tekrar kontrol ettim bölge şu anda bir avrupa dili konuşmuyor resmi olarak ve büyük ihtimalle kelimenin hiyerogliflerde de yazdığı gibi kökeni çok eski. Meroe olarak değiştiriyorum onları. İlgin için teşekkürler. İyi çalışmalar Ugur Basak     mesaj      ",0,0.0002864441485144198,0,tr
BİRADER SEN BALA NIN TARİHİYLE NEDEDN OYNAYIP DURUYOSUN???BEN KARADALAKLIYIM.SEN KÜRTSÜN HERALDE SİZ KÜRTSÜNÜZ DİYE GOCA BALA HEP KÜRTMÜ OLDU.??Bİ AVUÇ KÜRT WAR DİYE KOCA BALA YI BURDA HEP KÜRTMÜŞ GİBİ YANSITMA OK.YOKSA SİKAYET EDECEM SİTEDE BANLATTIRACAM SENİ OK.AŞIKOĞLUNA ÇALGICI FLN YAZMISIN BİDE YAPMA AYIP OLUYO AMA BOLE......,1,0.9268477559089661,1,tr
" left|55px|Uyarı    Lütfen Vikipedi maddelerine imza atmayınız, isim yazmayınız, telefon numarası, e-posta adresi vb. eklemeyiniz.   . Vikipedi de imzalar sadece tartışma sayfalarında ve kullanıcı mesaj sayfalarında kullanılmaktadır. Bunun dışında bazı özel, sadece tartışmaların yer aldığı sayfalarda veya bildiri sayfalarında, örneğin Vikipedi:Köy Çeşmesi, imza atılabilir. Bahsi geçen sayfalar haricindeki hiçbir Vikipedi sayfasına imza atmayınız. İyi değişiklikler! Mskyrider   ileti   ",0,0.0003317052614875138,0,tr
Merhaba rica etsem yaptığım katkıları kontrol edebilirmisiniz uzun zamandır kontrol edilmiyor eskilerde de biriken baya var şimdiden teşekkürler Şimal Aleyna hız (mesaj)  Merhaba. Bir kısmını kontrol ettim. Diğerleri de zamanla kontrol edilecektir. Endişe etmenize gerek yok. Kolay gelsin.      Okanfan          Evet benim?      ,0,0.0010919824708253145,0,tr
"Slm Taka, bizde Rusya Kürtleri vb bir madde var mı, bilmiyorum. Eğer var ise, senin de tartışma sayfasında belirttiğin gibi o madde ile birleştirelim; yok ise bence kalmasında sorun yok. Maddenin içeriği geliştirilebilir: oradaki Kürtlerin kültürleri, tarihi vs eklenilebilir. Artı bahsedilen krayın sayfasına da maddenin içeriği aktarılabilir. - Hedda Gableя  Rusya daki Kürtler açıldı ve söz konusu madde de yönlendirildi. Ancak bir kaynağa göre Vladivostok ta 30 Kürt yaşıyormuş. Başka bir kaynağa göre aynı şehirde 30.000 Kürt yaşıyormuş. Bence kaynaklarda sorun olabilir. Birde Hunca VP:SAM mi sence ? Takabeg  Himm, Taka aslında biz okulda hiç Hunca diye bir şey görmedik. oradaki kelimeleri de Huncada değil Köktürkçede öğrenmiş idim. Yani onlar Hunca asıllı kelimeler mi bilmem ama Orhun Kitabeleri nde geçtiğini biliyorum. Ekleyen kişi, ikisini karıştırmış olabilir mi, orada hem kararsız kaldım hem şeytan da dürtmüyor değil hani. Dede Korkut sözlüğüne baktım, orada da bu kelimelerden bazıları var, ki olması doğaldır Türkçe asıllı olduklarını düşünürsek Köktürkçeden geçmiştir büyük ihtimalle ama bunların asılları Hun dilinden mi geliyor, hiç sanmam. Yine de bir bilene ya da uzmana danışmak gerek. - Hedda Gableя ",0,0.0004814429266843945,0,tr
"Bakü devlet üniversitesinde öğretim görevlisi hanım hoca Valide kardeşimi boşandığı eşine zorla yamayan bir zihniyetin okulu nasıl öğrenci yetiştiriyor ki,çok merak ediyorum,tr den çok öğrenci var orada,kadın hak ve özgürlükleri böyle mi öğretiliyor sizde,böyle mi uygulanıyor,zorla istemediğine veriliyor,esaret altında,köle gibi,hem de öğretim görevlisi,bu ne biçim insanlık,töreler sizin okullarda devam mı ediyor,bu kardeşimin acısına ortak olunuz,kalpten operasyon yaşadı.Zaten kanserden yeni kurtuldu,ona ihanet eden adama zorla verildi yine,ailesi tarafından emredildi.Bu asırda böyle.İnsanlarınızı köle yaparsanız ermeni itleri sizi yer bitirir,özgür bırakın,korkmasınlar,korkusuzlar korkusuz insan yetiştirirler,bu durumu uluslararası arenaya taşıyacam ,insan hakları mahkemesine diyecem,diyecem ama düzeltilmezse,yoksa azerbaycan benim asıl vatanım.Şikayet edersem kanıma dokunur.Lütfen yaradanın yarattıklarını esir etmeyin,hanımları köle yapmayın,sevgi saygı yıksa zorla ilişki kurdurmayın,yazıktır günahtır,ömrü boyunca ağlamış,bu kardeşimi lütfen kurtarın,ailesinin töre inanışlarına kurban etmeyiniz,bizim ulusal medyaya da verecem,ama magazin olmadan ,bu sorunları dile getirecem,azeri medyasına da verecem.Peygamber efendimiz hangi hanımına hangi kızına böyle yaptı.lütfen ama lütfen duruma el atınız.Nedenmiş,efendim evde erkek olmalıdır yoksa laf ederler,birileri laf edecek diye sokaktan eve erkek konulmaz,asla,evet memleketimde bunlar olmamalıdır.asla.evet Valide hoca,dilerim esaretin biter de küçük kızınla rahat yaşarsın,kölelikten kurtulursun,dilerim kardeşim,yoksa AHİM  e gidecem senin için.",0,0.01601913943886757,0,tr
" yük olmaz, her zaman pas alabiliriz, arada pas da atarız ) maddeler kavuştu. kolay gelsin.    kibele     mesaj   ",0,0.0039778826758265495,0,tr
"Maddelerde değişiklik yaparken, lütfen    tarafsız bakış açısıyla    ve ansiklopedik bir dilde yazmaya özen gösterin. Maddelere imza atmayınız, maddelerde reklam yapmayınız, e-posta ve telefon numarası gibi özel bilgilerinizi paylaşmayınız. Kendinizi tanıtabilmek için kullanıcı sayfanızda    Babil    şablonlarını kullanabilirsiniz. Kullanıcılarla mesajlaşırken lütfen nezaket kurallarını unutmayın, herkesin aynen sizin gibi Vikipediyi geliştirmek amacıyla katkıda bulunduğunu ve iyi niyetli olduğunu varsayın.    Beş temel taş   ,    imza kullanımı   ,    Cesur ol   ,    Engelleme politikası   ,    oy kullanımı    politika ve yönergelerini mutlaka okuyun. Aynı kişiye ait birden fazla hesabın ya da farklı kişilere ait olsa bile birden fazla hesabın tartışmalarda avantaj sağlamak amacıyla birlikte hareket etmesinin    Kuklacılık    olarak değerlendirileceğini ve bunun yasak olduğunu unutmayın. Politika ve yönergeleri okuduysanız, değişiklik yapmayı ve Vikipedide neler yapabileceğinizi artık biliyorsanız    cesur olun    ve değişiklik yapmaya başlayın!...    Haydi kolay gelsin!    -    Nebe?   viye ",0,0.0008253908599726856,0,tr
"Ben bu yazıları taaa 2007 yılının sonlarına doğru yazmıştım. Bu yazıları yeni yazmadım yani... !!!Neden şimdi uyarı aldığımı merak ettim...!!! Cevap yazarsanız sevirim. Haklı olduğunuzu biliyorum çok kısa yazmışımtım o yazıyı... Kesinlikle sizden cevap bekliyorum...Neden o yazıları yazdığımda silinmedi de (bir buçuk yıl sonra) şimdi silindi merak ettim3L!!!!!!F   Belli bir zaman geçtikten sonra, madde kısa da olsa silinmez, zaman aşımına uğrar  diye bir kural yok. Demek ki yeni farkedilmiş ve silinmişler. M.M. ",0,0.0015464636962860823,0,tr
" 250px   VikiProje Siyaset davetiyesi    İyi günler...   Siyaset    ile ilgili maddeleri belirli standartlara ulaştırmayı, çoğaltmayı, geliştirmeyi ve düzenlemeyi hedefleyen    Siyaset VikiProjesi    ile ilgilenebileceğinizi düşündüm. Detaylı bilgi için    proje sayfasına bakabilirsiniz.    ~~      Atakan        Can     ileti   ",0,0.00034415593836456537,0,tr
Vallaha ne demek lazım bilemem ama şu Türkçe vikipedi de uzman olan vikipedistler içinde (İstiklal Harbi Gazetesi)savaşı problemine bir (1) senedir tek cözümü getiren vikipedist sizsiniz. Sizi övmek guruplaşma ise ben bu gurup içerisindeyim. Siz böyle cözümler getirdikçe Türkçe vikipedi Bayram yapacak ve gerçek hak ettiği yeri alacaktır. Saygılarımla. 19:09. 26 Ağustos 2011 (UTC),0,0.01712215133011341,0,tr
"Girdiğiniz filmleri ve katkılarınızı gördümde size bu çalışmalar için kolay gelsin diyip teşekkür etmek istedim. Manco Capac  Merhabalar elbette kaynak şart. Link olarak gösterme durumu sadece kaynak eğer internettense gereklidir. Ama tarayıcıdan geçirerek ekliyorsanız bunu tarayıcıdan geçirdiğinizi belirterek, yayıncı veya dağıtımcı şirketleri yazarakta bir nevi kaynak göstermiş olursunuz. Film afişleri gibi resimleri bu şekilde de yükleyebilirsiniz. Silinen resimi inceledim. Yükleme tarihi: 26 Ocak, kaynak göstermişsiniz ancak lisans etiketi koymayı unutmuşsunuz. 9 Şubat tarihinde lisanssız olarak etiketlenmiş. Yeni yüklediğiniz Resim:Lonely are the Brave afiş.jpg ne koyduğunuz lisans etiketi eklenmediği için silinmiş. Yeni yüklediğinizde bir sorun gözükmüyor. Saygılar, iyi çalışmalar.   Mach   iavelli msj ",0,0.00030679861083626747,0,tr
"Bay Eğtmn, şu -vandal/gerekçesiz- değişikliklerini izah et önce de ondan sonra konuşursun bol bol... Eğer mantıklı bir izahın yok hadi hiç durma başlat bir şikayet. Ayrıca beni    uyarmak    senin gibi politika ve yönergelerden bi haber, gerekçesiz 3 den fazla geri alma işlemi almış birine düşmez! Tarafsız Bakış Açısı nı çok iyi okumanı ve anlamını öneriyorum sana. KNF (mesaj) ",0,0.0017487412551417947,0,tr
Sizden küçük bir yardım isteyecektim acaba Devriye olabilmem için ne yapmam lazım??Çünkü sanırsam Devriyelik için tüm koşulları sağlıyorum ama nasıl devriye olacağımı bilmiyorum.acaba yardım edebilir misiniz?Ömer BerkayiletiÖmer Berkay (mesaj) ,0,0.003910571336746216,0,tr
   Haftanın iş birliği için katılım çağrısı!    2010 un 51. haftası için proje olarak   Disney Karakterleri şablonundaki kırmızılıkların giderilmesi   seçilmiştir. Projeye katılmak için    →buraya ←    tıklayın.Bundan sonraki haftalar için bilgi mesajı almak istemiyorsanız lütfen bunu size mesajı atan kullanıcıya bildirin.        ,0,0.0005838010110892355,0,tr
 Türkçe ansiklopedilerde ve atlaslarda Türkçesi kullanılıyor. Eğer Türkçesi kullanmamızla hayati hata ortaya çıkıyorsa o zaman düşünmeliyiz. Fakat bu madde için öyle hata ve yanlışlık söz konusu değilir. Dolayısıyla Türkçesini kullanıyoruz. Takabeg ,0,0.00047433061990886927,0,tr
"benim gibi safkan aryen ırktan, kendisi gibi olanların dışında herkesi senelerdir hayvan gibi ezen bir kürtle, senin gibi melezleşmiş işbirlikçi bir kürdümsü )88.224.8.128 ",1,0.7168645262718201,1,tr
"Hittin Muharebesi mi ? Hıttin Muharebesi mi ? Takabeg  Kesinilkle Hıttin  Sağ ol. Şimdi Tapınak Şövalyeleri maddesindeki düzenle şab. kaldıralım mı? Bi kontrol edersen sevinecem. Takabeg  Bence düzenle şablonu kalkabilmesi için imla kuarllarına ve iç bağlantılarada da dikkat etmek gerek bir kısmını düzelttim. Zaten tamamını düzeltmek pek zaman almayacaktır. Bu arada belki dikkat etmişsindir:  Hristiyan  değil  Hıristiyan  olarak yazılır...  Teşekkür ederim. Şablonu kaldıracan mı kaldıramayacan? Takabeg  Düzenle şablonunu kaldırdım ama kaynaksız şablonu koydum...  Hmm. Maddede kaynaklar gösterildiğine göre lamak daha doğrudur, bence. Takabeg ",0,0.0017767263343557715,0,tr
", ben TDK da iki anlam buldum 1. Anlam savaş ile ilgili 2. Anlam ise gönlü fethetmekle ilgili biz burada savaştan bahsettiğimize göre 1. Anlamı kullanıyorum. Üç tane anlam nereden bulduğunuzu bilmek isterim.     Erdoğan           TR            Erdoğan           TR      ",0,0.0034453999251127243,0,tr
"Merhaba Takabeg. Şu mesajda imzası kullanılan kullanıcıya durumu aydınlatmasını rica eden bir mesaj yazdım. Mesaj baştan sona VP:KSY ye aykırı ifadelerle dolu. Kullanıcının mesajına göre hareket edeceğim. Diğer konuda ise Khutuck ten yanıt beklemeniz daha doğru. Daha önce de belirttiğim gibi, hâkim olmadığım bir konuya müdahil olmak istemiyorum. Kolay gelsin.    Yabancı     msj   ",0,0.0008826458360999823,0,tr
"   Hoş Geldin !    Merhaba, tamamen gönüllü katılımcıların çabalarıyla 250 dilde oluşturulmaya çalışılan ansiklopedinin Türkçe bölümü    Vikipedi    ye hoş geldin! Bu ansiklopedi beş ana madde üzerinde şekillenir, katkıda bulunmadan önce okumanızda yarar vardır. Katkıda bulunmaktan lütfen çekinmeyin. Vikipedi nin yazım kuralları basittir. Ne şekilde madde yazabileceğiniz biçem el kitabında ayrıntılı olarak açıklanıyor. Herhangi bir sorun olursa, yardım sayfalarına bakabilirsin. Diğer kullanıcılardan yardım istemekten çekinmeyin; yeni bir katılımcıya yardım etmekten mutluluk duyacaklardır. Tartışma ve kullanıcı mesaj sayfalarındaki yazılarınıza,   ansiklopedi maddeleri hariç  , lütfen imza atmayı   (   ~~~~   )   ihmal etmeyin. İletişim için Köy çeşmesiOrtak çalışma alanı Topluluk portaliTelif hakkı kaybolmuş bir eseri eklemek istiyorsanız VikiKaynakBir terimin sözlük açıklamasını yapmak istiyorsanız VikiSözlükBir şeyin nasıl yapıldığını tarif etmek istiyorsanız VikiKitapÖzlü sözleri eklemek istiyorsanız VikiSöz En çok sorulan...Burada Bulmak istediğim konuya nasıl erişirim? Gezinti Bir madde için ekleme yapacağım ama telif hakları sorunu ne olacak? Kaynaklar Madde hakkında nasıl tartışırım? Tartışma sayfasını kullanın Bir madde için yapıcı eleştiri nasıl yapılır? Tavsiye Bir kullanıcı ile sorunum var. Ne yapmalıyım? Nezaket   (yorum yaparken katılımcılya değil konuya odaklanın)   ve Sorun çözümü Kolay gelsin... Garbino ileti ",0,0.002962958300486207,0,tr
Merhaba.Yeni bir vikipedist olarak bir sorum olacak.Eğer bir konuda vandalizm aşikar ise yapılan saldırıyı gördüğümüz anda geri almamızda bir sakınca var mı? ve eğer varsa başka neler yapılabilir/yapılmalı.bu konularda bana yardımcı olursanız çok sevinirim.Şimdiden cevabınız için teşekkürler.,0,0.0005749713745899498,0,tr
"Tekrar merhaba , iki sayfa dikkatimi çekti 1 ve 2 bu sayfalar uydurulmuş sanırım bakabilir misiniz, teşekkürler.Alptns90 (mesaj) ",0,0.0003699363151099533,0,tr
"Erdoğan - Davutoğlu Gerginliği maddesinin Pelikan Dosyası maddesine taşınması ve sadeleştirilmesinin sebebi nedir? Ben de bilmiyorum, ve tartışmadan taşıma yapmışlar.Üstelik Cesur ol- Geri Al- Tartış döngüsünü, yani nasıl tartışma yapılacağını bile bilmiyor.|    zoɯɐʞɐʎ |    ",0,0.0029377632308751345,0,tr
"Merhaba. Penis resimli postu gördüm silinmeden hemen önce. Oradan Jumpeax kullanıcısının engelinin kaldırıldığını gördüm, devriyelik başvurusuna göz attım vs vs. ) Kim olduğunu bulmakta size yardımcı olamam belki ama geçmiş olsun dileğimi ileteyim. Oldukça saçma ve amaçsız bir şeydi.    Kud      yaz     Bir de kukla olan kullanıcıyı tespit etmek çok zor değil zaten, bundan sonra benzer kuklalar açarsa ilgilendiği maddeler ve yazı dili kendini ele verecektir. )    Kud      yaz     Ama ortada kendini ele verecek yazısı yok ki ! Sadece malum resim veya resimler..İlginize tşk. İyi geceler..   Eğitmen     msj   ",1,0.24710768461227417,0,tr
"2 aydır yaşanan eylemler konusu nda başta ana madde nin taraflı isimlendirildiği ni düşündüğümden dolayı genel bir değiştirme yaptım. Ethem Sarısülük maddesi nde de vurulduğu yerde kurulan anma yeri nde çektiğim fotoğrafı ekledim, bu konuda yardım edemeyecek kadar meşgul olsanız da, en uygun hangi kullanıcı(lar) ile iletişime geçmemi tavsiye edersiniz? OnurT  Maalesef tr.vikipedide fazla aktif değilim. Size ne önerebileceğimi bilemiyorum. Benim meşguliyetim (master tezim) bir aya kadar bitecek ondan sonra daha yakından ilgilenebilirim. ",0,0.0006444876198656857,0,tr
lütfen ölüm tarihi değiştirmeyin çünkü 1554 te Ölmedi lütfen gerçek Ölüm tarihi 18 Nisan 1558 dir Doruk455 mesaj ,0,0.001614009845070541,0,tr
"Şahsen halihazırdaki kriterlerin gayet yerinde olduğunu düşünüyorum. Çeşmede belirttiğim  Osmanlı gemileri  ve  Brandenburg sınıfı  konuları şu anki halleriyle ve şu anki kriterlerle  kaliteli konu  olarak sınıflandırılabilirler, bence uygundur. Alttaki kısım eksik gibi, orayı da tamamlarsak bu yönerge uygulamaya girebilir diye düşünüyorum.   Khutuc      k   msj ",0,0.00032470692531205714,0,tr
"Merhaba şablonun geçmişini ile birleştirebilir misiniz? Standart bir şablon kullanılması en uygunu. Kodlarda sorun yok. Birbirine uyuyor. Hedda Gabler  hımm, hiç şablon geçmişi birleştirmemiştim. ) yapalım bakalım.. selamlar.    kibele     mesaj   ",0,0.0005879676318727434,0,tr
"Merhabalar, Vikipedi de herkes kendince Vikipedi yönetmeliğine uygun görmediği maddeyi silmeye aday gösterebilir, bunun için yönetici olmasına gerek yoktur. Yine birisinin silmeye aday gösterdiği bir maddenin oylamasında da oy kullanabilirsiniz, yönetici olmanıza gerek yoktur. VP:SAM sayfasından hem bu ayki silinmeye aday gösterilen maddeler listesine göz atıp oy kullanabilir, hem de bir maddeyi nasıl silinmeye aday gösterebileceğinizi öğrenebilirsiniz. Eğer orada da aklınıza takılan bir şey olursa, herhangi bir Vikipediste (ben dahil) sorabilirsiniz, yardımcı olacaklardır. Teşekkürler, iyi çalışmalar... - Noumenon ",0,0.00037236479693092406,0,tr
" Merhaba Yabancı. Keşke bunları yazmadan önce En Önemli kategorisindeki dizilere bir baksaydınız. Diğer Türk dizileri de üzerinden yıllar geçmeden ve üzerine çalışmalar yapılmadan  En önemli  olmuşlardır. Üstelik sadece dönemine göre popülerlikleri nedeniyle. Ama sanat değeri olarak geleceğe Asmalı Konak değil, Ezel in kalacağını düşünüyorum. Çünkü uzun vadede önem, popülerlikten değil sanat kalitesinden ve anlamlı farklılıklar yaratılmasından ileri gelmelidir. İyi çalışmalar. iazak ",0,0.00038149135070852935,0,tr
Selam. Şablon:TC Seçim vardı. Başlık değiştirilmiş ve Şablon:TC Genel Seçim olmuştur. Bu durumda eski kayıtların silinmemesi gerektiğini düşünüyorum. Aslında bunun gibi duruma düşen şablonlar bayağı vardır. Kullanıcıyı defalarca uyardım ama anlayamadı demek ki. Takabeg ,0,0.00047712220111861825,0,tr
Xabi Alonso yeni sezonda galatasaryda oynamayı düşünüyor yarın imza için İstanbula geliyor[[Kategori:Kategori:kategori{{ eleman 1 eleman 2 eleman 3 eleman A eleman B eleman C 85.103.56.201 Serbest format yazınızı buraya yazınız[[Media:Resim:Örnek.ogg == [Başlık yazısı][adres açıklaması[[  Sayfanın başlığı     Kalın yazı söz    ]]] == ]]}}]],0,0.00047098443610593677,0,tr
"Vikipedi de kullanıcı sayfaları yalnızca Vikipedi-içi iletişim için gereklidir. CV, resume, özgeçmiş vb. ekleme amaçlı olarak kullanılamaz. Teşekkürler, iyi çalışmalar. M. M. ",0,0.0003946260258089751,0,tr
60px|left Lütfen sadece ansiklopedik bilgiler eklemeye özen gösteriniz. Aksi durumda katkılarınız silinecektir. Bilginize. Teşekkürler Levent Abi ,0,0.0005134467501193285,0,tr
"nasıl olsa eskiden üstü örtülü olan bir durum şu an su yüzüne çıktı, bizde bakıp masturbasyon yapıyoruz. Superyetkin=MxCkare (mesaj) ",1,0.8993481993675232,1,tr
" Bence de VP:Kullanıcı ya aykırı, ancak muhtemelen tartışmalar yaratacak olan bir konu. Bu konuda hala süren bir SAS tartışması var mesela. Bu arada haberleşmişken, ben de birşey sorayım. GM adayı gösterilen maddeleri nasıl seçeceğiz, yani takvimi nasıl dolduracağız. Ben dün iki maddeyi hem takvime hem Ana Sayfa ya taşıdım, yani kararı tek başıma, kimseye sormadan vermiş oldum. Birkaç kişi birlikte karar versek daha iyi ama, okunacak şey de epey yüklü oluyor. Şu anda iki kişi olduğumuza göre ya ikimiz de okuyup tamam dersek koyacağız, ya da en azından birimiz okuyup tamam dediysek koyacağız. Bu konuda sen ne düşünüyorsun? Nasıl yapalım?    Mukaddime   ileti  Doğrusunu söylemek gerekirse işbirliği projelerinde yeni olduğum için açıkçası tam olarak nasıl yapmalı bilemedim. Ancak ne yaptığımız ortadayken çalışmaya daha önce katılmış kişilere bilgi verilebilir. Sonuçta günün maddeleri nitelikli ve kriterleri sağlayan maddeler olmak durumunda olduğu için birimizin onaylaması sanki yeterli gibi gözüküyor. Ancak bir ricam olacak, çounluğunu benim yazdığım maddeleri ben onaylamasam sanki daha iyi olacak. Haberleşmek üzere...эртлй ილეტი იაზ ",0,0.000604797329287976,0,tr
"Virgül kullanılırsa en fazla virgül de eğik çıkar, başka bir şey olmaz sanıyorum. Bir deneyeyim dedim ama düşündüğüm kadar basit değilmiş / cobija ",0,0.024904413148760796,0,tr
"Merhaba. 2. Dünya Savaşı maddesinde taraflı gördüğünüz kısımlara etiketini koyabilir, bu noktaların tekrar düzenlenmesi için dikkat çekebilir, bu noktaları kendiniz de düzenleyebilirsiniz.    Khutuc      k   msj ",0,0.0006719476659782231,0,tr
Yeni alınan bir karar mı acaba? Çünkü pek çok biyografide ülke adı da yazılmış durumda. Bayramınızı kutlarım. esc2003 ,0,0.0003313187335152179,0,tr
gazi üniversitesi fen edebiyat fakültesi  nde okuyan gamze güler adında kız arkadaşıma asker olduğum için ulaşamıyorum gören tanıyan varsa bu adrese bi mesaj gönderirse sevinirim teşekkür ederim .,0,0.007191468961536884,0,tr
"genç osman, Şablon:Tanım uçak şablonunun bayrak ve tarih kısmında bir sorun var,örnek C-141, bi göz atabilirmisin?Delamorena     mesaj      ",0,0.0008905550348572433,0,tr
"40px|alt=|link=Değişiklik yaptığınız bir sayfa (2012 Türkiye nüfus sayımı) Vikipedi:Silinmeye aday sayfalar/2012 Türkiye nüfus sayımı sayfasında silinmeye aday gösterildi. Bir fikir birliği oluşana dek tartışma sayfası açık kalacaktır. Tartışmaya herkesin katılımını bekliyoruz. Maddede düzenlemeler yapabilirsiniz, ancak sayfanın üst kısmındaki silinmeye adaylık etiketini çıkarmayın. Teşekkürler.Sayginerv-posta ",0,0.00029756498406641185,0,tr
"Pakistan Yüce Mahkemesinde yaygın kullanım Pakistan Yüksek Mahkemesinden yana iken ve bunu tartışma sayfasında belirtmiş iken siz hangi veriye dayanarak  bu ada ilişkin yaygın kullanım mevcut değil  diyorsunuz? Hizmetlisiniz diye her dediğiniz doğru mu oluyor? Hizmetlisiniz diye gerekçesiz kendi başınıza buyruk karar alabileceğinizi mi sanıyorsunuz?      Nushirevan11         Ⓜ    19.51, 22 Mayıs 2018 (UTC) Vikipedi de iletişim sürecinin nezaket kurallarıyla uyumlu olması gerektiğini anımsatmak isterim. Söz konusu madde üzerindeki tam koruma da şu an kalkmış olduğundan, ilgili tartışma sayfasında dile getirilen görüşler sonucunda kesin bir karara varılabileceği kanısındayım. İyi vikiler. Superyetkin       16.04, 23 Mayıs 2018 (UTC)",0,0.0008516154484823346,0,tr
Selamlar. Meritokrasi ve Meritokratik maddelerinin birleştirilmesi gerekmiyor mu? Öyleyse geçmişlerini birleştirebilir misiniz? Ben içeriği birleştiririm.   Gökçє Yörük    ,0,0.0009382528369314969,0,tr
"Merhaba Reality, Tarih öncesi çağlarda kullanılıyormuş demek ki, MediaWiki Default tarafından oluşturulmuş baksana. Burada da varmış, silinmiş. Demek ki özel sayfalar falan hep sonradan oluşturuldu ) Uçur gitsin, kullanılmayan şablon!    Vito Genovese    ",0,0.001593284890986979,0,tr
"25px|alt=Bilgilendirme simgesi Merhaba, ben . Bilmeni isterim ki :Kullanıcı:Dogruh maddesindekidan bir kısmını tanıtım amacı taşıdığı için geri aldım. Tanıtım yapmak ve Vikipedi yi  özgür kürsü  olarak kullanmak Vikipedi politikalarına aykırıdır ve bu davranışa izin verilmez. Vikipedi hakkında daha fazla bilgi almak için karşılama sayfasına göz atabilirsin. Teşekkürler! Sait71✉ ",0,0.0005415932973846793,0,tr
"bu sayfa nasıl sayfadır cogu bilgiler yalan yanlıs kaynak olarak gösterilenlerin cogu kaynaksız kitaplar. Bi de yarı korumaya alınmış. nasıl bir sacmalık bu. düzeltemeyecek miyiz yanlısları. despot, faşişt, şiddet yanlısı vikipedi yönetimini kınıyorum.Lütfen böyle korumalı sistemden vazgecilsin. millet yanlıs bilgileri döşeyecek ve korumaya alınacak. vikipedi ciddi bir bilgi kaynagı olmasa da pekcok cahil insan vikipediyi ciddi bir kaynak olarak görüyor. yanlısları düzeltelim ve yalanlara destek cıkmayalım.",1,0.53353351354599,1,tr
Eklediğiniz maddede adıgeçen kişinin ansiklopedik olmayışı nedeniyle madde silinmiştir. Lütfen Vikipedi nin kayda değerlik kriterlerini gözden geçiriniz. Teşekkürler. Metal Militia ,0,0.0003602332144510001,0,tr
"Ancak bir takım tipini siktiğimin türk milliyetçilerince savunulan sınırdır. Bunu savunanda zerre skim beyin yoktur, aklıevveldir. ) Bunu geçtik şimdiki T.C sınırları bile sorunludur. Kuzey Kürdistan ı ilhak altına almıştır.88.226.229.68 ",1,0.8960191011428833,1,tr
Başlıkların özel isim olmadıkça büyük harfle başlayarak normal tümce düzeninde devam etmesi daha uygun. Stultiwikia ,0,0.002307901391759515,0,tr
" Sevgili Takabeg, fikirlerinde ısrarcılığın için seni kutluyorum. ) Bu ayrıştırmayı dediğin gibi    başka bir maddede    yapmak gerekir bence . Türk bilinenlerin gerçek kimliği gibi bir madde açabiliriz (belki de vardır). Ama ansiklopedik olur mu topluluğa sormak lazım.foPen ",0,0.0007811565301381052,0,tr
" 75px|left   SON UYARI    !   Bu size yapılan son uyarıdır.    Vikipedi sayfalarına zarar vermeye devam etmeniz durumunda    engelleneceksiniz   .Eğer engellenmek istemiyorsanız, başkalarının emeğine zarar veren bu tutumunuzdan vazgeçiniz. ",0,0.002100578509271145,0,tr
Azerbaycan da Kürtler daha mantıklı. Lokasyon ve ulus betimlemesi daha doğru. Diğeri birincinin ulaması gibi çünkü ) Ahmet Turhan (mesaj) ,0,0.002255213912576437,0,tr
":Resim:Conairinternational.jpg için adil kullanım gerekçesi          :Resim:Conairinternational.jpg    resmini yüklediğiniz için teşekkürler. Yüklediğiniz resin adil kullanım politikasına uymak zorundadır ancak bu politikaya nasıl uyduğunu gösteren bir açıklama veya gerekçe bulunmamaktadır. Resim tanım sayfasına, kullanıldığı her madde için ayrı ayrı olacak şekilde bir    adil kullanım gerekçesi    yazmalısınız. Yüklediğiniz diğer resimleri kontrol etmek için bu bağlantıyı tıklayınız.    Gerekçesi eksik olan adil kullanım resimleri hızlı silme kriterleri gereğince bir hafta sonra silinirler.    Sorularınız için Vikipedi:Medya telif soruları sayfasını kullanabilirsiniz. Teşekkürler.    Mach   iavelli msj ",0,0.0002855887287296355,0,tr
Merhaba Gökçe Yörük. Ben vikide yeniyim. Birkaç şey isteyeceğim. Grafikle ilginen uzman kullanıcılar var mı acaba?Nastal Nastal ,0,0.0025105152744799852,0,tr
" 175px   VikiProje Siyaset Ayın İşbirliği    İyi günler, iyi Vikiler. VikiProje Siyaset in yeni 1-31 Ağustos 2016 tarihleri arasındaki işbirliği projesi:    Resim aranan siyasetçiler kategorisindeki maddelere görsel ekleme    olarak belirlenmiştir. Resim aranan siyasetçiler kategorisinde an itibariyle 4.135 madde bulunmakta. Burada yer alan maddelere resim eklenmesi gerekmekte. Katılımlarınızı bekliyorum. Ahmet Turhan (mesaj)    Daha fazla bilgi ve katılım için      TIKLAYIN.    Ahmet Turhan (mesaj) ",0,0.00026216430705972016,0,tr
"Sen bilirsin belki. Buradaki sarı ve siyah formalar Esstore da satılıyor mu, veya bu formalar hakkında resmi bir açıklama/tanıtım var mı? Supermæn (mesaj) ",0,0.005703954491764307,0,tr
"Selamlar... Bahsettiğin kızböceği maddesine uygun bir taksonomi bilgi kutusunu uyguladım. Aslında, görece kolaydır. Şablon:Taksonomi deki uygulama kılavuzunu üzerinde çalıştığın maddeyeaktarıp, yalnız ihtiyacın olan değişkenlerin verilerini girip, boşta kalanları silerek, gereken taksonomi bilgi kutusunu oluşturman mümkün. Bir canlı ya da canlı grubunun taksonomisiyle ilgili detaylar içinse senin de maddeye şablonunu ekledğin Wikispecies iyi bir başlangıç. Ancak, canlıların taksonomisi sürekli yeniliğe maruz kaldığı için, bazen Wikispecies in kendi içinde bile çelişkilere rastlanabiliyor. O zaman da    ITIS   ,    Taxonomicon   ,    NCBI Entrez Taxonomy    vb. internet kaynaklarına başvurulabilir. Tabii, ben de elimden geldiğince yardımcı olmaya çalışırım. Kolay gelsin...    Doruk Salancı   ileti ",0,0.017683301120996475,0,tr
" Taslak, çok kısa olan, ancak işe yaramayacak kadar da kısa olmayan maddelere denir.  ve  Genel olarak, madde başlığını anlatacak kadar uzun olmalıdır, ki bu da genellikle 3 ile 10 kısa cümle (ya da 500 ile 1200 byte) arasındadır.  bilgilerinden yola çıkarak eklediğim maddelerin işe yaramayacak kadar kısa olmadıkları sonucuna vardım. Tek bi cümlede elimde olan mevcut bilgiyi aktarabildiğimden kısa durmaktadır fakat bunu 3-10 a da sığdırabilirdim. Tümünü silmeden önce uyarınızı belirtseydiniz ve emeğimin tümü boşa gitmeden bilgileri genişletebilseydim çok daha hoş ve iyi olurdu. Teşekkürler... Lethe6 Lethe6",0,0.0004624508146662265,0,tr
", , 2009 Avrupa Kadınlar Voleybol Şampiyonası maddesinde görüldüğü üzere bu maddenin de yıldan sonra kıta adının gelmesi gerekmez mi sizce? Yani maddenin   2009 Avrupa Yıldız Kızlar Voleybol Şampiyonası   olarak adlandırılması doğru olmaz mı? Türk spor medyasında çok fazla fikir ayrılığı var. Bu yaş sınırlı dünya ve kıta şampiyonalarında belli bir standardı yakalamalıyız artık. Ali95Acar (mesaj), 15.14, 21 Ağustos 2019 (UTC)",0,0.0006330445758067071,0,tr
"Kullanıcının yaptığı katkıları incelemeye başladım. Şuan 2007 nin başlarına geldim. Şurada yaptığı katkıların çoğu güncel sürümde hâlâ duruyor. Telifli içerik gibi duruyor. Bunu sende farketmişsindir. archive.org üzerinden kontrol etmeye devam edeyim. Kolay gelsin.Muratsahin  Teşekkür ederim. Ben de farkettikçe kaldırmaya çalışıyorum ve çalışacağım. İyi çalışmalar. Takabeg  Anladığım kadarıyla İstemi Yabgu maddesinin yarısı telifli. Bi kontrol eder misin? Takabeg  Selamlar. Size mühim gördüğüm bir konudan bahsetmek istiyorum. Örneğin Kosova Tarihi gibi ülke tarihi sayfalarında açılıp kapanan şablonlar mevcut. Bu şablonlar yazıcıdan çıkarıldığı zaman içeriği görünmüyor. Hep internet kullananları değil, biraz da bu bilgileri kağıda bastıranları düşünelim. Ayrıca bu şablonların içeriği açılında yazılar da yer değiştiriyor, yani görüntü bozuluyor. Ben bu şablonların hepsinin kaldırılıp yerine daha iyi içeriğe sahip sayfanın en altında bulunacak biçimde tasarlanmış şablonların kullanılmasını düşünüyorum. Değerli fikirlerinizi bekliyorum...   Gökçє Yörük     Olabilir. Ancak mevcut bilgiler kaybolmamalıdır. İyi çalışmalar. Takabeg  Hiç denemedim. Ama uğraşırsam yapabilirim herhalde.   Gökçє Yörük    ",0,0.00032036210177466273,0,tr
"nerede bu kurt tarihi? dogru durust ne bir dili nede bir eseri var bu kurtlerin ne yazari ne bilim adami var tarihten gelen Turk milletini bolmek icin uydurulmus bir arap kaviminden baska bir sey degil nasilda buyutuyorsunuz gozunuzde kendileri inaniyormu cok merak ediyorum 5000 yillik Kurt tarihini arastirir ve objektif bir bakis acisiyla suzgecinden gecirirsen boyle komik yorumlar yapmazsin.Turk milletini bolmek icin uydurulmus olamaz, cunku Kurtler Turk milletine mensup degiller.Kurt dili hakkinda hic bir sey bilmemene ragmen atip tutman cok kolay, once biraz arastir istersen oyle yorum yap.Bilimadamlari ve tarih icin maddede belirtilen kitaplari okuyabilirsin.Bilmemek degil ogrenmedeye tenezzul etmeden atip tutmak ayiptir.",1,0.0119022186845541,0,tr
Oy verecek kullanıcılarda aranacak aktiflik şartı olan değişikliklerin    sadece madde ve vikipedi sayfalarındaki değişiklikleri    içermesini destekliyorum. Değişiklik sayısı olarak 300 uygundur. ,0,0.00041307523497380316,0,tr
"Athena 1181502-athena by reillybrown.jpg dosyası kullanılmıyor           Athena 1181502-athena by reillybrown.jpg    adlı dosyayı yüklediğiniz için teşekkürler. Dosya tanım sayfasında belirtildiği üzere, dosya adil kullanım dosyasıdır ve Vikipedi de adil kullanım politikası kriterlerini sağlamak zorundadır. Şu anda bu dosya hiçbir maddede kullanılmamaktadır. Eğer dosya maddeden çıkarıldıysa, neden çıkarıldığını kontrol ediniz. Eğer kullanılabilir olduğunu düşünüyorsanız yeniden ekleyebilirsiniz. Ancak resmin adil kullanım politikasına kesin olarak uyduğundan emin olunuz. Yüklediğiniz diğer dosyaları kontrol etmek için bu bağlantıyı tıklayınız.    Hızlı silme kriterleri gereğince hiçbir maddede kullanılmayan adil kullanım resimleri işaretlendikten bir hafta sonra silinirler   . Sorularınız için Vikipedi:Medya telif soruları sayfasını kullanabilirsiniz. Teşekkürler. Deniz (mesaj) ",0,0.0002084865263896063,0,tr
Kaliforniya sheephead aday resmi ile ilgili alt yazı düzenlemesi yapıldı. Uyarınız ve ilginiz için teşekkürler. Sayfaya yeniden göz atarsanız memnun olurum. İyi çalışmalar.   a[.]med     ileti   ,0,0.00373495533131063,0,tr
Merhaba Geomona. Yorum içeren kısa bir bölümçıkartılarak onaylandı. Daha iyi bir fotoğraf eklendi. Yazılan bilgilerin doğruluğunu vikipedide sadece kaynak göstererek ispatlayabiliyoruz. O yüzden her ne bilgi eklerseniz mutlaka yanında ekleyebileceğiniz kabul edilebilir bir kaynağı olsun. Kolay gelsin...Vikiçizer (mesaj) ,0,0.0005292047280818224,0,tr
Toplam 27 maddede bulunan   Muhtarlık   başlığı çıkartıldı. Bu başlıklar hallolduğu için 0 puanlık düzenlemeleri tekrar incelerminiz? Teşekkürler!    Cek Li Taran   mesaj ,0,0.0006603162037208676,0,tr
" 40x40px|left Lütfen uyarıları dikkate alınız. Vikipedi işleyişini aksatmanıza yönelik davranışlarınız için size yapılan uyarıları önemsememeniz, vandalizm olarak değerlendirilebilir ve engellenebilirsiniz. Levent Abi ileti            ",0,0.001146061229519546,0,tr
"Selamlar, şu etiketlemeyi yapmışsınız; ancak G5 kuralı  Engellenmiş bir kullanıcı tarafından, engel süresince yapılmış katkılar.  için geçerli yalnızca. Bu yüzden söz konusu sayfa G5 le silinemez. Başka kurala dayandırabilirseniz sevineceğim, kolaylıklar...    Ds      Murat      ileti     Merhaba. Engellenmiş kullanıcı altsayfası olduğundan atıl hale gelen sayfayı açıkçası nasıl bir etiketin en uygun olacağını bulamadğımdan öyle etiketlemiştim. Aslında şu versiyonu kategorisi çıkarılmış bir halde mi bıraksak acaba diye kararsız kaldım. Siz ne dersiniz? İyi vikiler, kolay gelsin   Merube 89        msj       Kategoriyi görmemişim. Geçmişin kaybolmaması için kullanıcı sayfasına yönlendirdim. Değerli katkılarınızın devamını dilerim. İyi çalışmalar...    Ds      Murat      ileti     İlginiz için çok teşekkür ederim, iyi vikiler, iyi çalışmalar   Merube 89        msj       slm dostum nasılsın?Düşünenadam  Ooo kimler varmış kimler... Hamdolsun üstadım, iyilik sağlık. Sen nasılsın?    Ds      Murat      ileti    ",0,0.0005266577936708927,0,tr
 Demek bu iş bugzilladan hallediliyor. Söylediklerinizden pek bir şey anlamadım. ) Öyleyse ne gerekiyorsa yapınız.      Turgut46      ✉ ,0,0.0068119303323328495,0,tr
 Yok ben rahatsız olmam tabi ki cevap vereceğim size zaten bunun için burdayız insanlara yardımcı olabilmek için. İkinci olarak eklediğiniz madde genel bir konu değil. Belki İstiklal Marşı na eklenebilirdi orası da ayrı tabi. Sorduğunuz soruya gelince İngilizce Viki den veya bildiğiniz başka diller varsa onlardan Türkçe viki de olmayan maddelere çeviri yapabilir ve böylece Viki ye büyük katkılar sağlayabilirsiniz. Ya da ilgi alanınız veya dışında maddeleri telif hakkını çiğnemeden özgün olarak geliştirebilirsiniz. (tabi kaynak göstererek ve ansiklopedik bir dille). İsterseniz internete girebildiğim zamanlarda da ortak çeviri ve geliştirmeler yapabiliriz NooNEas ,0,0.0003416388062760234,0,tr
" 50x50px|left Bilgilenmeyle doğrudan ilgisi olmayan, ansiklopedik değer taşımayan içerikler    reklam    olarak algılanabilir. Kendinize veya gruplarınıza ait blog ve/veya forum sitelerine yönlendirici bağlantılar eklemeyin, Vikipedi; şirket, kurum ve kuruluşlarınızı ya da web sitenizi tanıtma yeri değil,    bir ansiklopedidir.    Vikipedi’de reklam yapmak yasaktır. Ticari olsun ya da olmasın, bu tip maddeler/içerik eklemeye devam etmenize izin verilemez ve bu davranışınız    vandalizm    olarak algılanabilir. Lütfen bu tür içerik eklemeyiniz. -    Diyapazon    ",0,0.0006319546955637634,0,tr
" 50px|left    Lütfen çok kısa içerikli maddeler oluşturmayınız   , bu tür sayfalar taslak kriterlerini sağlamadığı için silinir ya da silinmek üzere işaretlenir. Yarattığınız maddelerin silinmesini önlemek için biraz daha kapsamlı bilgi yazmanız uygun olacaktır. Taslaklar hakkında daha fazla bilgiye Vikipedi:Taslak sayfasından ulaşabilirsiniz.    Ancak    zengin içerikli madde eklemek adına da    telif ihlalinde    bulunmamalı ve eklediğiniz içeriğin    ansiklopedik    ve kayda değer olup olmadığına dikkat etmelisiniz. Bu hassas konuyla ilgili olarak Telif hakları sayfasını inceleyebilirsiniz. Teşekkürler, iyi çalışmalar.   Yabancı     msj   ",0,0.00023402847000397742,0,tr
  Parası(Milyar Dolar)  bölümünün  Serveti(Milyar Dolar)  değiştirilmesi daha uygun olacağını düşündüm. zira zenginlik sadece parayla ölçülmüyor. Txrazy ,0,0.0011711758561432362,0,tr
"Merhaba . Sizin uyarınız kafi ve yerinde, aynı hususu tekrar benim yazmamın faydası yok. Artık katkılarının iyi niyetli ama pek de doğru olmadığını, çeki düzen vermesi gerektiğini anlamıştır. Bakacağız. Kolay gelsin...Vikiçizer (mesaj) ",0,0.003563626203685999,0,tr
Temel Veriler bölümüne Islam yazmissiniz ki bu Güney Kore ye aktarilmali ve Kuzey Kore için iptal edilmeli çünkü Islam Güney Kore ye Türklerin 1950-1953 arasi yasanan harbe katilmasiyla gelmistir .Mustafa88.172.164.147 06/02/2012 .,0,0.00878448411822319,0,tr
merhaba sayfada nereleri doldurmam gerekiyor acaba Merhaba Dalgakiran1. Açtığınız sayfa silinmeye aday gösterilmiş. Vikipedi:Kayda değerlik (organizasyonlar ve şirketler) sayfasını incelemenizde fayda var. Kriterlere uyması gerekiyor. İyi çalışmalar...Vikiçizer (mesaj) ,0,0.0010319793364033103,0,tr
"Davetiye için teşekkür ederim. Fakat maalesef tenis pek iilgi alanıma girmiyor. Yine de vandalizm, yazım gibi ufak konularda yardımcı olabilirim. İyi çalışmalar. 82 ~145 ileti ",0,0.0005191942327655852,0,tr
"Merhaba . Evet, en azından yeterli olgunluğa ulaşmış olanlar için vakit ayırmak lazım. Bağlantısını verdiğinizi hemen inceleyeceğim. İyi çalışmalar.Vikiçizer (mesaj) ",0,0.0009541179169900715,0,tr
Aynı durum Dosya:Lamb of God Laid to Rest.ogg için de geçerli. İyivikiler... —    [ho?       ni!]    ,0,0.01895519345998764,0,tr
   Giriş kısmıyla ilgili    Açıkçası yapılan bu algı yönetimi için değişikliği yapan kullanıcıları tebrik ederim. Bir ülkede bu konuda ki referandum öncesi Sistemin en kötü yönlerini yani dezavantajlarını en yukarıya yazmak gerçekten çok akıllıca doğrusu. Yapılan bu çok ciddi algı yönetimi büyük oranda TBA ihlalini içinde barındırıyor. 2 sene önceki değişikliğe bakacak olursak madde başlığı böyle değil kasıtlı olarak bu ihlal maalesef oluşturulmuş. Çok geç gördüm fakat yapılan bu ihlal en yakın zamanda Avantajları ve Dezavantajları grubuyla değiştirilsin.   Çakır      msj    ,0,0.0007497607730329037,0,tr
Insanlarin iş ararken daha öncelikli olarak o iş için torbil aramak zorunda bırakılması çok aşağılık bir durum .Hak edenin hakkınin verilmediği bir toplumda demokrasiden kimse söz etmesin. Saygılar Reis 007 555 (mesaj) ,1,0.015750335529446602,0,tr
Şimdi denedim Opera dan açtığımda da pencereyi küçültünce aynı sorun yaşanıyor. Tam ekranda sorun yok. Yazı fontunu küçültmek işe yarayabilir belki. Ya da çerçeveyi büyütmek..–   h.çağrı      mesaj   ,0,0.004199598915874958,0,tr
 50px|left Lütfen kendi mesaj(laşma) sayfanızdaki içeriği çıkarmayınız. Herhangi bir sayfayı boşaltmak vandalizm olarak ele alınabilir. Eski mesajlarınızı arşivlemeyi düşünebilirsiniz. Maddeleri taşıma ve yeniden adlandırma hakkında daha fazla şey öğrenmek için bu yardım sayfasına göz atabilirsiniz. M. M. ,0,0.00038977162330411375,0,tr
"allO? bu yanlis....emine sultan cocuksuz... bu fehime , mehmed kizi...emine üvey kizi...sen ne yaptin? sen git sorun... emine sultan cocuksuz...bu timur can facebook de var...bu dedin...benim baba annem nemzade emine sultani üvey torunu Dilek2 ",0,0.17286507785320282,0,tr
"Metne karşı çıkan arkadaşlar, metinde İslam ı aşağılayan bir tek ifade gösterebilirler mi? Teröristin söylediği sözün aynen yazılması mıdır İslam ı aşağılamak? Yoksa teröristin Hizbullah la bağlantılı olabileceği ifadesi mi? İslam bir inanç kurumudur, burada ise İslam ı sözde bayrak yaparak terör eylemi gerçekleştiren biriyle ilgili somut olaylar yazılıyor. Yapılanlar Vikipedi de yazılmalıdır, ayrıca Vikipedi ortamı dışında kınanmalıdır. Ama bu olayı yazmanın ya da kınamanın İslam a saldırı olarak sunulmaya çalışılması da saptırmadan başka bir şey değil. Eğer ki, maddeye karşı çıkanlar kendilerini Hizbullah la ya da teröristle özdeşleştirmiyorlarsa, ben maddede kendi halinde müslümanların rahatsız olmasını gerektirecek bir şey görmedim. Karşı çıkanların bir de olayın arkasında başka güçlerin olduğu, teröristin sadece bir piyon olduğu savı var. Bu tabii ki doğru da olabilir, yanlış da olabilir. Henüz hakkında somut bir kanıt olmayan düşünceler bir biyografi maddesine yazılmaz. Ama ortaya kanıtlar dökülürse, yazılır ve kimsenin de diyecek bir sözü olmaz o zaman. Muhammedcimci ",0,0.002507970668375492,0,tr
"Merhaba. Şuradaki site adından dolayı kullanıcı adının uygunsuz olabileceğini düşünüyorum. Bir bakar mısınız?    Yabancı     msj    Bir de, şu değişikliği gördüğüm sırada aktif yönetici yoktu. Bilmem şimdi engellemek uygun olur mu?    Yabancı     msj    Merhabalar, sirtmaç.com olsaydı doğrudan giderdi KA ya aykırılıktan, ancak bu haliyle çok   tehlikeli   durmuyor. Gene de yaramazlık yaparsa kulağı çekilir. Diğer vandal engellendi, teşekkürler. İyi çalışmalar. Metal Militia  Belirttiğin resim kullanılabilir ama adil kullanım resmi kullanılacaksa olayı daha iyi betimleyen bir resim tercih edilmeli bence.   Mach   iavelli msj  Ben bu soruya cevap vermistim Yabanci hemen yukarida    Mach   iavelli msj ",0,0.001082383212633431,0,tr
Engelli olduğunuz halde nasıl hâlâ katkı yapabiliyorsunuz? Yoksa engel kaldırıldı da benim mi haberim yok?      Turgut46      ✉ ,0,0.015345889143645763,0,tr
"Tartışmalara bakarmısınız Türkiye yaşayan toplumsal faşizm burayada sirayet etmiş,Mesut Özil ailes Zonguldak ili devrek ilçesinden Almanyaya göç eden bir ailedir Zonguldak bölgesi ve köylerinin yapısı ortada Türk kökenlilerden oluşmaktadır.Mesut özil Yükselen futbol kariyeri sebebebiyle kendi menfi çıkarlarını düşünüp alman milli takımında oynama kararı almıştır,doğduğu büyüdü ülke almanya da ben alman vatandaşıyım diyen birisidir.Lütfen herşeyde faşistlik lanetini bulaştırmayın çok çirkinlik yapmış oluyorsunuz",1,0.690834641456604,1,tr
"Koskoca Slash bölümünde yazanlara bak yok gayrimeşru,yanına da Türk bayrağı,İbo,Yeni harman ne varsa var.Hangi ... nın gıcığı var da değiştiriyor ki konuyu.İnsanlar buraya hizmet bilincindeler.Şebekler kendine başka yer bulsun",1,0.05997442081570625,0,tr
"İyiyim çok teşekkür ederim. Evlilik hayatı ve girdiğim bazı sınavlar da aktivitemi engelliyor. Elimden geldiğince katkılarıma devam etmeye çalışıyorum. Kolkata bağlantılarını da Kalküta ya verebilir misin? Bir de düzeltilmesi gereken Munih sayfasına bağlantı veren sayfalar mevcut. Bunlar da Maskat olmalı. 09.13, 24 Ekim 2018 (UTC)",0,0.0006040855078026652,0,tr
"tebrik ederim .. gercekten de senden beklenen bir tutum;zaten basindan beri gordugum tutumun da bu.. neyse en azindan durum anlasildi. tamam ben bu sayfayi edit etmekten vazgeciyorum artik. sen istedigin gibi at kostur.. yanliz bunu yaparken topluluk karari falan diye de yanlis yonlendirme, bariz bir sekilde bu sitenin ve sahibinin bir sekilde reklamini yapmaya kararli gorunuyorsun. simdi tek merak ettigim sey seni kimin nasil yonetici yaptigi.. Korkusuzkopek ",1,0.21527992188930511,0,tr
"Merhabalar. Aday gösterdiğim Vikipedi:Seçkin madde adayları/Ergenekon Operasyonu maddeyi adaylıktan çekmek istiyorum. Lütfen çekebilirmisiniz?    Emperyan     »»ileti     Merhaba Emperyan, seçkin içerik sorumlusu İnfoCan dır, kendisinden isterseniz halledecektir. Kolay gelsin...Vikiçizer ",0,0.2296043336391449,0,tr
tarihen haberi olmayanlar lüfen tarihle ilgili fikir beyan etmeden önce biraz tarih okusun aksi halde cehaletlerini ortaya çıkarmış olurlar. Halifelik Osmanlılara Yavuz Sultan Selim in mısır seferi ile gelimiştir. bu en basit tarih kitaplarında bile yazar. II. abdülhamit sadece bunu iç ve dış siyasette daha etkin olarak kullanmıştır. Tarih her önüne gelenin kafasına göre fikir beyan ettiği bir ilim değildir. İlgisiz ve bilgisiz fikir hiç bir işe yaramaz85.107.162.204 ,0,0.03496779501438141,0,tr
"Videoyu izledim ve çok üzüldüm. Müslüman ve Türk olduğu için ağlayan birisisin, bu çok çirkince ve aptalca... Sana yazık. İsmini hak etmiyorsun. Türkçe bile öğrenmemişsin. İngiliz gibi olmak istiyorsun, bu senin için aşağılayıcı. Siz belgeselcilerden başka kimsenin umurunda değilsiniz. Ayrıca siz geçek şehzade ve sultan değilsiniz, bütün bu unvanlar sembolik, çünkü ortada bir devlet yok.",1,0.9424967169761658,1,tr
"Pardon, ucuz derken siz asıl anlamı mı kastediyorsunuz? Hani pahalının zıttı olanı?Rapsarbi diyeceğin mi vardı? ",0,0.004407086875289679,0,tr
"benim gibi pagan Zerdüşt yücelticisi ahameniş ve sasani imparatorluklarını tapacak kadar önplanda tutan, kürtleri İranlılardan farklı görmeyen antik pers ırkçısı bir faşisti aralarında görse türk askerlerine göre daha kötü muamele yapacaklarına eminim. oyarlar la beni yemin ediyorum eminim yani bundan. ışidçilerde oyar beni gerçi.78.162.15.71 ",1,0.5997105836868286,1,tr
"Merhaba syn. Eğitmen Mahmut, Kazak Abdal Maddesine kategori ekledim. İnceleyebilir misiniz? Teşekkürler. J.M.P Jumpeax   ye yaz   Bir de şu maddeyi Yağmur Ün SAS adayı gösterdim. Bunu da inceleyebilir misiniz? ) Teşekkür ederim. J.M.P Jumpeax   ye yaz   Merhaba. Her iki maddeyi de inceledim. Şu madde, Şuradan da anlaşılacağı üzere telifliymiş gibi gözüküyor. İsterseniz tekrar gözden geçirin ve kendi öz cümlelerinizi kullanarak maddeyi oluşturmaya çalışın lütfen. (Şayet o zamana kadar telif gerekçesiyle madde silinmezse) Daha sonra kategorilerini birlikte eklemeye çalışırız. Şu maddeye gelince: Şuradan da anlaşılacağı üzere kişinin oyuncu olduğu açık. Şayet kaynak belirtilmediğinden dolayı SAS a taşıdıysanız, o zaman diğer oyuncularla ilgili açılmış maddeleri de taşımamız gerekecek ). Böyle bir şey yapmamız da mümkün değil. Keşke SAS a taşımadan sorsaydınız. Bir maddeyi SAS  a taşımak için biraz daha deneyim edinmeniz gerekir diye düşünüyorum. İşlem yapmaktan ziyade bir hizmetli veya devriye ile bu tür konular hakkında mesajlaşmanız, daha yerinde olur diye düşünüyorum. İyi çalışmalar...   Eğitmen        mahmut    msj   ",0,0.00032370147528126836,0,tr
"Elbette, R.T.Erdoğan ın kanser olduğu dedikodularıda bu sene içinde çıkmıştı. E adam, dini kemale erdirdi, ülkeyi kurtardı ya bunlara göre, ) şimdi ölüp yerini başkalarına devretmeli. puhahahaa ) çirkin kızların güzelleştiği sanrısına da değinmek lazım. ne demişler, azimle sıçan, duvarı deler puahaha )88.231.62.37 ",1,0.895884096622467,1,tr
Günün birinde vakit gazetesinde İSTE VİKİPEDİDE İSLAMA SALDIRMAK İÇİN MADDELER YAZAN ABD TARRAFINDAN BEYNİ YIKANMIŞ ROBERT KOLEJLİ O ÇOCUK DENİZRC diye bir haber görürsen şaşma81.213.64.54 ,1,0.8969223499298096,1,tr
" merhaba denisutku her ne kadar henüz denememiş olsamda. Sanırım commons da bulunan resimlere yönlendirme yapabiliyoruz. Commons da bulunan resimlerin silme işleminde önce bağlantısı olan sayfalardaki resimleri düzeltin veya çok fazla ise yönlendirme yapın gibi bir ifade vardı. Bu yönlendirme işlemi olursa, resimlerin silinmesi ve buradan commons a yönlendirme yapılması sanırım çözüm olabilir. Bir deneme yapabilirsin istersen. Daha sonra gereksiz bir yönlendirme ise sil şablonu koyabilirsin. Kolay gelsin Ugur Basak     mesaj      ",0,0.00039664912037551403,0,tr
"Mesaj sayfanda ki    Türkçe nin Kullanım Rakami    ni ben yazmadım. ) 15:31, 7 Ocak 2006 de Cetinkaya yazmış. İmzasını koymamış. Ben sadece onun altındakini yazdım. Başlık koymadığım için alt alta gelince ben yazmış gibi görünüyorum. Şimdi düzelttim. Memty ",0,0.0004930233117192984,0,tr
88.228.141.41 88.228.141.41 Bence bu adamın vikipedini daha geniş bilgi içerem şekilde yapmalıyız.,0,0.0062613519839942455,0,tr
"Pakistan da kabul etmiş. Nedir bu el-kaide onayı ısrarın anlayamadım. Koskoca bir madde açılmış, koskoca. Dünya kabul etmiş, sen diyorsun ki terör örgütü de kabul etsin. Allah Allah...Rapsar ",0,0.656605064868927,1,tr
"Heinz Guderian.jpg dosyası kullanılmıyor           Heinz Guderian.jpg    adlı dosyayı yüklediğiniz için teşekkürler. Dosya tanım sayfasında belirtildiği üzere, dosya adil kullanım dosyasıdır ve Vikipedi de adil kullanım politikası kriterlerini sağlamak zorundadır. Şu anda bu dosya hiçbir maddede kullanılmamaktadır. Eğer dosya maddeden çıkarıldıysa, neden çıkarıldığını kontrol ediniz. Eğer kullanılabilir olduğunu düşünüyorsanız yeniden ekleyebilirsiniz. Ancak resmin adil kullanım politikasına kesin olarak uyduğundan emin olunuz. Yüklediğiniz diğer dosyaları kontrol etmek için bu bağlantıyı tıklayınız.    Hızlı silme kriterleri gereğince hiçbir maddede kullanılmayan adil kullanım resimleri işaretlendikten bir hafta sonra silinirler   . Sorularınız için Vikipedi:Medya telif soruları sayfasını kullanabilirsiniz. Teşekkürler. Deniz (mesaj) ",0,0.0002146012702723965,0,tr
"Bu zat Mühendishâne-i Berrî-i Hümâyûn mezunlarından mı yoksa Mekteb-i Harbiye-i Şâhâne ? Genelkurmayin listesinde Mühendishâne-i Berrî-i Hümâyûn, TBMM ninkinde Mekteb-i Harbiye-i Şâhâne olarak görülünüyor.Takabeg ",0,0.0006046488997526467,0,tr
Şu konuyla ilgili: Kullanıcı gece saatlerinde hizmetlilerin aktif olmadığı bir vakitte vandalizm yaptığından IRC kanalı üzerinden kâhyalara haber verdim. Kullanıcının IP adresi ve hesabı küresel olarak engellendi: küresel hesap ayrıntılarına bakınız. . Ayrıca söz konusu vandal kullanıcıyı neden korumak isteyeyim? Ben sana ölüyorum (mesaj) ,0,0.20958992838859558,0,tr
"Bu işlerden anlamıyorum ama bunca projeyi ilgilendiren bir sorunun 6 yıldır çaba sarfedilmeden bekletilmesi tuhafmış. Çok teşekkürler ilgilendiğin için. Başka yapabileceğimiz bir şey var mı? yabancım  Rica ederim. Haklısın.  Biraz tembeller galiba  dedim ama bu kadarı da pes S Yazılımın önemli bir eksiği olduğu aşikâr. Global bir çözüm bulabilmek için aşırı teknik manevralar gerektiren bir durum, beni tamamen aşar. Yanılıyor olabilirim ama aramızda bu konulara hakim biri yok bildiğim kadarıyla. Bu durumda şimdilik Bugzilla tayfasından çözüm için güçlü bir irade beklemekten başka birşey gelmiyor elimizden. — Pınar [m] ",0,0.000947440741583705,0,tr
"Merhaba 85.104.239.175, Oluşturmuş olduğunuz Nehyi Anil Münker adlı sayfa, Vikipedi nin hızlı silme kriterlerinden m1 uyarınca silinmeye aday gösterilmiştir. Sayfanın silinmeye neden aday gösterildiği ile ilgili daha fazla bilgi almak için, ilgili kriterde verilen açıklamaları okumanız önerilir. Bu uyarıyı gördüğünüzde sayfa silinmiş olabilir. Eğer sayfanızı bulamıyorsanız silme kayıtlarını kontrol edebilir ve sayfayı silen hizmetli ile irtibata geçebilirsiniz. ",0,0.00041175054502673447,0,tr
" left|55px    Lütfen telif hakkı saklı içerik eklemeyiniz   . Vikipedi de telif hakkı saklı içerikler kullanılamaz. Unutmayın ki; Vikipedi Amerika Birleşik Devletleri Telif Hakkı Kanunu na tabidir ve söz konusu kanuna göre; yayımlanmış her türlü çalışma (aksi belirtilmediği sürece), sahibine otomatik olarak telif hakkı kazandırır. Sadece özgür lisanslı (Kamu malı, GÖBL, Creative Commons vs.) kaynaklardan içerik aktarmanız mümkündür. Daha fazla bilgiyi    Vikipedi:Telif hakları/SSS    ve    Vikipedi:Telif hakları    sayfalarında bulabilirsiniz. Unutmayınız ki uyarılara rağmen ısrarla telif hakkı saklı içerik eklemek bir politika ihlalidir ve Vikipedi kuralları (madde 8) gereği    engellenebilirsiniz   . Teşekkürler, iyi değişiklikler! Garbino ileti  Lütfen vikipedi yi reklam amaçlı kullanmayınız. Vikipedi özgür bir ansiklopedidir. Bu tür eklemeler sürdürmeniz, engellenmenize neden olabilir.. İyi çalışmalar.. Garbino ileti avranışları",0,0.00026929142768494785,0,tr
":Resim:ICMP Mesaj Format.gif kaynak ve lisans sorunu           :Resim:ICMP Mesaj Format.gif    resmini yüklediğiniz için teşekkürler. Dosyanın tanım sayfasında içeriğin kimin tarafından yapıldığı ve telif statüsü hakkında yeterli bilgi bulunmamaktadır. Eğer dosyayı kendiniz yapmadıysanız, içeriğin sahibini belirtmelisiniz. Bir internet sitesinden elde ettiyseniz nereden aldığınızı net şekilde gösteren bir bağlantı veriniz. Eğer resmin lisansını biliyorsanız resim dosyasına    telif etiketini ekleyiniz   . Yüklediğiniz diğer resimleri kontrol etmek için bu bağlantıyı tıklayınız.    Hızlı silme kriterleri gereğince kaynak ve lisans bilgisi eksik olan resimler işaretlendikten bir hafta sonra silinirler   . Sorularınız için Vikipedi:Medya telif soruları sayfasını kullanabilirsiniz. Teşekkürler. Muratsahin ",0,0.00022337674454320222,0,tr
Olmuş teşekkürler. Allen Carr kitabını yeterli kaynak görmüyorsanız bunun yanına bu yöntemin çalışıldığı kaynağını da ekliyorum. Onun dışında sigara firmaları dışında pek de yorum yapmadım aslında bunu da kalması inanın binlerce insana faydalı olabilir. Başka rahatsız olduğunuz yorum kabul ettiğiniz şey varsa söyleyin lütfen. Gerçekten amacım wikipediye blog a çevirmek değil ) ben bir bilim insanıyım.Anilye (mesaj) ,0,0.0005795101169496775,0,tr
"Selam Merube. 2010-11 Trabzonspor sezonu sayfasındaki formanın kolları bozuk görünüyor. Bu nerden kaynaklanıyor acaba. Dosya mı yüklenmemiş anlamadım gitti. İngilizcesinde her şey normal. Sorunu düzeltebilir misin?...Myrat ileti  Tamamdır, bunu bulduğun iyi oldu. Büyük ihtimalle olur, hallederim bi ara. Çok teşekkürler...Myrat ileti  Selam Merube, görmüşsündür İngiltere kralları için şablon açtım. Ancak bir hanedan var ki üç hanedanı da kapsıyor. Bunun için bir gruba bağlı üç grup gerekiyor. Umarım anlatabilmişimdir. Nasıl yapacağım? İyi vikilemeler, sevgiler...    Berm@nya     Tamam. İyi geceler.    Berm@nya    ",0,0.000987308332696557,0,tr
" Konuyla ilgili yorumlarınız için teşekkürler.    (1)    İlk bahsettiğiniz cümlenin totipotent le karıştırılabilme ihtimali gerçekten var, bu açıdan bir düzenleme yapılması uygun olabilir. Yalnız, yaptığınız değişiklikle birlikte  tüm hücre tiplerine farklılaşabilme  bilgisi tam 3 kez tekrarlanmış; bir bilgi yığını oluşturmaktan ziyade, en doğru bilgiyi en sade şekilde vermenin insanlara daha faydalı olacağını göz önünde bulundurursak; yaptığımız değişiklikleri paragrafın tamamına uygun şekilde yapmak daha faydalı olacaktır.    (2)     Tanımlanan en erken kök hücreler olan pluripotent hücreler  tanımının değiştirilmesinin gerekli olduğunu düşünmüyorum. Zigotun veya blastomerlerin kök hücre olarak kabul edilmesi noktası şaibeli, zira, bu hücreler blastokist aşamasından geçmeden herhangi bir vücut hücresine direkt dönüş(türül)emiyor, bu yüzden tanımlanabilen en erken kök hücreler pluripotent kök hücreler kabul ediliyor.    (3)    Ben başlığın değiştirilmesinin gerekli ve acil olduğunu düşünmüyorum. Konu daha da genişleyip belli bir yöne doğru kayarsa o zaman değiştirilmesinin gündeme gelebileceği fikrindeyim. Bir sebebi de, belki İngilizce de    pluripotency   ,    pluripotent    kadar sık kullanılıyordur ama Türkçe de    pluripotent    kelimesi    pluripotentlik    ten çok çok daha fazla kullanılıyor halihazırda, dolayısıyla pluripotent kelimesi ile daha çok arama yapıldığını zannediyorum, bu yüzden, başlık olarak  pluripotent  daha uygun bir kelime bence erişilebilirlik açısından. Bouncingball2mesaj ",0,0.000359270692570135,0,tr
"Selam, Yzkoc. Ali Kemali Aksüt ve Elazığ Valisi  Deli  Fahri Bey maddelerini açman mümkün mü ? Takabeg ",0,0.07675334811210632,0,tr
"Sayın kullanıcı defalarca uyarılmanıza rağmen hala konuyu tartışmaya yanşmadan içeriği değiştirmekte ısrar ediyorsunuz. Lütfen bunu bir daha tekrarlamayınız aksi taktide engelleneceksiniz. Teşkkürler, Manco Capac ⇨   ⌨    ",0,0.000712971726898104,0,tr
"Ya kardeşim siz hiç sayfa geçmişine bakmaz mısınız? 1 yıl boyunca özgeçmişimi yayınlamışsınız benim. Ben güncelleme yapınca mı fark ettiniz? Az zaman ayır da Onur Deveci sayfasının geçmişine bak. 2012 de onaylayan siz, 2013 te silen yine siz! Bu neyin kafası? Ayrıca sensin vandal! Önce terörize et sonra vandallıkla suçla! En büyük terörist sensin anladın sen onu!",1,0.9124066233634949,1,tr
Bende iyiyim evet Lise ikinci sınıftayım ve hazırlanıyoruz ve boş zamanlarımızda da buradayız. Bir soru sorabilirmiyim? Siz hangi ülkedesiniz ? AbSar ,0,0.005843790713697672,0,tr
" 50x50px|left Bilgilenmeyle doğrudan ilgisi olmayan, ansiklopedik değer taşımayan içerikler    reklam    olarak algılanabilir. Vikipedi’de reklam yapmak yasaktır. Ticari olsun ya da olmasın, ısrarla bu tip maddeler/içerik eklemeye devam ederseniz, bu davranışınız    vandalizm    olarak algılanabilir ve    engellenebilirsiniz   . Lütfen bu tür içerik eklemeyiniz. Hedda Gabler ",0,0.00092208047863096,0,tr
"Mevlana ya Şems sevgisi için sonradan kızar olmuştum biliyor musun? Sanırım birçok erkek de, bu sevgi yüzünden bazen Mevlana ya iç kırgınlığı geçirmiştir (Konuya vakıf olanlar). Bununla ilgili bir diğer anım ise Rapsar da. İzmir ilinin varoşunda yetişmiş bir genç olarak, bu tür sevgi belirteci sözler ilk başka bana tersti ki, hala ters geliyor. Ama insanın insana karşı sevgisini anlatmanın yolunun üst seviyeleri de başka türlü olmuyor. Haa, bu saatten sonra; derdim, sevgi sözcüklerine yakışır sıfatlara yer bulmak ve nasıl anlatıldığına dair tez vermek değil ama hani bizim oralarda delikanlılık derler ya, sanırım ona bir antitez oluşturmuş oldum. Bu yüzden  Bütün mesele iyi ve büyük görünmek değil, gerçekten iyi ve büyük olmaktır  Beethoven. Saygılar...i.e.msj  Güzel sözlerin ve düşüncelerine çok teşekkür ederim. Seni burada herkes tanıyor, nasıl biri ve karakterde olduğun konusunda eminim hemfikirdir. En basiti; birileriyle zıtlaşmış olman dahi, bir süre sonra o zıtlaşmalardan kendi adına rahatsızlık duymana sebep oluyor. Bunu da herkes bilir. Yani iyi niyetinden kimsenin şüphesi olduğunu sanmıyorum. Tabi biz hiç zıtlaşmadık bugüne kadar ayrı mesele. ) Daha öncede demiştim, elimden ne gelirse, mümkün olan her zaman buradayım.    Sevgi   lerimle. ) Théoden ileti ",0,0.001865492551587522,0,tr
"Selamlar. Vallaha kaynamış yav...  Yer Fener Gök Cimbom  adlı FB-GS ezeli rekabeti anlatan bir kitap var sadece... Ancak piyasada çeşitli kitaplar bulabilirsin. En bilineni İnkılap Yayınevi nden çıkan futbolla ilgili kitaplar... Bu arada Shilton ı sana ithaf ediyorum  Mrb. Mahtumkulu Firaki maddesi de telifli içerikten oluşuyor. HS şablonu kaldırıldığı için direk size yazmak istedim, kolay gelsin...Rapsar  Merhaba, madde silindi. Kullanıcıya telif için bir uyarı şablonu gönderdim. Kolay gelsin...Vikiçizer ",0,0.19074486196041107,0,tr
"Bazı bilimsel makalelerin kullanılması telif ihlali değildir. anladığım kadarıyla yüksek lisans ve doktora tezinden yararlanılmış. Google dan araştırdığımda pekçok site veya blogun buradan alıntılama yaptığını gördüm. İdeolojik veya taraflı yaklaşıldığını düşünmüyorum. biraz daha manavlar hakkında araştırıp bu maddeyi düzenleyeceğim. Bölgeden ifade etmek istediğiniz nedir? Batı anadoluda da türkmen kolonizasyonları mevcuttur ve beylikler dönemini okumanızı tavsiye ederim. her hangi bir manavbölgesinde araştırma yaptınız mı? Yaşadığım bölgede manav kelimesi (kökenini bilemiyorum), yörüklükten vazgeçen türkmen anlamında kullanılıyor. Türkçe görüşünü geri getirdim. diğer görüşü de ekledim. şimdilik.Buğrakara ",0,0.0035847113467752934,0,tr
"Hımm, kayda değerliği baya karıştırdığım için etiketinizi görünce tüm ihtimalleri düşünüp VP:KİŞİ ye tekrar göz atıp söylemiştim aslında. Birçok dergide çghb ekibinden çeşitli oyuncularla ilgili biyografiler, röportajlar okumuştum aslında, röportaj kayda değerliğe ne kadar katkılı tam bir fikrim olmasa da biyografilerin etkili olduğunu okumuştum. Ayrıca eğlence sanatçılarında kayda değer filmlerde, gösterilerde v.s. oynamış olmak yazıyor. Şu an yaptıkları gösterinin kayda değerliği zaten ortada. Her ne kadar proğramda bazı oyuncular biraz daha öne çıksa da hepsi farklı kısımlardan ekibi tamamlayan kişiler ki, zeynep de özellikle yazılan metinlerin çoğunu yazanlar arasında yer alıyor. Ama açıkçası biraz karışık bir konu. Yazın çekilecek film ile birlikte sanırsam kayda değerlik konusunda bir sorun kalacağını sanmıyorum. Neyse hocam mesajınızı ne zaman yanıtlarım o konuda bir fikrim yok ama en kısa zamanda yanıtlamaya çalışırım . Kendinize iyi bakın.   Onur Kayabaşı       sms    ",0,0.0006458972347900271,0,tr
"Maddeye bağlantı verirken kısa yerine uzun tire kullanmışsınız sanırım. Yönlendirme yapıldı, şimdi bağlantının doğrudan Müslüman - Türk katliamları sayfasına gitmesi gerek. seksen ",0,0.2557203471660614,0,tr
"1959 Millî Lig sezonunda 16 takım mücadele etmiş. İlk sezon olduğundan ligden düşen olmamış. 1959-60 sezonunda ise lige dört takım eklenmiş ve 20 takım yer almış. Eklenen dört takıma baktım. 1959 Türkiye 2. Futbol Ligi maddesindeki lig tablosunda ilk dört sırada yer alan takım. Diğer sezonlarda da bildiğimiz gibi üç takım düşmüş, üç takım yükselmiş. Bu takımları karşılaştırdım, birbirleriyle uyuşuyor. Diyeceğim odur ki bu eklenenler doğrudur. Sadece bu lig profesyonel değil amatör olarak düzenleniyormuş.Rapsarbi diyeceğin mi vardı? ",0,0.000618093996308744,0,tr
Merhaba sayın WikiPedi yöneticisi. Profil sayfanızda tarafsızlıktan tolerans göstermediğiniz yazıyor. Peki bana www.divrigim.com ve www.memleketimdivrigi.com u inceleyip hangisinin kullanıcıyı üye olmaya daha çok zorladığını ve hangisinin daha çok emeğe ve hizmete yönelik olduğunu tarafsız olarak belirtir misiniz? Divrigim.com wikipedi ye muhtaç bir site değildir ancak Divriği için açılan sayfada bulunmaması ve haksız suçlamalarla siteden rekabet amacıyla kaldırılmasını kabul edemem. Lütfen son değişiklikleri gözden geçirip bağlantılar bölümündeki tüm siteleri inceleyin. Ne dediğimi anlayacaksınız...,0,0.0015070164809003472,0,tr
"Uğur, işin olmadığı bir zamanda şu Commonsa taşınmış resimleri kontrol edip, siler misin? Commons ta aynısı olanları koydum oraya sadece, kolay bir iş olduğunu tahmin ediyorum. Eğer içlerinde hala kullanılanlar varsa, ben düzeltirim onları. denisutku msj  Bu akşam onlara göz atarım, uygun bir şablon ile orada duranları silerek başlarım. Geçen günlerde izleme listemde bulunan bir resmin commonsda bulunmasının uygun olup olmayacağını sormuştum commons:Image:Araucania coa.jpg, commonsdakilerde bu resmin commonsda duramayacağını belirttiler. Bu nedenle işi garantiye almak için belli bir süredir commonsda duranları silmek ile başlarım. Kısa sürede sayfanın önemli bir kısmını temizlerim. Kolay gelsin Ugur Basak     mesaj      ",0,0.0008404075051657856,0,tr
"Gazete nin ulusal bir gazete olduğunu gördüm. Şaşırdım, adını dahi duymamıştım. Bir eksiğim daha çıktı. LGBT konuları artık Türk sınırları içerisinde yayın yapan ulusal gazetelerde sıkça işlenmekte. Eskisi gibi değil; bu Türkiye de ki aşırı homofobinin bir nezne minimum orada azaldığını gösteriyor. En azından bizler günah keçisi olarak yine görülsekte adımızın geçtiği birkaç cümlelik bilgi içerisinde yer alıyoruz. Bu özgün bir kamuoyunun bence Türk sınırları içerisinde hızla arttığının bir göstergesi olsa gerek. Herneyse devamı politik olacaktır, kısa kesiyorum sözlerimi. Gazete haberi dikkat çekici. Umarım Kıbrıs ta da birgün yeşil zeytin dalları büyür. Rum-Türk kutupları biter. Teşekkürler. -    Nebe?   viye ",0,0.004239966161549091,0,tr
Malesef cahil olan sizsiniz ilk mesajı yazan arkadaş Kuran gibi milyonların bildiği hatta ecnebilerin bile üstünde kafa yorduğu bir kaynağı örnek vermiş. Varsa elinizde Kuran dan daha ayrıntılı bir kaynak paylaşın bizimle. Günümüzdeki batı kaynaklı bilim safsatası dini çökermek üzerine kurulmuştur. İsrail avrupanın bilim anlayışından oldukça uzaktır. Halbuki çoğu filozof ve bilim adamı yahudidir. Oldumu size iyi bir kaynak veyada kapakta diyebiliriz buna!,1,0.593751847743988,1,tr
"left|95px right|100px    Merhaba                  , kardeş projelerimiz olan Vikikitap ve Vikihaber ilgisizlikten dolayı güncelliğini ve dinamikliğini kaybetmektedir. Bu projelerin yeni ve gönüllü kullanıcılara ihtiyacı var.       Bu projelere de destek vermeniz dileğiyle..    -Aguzer#Cx   |14|Kasım|2012|14:09|   ",0,0.0003778482205234468,0,tr
"Özel derken şablon sayfası sanmıştım en baştan zaten ). Tamamdır şimdi )). Peki Harry için neresi olacak tartışma alanı? Sinema mı sanat projesi mi? Acaba bu tür parametre birleştirme konularını şablon tartışma sayfalarında yapsak hep daha iyi olmaz mı? Sonradan takibi de daha kolay olabilir. Sadace duyuru yapılır bilgi kutusu projesinden, olabilir mi?   Merube 89        msj      ",0,0.0005744975642301142,0,tr
"Selam Hedda. Rica etsem iki konuda bu kullanıcıya VP:TBA hakkıdna açıklar mısın ? Birincisi Serj Sarkisyan maddesiyle de ilgili olarak    Stepanakert (bugünkü Hankendi)    olarak yazılmasını engelleyecek gerekçesinin olmadığını ve tarihi kontekst içinde böyle daha ansiklopedik olduğunu, ikincisi ise Kıbrıs Cumhuriyeti maddesinde Kuzey Kıbrıs Türk Cumhuriyeti nin statüsü konusunda sadece Türkiye tarafından savunulan tezin vurgulanmaması gerektiğini... küçücük şey olabilir fakat izin verilirse santim santim milli ansiklopedileştirilecektir. Takabeg ",0,0.00038954391493462026,0,tr
saçmalama citrat beni durduramazsın sen zaten eski sabıkalıardansın kafamı kızdırma bu müesseseyi başına yıkarım benim size ulaşabileceğim çok sayıda bilgisayarım var emeklerine değmez acaba kaç bilgisayarı engellemeye gücün yeter benim isteğim sadece islama din alimlerine ve senin bir zanmanlar yaptığın gibi peygamberlere ve en son olarakta kurana saldırıların durdurulması oh be ne ala memleket siz kuana saldırın biz oturalım yok öyle şey burada huzur istiyorsan ilk önce o islama din alimlerine ve en son olarakta kurana saldıranları zaptet yoksa sabaha kadar oturur ne yapabileceğimi gösteririm size. iyi akşamlar huzur istiyorsan islama saldırıları durdur. yoksa ne olabileceğini hep birlikte görürüz85.103.85.210 ,1,0.9872261881828308,1,tr
"   Hoş Geldin !    Merhaba, tamamen gönüllü katılımcıların çabalarıyla 250 dilde oluşturulmaya çalışılan ansiklopedinin Türkçe bölümü    Vikipedi    ye hoş geldin! Bu ansiklopedi beş ana madde üzerinde şekillenir, katkıda bulunmadan önce okumanızda yarar vardır. Katkıda bulunmaktan lütfen çekinmeyin. Vikipedi nin yazım kuralları basittir. Ne şekilde madde yazabileceğiniz biçem el kitabında ayrıntılı olarak açıklanıyor. Herhangi bir sorun olursa, yardım sayfalarına bakabilirsin. Diğer kullanıcılardan yardım istemekten çekinmeyin; yeni bir katılımcıya yardım etmekten mutluluk duyacaklardır. Tartışma ve kullanıcı mesaj sayfalarındaki yazılarınıza,   ansiklopedi maddeleri hariç  , lütfen imza atmayı   (   ~~~~   )   ihmal etmeyin. İletişim için Köy çeşmesiOrtak çalışma alanı Topluluk portalıTelif hakkı kaybolmuş bir eseri eklemek istiyorsanız VikiKaynakBir terimin sözlük açıklamasını yapmak istiyorsanız VikiSözlükBir şeyin nasıl yapıldığını tarif etmek istiyorsanız VikiKitapÖzlü sözleri eklemek istiyorsanız VikiSöz En çok sorulan...Burada Bulmak istediğim konuya nasıl erişirim? Gezinti Bir madde için ekleme yapacağım ama telif hakları sorunu ne olacak? Kaynaklar Madde hakkında nasıl tartışırım? Tartışma sayfasını kullanın Bir madde için yapıcı eleştiri nasıl yapılır? Tavsiye Bir kullanıcı ile sorunum var. Ne yapmalıyım? Nezaket   (saldırı yasaktır)   ve Sorun çözümü Kolay gelsin...    Nebe?   viye ",0,0.0013866580557078123,0,tr
yaptığını beğendinmi hekes senin çıkardığın pisliği temizlemeye çalışıyor zavallı adam bir saattir beni engellemeye çalışıyor. sana söyledim bu müesseseyi huzrsuz hale getirme yoksa yarın akşam daha kalabalık geliriz artık hep seni takipteyim gör bak neler oluyor sen islama saldırınca88.240.23.50 ,1,0.9500002861022949,1,tr
"Burası hakkinda gorusun var mi ? Takabeg  Baktım, yazdım görüşümü Bu arada bazı başlattığım tartışmalarda sonlarını getirmiyorsun destek olduğu halde, öyle kalıyorlar ) Onlara da bakmak lazım (Nuri Conker ve Tripoli ilk aklıma gelenler).RapsarEfendim?  Yanlis yere mi ekledim acaba ? Takabeg  Doğru da, oranın en üstünde yer alan örneğe göre eklesen daha iyi olacaktır )RapsarEfendim? ",0,0.014181963168084621,0,tr
"Maddelerde değişiklik yaparken, lütfen    tarafsız bir bakış açısıyla    ve ansiklopedik bir dilde yazmaya özen gösterin. Maddelere imza atmayınız, maddelerde reklam yapmayınız, e-posta ve telefon numarası gibi özel bilgilerinizi paylaşmayınız. Kendinizi tanıtabilmek için kullanıcı sayfanızda    Babil    şablonlarını kullanabilirsiniz. Kullanıcılarla mesajlaşırken lütfen nezaket kurallarını unutmayın, herkesin aynen sizin gibi Vikipediyi geliştirmek amacıyla katkıda bulunduğunu ve iyi niyetli olduğunu varsayın.    Beş temel taş   ,    imza kullanımı   ,    Cesur ol   ,    Engelleme politikası   ,    oy kullanımı    politika ve yönergelerini mutlaka okuyun. Aynı kişiye ait birden fazla hesabın ya da farklı kişilere ait olsa bile birden fazla hesabın tartışmalarda avantaj sağlamak amacıyla birlikte hareket etmesinin    Kuklacılık    olarak değerlendirileceğini ve bunun yasak olduğunu unutmayın. Politika ve yönergeleri okuduysanız, değişiklik yapmayı ve Vikipedide neler yapabileceğinizi artık biliyorsanız    cesur olun    ve değişiklik yapmaya başlayın!...    Haydi kolay gelsin!       ahzaryamed     ileti   ",0,0.0006285044946707785,0,tr
", . Yani ikinizi de hemen engelleyelim mi:) Kurallar    Engellemeden önce kullanıcı en az bir kez uyarılmalıdır.    der. Her ikinizin de -kabul edersiniz ki-  karşıtlık ve rahatsızlık vermek  ve/veya  kişisel saldırı  gerekçesiyle uyarılması gerekliydi. Esc2003 bu vesilesiyle seni de uyarmış olalım, vikipedi dışından da yapılan kişisel saldırılar, vikipediden yapılmış gibi değerlendirilir, hakaret değilse de kişisel saldırı ve rahatsızlık vermek olarak kabul edilebilir. Bu sayfada da çeşitli suçlama ve uygun olmayan tanımlamalar mevcut. Meseleyi karşılıklı olarak kapatalım derim, pek içerik gizlemeyi tasvip etmediğimden Rapsar ın yazdıklarını çıkartmadım. Bu sayfalardan da çıkartılacak veya düzeltilecek çok yer var. Uyarıları lütfen dikkate alalım, karşılıklı iğneleyici, suçlayıcı tavrı bırakalım, elim gitmiyor ama mecburen bir süre sizleri diğer vikimedya projelerine yönlendirmek zorunda kalabilirim. Tabi oralarda da birbirinizi bulursanız yapacağım fazla bir şey yok...Vikiçizer (mesaj) ",0,0.0066259801387786865,0,tr
" Merhaba, söz konusu maddenin iminin gerekçesi   telifli   olmasıdır. İlgili açıklama hemen üsttedir.Kullanıcı:Merube 89 un yolladığı iletiyi dikkatli okuyun lütfen. İyi çalışmalar.   Cnk  ALTDS    ",0,0.0005379248759709299,0,tr
Israrlı telif ihlali ve intihal nedeniyle 24 saat engellendin. Döndüğünde Vikipedi için hayati önem taşıyan bu konuya özen göstermen dileğiyle.    Vito Genovese    ,0,0.001139805419370532,0,tr
BEN DİLENCI DEGİLİM ALLAHIM BANA YARDIM ETSIN KIMSENIN HAKKINI YEMEK İSTEMİYORUM YEMİN EDERIM KREDI KARTI BORCUMU BUGUN ÖDEMEM LAZIM BU MSJ NEREYE GİDİCEK BBİLMİYORUM BU TAM4 ÜNCU GÖNDERİŞİM NE OLUR EGER İMKANINIZ VARSA BANA YARDIM EDIN 650 MILYON KREDI KARTI BORCUM VAR BUGUN ÖDEMEZSEM HACİZ GELİCEK BORÇ OLARAK ARIYORUM BU PARAYI 1 AY SONRA YEMIN EDRIM ÖDİYCEM ALLAHIM BANA YARDIM ET,0,0.7042505145072937,1,tr
"Eğer o ifadeyi de birebir girmişseniz çıkarın. AI nin sitesinde rastlamadım ona - belki gözümden kaçmıştır, bu nedenle isterseniz listedeki parantez içindeki president kısmını da kaldırın. Ona değinmemiş olalım, şimdilik. - Noumenon ",0,0.0018955139676108956,0,tr
"MEB in Türk Ansiklopedisinde    Sliven    maddesi (C.29, s.196) aktarıyorum.    SLİVEN   , Bulgar şehçesinde Slivno, Silimno, Siliven, Sliven, Bulgaristan Türkleri ağızlarında Selimiye, İslevne, bilhassa İslimya biçiminde söylenilen kasaba ve sancağın adı..... Bulgaristan Türkleri nin ağızlarında nasıl hitap edilirse başlığı Sliven dir. Kasaba için de İl için de. Teşekkür ederim. İyi çalışmalar. Takabeg  Aynı ansiklopedinin (C.7, s. 101)    BLAGOEVGRAD   , 1947 ye kadar Gorna Djumaya = Yukarı Cuma; krş. kuzeydoğu Bulgaristandaki Eski Djumaya, şimdi Tûrgovişte: 1. Batı Bulgaristanda, Yugoslav sınırı yakınında, Bulgar Makedoniyasının en önemli şehri. Sofya........ 2. 1947-1952 yıllları arasında Bulgaristanın 14 (sonra 12) idarî bölgesi (okrag)nden biri. Eski Sofya idari bölümü (oblast)nden ayrılmıştır......... Böyle devam edeyim mi? Dışişlerinden sonra bu sefer  Milli Eğitim Bakanlığına güvenmiyorum  diyerek direnecekler mi? Teşekkür ederim. İyi çalışmalar. Takabeg     DOBRİÇ    maddesi (C. 13, s.404) Takabeg ",0,0.00040451291715726256,0,tr
"Gerçekten Türk halkı senin gibi adamlar yüzünden kaybediyor. başkalarının yalakalığını yapmak için kendi milletine ait siteleri sil bakalım. sen ne kazanacaksın? kazancın ne olacak? tek yaptığın bir Türk e ait siteyi silip, elin amerikalısının sitesini bir yerlere getirmeye çalışmak. ama emin ol, onlar bizim muadilimiz olan siteyi her yerde önümüze çekiyor. senin gibiler yüzündende bizde buralara yazı yazıp dert anlatmaya çalışıyoruz. sakın cevap yazıp canımıda sıkma. laflarımı anlayabildiysen zaten cevap yazmazsın.",1,0.6048654317855835,1,tr
   Bu ayki işbirliğine katılın!    Kasım 2010 ayının iş birliği;    Arnavutluk maddesinin SM yapılması   . Proje başlangıç:    7 Kasım 2010    Proje bitiş:    30 Kasım 2010    ,0,0.0004860566114075482,0,tr
"Bugün oluşturduğum Muhittin Böcek sayfasında nerede telif hakkı sorunu olduğunu anlayamadım. Açıklama gönderirseniz sevinirim. Eğer sorun konyaalti.bel.tr deki içerik ise içeriğin düzenleyicisi de benim. Merhaba , telif hakkı ihlali örnekleri 1, 2, 3. Diğer örnekleri atlayıp sadece 1 örneğe bakarsak, sayfayı kendiniz yazmış olsanız bile altındaki  © Copyright 2014. Kuşkavağı Mahallesi Belediye Caddesi No:77  ifadesi ilgili içeriğin telifli olduğunu gösterir. Ayrıca Kişiler için kayda değerlik kriterlerini gözden geçirmenizi öneririm.   KediÇobanı  🐈 ",0,0.00039375986671075225,0,tr
"BAHRİ BAHADIR LI GÜNLERİ BEKLEYEN BİR İMAMOĞLU HALKI VE ONUN ARDINDAN GİDEN BİNLERCE İNSAN VAR. İMAMOĞULLULAR BUNDAN BÖYLE BİLİNÇLENDİ VE KENDİLERİNİ YÜKSEKLERE TAŞIYACAK OLAN İSMİ, YANİ BAHRİ BAHADIR I İSTİYOR. GEÇMİŞTE LİSE MEZUNU BAŞKANLARIN OYUNCAĞI HALİNE GELEN İMAMOĞLU, ANCAK BAHRİ BAHADIR GİBİ ULU BİR ŞAHSİYETİN KUCAĞINDA YENİDEN DEĞER KAZANABİLİR. HAYDİ BAHRİ BAHADIR, DUY SESİMİZİ VE KOY ADAYLIĞINI! Yakupkilimci ",0,0.19737951457500458,0,tr
Evet bir süredir Evanescence maddesi üzerine çalisiyordum. Ileride büyük ihtimalle SMA olarak gösterecegim. Katkilariniz için çok tesekkürler.Nazzzz  Benim kafama takılan bir şey var. Maddede The Open Door bölümünün ardından  .. .. 2007 de tur sona erdi  dendikten sonra sonraki bölümde 2003 te olmuş bir olay anlatılıyor. İngilizce Vikipedi de olduğu gibi yazdım ama sizce de orada yazanların ilgili tarihin bölümlerine konması gerekmiyor mu?Nazzzz ,0,0.002768087899312377,0,tr
 100px    VikiProje Azerbaycan İşbirliği Projesi Yeni Katılımcı Yıldızı    Tebrikler. VikiProje Azerbaycan kapsamında bir projeye katılmanız şerefine    Yeni Katılımcı Yıldızı    ödülünü kazandınız. Gelecekteki iş birliği projelerine katılımınızın devamını bekleriz.(Gecikme için özür dilerim) • ,0,0.0003160118358209729,0,tr
Merhaba. şablonunda istediğiniz değişiklik yapılmıştır.   Parça sayısı   parametresi bundan böyle görünür olacaktır. İyi çalışmalar. Superyetkin        Teşekkür ederim. / Shark-death ,0,0.0004642356070689857,0,tr
Said Nursi nin gerçek ismi Molla Said Kürdi dir.Kendisi kürtçüdür ve Türk düşmanıdır. Okumayı yazmayı dahi bilmeyen köylü bir cahilin ismini vikipedilerde bile görmek Türkiye de yobazlığın ne kadar geliştiğine en güzel kanıttır.Said Kürdi ye bediüzzaman diyenlere ise biz aydın müslümanlar  Allah akıl fikir versin  demekteyizdir.,1,0.5787160992622375,1,tr
"+Buraya bakınca McCarthy nin bir makalesinde  Osmanlı Müslümanı  değil,  Müslüman Türk  ifadesini kullandığı görülüyor. McCarthy ve diğer kitaplardan yapılan kaynaklandırmada, kuşkuları ortadan kaldırmak için mümkünse alıntı veya bağlantı verilebilir mi? 82 ~145 ileti ",0,0.0014832747401669621,0,tr
tercihler kısmında ham imazyı seçtikten sonra gözükmesini istediğin isim bölümüne viki formatında istediğin gibi link vb girebilirsin. Örnek için benim imzama bakabilirsin bu sayfada değiştire basarak. kolay gelsin. Dbl2010mesaj ,0,0.0013106013648211956,0,tr
" 50x50px|left   Vikipedi    ye hoş geldiniz. Herkesi ansiklopedimizin gelişmesine katkıda bulunmaya davet ediyoruz. Katkıda bulunma hakkında daha fazla bilgi almak için hoş geldiniz sayfasına göz atabilirsiniz. Bununla birlikte, gelişmeye katkıda bulunmayan, sayfa boşaltma, hakaret vb. değişiklikler    vandalizm    olarak tanımlanır ve eğer bu tavrınızı sürdürürseniz daha fazla uyarılmadan    engellenebilirsiniz   . Lütfen, diğerlerinin emeklerine zarar vermek yerine ansiklopedimizin gelişmesine yardımcı olun. Teşekkürler. - VikipediBilginimesaj? ",0,0.0003733388730324805,0,tr
olum sız manyakmısınz siz adam sıze sanal yıldız vermıs bilmem nerenız kalkmıs bedava kole dıye calıstırıyorlar sızı siz hala uyuyuyn olmayan bi odul aldım dıye o odul birgun gercek olursa uzerine oturursun saygılarla,1,0.933237612247467,1,tr
"Selam. Bu konu aklımdan çıkmış, geç cevabım için kusura bakma. Samsunspor un 2. ligde oynadığı maçların bilgilerini kastediyorsun sanırım? Benim istediğim bilgiler şunlar; Galatasaray ın Millî Küme de oynadığı maçların detaylı bilgileri. (Artı bu sezonların gol kralları) 1928 ve öncesinde düzenlenen İstanbul Ligi, Pazar Ligi gibi liglerde Galatasaray ın oynadığı maçların detaylı bilgileri. (Artı bu sezonların gol kralları) Galatasaray ın başkanları (göreve geldikleri ve görevden ayrıldıkları tarihlerle birlikte) Eklemek istediğin bir şey varsa ekleyelim.Rapsarbi diyeceğin mi vardı? ",0,0.0004899925552308559,0,tr
"vallaa VP:HS madde 4 e bi bak bakalım transvikilienmiş maddeler silinebilir falan diyo. olmazsa vitoya falan sor, ama ben silindiğini hatırlıyorum.Delamorena     mesaj      ",0,0.00731720682233572,0,tr
"syn. Sakhalinio, iyi akşamlar. Vikipedi devriyelik başvurusunda başvuru metninden sonra   kaydet   e tıklıyorum fakat sayfayı kaydetmiyor. neden olabilir? Jumpeax (mesaj) ",0,0.00044787072692997754,0,tr
Bu arada E-posta adresini bilmiyorum. Bana iletebilirsen ben de e-posta yoluyla sana kendiminkini iletebilirim. Эялвачмеcаж ,0,0.004997784271836281,0,tr
Tekrar selam. Tartışma:Sanci Hui Özerk İli ve Şablon Tartışma:Sincan Uygur Özerk Bölgesi YB e göz atarsanız sevineceğim. Takabeg ,0,0.0008350771386176348,0,tr
" Merhabalar. Aslında diskografileri uzun zaman önce güncelledim. Güncellenmesi gerekenler şarkıların listesi. Bu listeleri güncellemeyi çok isterdim ama sorun şu ki bu makaleleri kendim oluşturmadım. Bu yüzden bunları oluşturan kullanıcıyla iletişim kurdum (MHIRM), ancak ne yazık ki eskisi kadar aktif değil. Diğer yandan, bunları güncellemek çok zaman alıyor ve bende şu anda birçok sınav ve proje ile uğraşıyorum. Bunların üzerinde Aralık ayında çalışmaya başlayabilirim, ancak eminim ki sen ve diğer bazı deneyimli kullanıcılar o zamana kadar güncellemeyi bitirebileceksiniz. Hatta benden daha iyi bir iş yapabilirsin. ) Keivan.f (mesaj) 06.28, 25 Ekim 2019 (UTC)",0,0.0003383414587005973,0,tr
"Atatürk ün doğum tarihi konusu gereksiz yere uzuyor. Yeni bir kanıt ileri sürülse, diyeceğim yok. Ama devlet arşivleri doğum tarihi konusunu açık bırakırken, Atatürk ün kendisi bile değişik defalar doğum tarihinin bilinmediğini söylemişken, güvenilmez sanal kaynaklara dayanılarak çoğalan sözde kaynaklara dayanmak bilimsel değil. Eldeki veriler, özellikle devlet arşivi, bu tarihin bilinmediğini söylüyor. Ardarda değişik dillerdeki Vikipedi kaynakları sıralanmış. Kaynak sayısı yarıştırmaya girişirsek, doğum tarihinin tam olarak bilinmediğini gösteren daha çok kaynak gösterebiliriz, değil mi? Muhammedcimci ",0,0.0004733640234917402,0,tr
google a turkish nude yazıp görselde aratın. Bildiğin maymunlar mk lan )birde okıllı mıllı yamuk yumuk halleriyle bunların ırkçıları çıkar. İbni miskeveyh türklerle zencileri eşdeğer görmüştür:)88.231.29.19 ,1,0.9042432904243469,1,tr
" 40x40px|left Lütfen uyarıları dikkate alınız. Vikipedi işleyişini aksatmanıza yönelik davranışlarınız için size yapılan uyarıları önemsememeniz, vandalizm olarak değerlendirilebilir ve    engellenebilirsiniz   . Levent Abi ileti            ",0,0.0012340036919340491,0,tr
"Arkadaşlar bu tarz başlıklarda bütün karşıt görüşleri yazmalıyız, açıkçası sayfanın son hali gayet iyi, ama bu konuda İsa nın yaşamadığı konusunda görüşler var. Bunları da eklemeyi planlıyorum, esen kalın.",0,0.007989037781953812,0,tr
"cano kardeşim merhaba. uzun zamandır sana bir konuda bir şey söylemek istiyordum ama çok çekiniyordum. istersen kıskanıyor diyebilirsin ama ben de senin gibi bir kullanıcı sayfası oluşturmak istiyorum bana yardım eder misin? Cagan12 (mesaj) 15:15, 17 Eylül",0,0.026424476876854897,0,tr
Saolasın hoşbulduk. Dün de Mesajcı adı ile gelmiştim ama Erdemşenol diye bi adamın kuklasının diyip beni engellediler. Hayatımda Erdem diye tek birini tanıdım o da 20 25 sene önce ilkokuldaydı. Buranın yöneticileri yaptıkları işin farkında değil sanırsam. Ya da ehil değiller. Masajcı ,0,0.4045734107494354,0,tr
"Başlık düzeltme için teşekkür ederim. Ancak madde içinde düzeltmelerde gerekli TDK Yazım Klavuzuna göre. Madde koruma altında olmalı, değiştiremedim.85.96.103.203 ",0,0.0001836784213082865,0,tr
Yeni ismi Jişişan - Paoan Dongşiang ve Salar Özerk İlçesi itirazı olanlar Lütfen bu yazıyı okusun.Tevfik1958 ,0,0.0006134464638307691,0,tr
"Merhaba 46.106.207.127, Oluşturmuş olduğunuz Microsoft Game Studios adlı sayfa, Vikipedi nin hızlı silme kriterlerinden m1 uyarınca silinmeye aday gösterilmiştir. Sayfanın silinmeye neden aday gösterildiği ile ilgili daha fazla bilgi almak için, ilgili kriterde verilen açıklamaları okumanız önerilir. Bu uyarıyı gördüğünüzde sayfa silinmiş olabilir. Eğer sayfanızı bulamıyorsanız silme kayıtlarını kontrol edebilir ve sayfayı silen hizmetli ile irtibata geçebilirsiniz. xrazy ",0,0.0003207847767043859,0,tr
 Tekrar merhaba.... 2010 Eurovision Şarkı Yarışması bugün epey vandalizme uğradı. Birkaç defa eski haline getirdim ama başka kullanıcılar da gelip değiştiriyorlar. Vandalizm yapılmış versiyonun üzerinde doğru bir değişiklik olmasın diye bu maddeyi geçici korumaya alır mısın? Sevgiler Mimar77 ,0,0.0007666576420888305,0,tr
"Tipik bir moronumsu Türk ulusalcısı ağzıyla yazılmış. Yani Persler şu kollara ayrılır; İranlılar, Kürtler, Afganlar ve Tacikler. İran merkezde konumlanırken, Kürtler Kuzey-Batı iran konumundadır. Afganlarsa İran ın doğusundadır. Bunların hepsi Pers halklarıdır. Pers demek doğrudan İran demek değil zaten. Bu bağlamda Sasani imparatorluğu İranlıların kurduğu bir devlet iken Med imparatorluğu Anadoluya kadar uzanan Kürtlerin kurduğu bir devlettir. 20.yüzyıl başlarından kalma, Lozan anlaşmasının saftrik tarih teorisine dayalı, faşist görüşlerin artık bir değeri bulunmamaktadır.88.232.131.192 ",1,0.8945682644844055,1,tr
Merhaba Manco. Seni böyle çalışırken görünce bir kolay gelsin diyeyim istedim. Yine bazı yenilikler peşindesin galiba. İyi çalışmalar. yabancım ,0,0.005749611184000969,0,tr
Bahar ım seni burda görmek çok güzel.. Şəhər Bağında Xalq Gəzintisi maddesinin adının türkçe olması gerekmiyor mu? Şehir bağında.. Değşitirmeden önce sana bir sorayım dedim. Belki bir bildiğin vardır; Türkçeleştirilebiliyor ve orijinal özellik taşımıyor çünkü.. Levent Abi 18px ,0,0.0008027151925489306,0,tr
":Resim:Wood bg.jpeg kaynak ve lisans sorunu           :Resim:Wood bg.jpeg    resmini yüklediğiniz için teşekkürler. Dosyanın tanım sayfasında içeriğin kimin tarafından yapıldığı ve telif statüsü hakkında yeterli bilgi bulunmamaktadır. Eğer dosyayı kendiniz yapmadıysanız, içeriğin sahibini belirtmelisiniz. Bir internet sitesinden elde ettiyseniz nereden aldığınızı net şekilde gösteren bir bağlantı veriniz. Eğer resmin lisansını biliyorsanız resim dosyasına    telif etiketini ekleyiniz   . Yüklediğiniz diğer resimleri kontrol etmek için bu bağlantıyı tıklayınız.    Hızlı silme kriterleri gereğince kaynak ve lisans bilgisi eksik olan resimler işaretlendikten bir hafta sonra silinirler   . Sorularınız için Vikipedi:Medya telif soruları sayfasını kullanabilirsiniz. Teşekkürler. C. Jones ",0,0.00023970789334271103,0,tr
"Merhabalar Murat Bey, 2013-14 3. Lig maddesinde çalışmalarınıza devam edecekmisiniz? Tüm sezon maddelerini 2 yıldır aynı standartta yapmaya çalışıyorum. örnek olarak 2012-13 3. Lig, 2012-13 2. Lig, 2013-14 3. Lig maddelerine bakabilirsiniz. Eğer maddede çalışmaya devam edecekseniz ben dokunmayacağım. Onun için size sormak istedim. Saygılarımla, Fenerli1978 (mesaj) ",0,0.0004177932278253138,0,tr
"Merhabalar, IŞİD e yönelik operasyonlar adlı bir sayfa açtığınızı gördük. Biz de 2014 Irak ve Suriye Saldırıları üzerinde çalışıyoruz. Eğer ilgilenirseniz desteklerinizi bekliyoruz. Destekleriniz bizim için önemlidir. Turgut46 (mesaj)  Merhaba ben kronoloji sayfasını doğrudan sizin hazırladığını sayfaya yönlendireceğim. Hazırladığınız maddde oldukça uzun olacak. Ben hazırladığım maddede genel olarak operasyon stratejilerini yazacağım. İsterseniz maddenin adını 2012 Irak ve Suriye Saldırıları kronolojisi şeklinde değiştirin.    MEOGLOBAL      Bana mesaj atın    ",0,0.00038981600664556026,0,tr
" tamam, anladık arkadaşın görevini de.. noumenon sadece politika şablonunu kaldırıp silmeyince de ne ola ki diye soralım dedik. ortalıkta konuşunca öyle açık açık bu ne saçmalık diyemiyoruz biliyosun. madem icabına bakıldı, peki bu ne sevgili mader ha, sorarım sana.. )    kibele     mesaj    neydi kafama takacağım şey unuttum.. )    kibele     mesaj   ",0,0.2636058032512665,0,tr
"Acaba son zamanlarda ne oldu, filmi çekilecekmiş Hermes film ile Gülas tarafından ancak sadece 2 yerde bulabildim, gelişme yok heralda başka Datvi ile ilgili.. Bir de Poyraz diye başka bir ayı var. Boyalikus  Vaktim olunca Knut u da yazıcam. Vallahi, İngilizcem  süper  olsaydı hemen şimdi Knut u çevirirdim. Fakat, Datvi harika oldu, elinize sağlık. Televizyon da Cemal ile ayısını daha iki hafta olmadı yine seyrettim eski görüntülerini. Fakat şu anki durumunu bilmiyorum. Cemal i kıskanıyorum, ne yalan söyleyim. Ayılar yavru iken gerçekten sevimli hayvanlar; ne kediye benziyor ne de köpeğe. Yalnıız, İnsana ve insan kokusuna alışkın   Datvi    yi Karadeniz in daracık doğasına salarsanız, birgün insanlarla muhakkak karşılaşacak ve o gün gördüğü insanları   Cemal   sanacaktır; kuşkusuz. Fakat insanlar onun   Datvi   olduğunu bilmiyecek,   Ayı ! Ayı !   diyecek ve tetiğe basacaklar. Cemal, elinden ayısı alınmış dayı gibi davranıyor -)Kmoksy ",0,0.0023006354458630085,0,tr
"Andımız İtalyan faşizmini, Bu Hitler faşizmini andırır, içi islamcı ve ırkçı mongol ırkçısı sözlerle doludur. bir dönem bunu eleştirmek hapis cezasıydı ) IQ<50 kişilerin okuyabileceği sığlıkta, insanı tiksindiren bir marştır. bazı enstantaneleri;   Kahraman ırkıma   bir gül! Ne bu şiddet, bu celal? Hakkıdır,   hakk a tapan, milletimin   istiklal!       Medeniyet   !  dediğin tek dişi kalmış    canavar     ? Benim   iman dolu göğsüm   gibi serhaddim var. Ulusun, korkma!   Nasıl böyle bir imanı boğar  , Bu   ezanlar-ki şahadetleri dinin temeli  , Ebedi yurdumun   üstünde benim inlemeli  . 88.231.231.187   ",1,0.9607633948326111,1,tr
"Baskalarinin saatlerce calisip hazirladigini sebepsiz yere silmek saygisizlik hakkini sana kim veriyor orospu attirmasi? Adam gibi acikla diye sana soruda sorduk, oraya gelirsem klavyeni popona sokarim , vito yu cenevizi danalar gibi bogurerek anlarsin. Dusununen adam pustuda sana pecete verir rahatlayinca.",1,0.8437926173210144,1,tr
"Arkadaşımıza kesinlikle katılıyorum, ben diğer maddeyi tamamen düzenledim. Bu sayfa kapatılıp oraya yönlendirme yapılmalı... Jelican9 (mesaj) ",0,0.0005000316887162626,0,tr
Deneme amaçlı yeni bir madde açıp hangi renkte görüldüğünü bana söyleyebilirmisin. patrol deneme gibi.  Şimdi sarı. — Pınar [m] ,0,0.0016923862276598811,0,tr
Hayrola hocam sorunmu var sizden yadım istedik kıllık yapıp silen başkası sorumlu ama sizde sorumsuzluk yapıp gitmiş şikayet ediyorsunuz ne alaka hanım evladı dediğiniz kısma ben el atmadım sayın hacı hoca...82.222.117.192 ,1,0.6890836358070374,1,tr
Ben Çeviri İstekleri ile ilgilenmeye başlıyorum. Kendinize bir çeviri konusu seçebilirsiniz ve  gönüllüler e yazabilirsiniz. Bu arada yardımların için teşekkürler. İyi çeviriler PS Sorunuz olursa bana iletebilirsiniz    KIZILSUNGUR     ileti    katkılar   Kullanıcı mesaj sayfamın devamı,0,0.000540445907972753,0,tr
"Küçük bir hatırlatma daha, yazdığınız yukarıdaki mesajı tesadüfen gördüm, bunun sebebi sizle iletişim kuran bir kullanıcıya onun  kullanıcı mesaj  sayfasından cevap vermemeniz. Yani cevabınızı Kullanıcı mesaj:Vikiçizer (tartışma) sayfasına yazarsanız bana ulaşması tesadüflere kalmaz:) İkinci olarak, sinema kategorisinde daha genel alt kategoriler mevcut, örneğin; görüntü yönetmenleri veya sessiz filmler gibi. Sessiz filmlerde kategorilendirilmiş bir maddenin geniş ve ana kategori olan sinema kategorisinde bulunması karışıklık yaratıcı. Ama tabi ki birkaç alt kategori bir arada olabilir örneğin bir film hem  Sessiz filmler  hem de  Fransız filmleri  alt kategorilerinde bulunabilir...Hoşcakalın...Vikipedist ",0,0.001232032896950841,0,tr
Merhaba dusunen adam. Ben boyle bir madde acmadim ve neden bahsettigin hakkinda hibir bilgim yok! ;) Brecht ,0,0.12141324579715729,0,tr
 Çıkarılabilir belki ama Darwin hakkında kısaca bilgi verilmeli. İç bağlantı olması yeterli değil. Kolay gelsin. Abuk SABUK♫ ♫ ,0,0.09237676858901978,0,tr
"Selam. Kullanıcı:Khutuck/HG2 sayfasında şahsi hoşgeldin mesajım var, düzenleyip kullanabilirsiniz.    Khutuc      k   msj  Evet, bu mesaj çok daha uygun. Teşekkür ederim, iyi çalışmalar.    Vitruvian    ",0,0.0004803973133675754,0,tr
Kesinlikle haklısınız. O bağlantıların kategorilere gitmesi gerekiyor ama sayfa ilk oluşturulduğunda yeterli makale ve kategori olmadığı için o şekilde hazırlanmış. Zamanla kategorilere çevirebiliriz. İlginize teşekkürler.Dbl2010mesaj ,0,0.0003081235336139798,0,tr
"Merhaba, Osmanlı Devleti nin sınırları 1683 yılında II. Süleyman zamanında 5.2 milyon km2 idi. Ancak en geniş sınırlara 1595 yılında III. Murat zamanında erişildi. O zaman ise 24 milyon km2 idi. buradaki harita doğrudur. Bu yüzden bende kendim hazırladığım 24 milyon km2 lik haritayı yayınlamak isterim.HaruNGs  Merhaba. Aman oradaki haritaya güvenmeyin sakın. Osmanlı ne zaman Polonya yı aldı, ne zaman Litvanya, Letonya ve Estonya yı fethetti? Bu şekildeki güvenilir olmayan sitelere güvenmeyin lütfen. İyi akşamlar...Rapsar  İnternetten bulmadığım. Eğer yakınlarınızda 10. sınaf giden biri varsa onun tarih kitabını alıp bakabilirsiniz. Tarih kitabının ilk sayfasında gösteriyor haritayı doğuda Hazar Denizine, batıda Fas a kuzey de Viyanaya güneyde Sahra Çölünün altına kadar vs. Ordan yararlanarak çizdim haritayı. Nede olsa Milli Eğitim Bakanlığının resmi kitabı, doğrudur.HaruNGs  Her zaman olmayabiliyor ne yazık ki ( Bazen tarihimizi daha  şanlı  göstermek için değişiklikler yapılabiliyor. Böyle  hassas  konular için millî eğitim bakanlığının kitaplarını kullanamayız...Rapsar ",0,0.0007628276362083852,0,tr
"Selam Uğur kullanıcı:Princess Twilight Sparkle-My Little Pony yi engellemeyi unutmuşsun sanırım. bakınız    Zaitsév     Zaitsev, Elmacenderesi tarafından halledildi. Uğurkentmesaj ",0,0.0008545169257558882,0,tr
"center|75px|   Aday gösterdiğiniz madde, kaliteli madde statüsü aldı.       Tacik alfabesi   , Vikipedi:Kaliteli madde adayları sayfasında aday gösterildi, yeterli desteği topladı ve kaliteli madde seçildi. Başka bir maddeyi aday göstermek isterseniz, Vikipedi:Kaliteli madde adayları sayfasındaki yönergeleri takip edebilirsiniz.    Mızrak   msj ",0,0.000988517771475017,0,tr
"seçkin madde adaylarına ve ihraç adaylarına şefkat gösterdiğin için teşekkürler.. bu maddeye biraz daha kaynak eklemeyi düşünüyorum. hem bunlara hem de Rubik Küpü ndekilere kaynak bilgilerini ekleyebilirsen önümüzdeki günlerde sevinirim. kolay gelsin. ki bl  Rica ederim Kibele. Ama kondansatör maddesi için bile benim emeğimin kafi geleceğini sanmıyorum. Yani yardıma ihtiyaç var. İyi çalışmalar, Filanca ",0,0.0004791809478774667,0,tr
" left|55px|Uyarı Lütfen sadece    ansiklopedik    bilgi / içerik eklemeye özen gösteriniz. Bu konuda Kayda değerlik ölçütleri sayfamızdan bilgi edinebilirsiniz.    Aksi durumda katkılarınız silinecektir.    Bilgi edinmeniz rica olunur. Teşekkürler, iyi değişiklikler! Mskyrider   ileti   ",0,0.0003791772178374231,0,tr
Selamlar. Kayaksız ve taslak kriterini sağlamayan kısa bir maddedir. Burdaki bilgiler Liechtenstein maddesine aktarılmalıdır. Takabeg ,0,0.0007257104152813554,0,tr
Ayrıca millt oladığının bilincinin yarattığı eziklik insanda depresyon yaratır elbette sanada hak vermek lazım.Bende aslında kendimi kötü hissederdim.Sen nap biliyonmu koçum varsa yakınlarda bi çorbacıya gir acılı bi mercimek çorbası iç beynine kan gitsin ve nerden geliyorum nereye gidiyorum diye bi düşün eğer türklerden nefret ediyorsan bunun sorumlusu Türkler değil mensup olduğunu zannettiğin ırkı! yöneten Avrupalılar.Erdemsenol ,1,0.8094893097877502,1,tr
"Maddeye temizleme şablonu ekledim, zira  I. Dünya Savaşı nda Osmanlı donanması  ile  Mondros Ateşkes Anlaşması ve Osmanlı donanması  başlıklarında aşırı detay var. Yüzlerce yıllık tarih ile 5-10 yıllık tarih hemen hemen aynı yer kaplıyor.   Yavuz   ile   Midilli   nin faaliyetleri saat saat anlatılmış.RapsarEfendim? ",0,0.0005186746129766107,0,tr
" left|55px    Lütfen telif hakkı saklı içerik eklemeyiniz   . Vikipedi de telif hakkı saklı içerikler kullanılamaz. Unutmayın ki; Vikipedi Amerika Birleşik Devletleri Telif Hakkı Kanunu na tabidir ve söz konusu kanuna göre; yayımlanmış her türlü çalışma (aksi belirtilmediği sürece), sahibine otomatik olarak telif hakkı kazandırır. Sadece özgür lisanslı (Kamu malı, GÖBL, Creative Commons vs.) kaynaklardan içerik aktarmanız mümkündür. Daha fazla bilgiyi    Vikipedi:Telif hakları/SSS    ve    Vikipedi:Telif hakları    sayfalarında bulabilirsiniz. Unutmayınız ki uyarılara rağmen ısrarla telif hakkı saklı içerik eklemek bir Vikipedi suçudur ve Vikipedi kuralları (madde 8) gereği    engellenebilirsiniz   . Teşekkürler, iyi değişiklikler!    Yabancı     msj   ",0,0.00024055478570517153,0,tr
Merhaba İncelemeelemanı nasılsın? Atmış olduğun mesaja 11 günlük gecikme ile geri döndüğüm için özür dilerim gerçekten ancak başka bir kullanıcı arkadaşım bana mesaj atana senin mesajını fark etmedim ta ki şu ana kadar yeni mesajı görünce öncelikle bundan ötürü senden özür diliyorum çünkü nasıl oldu fark etmedim anlamadım ancak ufak bir sağlık problemimden ötürü çok sık girmedim(şuan gayet iyiym) bir dönem şuanda kişisel işlerimin yoğunluğundan sebep bayrama kadar belirli aralıklarla buradayım sonrasında tekrar düşündüğüm sayfaların düzenlemesiyle uğraşacağım. Adil Kullanım ile ilgili başlatmış olduğun konu gerçekten çok uzun bir ara takip ettim ama şuan hangi nokta inan vakit ayırıp incelemem lazım bunun bir süre ben düşüncemi belirtemeyeceğim ama en kısa zamanda bende gerekli fikirlerimi belirteceğim karar alınsın yada alınmasın o zamana kadar ama birkaç düşüncem elbetteki var yazımı uzun tuttum ama anlayışını bekliyorum iyi günler iyi çalışmalar ) (Pipapo7 (mesaj) ),0,0.0009897135896608233,0,tr
"Merhaba Okanfan.  Standart gereği  cevabı ne yazıkki mevzuyu açıklayamadı. Bununla ilgili yazılı bir kural mı var? Dinin; millet, köken, uyruktan ne gibi bir farkı olabilir? Bunu kişisel bir yorum olarak saysak bile diğer dillerdeki vikilerde böyle bir durumla karşılaşmıyor iken neden türkçe viki de karşılaşıyoruz? Amacım anlamaya çalışmak. Teşekkür ederim cevabın için Fenerli1978. Fakat dini yönüyle ön plana çıkmasa bile dininin ne olduğu açıkça öngörülemeyen (örneğin kullanmak istediğim kişinin ülkesi hindistan da yaklaşık olarak bakarsak üçte bir nüfus müslüman iken kalan üçte iki hindu.) ve öğrenilmek istenen kişiler için de kullanılamaz mı? Önündeki engel nedir? Çok çok sevgiler. Selinkoc 96",0,0.0014563313452526927,0,tr
" Hayır, hayır bahsettiğim şablon es:Plantilla:Ficha de entidad subnacional değil, bunun türkçesi zaten var.... Ben  şu maddeden  yararlandım. Ve şablonda birçok değişiklik yaptım. Ve bir türlü çözemedeğim iki sorun var. Alttaki tüm beledeiyeler sekmesinde  Nüfus Yoğunluğu  kısmına bir veri girdiğinizde o veri yukarıya doğru kayıyor. Ve görüntünün altındaki açıklama bir türlü gözükmüyor... Bu sorunlarıburada görebilirsiniz... ~~ 11 Haziran, 2010, Cuma, 09:35 (UTC) Anlamıştım onu da, ispanyolcasında o iki şablon zaten birleştirilecekmiş. Onu kastetmiştim. Eğer türkçesi varsa o zaman çift şablon olacaktır. Onun yerine diğeri üzerinde eksik parametreleri tamamlamak yoluna gitmek daha iyi olabilir diye düşünüyorum. Ne dersiniz? Plantilla:Comarcas ve Plantilla:Ficha de entidad subnacional şablonları ispanyolca vikide birleştirilecek, bizde bu iki şablona ayrı ayrı gerek var mı? Bu arada naçizane bir görüşümü de belirtmek isterim, Ficha de entidad subnacional şablonunun görselliği çok daha iyi. O yüzden diğerindense bunu görselliği temel alarak eksik parametreleri eklemek daha iyi olabilir. Sevgiler, saygılar    Merube 89        msj      ",0,0.0003032086242455989,0,tr
"son olarak iktisat=ekonomi yanlışına neden düşüldüğünü ve bunun örneklerini (kibele nin yazdığı ekşisözlük sayfası dahil) neden varolduğunu belirtmek isterim. Türkiye de 100yıla yakın süredir üniversitelerde iktisat bölümlerinin adı iktisattır lakin anglosakson modelde eğitim veren boğaziçi üniversitesi içinde economics (iktisat) bölümü, ingilizce telafuzunda daha modern bir kelime olan ekonomiye daha yakın olduğundan öğrenciler arasında kullanımı ekonomi şeklinde süregelmiştir, bugün hala resmi adı boğaziçi - iktisat bölümüne mezunları boğaziçi - ekonomi demektedir. Bu minvalde modern eğitim verdiğini lanse etmek isteyen bazı türk üniversiteleri de direkt olarak bölümlerinin adını İktisat değil ekonomi olarak seçmişler lakin pek çok okulda okulun ilk günü öğrencilerine bu kullanımın pazarlama amaçlı olduğunu belirtip sınav kağıtlarında iktisat yerine ekonomi kelimesi kullanılmamasını itinayla belirtirler. Bu durumun diğer bir sebebi gene popüler ve daha havalı bir kelime olan ekonomist(ki iktisatçı kelimesinin eşanlamlısıdır) kelimesinin toplumda yayınlaşmaya başlamasıyla tersine bir türetme yoluna gidilmesidir. Vikipedi de başlığın isim değişkliği vb. konularda nasıl oylamaya götüreceğimi bilmiyorum, bilen arkadaşlar yazdıklarımı gerekçe gösterip gerekli oylamaya sunarlarsa sevinirim. 78.183.51.21 ",0,0.0007265224703587592,0,tr
kürtçe için sözcüklerin farsça ve rapça olduğunuy söylemişsiniz o yüzden kürtçe bir dil değildir demişsiniz biraz gözünüzü açında bakın kürtçenin grameri başka dillerdekine benziyomu eğer benziyosa kürtçe dil değil derdim Ama kürtçe nin dilbilgisi yani gremeri hiç bir dilde olmadığı için küKÜRTÇE BİR DİLDİR,1,0.21182814240455627,0,tr
"Türkçe Vikipedi nin tarafsızlığının derecesinden çok bu maddenin akıbetini tyartışmalıyız. Başlık Rum kırımı olarak değişince, acaba Pontus Katliamı nı bu maddeye aktarsak mı diye düşündüm, Nasılsa ikisinde de  sö-etnik  şablonu mevcut... Pontuslular da Rum olduğuna göre, daha genel bir ad olduğundan taşınmasında bir sakınca göremiyorum... ",0,0.0010672315256670117,0,tr
"Dün telif nedeniyle tamamını silmiştim. Bugün telif dışında kalan kısımları bıraktım. En azından albüm bilgisi, doğum tarihi yeri, fotoğrafı var. Taslak olabilir diye düşünüyorum. Mskyrider   ileti   ",0,0.0004490480641834438,0,tr
"left|60px Sevgili anonim kullanıcı, Muhtemelen heyecanlı bir gençsin, bugüne kadar aynı şeyi deneyen heyecanlı gençlerden binlercesi geldi geçti, sen de sonuncususun, öyle diyeyim. Şunu bil istiyorum ki, heyecanlanma sonradan, enerjini doğru konulara, doğru yerlere harcayabil. Şu an kullandığımız yazılımın bir özelliği sana istediğin sayfayı değiştirme hakkını vermiş olmamız. Bu ansiklopedi projesi böyle işliyor, insanların bilgiye para vermeden ulaşmasını böyle sağlıyoruz. Senin de diğer yüzbinler gibi ansiklopediye verecek bir şeyin olduğuna inanıyoruz ve özgür ansiklopedide özgürce hareket etmeni sağlıyoruz. Bu sayfalara  Hacked  yazan ilk kişi değilsin, maalesef sonuncu da olmayacaksın. Ancak umuyorum ki biraz daha büyüyünce bugün yaptığının ne kadar komik olduğunun farkına varıp,  kutsal  diye nitelendirmekten çekinmeyeceğim amacımıza katkıda bulunmak isteyeceksin. Sevgiler,",0,0.003615226363763213,0,tr
"Sex hastasi gerzekali ahmakdir bu pezevenk padisah, midem bulaniyor bu sultan denilen ihrenc pislikin hayatina bakarsan. osmanlilari yok eden yilani hürrem denilen kadininkölesi. Bekci olan taslarirn yolindan cikan kendi kendini ezer.(92.195.213.193 )",1,0.9593480229377747,1,tr
"Şöyle bir şey de olabilir: Ortak maddesi    Felemenkçe   ,    Hollandaca    Noord-Nederlands (Kuzey Felemenkçe) için kullanılır,    Flamanca    ise Zuıd-Nederlands (Güney Felemenkçe). Hollandaca sözlüklere (daha doğrusu: sözcük listeleri) bi bakılsın, belki sadece Kuzey Felemenkçe kapsıyor. (Yani tHollanda ve Belçika en ünlü sözlük olan Van Dale, ikisini kapsıyor. Resmi dil olarak neredeyse aynı, ama dilbilgisi sözcükler ve söyleyiş olarak biraz farklı. Yine aynı maddede tartışılsın, Felemenkçe adı altında bana kalırsa. Benne ",0,0.00040586385875940323,0,tr
"Selamlar, Türkiye maddesindeki değişikliğimi geri almışsınız. Türkiye,  Doğu Avrupa  kategorisine eklenmişti; fakat bu yanlış olduğundan kaldırdım. Doğu Avrupa ülkelerinden kasıt Rusya, Ukrayna, Belarus...gibi ülkelerdir. Türkiye  Güneydoğu Avrupa  kategorisine giriyor; fakat o kategori de  Balkan ülkeleri  kategorisine yönlendirildiğinden dolayı kategorilendirmeyi o şekilde düzenledim. Türkiye nin Balkan ülkesi olduğu da bilindiğinden kaynak ekleme gereği duymadım. Türkiye nin Avrupa daki toprakları Doğu Rumeli olarak da bildiğimiz Balkan topraklarıdır.",0,0.0003210019785910845,0,tr
"Marka için olanı da düzelttim. Aslında pek birşey değiştirmiyorum, üst kısımda bir yere siz   Otomobil Markası  yazmışsınız. Onu silip oraya yazıyorum. Anladığım kadarıyla  name  bir değişken, aşağıda name= karşısına yazdığımız şey üstte görünüyor. yerine   Otomobil Markası  yazınca haliyle bütün şablonların üstünde bu görünüyor. Umarım yanlış birşey yapmıyorumdur. Doğrusunu söylemek gerekirse tam olarak nasıl birşey istediğinizi anlayamadım, o yüzden eğer istediğiniz gibi olmuyorsa söyleyin. Olmazsa şablonlar konusunda daha tecrübeli birinden yardım isteriz. levent ",0,0.00048780738143250346,0,tr
"Sadri Alışık.jpg kullanılmayan dosya           Sadri Alışık.jpg    adlı dosyayı yüklediğiniz için teşekkürler. Dosya tanım sayfasında belirtildiği üzere, dosya adil kullanım dosyasıdır ve Vikipedi de adil kullanım politikası kriterlerini sağlamak zorundadır. Şu anda bu dosya hiçbir maddede kullanılmamaktadır. Eğer dosya maddeden çıkarıldıysa, neden çıkarıldığını kontrol ediniz. Eğer kullanılabilir olduğunu düşünüyorsanız yeniden ekleyebilirsiniz. Ancak resmin adil kullanım politikasına kesin olarak uyduğundan emin olunuz. Yüklediğiniz diğer dosyaları kontrol etmek için bu bağlantıyı tıklayınız.    Hızlı silme kriterleri gereğince hiçbir maddede kullanılmayan adil kullanım resimleri işaretlendikten bir hafta sonra silinirler   . Sorularınız için Vikipedi:Medya telif soruları sayfasını kullanabilirsiniz. Teşekkürler. Reality ",0,0.00021927242050878704,0,tr
kusura bakmayın böyle birşeyden habersizdim birdaha olmaz özellikle telif hakkına çok dikkat edeceğim vikipedia ailesinede gönülden teşekkür etmek isterim çünkü ne zaman bir araştırma ödevim olsa hemen vikipedia.org a girerim ve eli boş olarak hiç bir zaman dönmedim bu uygulamayı yapan büyüklerime çok teşekkür ediyorum saygılarımla... Argon341,0,0.001494996715337038,0,tr
"Ben size karşı yazmamıştım zaten Levent Abi, tam tersi size ek yapmıştım. Bir saat önce ben o değişikliği gördüm ama ilgilenene kadar başka şeyler girdi araya. Sizden önceki kullanıcı birşey yazmadan değiştirmiş de o yüzden. Bir de uykum geldi cümlelerim düştü herhalde ) Bir anlaşmazlık yok sanırım şimdi? Rhn ",0,0.001635969732888043,0,tr
"zaten bu tür hareket edeceginiz biliyordum, o yüzden sizlere hep kaynakli kelimeler verdim, ve hatta www.ferheng.org veya www.wergerine.com Kürt enstitülerin motorlaridir, bunlari dil bilimciler yapiyor, lütfen saygili olunuz, be tablo ne kadar katki da bulunar bilir onu söyleniz..ama ras kere sevmedim hosum gitmedi, kabûl etmiyorum diye silmeyiniz.Alsace38 ",0,0.03445856273174286,0,tr
"Telif politikamız uyarınca, birebir kopyalanmış metni kaynaklandırmak suretiyle bile olsa kullanma imkanımız yok. Kaldı ki bahsettiğim bölümlerin İngilizce maddeyle alakası yok, direkt kaynaktan alınmış. Uyarım da buna yönelik zaten. En basitinden metnin içinde  100 tabur  diye hızlı bir arama yaparak sonuç alabilirsin.    Vito Genovese    ",0,0.0005819413345307112,0,tr
"Merhaba, haklısınız. İki madde birleştirilmeli. Sonra açılan önce açılana katılır ve geçmişler önce açılanda birleştirilir. Sonra da silinen ikincisinin adı birincisine yönlendirilir. Birazdan ilgilenebilirim. Teşekkürler, hoşcakalın...Vikiçizer ",0,0.11397939175367355,0,tr
 Şaşırdım açıkçası. Ama neyse...zihniyetin öyleymiş. Roman romandır diyorum. Yazılan romanlar çekilen filmler belki propagandadır belki de belgeler olmadığı için roman şeklinde yazılmıştır. Abuk 78 arkadaşımız Ararat filmi izledin değil mi? İzlediysen gerçekçi buldun mu? Önemli olan ne yazıldığını ve çekildiğini bilmektir. Bu romanların bu filmlerin propaganda olsun olmasın önemli olan bilmektir    gizlemek değildir   . Takabeg ,0,0.007900228723883629,0,tr
"Bazı diğer vikipedilerde bu madde,    eşcinsellik    maddesinden ayrı. Ancak eşcinsel maddesindeki bilgiler yeterli hale gelene kadar bu iki madde birleştirilmelidir diye düşünüyorum. Ayrıca karmaşıklıkları önlemiş, eşcinsellik maddesine yoğunlaşılmasını sağlamış oluruz. Saygılar.Abuk SABUK♫ ♫ ",0,0.4402007460594177,0,tr
"Selamlar.  Terör saldırısı  kavramı tarafsızlık açısından pek tercih etmediğimiz bir kullanım, ayrıca her terör saldırısı bombalı saldırı değildir. Bu tip değişiklikler öncesinde tartışma yapmak her zaman faydalıdır. Rica etsem değişiklikleri geri alıp, konuyla alakalı tartışma başlatabilir misin?RapsarEfendim? ",0,0.001667824457399547,0,tr
Fenerbahçeli kullanıcımız; Fenerbahçe Portalımız açılmıştır.Ziyaret edebilirsiniz.    Kullanıcı FBH    yi {{}} içine aşarak Fenerbahçe haberlerini takip edebilirsiniz.Ayrıca Fenerbahçe Ayın Projesine katkılarınızı bekliyoruz Kızıl Şaman ,0,0.0004902499495074153,0,tr
Selam Takabeg. Ey Rekip maddesi ile tam bir saat uğraştım. Siz gelip tek bir saniyede hepsini sildiniz. Ben maddeyi değiştirdiğimde vikikaynak bağlantısı önceden çıkarılmıştı. O yüzden orada olduğunu bilmiyordum. Kolay gelsin.    Mızrak   msj  Selam. Kusura bakmayın.    Komple    göndermiş oldum:) Bir kısım Vikikaynakta vardı. Ama Arap harf versiyonu vikikaynak ta yokmuş. Geri getirdim. Ancak marş sözleri v.s. vikikaynakta yer almalıdır. İyi çalışmalar. Takabeg ,0,0.0007326590712182224,0,tr
"Katkı için teşekkürler, ancak II Osman ın öldürülmesi sırasında yaşananlar, ilk yenilikçi padişaha karşı ulema/ümera ve bunların manüple ettikleri kapıkullarının durumunu sergilemesi açısından son derece önemlidir ve yaşananların ayrıntılı şekilde verilmesinin gerekli olduğunu düşünüyorum. Bu nedenle II Ossman ın öldürülmesinin kısaca anlatılmaması gerektiğini düşünüyorum",0,0.0006168548716232181,0,tr
"Ben sadece ilgili kuralları refere ettim. Bir katkıda, dil bilgisi hatası varsa belirtilir. Ama bir kullanıcıya dair bu tarzda ısrarlı yorum yaptığınız zaman  kişiler üzerine değil katkılar üzerine yorum yapma nın tam tersi yönde bir adım atmış olacağınız için Vikipedi açısından olumsuz bir davranış olarak kabul edilir. Teşekkürler, iyi çalışmalar... - -    nou   menon    ʘ    mesaj ",0,0.00039865559665486217,0,tr
"   Zorlama    zaten yok. Katılma ricasında da bulunmadım. Benim demek istediğim, bot isteklerinde yapılan istekler için yeni bir kodlama yapıyorsunuz da, biz      basit      bir iş yapan bir bot istediğimizde neden yardım etmiyorsunuz ?, yoksa ister yapın ister yapmayın tabiki de.-Aguzer#Cx   |14|Kasım|2012|13:06|   ",0,0.0015289627481251955,0,tr
"İşi bittiği için format değişikliğine gitmiş sitedir. Postmodernizm ölünce muhalefeti iktidara yamamaya çalışan Emperyalizm (ezik muhalefet partilerini söz sahibi yapma) inci sözlük site formatınıda değiştirmiştir. Sik yerine gib, Orospu yerine Huur, Göt yerine Arka telafuzzları çıkıyor bunları yazdığınızda. Ayrıca logoda değişmiş. Eskiden penis figürlü İnci yazardı. Erişimede açılmıştır. Yırtının ezikler, belki kıçınızı kurtarırsınız. )193.202.110.184 ",1,0.9695555567741394,1,tr
" 100px   CEE Bahar 2015 Uluslararası VikiProjesi davetiyesi    Merhaba, Uğurkent   Orta ve Doğu Avrupa    ile ilgili maddeleri belirli standartlara ulaştırmayı, çoğaltmayı, geliştirmeyi ve düzenlemeyi hedefleyen    Uluslararası VikiProjesi    ile ilgilenebileceğinizi düşündüm. Ayrıntılı bilgi için    proje sayfasına bakabilirsiniz   . Projede değerli katkılarınızı görmek dileğiyle şimdiden teşekkürler, iyi çalışmalar. Mavrikantmsj ",0,0.00029931284370832145,0,tr
Hiç bakmadım. Ama sanmıyorum olduğunu. Biraz araştırmak lazım. İyi çalışmalar Atakan0652  Bitirince haber verirseniz sevinirim. Ben de yazmaya başlamıştım da iller hakkında. İyi çalışmalar Atakan0652 ,0,0.0003734004567377269,0,tr
"40px|alt=|link=Değişiklik yaptığınız bir sayfa (FETÖ/PDY) Vikipedi:Silinmeye aday sayfalar/FETÖ/PDY sayfasında silinmeye aday gösterildi. Bir fikir birliği oluşana dek tartışma sayfası açık kalacaktır. Tartışmaya herkesin katılımını bekliyoruz. Maddede düzenlemeler yapabilirsiniz, ancak sayfanın üst kısmındaki silinmeye adaylık etiketini çıkarmayın. Teşekkürler.Ahmet Turhan (mesaj) 08.22, 6 Kasım 2019 (UTC)",0,0.0002996626135427505,0,tr
"Merhaba Bandeyman, Oluşturmuş olduğunuz Eda Baba adlı sayfa, Vikipedi nin hızlı silme kriterlerinden M6 uyarınca silinmeye aday gösterilmiştir. Sayfanın silinmeye neden aday gösterildiği ile ilgili daha fazla bilgi almak için, ilgili kriterde verilen açıklamaları okumanız önerilir. Bu uyarıyı gördüğünüzde sayfa silinmiş olabilir. Eğer sayfanızı bulamıyorsanız silme kayıtlarını kontrol edebilir ve sayfayı silen hizmetli ile irtibata geçebilirsiniz. Utku Tanrıveremesaj ",0,0.0003320324176456779,0,tr
"Selam efendim, ben muhafazakar bir insanım. Kullandığım dil örnek aldığım, saatlerce sohbetlerini, konuşmalarını dinlediğim Kadir Mısıroğlu ve Recep Tayyip Erdoğan ın üslubu ve dilidir, serttir ancak kişiyi rencide etmez, kurallarımıza aykırı değildir. İsyan etmemin sebebi kullanacağım kelimelere müdahale edilmesidir, bayan değil kadın, karı değil kadın kaldı ki   bu karı   dediğim için 1 ay uzaklaştırma cezası aldım. Bakınız ben kimseyi rahatsız etmedikçe, kurallara aykırı davranmadıkça istediğim Osmanlıca-Arapça-Farsça kelimeyi kullanırım. Kaldı ki maddeleri yalın dilde yazmaktayım, sadece kendimi ifade ettiğim yerlerde bu kelimelere başvuruyorum.      II. Niveles       ",0,0.0021908236667513847,0,tr
"Selamlar.  Looked at lightly, it is the grandest and silliest cinematic carnival to come along in quite some time: a lurching journey through one filmmaker s personal fun house. On a more serious level, its investigation into the power of movies pierces a void from which you can hear the screams of a ravenous demon whose appetites can never be slaked. ;  This sinful pleasure is a fresh triumph for Lynch, and one of the best films of a sorry-ass year. For visionary daring, swooning eroticism and colors that pop like a whore s lip gloss, there s nothing like this baby anywhere.  ve  This voluptuous phantasmagoria [...] is certainly Lynch s strongest movie since Blue Velvet and maybe Eraserhead. The very things that failed him in the bad-boy rockabilly debacle of Lost Highway—the atmosphere of free-floating menace, pointless transmigration of souls, provocatively dropped plot stitches, gimcrack alternate universes—are here brilliantly rehabilitated.  kısımlarını çevirebilir misin? Şu yorumlar beni çok zorluyor )RapsarEfendim? ",0,0.20299988985061646,0,tr
"BU SAYFADAKİ TÜM BİLGİLER HİNDUİZM TARİKATININ HİNDİSTAN IN BANGOLORE KENTİNDE BULUNAN VİVEKANADA TARİKATININ BİLGİLERİDİR. UOGAMERKEZİ.COM SİTESİ BU TARİKAT İÇİN ÇALIŞMAKTADIR. GÖSTERİLEN KAYNAKLARIN HİÇBİRİ GERÇEK KAYNAK DEĞİLDİR, BU TARİKATIN ÇIKARDIĞI KİTAPLARIN İSİMLERİDİR. HERBİRİNİN İÇİNDE HİNDUİZM ANLATILIR. BEN ŞAHSEN O TARİKATIN HİNDİSTAN DAKİ YERİNDE 1 AY KALDIM VE TÜM BU KİTAPLARI VE BU TARİKATIN İÇ YÜZÜNÜ GÖRDÜM. HERGÜN BAKTİ YOGA DİYE TANRI ŞİVA İÇİN İLAHİLER OKUTUYORLAR. OYSA GERÇEK YOGA NIN HİÇ BİR DİNLE İLGİSİ YOKTUR. BU GİRİŞLERİ YAPAN KİŞİYİDE TANIYORUM. O DA BU TARİKATIN TÜRKİYEDEKİ TEMSİLCİSİDİR. 81.214.218.79 ",0,0.4205053448677063,0,tr
"selamlar ola süvari, avcı uçağı maddesinde başlıkları topluca gstermek için bir zamanlar tembelden öğrendiğim TOC şablonunu kullanayım dedim ama çalıştıramadım, bi ara otomatik olarak toc tablosu çıkıyordu bu sefer otomatik te çıkmadı, kullanıcı mesaj sayfamda da mevcuttu ama farkettim ki o da şimdi çalışmıyor, nedendir acep diye düşünürken sen bilirsin bunu dedim, yoksa şablon kullanımdan mı kalktı?Delamorena     mesaj       tercihlere bi göz attım ama konu başlıkları ile ilgili bişey göremedim, nerden seçiyoruz o başlıkları gösteri?Delamorena     mesaj       enteresan ben de o başlık kutusu bile görülmüyor, ben en iyisi vitonun başını ağrıtayım birazcık )Delamorena     mesaj       Merhaba. BatuX adlı kullanıcı geldiğinden beri Türk kelimesinin geçtiği düzenlenmiş maddelere silmeler yaparak katkıda bulunuyor.Tarafsızlık politikasına da pek uygun değil gibi geliyor bana. Vaktin uygun olduğunda katkılarına bir göz atabilirsen iyi olur. teşekkürler kolay gelsin.Düşünenadam ",0,0.02356744185090065,0,tr
"left|50px Az önce yaptığınız değişiklik, Vikipedi nin tarafsız bakış açısı politikasını ihlâl ettiği için geri alındı (ya da silindi). Vikipedi özgür ansiklopedidir, ancak bir blog, serbest kürsü, ya da reklam alanı değildir. Vikipedi de herhangi bir kişi, kuruluş, örgüt, dernek ya da kurumun propagandası yer alamaz.    Lütfen bakınız: TBA   . Bu tutumunuzu sürdürmeniz halinde engellenmeniz söz konusu olabilir. C. Jones ",0,0.0004126537241972983,0,tr
Madde olmamış. Osmanlı adları veya yöredeki az kısım insanlar tarafından kullanılan (bazılar hiç kullanılmıyor) adlar önplandadır. Ne evrensel ne de gerçekçi. Şimdiye kadar niye herhangi etiket eklenmemiş ? Sö-etnik ekledim. Artık halledelim. Takabeg ,0,0.0007055918104015291,0,tr
" VİKİPEDİDEKİ DARBEYE VE İSİM DEĞİŞİKLİĞİNİN Kişisel olup olmadığına yetkili birimler karar vermelidir, ayrıca vikipedi darbe yapılan yer değildir. 5 kuralı İHLAL EDENLERİ ŞİKAYET EDİYORUM ",0,0.22416745126247406,0,tr
" Peki o halde. Bu maddeyi ş ile yazarsak diğerlerini de yazmak gerekecek. Verdiğim örneklere göz gezdirebilirseniz ş li kullanımların yaygın olmadığını göreceksiniz. Derseniz ki Rusça, Hintçe, Japonca gibi Latin alfabesi kullanılmayan dillerde geçen kelimeleri Türkçeleştirirken ş, ç gibi harfler kullanılır; o halde tamamını öyle yapmak gerekecektir. Bu sefer de yaygınlık şeysi ile çelişmiş olacaksınız. Japonca için -Rusça da olduğu gibi- kesin olarak belirlenen bir kural varsa -ki bizim Viki kurallarından değil, TDK kurallarından bahsediyorum- bu ş li kullanımı yaparız. Eğer yoksa, diğer maddeleri de göz önünde bulundurmak gerekir diye düşünüyorum...Rapsar ",0,0.001552851521410048,0,tr
" 50x50px|left   Vikipedi    ye hoşgeldiniz. Herkesi ansiklopedimizin gelişmesine katkıda bulunmaya davet ediyoruz. Katkıda bulunma hakkında daha fazla bilgi almak için hoşgeldiniz sayfasına göz atabilirsiniz. Bununla birlikte, gelişmeye katkıda bulunmayan, boş, hakaret vb. değişiklikler    vandalizm    olarak tanımlanır ve eğer bu tavrınızı sürdürürseniz daha fazla uyarılmadan    engellenebilirsiniz   . Lütfen, diğerlerinin emeklerine zarar vermek yerine ansiklopedimizin gelişmesine yardımcı olun. Teşekkürler. M.M. ",0,0.0004207560559734702,0,tr
Niye şablonlar  keyfi  olarak ekleniyor? Sürekli kullanıcıları bir şeyle itham etmekten lütfen vazgeçin. Özgün araştırma olduğunu bir cümleden yola çıkarak mı söylüyorsunuz? esc2003 (mesaj) ,0,0.001849186373874545,0,tr
"Yukarıda Metal Militia söylemiş fakat maddeyi geliştirmeye çalışırken (belki de farkıda olmadan) onun değişikliklerini ve düzeltmelerini geri alyorsunuz halen. Eğer yanlışlıkla yapıyorsanız lütfen sayfanın geçmişini kontrol edin. Sizin değiştirmek istediğiniz metin üzerinde daha önceden başka kullanıcılar düzenlemeler yaptıysa, kendi değişikliklerinizi onunkileri yok edecek şekilde eklemeyin. (Bunun gibi.)Herhangi bir anlaşmazlık durumunda maddenin tartışma sayfasını kullanabilirsiniz. İyi niyetli olduğunuzu farzediyorum ancak yaptığınız son değişikliği geri alıyorum. İyi çalışmalar. -Tembelejderha ",0,0.0003821394348051399,0,tr
"Selam Levent bey. Ben Baküden olan wikipedisim. Lutfen burda yaratdim makalelerime dikkat edin. Kateqorilerini siz ekleyin. Ben daha çok azeride oluyorum. Sizin kateqorilerden daha cok haberim yok. Korkuyorum ki, bi sheyleri çaşkın salim. Lütfen makalelerimin kateqorilere salinması size emanet. Önceden teşekürler. Kendinize iyi bakın Allah emaneti. ) Moonsun1981 ",0,0.008097341284155846,0,tr
" 50x50px|left   Vikipedi    ye hoş geldiniz. Herkesi ansiklopedimizin gelişmesine katkıda bulunmaya davet ediyoruz. Katkıda bulunma hakkında daha fazla bilgi almak için hoş geldiniz sayfasına göz atabilirsiniz. Bununla birlikte, gelişmeye katkıda bulunmayan, sayfa boşaltma, hakaret vb. değişiklikler    vandalizm    olarak tanımlanır ve eğer bu tavrınızı sürdürürseniz daha fazla uyarılmadan    engellenebilirsiniz   . Lütfen, diğerlerinin emeklerine zarar vermek yerine ansiklopedimizin gelişmesine yardımcı olun. Teşekkürler. Dr. Coalmesaj ",0,0.0003597726463340223,0,tr
 Habeşistan  başlığı altındaki cümleleri tekrar gözden geçireceğim. Daha sonra tüm maddeyi gözden geçireceğim. Mustafa Bakacak ileti ,0,0.001387782976962626,0,tr
"Merhaba. İlk mesajımda madde adlandırma politikalarımızın bağlantılarını vermiştim, umarım okuma fırsatınız olmuştur. Kısacası, madde adı, maddenin konusu olan şeyin en yaygın kullanılan, bilinen adı olur. Tartışmalı durumlarda resmi adlara veya söz konusu kişi/topluluğun kendini nasıl tanımladığına bakıyoruz. Bu durumda Türkçe maddesinin adı  Türkçe  kalmalıdır çünkü bu dil en yaygın olarak bu şekilde adlandırılıyor ve biliniyor. Bunun aksine bir oylama yapılması gereksizdir çünkü politikalarımızla uyumsuz değişiklikler çoğunluk oyuyla dahi mümkün değildir (Vikipedi bir demokrasi değildir). Dil konusunda bilgili olduğunuzu görebiliyorum ama kullandığınız bazı ifadeler ( ben tam tarafsızlık ilkesi doğrultusunda bu konuya girmiyorum  ve  Bizim ansiklopedi yazarken biraz ileri gidip dilbilimsel irdeleme yapmamız gerek  gibi) Vikipedi yi kişisel görüş açınızı kanıtlama yeri olarak gördüğünüzü bana düşündürüyor. Vikipedi, sadece mevcut bilgilerin ve görüşlerin tarafsız şekilde sunulduğu bir belgeleme yeridir. Eğer henüz bakmadıysanız Vikipedi:Özgün araştırmalara yer vermemek ve Vikipedi:Tarafsız bakış açısı/SSS sayfalarını okumanızı tavsiye ederim. Hoşça kalın. İnfoCan ▀ ",0,0.00035246380139142275,0,tr
", bir çok yerde karşılaştığım bu fotoğraf sizin kendi çalışmanız mıdır? Sosyal medyadan tutun bazı haber siteleri gibi bir çok mecrada bu fotoğrafa rastladım. chanseyMesajYaz ",0,0.001733623561449349,0,tr
"Merhabalar Tembel, sanki burada ve şurada tuhaf şeyler oluyor gibi, bir kullanıcı sayfasına(dan) yönlendirmeler gibi. Bana biraz tuhaf geldi. İçerikten hiç bahsetmiyorum bile (kesin telif gibi duruyor). Sevgiler. Metal Militia  Selamlar Metal Militia, dediğin gibi telif kokuyor ancak zaten VP:HS madde 8 e girdiği için telifli olmasa da bu tip içerik silinebiliyor, ki sildim. Kullanıcıya da bir mesaj yolladım, katkıda bulunmayı sürdürmeden önce Vikipedi hakkında bir miktar daha bilgi sahibi olmaya çalışmasını umuyorum. Kolay gelsin! -Tembelejderha ",0,0.0021626739762723446,0,tr
"Selam Superyetkin, Uğurkenttt adlı kullanıcı büyük ihtimalle kukla gibi gözüküyor. Çünkü o zamanlarda benim kullanıcı sayfalarıma müdahale edip engellenen kişi açmış gibi gözüküyor. Daha önceden benim kullanıcı adıma benzer hesap açanlar kukla olmaktan dolayı engel almıştı. İyi vikiler. Uğurkentmesaj ",0,0.20917001366615295,0,tr
"Senin cahil bir zaat olduğun yazdıklarından belli.Kardeşim Azerilerin Türk olmadığını bu zamana kadar kim söylemiş? Azeriler Türktür ve 2000 yıl önce şimdiki Azerbaycana yerleşmişlerdir.Peki azeriler neden TÜrkçe konuşur bunu düşündünmü? Genetik araştırmalar sonucunda azerilerin Türk olduğu zaten ıspatlanmıştır.Azerilerin zaten kendileride Türk olduklarını söylerler.Sadece rus komünizminden etkilenmiş Azeriler biz Türk değiliz der.Türkiyede yaşayan azeriler örneğin Erzurumlu Dadaşlar azınlık olarak algılanmaz.Lafımızı bilelim ve öyle konuşalım.Kür Sad Azerbaycanlılar Sovyet döneminde bile milli bilinçlerine ve tarihleri hakimdiler.Bu konuda çeşitli eserler verdiler.Özellike güney azerbaycanlılarda da milli bilince rastlanır. Dinin tamamı islam değil,belirteyim dedim.Nihan ",1,0.7833586931228638,1,tr
" Evde kanama geçiren bir hasta kısa vadede çözüm elde etmek için buz yiyecektir, kanamayı durduran iğneler hastanede yapılmaktadır. Eğer hastanın kendi kendine uygulayacağı yeni bir yöntem var ise maddeye ekleyiniz. Balgam kültürü alınmasının da tavsiye edilecek ya da edilmeyecek bir şey olduğunu düşünemeyiz, söz gelimi balgam da infeksiyon geçirildiği süre içerisinde bir takım bakteriler üremiştir ve doktorun hastaya bu bakteriler için ilaç yazması gerekir, kültür antibiyogram yapılıp bakterilerin tespit edilmesi gerekir,  yok gerekmez  derseniz uzman doktor olduğunuzu söylediğiniz için soruyorum, nasıl bir yöntemle bakteriler tespit edilmektedir?    Arinna l    Messaggio ",0,0.00036241725319996476,0,tr
"Merhabalar, hangi konuda reklam yaptığımın veya yapmaya çalıştığımın farkında değilim.Hangi konudan bahsettiğinizi belirtirseniz sevinirim(Kullanıcı:Ramazanoff (mesaj) ).",0,0.0005974014056846499,0,tr
" 100px    Haftanın İş Birliği Projesinde 3. oldunuz!!!   Merhaba Nebeviye, İş birliği projesine katılımınız için çok teşekkürler! Madde isteklerinin karşılanması konulu projede    3.    oldunuz. Katılımızın devamını umuyorum. İyi çalışmalar 82 ~145 ileti ",0,0.0003663336392492056,0,tr
"  en az 150 değişiklik  kıstasını karşılamıyormuşsunuz. Bir an önce birçok değişiklik yapmanız ve uzmanlaşmanız dileğiyle. Benim mesaj sayfama yazmazsanız mesajlarınızı fark edemem. Yada kullanıcı adıma link verip bana uyarı gelmesini saglayabilirsiniz. Her konuda bana danışabilirsiniz, yardım etmekten zevk duyarım. İyi Vikiler. Mavrikantmsj ",0,0.0014507606392726302,0,tr
"Yabancı merhaba, şu Yahudi düşmanı vandal yine gelmiş. Vandalizm yaptığı sayfalar belli, onları yarı-koruma altına alabilir misin? İyi çalışmalar.    Berm@nya    ",1,0.8108745813369751,1,tr
" Kazaklar Türk değil aptal olmayın.  SÖZÜ YANLIŞTIR. BU KONUDA SİZE KATILMIYORUM. VE VİKİPEDİDE KAZAKLAR MADDESİNDE ŞÖYLE GEÇİYOR: Kazaklar, (Kazakça: Қазақтар, UFA: [qɑzɑqtɑr]), Kazakistan da yaşayan Türk ırkına mensup Türk halkı. Profcocuk (mesaj) ",1,0.8811963796615601,1,tr
"January i July diye okumuşum ya, bırakayım en iyisi Vikipedi yi. Çok sağol Vikiçizer, kim olsa  Git başımdan  derdi ) Tekrar tekrar teşekkür ederim..    berm      anya    ",0,0.010301181115210056,0,tr
"Çalışan gazeteciler günü dolayısı ile gönderdiğin tebrik mesajına 10 gün sonra teşekkür etmek ne derece nezaketli (daha doğrusu nezekatesiz!) olur bilemiyorum.. İçten teşekkürlerimin kabulü ricası ile sevgiler, saygılar sunuyorum..Hasan Sami ",0,0.5411841869354248,1,tr
"Açılımı gay-biseksüel-lezbiyen manasını taşımaktadır. gabile sitesi 18 yaşından büyük yetişkin kullanıcılarına eşcinsel arkadaşlık ortamı sağlamaktadır. Eşcinsellik bireyin kendisiyle aynı cinsiyetten bir başka bireye karşı duygusal yada seksüel çekim hissetmesidir. Kişiler eşcinsel olmayı seçmemektedir. Hiç kimse cinsel eğilimini seçemez. Eşcinsel olmayan örneğin heteroseksüel bireyler karşı cinse ilgi duymayı bizzat isteyerek yapmıyorlarsa eşcinsel bireylerde kendi cinslerine ilgi duymayı isteyerek yapmamaktadırlar. Tarihde eşcinsellere karşı pek çok acımasız yaptırımlar uygulanmış halen pek çok coğrafyada baskı ve yaptırımlar devam etmedir. Cinsel yönelim henüz tam olarak bilinemeyen sebeplerin tesiri altında çok küçük yaşlarda gelişmektedir. Daha sonrasında ender durumlar harici bu şekilde devam etmektedir. Eşcinsel bireyleri, oldukları gibi kabul etmek en modern tutum olacaktır. Gökkuşağı renginde olan bayrak, pek çok farklı hareket tarafından kullanılmış olsa da, esasen 1978 den beri birçok ayrı kültür vede ülkede  Özgürlük Bayrağı  ismi altında, eşcinsel bayrağı olarak bilinmektedir. Kırmızı renk  yaşam , turuncu renk  iyileşme , sarı renk  güneş ışığı , yeşil renk  doğa,  mavi renk  harmoni , mor renk ise  ruh  anlamını taşımaktadır.",1,0.09392336010932922,0,tr
"Tekrar selamlar. Anıtın  resmî  adının Onur Anıtı olduğunun özellikle belirtilmemesi konusunu dile getirmenize rağmen  resmen  Atatürk Heykeli olduğuna dair bir ibare olmadığını da hatırlatmak isterim. Ayrıca bir nüans farkına da dikkatinizi çekeyim. Özellikle  ...resmî adı Onur Anıtı olan heykel...  gibi bilgilendirme cümlesi olmasa da başlıkta Onur Anıtı ifadesi kullanılıyor ve cümle içerisinde de özel isimlerde olması gerektiği gibi Onur un o su ve Anıt ın a sı büyük yazılmış metinde. Fakat  Her 2 kaynakta da Atatürk Hykeli ibaresi yer alıyor.  demenize rağmen yine nüans farkını gözden kaçırmışsınız. Orada anıtın ismi değil ithafı belirtiliyor. Zira  Atatürk heykeli  yazıyor, h harfi küçük. İlla bir isim ikilemine girilecekse Gazi Heykeli/Onur Anıtı ikilemine girilir ki orada da özel isim gibi Gazi Heykeli ni g ve h harfleri büyük olarak yazmışlar. Hem valiliğe hem de belediyeye bu konuda bir e-posta attım. Cevap gelene dek bekleyelim. Ayrıca dün yukarıda yazdıklarıma herhangi bir itiraz etmeyip mesaj yolu ile yazmanız gerekenleri maddede değişiklik yaparak özette belirtmeniz de hoş değil. İyi geceler. cobija₰ ",0,0.0005350583815015852,0,tr
"Math34 gelecek haftanın maddesi için İtalya Milli Futbol Takımı nın olmasını talep ediyorum senden. Sevgiler ,saygılar. Serkansporfc ",0,0.001740631414577365,0,tr
":Resim:Jaffa2006.jpg kaynak ve lisans sorunu           :Resim:Jaffa2006.jpg    resmini yüklediğiniz için teşekkürler. Dosyanın tanım sayfasında içeriğin kimin tarafından yapıldığı ve telif statüsü hakkında yeterli bilgi bulunmamaktadır. Eğer dosyayı kendiniz yapmadıysanız, içeriğin sahibini belirtmelisiniz. Bir internet sitesinden elde ettiyseniz nereden aldığınızı net şekilde gösteren bir bağlantı veriniz. Eğer resmin lisansını biliyorsanız resim dosyasına    telif etiketini ekleyiniz   . Yüklediğiniz diğer resimleri kontrol etmek için bu bağlantıyı tıklayınız.    Hızlı silme kriterleri gereğince kaynak ve lisans bilgisi eksik olan resimler işaretlendikten bir hafta sonra silinirler   . Sorularınız için Vikipedi:Medya telif soruları sayfasını kullanabilirsiniz. Teşekkürler. C. Jones ",0,0.00023253601102624089,0,tr
"Merhaba. Ne yazık ki hizmetli adaylığınız sürecinde size yapılan uyarılara aldırmayarak, kişiler üzerine yorum yapmaya devam ediyorsunuz. Lütfen konuları tartışınız, kişileri değil. Her yorumun altında başka niyetler aramak doğru değil, VP:İNOV bu nedenle var. Dolayısıyla    Beni anlamaya çalışmayanlar bayram etsinler.    ya da    Vikipedide hiç değişikliklerim TBA kurallarını aşmıyor katkılarımı araştır desemde bunu anlayan bir baba yiğit göremedik.    benzeri ifadelerinizi tekrarlamamanızı rica ediyorum. Lütfen Vikipedi kurallarının yalnızca madde alanında değil, tartışma ve mesaj sayfaları gibi yerlerde de geçerli olduğunu unutmayınız ve uygun bir üslupla iletişiminizi sürdürmeye özen gösteriniz. İyi çalışmalar. yabancım ",0,0.0008011181489564478,0,tr
"Selamlar. Şurada,  hizmetlilik yetkilerinin geri alınmasına dair  bir politika teklifi var topluluğumuza sunulan. Rica etsem teklifi ve yapılan tartışmaları okuyup, görüşlerini paylaşabilir misin vakit bulduğunda? Teşekkürler )RapsarEfendim? 21.21, 6 Eylül 2018 (UTC)",0,0.00047809918760322034,0,tr
" 45x45px|left Vikipedi de vandalizm yapmanız nedeniyle geçici bir süre için engellendiniz. Eğer yararlı katkılarda bulunmak isterseniz, engellenme sürenizin sonunda tekrar geri gelebilirsiniz. Eldarion ",0,0.000529020675458014,0,tr
"Altıgen prizmada bir takım değişiklikler yapmışsınız bu tam olarak anlaşılmıyor. Ayrıca bence en sonda  hacmi  yazısını  altıgen prizmanın hacmi  şeklinde değiştirmeniz bir BEK hatasıdır. Çünkü kılavuzda (BEK)  Alt başlıklarda başlık tekrar edilmemelidir  deniyor. İşte burada: []    •Minecraft delisi•      creeper ın gazabı   Merhaba, ben söz konusu değişikliği; internet üzerinde yaptığım araştırmalardan biraz farklı olduğundan dolayı değiştirdim. Bu konuda pek çok kaynak verebilirim. Genellikle matematik ve futbol maddelerine fazla dokunmamaya özen gösteririm. Sıradan kontrol esnasında önüme gelen bir değişiklikti. Yani aşırı derecede iyi bir bilgim yok. Eğer, söz konusu formül doğru; illaki o olsun diyorsanız. Benim için çok önemli değil. Değiştirebilirsiniz. Bilgilendirme için teşekkürler. Umarım sorunuza yanıt verebilmişimdir. i.e.msj ",0,0.0005881604738533497,0,tr
" internette birçok sitede, maddeden çıkarttığım paragraf aynen var. muhtemelen onlar da siz de penis maddesinden alıntılamışsınız. bunu da belirtmenizde fayda var, değilse diğer maddelerdeki emeklere de siz  hoyrat  davranmış olursunuz. vikipedi maddelerinden yararlandığınızı söyleseydiniz daha kolay olurdu. telif ihlali konusunda dikkatli olunz lütfen.    ki      bl   ",1,0.5416558980941772,1,tr
"ananız fena bellenmiş lan ) her yerde mobbing var nasını satayım. bugün apartman görevlisine artık bankanın almadığı aylık aparmatman ücretini yatırmaya gittim nasıl kıskanıyor bir görseniz, mobbingin bini bir para mk konuşmalarında. o kadar güzel karıyı oraya götürüp iş görürsem tabi mobbing olur yani bu kaçınılmaz.88.226.75.139 ",1,0.959307074546814,1,tr
" Merhaba İnfocan. Katip bot Oscar Niemeyer maddesini seçkin madde yaparken { { Seçkin Madde } } adlı şablonu koymuş ama bu şablon { { Seçkin madde } } olmadığı için seçkin madde olduğunu gösteren yıldızı göstermedi. Yani ikinci kelimeni ilk harfini küçük olması gerekiyormuş.(M harfi m olmalıymış) Bilgilendirmek istedim. Sevgiler.. Mimar77  Selam Mimar. Katip-bot uyarısı için teşekkürler, gereken düzeltmeyi yaptım. Bu arada daha evvel yazmaya zamanım olmadı ama bu vesileyle yazayım, Oscar Niemeyer için eline sağlık, teşekkürler. İnfoCan ▀  Merhaba İnfocan. Bilgilendirdiğin ve de bugüne kadar bana her konuda yardımcı olduğun için tekrar teşekkür ederim. Kolay gelsin. Mimar77 ",0,0.0003019157738890499,0,tr
"Merhaba sevgili Anerka, Türk pop müziği sayfası için (kronolojiyi başka bir sayfaya taşıdıktan sonra) seçkin madde başvurusu yapmak niyetindeyim. Vito Genovese sizin konu hakkında bana daha fazla yardımcı olabileceğinizi yazdı. Sizce uygun mudur, yeterli değilse ne gibi değişiklikler yapılmalı? Yanıtınızı bekliyorum. İyi çalışmalar.Deniz yildiz (mesaj) ",0,0.00044541919487528503,0,tr
"Hayır beni yanlış anlamayın bana karşı birşey yaptınız anlamında söylemiyorum. Geri getirilmesine de gerek yok fakat yinede bitmemiş kritik bir olayın, ki en az 10 oy gerekli, kaldırılması yanlış olur anlamında söylemiştim. Herneyse konu uzadı ) Kolay gelsin. Kumul ",0,0.0019310887437313795,0,tr
Aslında o tür maddeler için şablonu var. Kısa ve salt tanımdan ibaret maddeleri gördüğünüzde ekleyebilirsiniz. İyi çalışmalar. Metal Militia ,0,0.0005563958548009396,0,tr
Bir sistemin işleyişini öğrenemeyen ve bu nedenle buna -öğrenmeye- isteksiz olan dünyanın en gereksiz kişileridir bunlar. Durup dururken insanın karşısına çıkıp bütün zevkini bozar.88.231.37.192 ,1,0.1256275177001953,0,tr
"Postmodern Kemalisttir. Kemal Kılıçdaroğlu CHP si ile aynı sloganları atar. ) Ayrıca HAS parti ve Numan döneğiylede bir alaka kuruyorum nedense ) Postmodern AKP ye karşı koyamamış, sonrada postmodernizm bitince bütünüyle işleri bitmiştir. )88.232.138.93 ",0,0.0011818620841950178,0,tr
"Merhabalar, İstanbul daki ilköğretim okulları listesi için ellerinize sağlık önce. Acaba liseler için de bir madde oluşturmayı düşünür müydünüz? Şimdiden teşekkürler. —   Stambouliote       ileti    ",0,0.0004527465789578855,0,tr
"Yeni yılınız kutlu olsun. Vikipedi için verimli bir yıl olması dileğiyle. Bu arada Ankara haritasını bitirdim. Yakında yayınlayacağım. Başka ricanız varsa çekinmeyin. İyi seneler.    12:35, , (UTC)   ",0,0.0005633823457174003,0,tr
"Merhaba. Biraz üstünkörü oldu ama işinizi görür sanırım, detaylı düzenleme gerekiyorsa sizdedir. İyi çalışmalar. Dr. Coalmesaj ",0,0.0007303404854610562,0,tr
Şablon:Orta Dünya Karakteri şablonuna tartışma ekledim ilgini bekliyorum.Aldaron  senin yaran mi var Kurtceye karsi? neden silinmesi icin sablon koyuyorsun sen hastamisin? Utanmazlik yapma. Ben turkce silinsin diye hic sablon koydum mu? Bu madde ancak gelistirilebilir silinemez. kani bozuklardan hersey beklerim. Istedigin maddenin silinmesi icin sablon koyarsin demek. Ben turk maddelerini mi sildirsem acaba? Hosuna gider mi? Adam ol adam. Gelistirilmelidir ama silinmedir maddesi nerden cikti fasist herif. bula bula Kurdceyi ansiklopedik bulmadin? adama bak!!!! Senin turkce maddenden on kat daha ansiklopediktir ve daha kapsamlidir. turkceden en az 3-4 daha zengindir.,0,0.3677043914794922,0,tr
Bu bot olayını yeni keşfettim. Bilseydim daha önce uğraşmazdım. Her şeyin kolayı var. Teşekkürler.Türk Süvarisi ileti ,0,0.000616955105215311,0,tr
"Öncelikle güzel bir uygulama olmuş, elinize sağlık. Diğer adayları gözden geçirirken şunu farkettim.   Samsun Büyükşehir Belediyesi nin kardeş şehirleri Darüsselam, Tanzanya; Kalmar, İsveç; Arkansas, ABD; Novosibirsk, Rusya ve İskele, KKTC dir.   denilmiş. Fakat bunlar şehrin kardeş şehirleri, belediyenin değil. Yanlışım varsa düzeltin ) İyi günler...Rapsar ",0,0.001547279767692089,0,tr
"Solidworks Explorer · Solidworks ve Autocad dosyalarını görüntüleme · Solidworks part dosyalarının hangi montajlarda kullanıldığını bulma · Solidworks dosyalarını indeksleme · Montaj dosyalarını etkilemeyecek şekilde part dosyalarının ismini değiştirme ya da konumunu değiştirme PDMWorks Çalışma Grubu Yönetimi · Dosyalara güvenli erişim · Tasarımlarda tekrar kullanımları kolaylaştırma · Otomatik revizyon takibi · Tasarım ekibi için ortak çalışma alanı · Proje paylaşımı PDMWorks Enterprise § İş Dağılımı § Hataları önleme § Her an en güncel dataya ulaşabilme § Performans arttırma § Otomatik onay süreci § İş akış süreci tarifi § İletişim arttırma § MRP/ERP Uyumluluğu § Malzeme listesi senkronizasyonu § MRP/ERP entegrasyonu Kullanıcıların sürekli güncel data ile çalışmasını sağlarken ağda çalışmanın getirdiği performans kayıplarını engeller . Otomatik onay süreci sayesin de kontrolden geçmemiş teknik resimler in imalata gitmesinin önüne geçer, SolidWorks PDM Konu Açıklaması",0,0.0002303520595887676,0,tr
"Hiçbir şekilde saldırmıyorum. Hala fanatiklikle suçlanıyorum.    ANF    de Abdullah Gül resmi çıkamaz. Verdiğin linkte yeralan haber    Fırat News Agency    tarafından düzenlenmiş ve bu ajansın Türkiye erişimi mahkeme kararınca yasaklanmış. Hürriyetin açıklamasına güvenin demiyorum zaten , hiç demedim. Genelde madde yazarken gazeteleri çok az referans alırım. Hürriyetten daha iyi bir referansın varsa ekleyebilirsin. Gündem in geçmişte kaç muhabirinin öldürüldüğü senin umrunda olabilir, Gündem in umrunda olabilir    benim    değil. Ben muhabirin ismine bakarım. Tartışma farklı boyutlara kaysada eklemeden edemeyeceğim: Gazetelerin, ajansların muhabirleri ölürler yerlerine muhabir alırlar, gerilla değil. Alsaymış muhabir. Yada haberi yapan muhabir normal dünya insanları gibi isim soyisim yazsaymış KOD ADI değil..Sen tarafsızlığı korumuyorsun. Eğer öyle olmuş olsaydı buraya güvenilir kısaca PKK ile BAĞLANTISI olmayan başka bir haber ajansından aynı haberi getirirdin. Bu kadar tartışma ve gerilim yaşanmazdı. Karşı tarafın açıklaması getirme demedi kimse sana; zaten madde içerisinde var. Ama kaynaksız. Boyalikus ",1,0.004477497655898333,0,tr
iki yıl önceki tartışmalar keyfi olarak yorumlanıyor ve ısrarla  taksim  ekleniyor. essen o günden bugüne yeni bir bakışla bakıldığında yaygın adın daha çok  gezi olayları  olduğu da söylenebilir.  taksim  zorlama ve yaygınlıkla ilgisi olmayan bir ek.    kibele    ,0,0.0006664700922556221,0,tr
" 150pik|thumb|Bu size! (İnşallah şeker hastası değilsinizdir )      Ramazan Bayramınız Kutlu Olsun!        Sevgili vikipedist arkadaşım,     Ramazan Bayramını kutlarım. ~~ İyi vikilemeler, sevgiler, saygılar ~~ Uğurkentmesaj ",0,0.00234153657220304,0,tr
Vikihaber de şu anda bir hizmetlilik oylaması yapılmaktadır ve değişen oy politikasına göre oy hakkınız bulunmaktadır. Katılımın artması ve farklı görüşlerin de temsilini artırmak amacıyla kişilere oylamaya davet mesajları göndermekteyim. Oy kullanmanız ve/veya görüşlerinizi belirtmenizi rica ederim. İyi akşamlar.Reality ,0,0.00035960908280685544,0,tr
"ataları et yemediğinden homo cinsine kadar sindirim sistemi daha gelişkindi ve körbağırsak işlevseldi. ağız büyük, dişler iriydi. etle beslenme ve ateşin keşfinden sonra sindirim için gereken enerji azaldığından yalınlaştı.88.232.131.192 ",0,0.4354121685028076,0,tr
"Benim yazdıklarımı tekrardan bir okuyun isterseniz. Ben IP sizin kuklanızdır ya da arkadaşınız, tanıdığınız ya da artık ne ise sizinle bir bağı var dedim mi? Demedim. Kim olsa merak eder neden direk size geldiğini. Bildiğiniz gibi ben burada 1 yıldan biraz fazla süredir kayıtlıyım, siz ise benden çok çok önce kayıtlısınız ki 3-4 yıldır hizmetlilik görevini sürdürüyorsunuz. Böyle basit oyunlar (kuklacılığı kastediyorum) yapmadığınızı zaten düşünmüyorum, kimse düşünmüyor, onu da ima etmedim zaten. Neyse, bu konu kapansın, daha da ilerlemesin ) Kullanıcıya gelirsek, görüşü bellidir, dünyaya, olaylara bakış açısı bellidir, milletlere bakış açısı bellidir. Çıkıp kimse de aksini söyleyemez, değil mi? Ben de kullanıcının bu belli olan düşüncelerini tekrardan yazında KSY ihlali mi yapmış oldum? Hayır. Kişiye herhangi bir saldırım oldu mu? Hayır. Maddenin kendisi hakkındaki düşüncelerimi de tartışma sayfasında belirttim. Madde, yazan kişinin düşüncelerine göre tahminlerine göre yazılmışsa, elbette ki yazan kişi de işin içine karışır, değil mi? İsterseniz daha fazla uzamasın konu, isterseniz devam edelim; ancak sonu gelmez bunun...Rapsar ",0,0.27448228001594543,0,tr
"Merhabalar,   Adil kullanım  ın ismi aslında   kerhen kullanım   olmalıymış. Şaka bir yana, adil kullanım cidden   kerhen   kullanımdır ve ancak ve ancak bir konuyu tamamen betimleyebilme özelliği taşırken aynı konuyu betimleyebilecek herhangi bir özgür lisanslı resmin bulunamadığı durumlarda kullanılır. Örneğin bir kitabı betimleyebilecek, özgür lisanslı bir resmin olması pek mümkün değildir zira betimleyebilecek en önemli şey kapağıdır fakat kitap kapaklarıda hemen hemen her zaman telif hakkı saklı eserlerdir. Bununla birlikte bir kitabın konusu anlatırken o konuyla ilgili ve konuyu betimleyecek birçok resim olabilir (örneğin bazı ilgili kişilerin resimleri, bir kavramsa kavramı tasvir etmekte kullanılabilecek şemalar vs.) ve kuşkusuz   çoğunlukla   betimleyebilecek tek resim telif hakkı saklı bir kitap kapağı görüntüsü değildir. Bu sebeple de silinebilir. Ayrıca bir kitap kapağı olsun başka bir resim olsun, adil kullanım altında resim eklerken niçin adil kullanıma girdiğini anlatmanız uygun mu uygunsuz mu anlamamızı kolaylaştıracaktır. Bir resmin adil kullanıma niçin girdiğine dair açıklamalara bir örnek olarak şuradaki açıklamaya göz atabilirsiniz. Genel olarak adil kullanım hakkında bir fikir edinmek için bence adil kullanım politikamızı okumanız faydalı olacaktır. Teşekkürler, iyi çalışmalar... - Noumenon   mesaj   ",0,0.00036810029996559024,0,tr
Bir tane daha çıktı. William Christie (astronom) yerine William Christie (atronom) yazılmış. Bu gidişle hiç madde açmaya gerek kalmayacak. ),0,0.0007368276128545403,0,tr
Evet ingilizce WP de dediğn gibi ama eski sistemi de anlatıp nerde yanlış olduğunu belirtiyor. Mantıklı kelimesini kullanıyor ama mantığı açıklıyor. Bunu yanı sıra yeni sistemin nerlerde kullanıldıgına değiniyor. Ama bizdeki makaleye bakarsak yazdığın kısmı kadarı ile bakarsak sanki artık o sisteme geçilmiş anlamı geliyor. Mantıklısı budur derken de biraz fikir empoze etme havası var. ilk önce taraflı etiketi koydum ama sonra buna çevirdim. ,0,0.00041701493319123983,0,tr
"Müdafaa-ı Hukuk ve Redd-i İlhak Cemiyeti.gif kullanılmayan dosya           Müdafaa-ı Hukuk ve Redd-i İlhak Cemiyeti.gif    adlı dosyayı yüklediğiniz için teşekkürler. Dosya tanım sayfasında belirtildiği üzere, dosya adil kullanım dosyasıdır ve Vikipedi de adil kullanım politikası kriterlerini sağlamak zorundadır. Şu anda bu dosya hiçbir maddede kullanılmamaktadır. Eğer dosya maddeden çıkarıldıysa, neden çıkarıldığını kontrol ediniz. Eğer kullanılabilir olduğunu düşünüyorsanız yeniden ekleyebilirsiniz. Ancak resmin adil kullanım politikasına kesin olarak uyduğundan emin olunuz. Yüklediğiniz diğer dosyaları kontrol etmek için bu bağlantıyı tıklayınız.    Hızlı silme kriterleri gereğince hiçbir maddede kullanılmayan adil kullanım resimleri işaretlendikten bir hafta sonra silinirler   . Sorularınız için Vikipedi:Medya telif soruları sayfasını kullanabilirsiniz. Teşekkürler.    Güzelonlu    (mesaj) ",0,0.00021345521963667125,0,tr
"Merhaba sayın Levent; Sevgi ve saygı bizden. Yoğunluğunuzun farkındayım. Sağolsunlar arkadaşlar,CnkALTDS ve Koc61. Özellikle de sayın CnkALTDS, katıksız içtenliğimi çok çabuk farketti ve gerekli yardımı esirgemedi. Maddeyi kazandırdı. Kapçak ",0,0.0076847742311656475,0,tr
Bence de tek cümleden ziyade çok cümlelik BM kutusu daha iyidir. Çok cümle olunca daha çok ilgi çekme olasılığının yanısıra tek cümlelik olduğunda bölüm arada kaynıyor sanki. Ben 4 veya 5 cümlelik BM kutucuğunu daha faydalı olduğu kanaatindeyim.    Merube 89        msj      ,0,0.0007735172403044999,0,tr
" 100px    İş Birliği Projesinde 2. oldunuz!!!   Merhaba Teacher0691, İş birliği projesine katılımınız için çok teşekkürler!   Herhangi bir kategoride olmayan maddelere kategori eklenmesi ve bakım    konulu projede    2.    oldunuz. ¨ Katılımınızın devamını bekleriz. İyi çalışmalar Ozankra (mesaj) ",0,0.0003735813370440155,0,tr
 ben metayı karl marx gibi değerlendirmiyorum. (abdullah öcalan) tabki elin maymun yahudisi gibi değerlendirmeyeceksin.senin baba tarafın safkan ari ırkından pers çünkü:)88.226.225.240 ,1,0.9427055716514587,1,tr
"İnsan beyninin %10 nunu kullanırlar . İnsan beyni insanın diğer organlarını yönetir mesela bu organlar penis , face move and foot move ...",1,0.9256452322006226,1,tr
" Sezon Gösterim Günü Ve Saati Sezon Başlangıcı Sezon Finali Çekilen Bölüm Sayısı Bölüm Aralığı Tv Sezonu 1.Sezon Pazar 20:45,21:00 17 Eylül 2006 10 Haziran 2007 39 1 - 39 2006-2007 2.Sezon Pazar 21:00 2 Eylül 2007 15 Haziran 2008 41 40 - 81 2007-2008 3.Sezon Pazar 20:50,22:45 14 Eylül 2008 30 Kasım 2008 11 82 - 93 ( Final ) 2008",0,0.00036016316153109074,0,tr
 Kullanıcı sayfanıza hiç dikkat çekmemiştim ama yine de doğru tahmin edebildiğime sevindim . Mezhepler konusuna gelince evet sizin dediğiniz daha iyi olacaktır. Bir öneri olarak meta-kutu şeklinde yapılabilir mi?        ,0,0.00997972022742033,0,tr
"Merhaba Fenerli1978 kardeşim acaba şu sayfayı onaylayabilirmisiniz. Uğurcan Keleş , teşekkür ederim. Tiyatro-Oyunculuk Sanatı        Sayın Tiyatro-Oyunculuk Sanatı, açtığınız madde Uğurcan Keleş i silinmesi için işaretledim. Çünkü madde şu an için kayda değer değildir. Bu konu ile ilgili lüften şu sayfayı incelemenizi rica ederim. Saygı ve selamlarımla, iyi vikiler, Fenerli1978Buyrun beniiiim?  Tamam Fenerli1978 kardeşim., kardeşim beyaz listeye sizmi ekliyormusunuz. zahmet olmaza beyaz listeye ekleyebilirmsiniz...İyi çalışmalar.Tiyatro-Oyunculuk Sanatı        Sayın Tiyatro-Oyunculuk Sanatı, ben hizmetli değilim. Beyaz liste alımı için doğru adres hizmetlilerdir. Fakat daha yeni olduğunuzdan böyle bir istek şu an için olumlu onay alamayacağını düşünmekteyim. Olumlu değişikliklerinizin artması sonucunda beyaz listeye girmeniz daha kolay olacaktır. Saygı ve selamlarımla, iyi vikiler, Fenerli1978Buyrun beniiiim?  anladım kardeşim Peki teşekkür ederim sizde iyi vikiler iyi çalışmalar.Tiyatro-Oyunculuk Sanatı        Fenerli1973 kardeşim merhaba kusura bakmayın ikide bir sizi rahatsız ediyoruz.ama Acaba Oyunculuk Tarihi sayfasını onaylayabilirmisiniz.kardeşım Teşekkür ederim. İyi vikiler.Tiyatro-Oyunculuk Sanatı       ",0,0.00043769244803115726,0,tr
"Son değişiklikleri sürekli olarak kolluyorsun, ateş çıkarmak için fırsat kolluyorsun, şikayetimden birkaç dakika sonra ben değilim diye mesaj gönderdin. Alperen ",0,0.1891748607158661,0,tr
"Son değişikliğim    dikkatle    incelendiğinde  diğer tartışmalar  adlı gereksiz başlığı sırf tartışmaya duyduğum saygıdan ötürü orada bıraktığım görülecektir. İngilizce Vikipedi deki iyi–kötü her şeyi taklit etmeye çalışmak da bizi bir yere götürmeyecek olan bir çabadır. Vikipedi de tartışma sayfalarında nelerin bulunması gerektiği açıktır. Kalabalık yaratan başlık, yorum, vb. ögeler    kaldırılır   . Superyetkin       ",0,0.0004180695104878396,0,tr
Selam GKÇ. ÖSS ilgili bilgi ekledik ya. İlla kaldırsın diyenler vardı. ÖSS ye girecek olanları düşünelim diyenler vardı. Hatırlıyor musunuz ? Ayrı alt başlığı altında yazılması gerekirken şimdi ilk paragrafta yer alıyor. Bence tehlikelidir. İlgilenirseniz sevineceğim. Takabeg ,0,0.0006708292057737708,0,tr
Nihan o çocuğun sayfasında yaşasın filistin yaşasın özgürlük diye bir şablon buldum. Saldırıya girmez demi o?Reality ,0,0.11608581244945526,0,tr
"ktuNot.com, 2012 başlangıcından beri faaliyette olan, öncelikle Karadeniz Teknik Üniversitesi (KTÜ) olmak üzere, diğer üniversitelerin bölümleri için de ders notları ve sınav soruları barındıran eğitim sitesidir.",0,0.00040169450221583247,0,tr
"Merhabalar, başlıkta bahsettiğim konu hakkında ne yapabileceğimi bilmediğim için size doğrudan mesaj atmak gereği gördüm. Bu sayfada görebileceğiniz üzeri değişiklik özeti içerisinde ağırlar laflar içermektedir. Bu sayfada bir IP üzerinden yapılan değişiklik, tarafımdan geri alınmıştır fakat hala geçmiş kısmında tarihte yaşamış olan insanlara hakaret mevcuttur. İkinci bahsettiğim sayfadaki, zaten geri alınmış değişikliği tamamen silmeye yönelik bir politika göremedim, en azından birinci bahsettiğim sayfa hakkında işlem yapabilmeniz için sizi bilgilendirmiş oldum. ː) İyi günlerde kalın. Mslost ",0,0.0006376924575306475,0,tr
"Doğru diyorsun. benim o konularda biraz bilgim var. genel de şekil öğretiliyor doğrudur. huşu daha önemli, bnu konuya değinen bir çok ayet te var Kur an da. Atatürk ün okul zamanın da bile bu duruma karşı hayıflandığını da okumuştum. biliyorsunuz Osmanlı da harbiye de namaz kılmak mecburiydi. zaten bu şekil olayına karşı olduğundan şekilcilere karşı kanunlar ve yasalar çıkarmıştır.Qwl   mesaj at   ",0,0.0010445202933624387,0,tr
"Eski dostum, Kullanıcının engelini faydalı katkılarda bulunması ve tartışmalara girmemesi şartıyla açtım, beyaz liste üyeliğini teknik olarak geçmişte kazandığı için verebilirsin, ancak kullanıcıyı takip etmekte fayda görüyorum, tartışmalara katılmaya başlar ve kaos ritüeline yeni halkalar katarsa kendisinin de bildiği üzere tekrar engellenecek. Aktif olduğun için senin de takip etmeni isteyebilir miyim? Sevgiler, iyi çalışmalar. e.c.  Aslında 26 Şubat ta Gökhan beyaz listeye almış ama tekrar ona söylemek biraz tuhaf olurdu, sen öyle istiyorsan takip etmeye çalışırım. Daha evvelden beyaz listeye alındığı ve şimdilik geri alınmasını gerektiren bir durum olmadığı gerekçesiyle beyaz listeye alıyorum. Beyaz liste üyelerinin katkıları daha çok tartışma ve polemiğe döndüğünde, madde katkılarına da artık şüpheyle yaklaşılacağından listeden çıkarılması taraftarıyım, kaosa girmiş bir kullanıcının katkılarına sürüm kontrolü yapılması gerekir. Hemfikiriz kısacası. Kolay gelsin...Vikiçizer (mesaj) ",0,0.0006131603149697185,0,tr
"Merhaba Sarv, Özdemir Sökmen sayfasını açmışsınız ama bu kişi neye göre KD dir? Kişinin siyasi ve mesleki görevi pek kayda değer gözükmemekte. Bunu değerlendirerek sayfaya gerekli işlemleri yapabilir misiniz? Selamlarımla, iyi vikiler, SakhalinioBuyrun beniiiim?  Özdemir Sökmen isimli maddeye, bekletmeli sil prosedürünün uygulanabileceğini ifade eden bekletmeli sil şablonu eklenmiştir. Her türlü katkı için minettar olsak da, bu madde Vikipedi nin içerik politikalarıyla uyumsuz olabilir ve ilgili silme uyarısı tam olarak hangi açıdan uygunsuz olduğunu açıklamaktadır (ayrıca Vikipedi ne değildir? ve silme politikası sayfalarına bakarak daha fazla bilgi edinebilirsiniz). İlgili bekletmeli sil etiketini kaldırarak, silme önerisine itiraz edebilirsiniz; fakat    lütfen    niçin ilgili silme önerisine itiraz ettiğinizi ya değişiklik özetinizde ya da maddenin tartışma sayfasında belirtiniz. Ek olarak, lütfen maddeyi belirtilen sorunlardan yola çıkarak geliştirmeye çalışınız. Her ne kadar bir bekletmeli sil etiketini kaldırmak, silme önerisini geçersiz kılsa da, madde yine de silinebilir Eğer herhangi bir hızlı silme kriterini karşılıyorsa hızlı silme yoluyla, veya silinmeye aday gösterilerek, topluluğun silinmeyi fikir birliği ile onaylaması sonucu silinebilir. SakhalinioBuyrun beniiiim?  İzmir Barosu başkanı olduğu için kayda değer olduğunu düşünüyorum. Uyarınız için teşekkürler SarvSarv 7:35, 29 Haziran 2016 (UTC)",0,0.0004527767887338996,0,tr
" 50px|left Kendi mesaj(laşma) sayfanızdaki içeriği değiştirmekte özgür olmakla birlikte, size gönderilen mesajları silmeniz Vikipedi de hoş karşılanmayan bir tutumdur. Takdir edersiniz ki, diğer kullanıcılarla olan yazışmalarınızı, hem sizin hem de diğer kullanıcıların kolaylıkla takip edebilmesi açısından mesaj sayfanızdaki içeriğin silinmemesi gerekir. Aslında yaptığınız, tam olarak bir    silme    de olmayıp, sayfayı    boşaltmak   tan ibarettir. Zira, silme işlemini sadece hizmetliler gerçekleştirebilir. İsterseniz, mesaj sayfanızı burada anlatıldığı şekilde arşivleyebilirsiniz. Maddeleri taşıma ve yeniden adlandırma hakkında daha fazla şey öğrenmek için bu yardım sayfasına da bir göz atabilirsiniz. M. M. ",0,0.00044352951226755977,0,tr
"Merhaba Hedda. İyisindir umarım. Epey hoşuma gitti, kısa sürede bitmiş olması.  Mizah  altbaşlığına el atmayı düşünüyorum. Hazır dört günlük tatilim varken birkaç şeyle ilgilenmek istiyorum. Bu liste için de kırmızı açma işini hızlandıracağım ama bilgi kutusundaki kırmızılardan dördü, en.wiki dışında hiçbir vikide yok. Çıkarsak mı ne dersin? Teşekkürler, iyi çalışmalar...    Kemal       K.     Hiç önemli değil. Görüşürüz, kolay gelsin.    Kemal       K.    ",0,0.0007082798983901739,0,tr
Merhaba müracaat listesine isminizi eklediğiniz için ve hemen katkıya başladığınız için çok teşekkür ederim. Bu sayfanın alt kısmında oy kullanırsanız çok iyi olur Oy kullanma için aşağıdaki etiketi kopyalayıp o sayfanın altında support oyları kısmının sonuna yapıştırın yanınada imzanızı atmayı unutmayın. Tarih ,0,0.0003869884822051972,0,tr
"İkinci dünya savaşında kendi ülkelerini bırakıp yerleştikleri Polonya da an.larnı bellediğimiz Arap türevi millet. Bunlara yataklık yapan Lehleride acımadan öldürdük. Yok öyle Ari ırkının ülkesine yerleşip parazit genlerini yaymaya çalışmak. İşte böyle s.keriz adamın anasını. Mussolini de italyadaki yahudileri Hitler e vermiştir, onlarında an.sı bellenmişti.88.227.13.238 ",1,0.536662220954895,1,tr
"Merhaba sayın , Rahatsız ettiğim için kusura bakmayın lütfen. Zamanınız varsa Vikipedi:Devriyelik başvurusu sayfasına bakar mısınız rica etsem? Ben ve birkaç arkadaş bir konuda şikayetçi. İyi akşamlar, saygılar, sevgiler. Burakolik (mesaj)  Bakayım.    Vito Genovese    ",0,0.0009742749389261007,0,tr
" 70px    RESİM YÜKLEME UYARISI!       Lisans (telif) ve/veya kaynak bilgisi eksik veya yanlış resim(ler) yüklediniz!   . Vikipedi olarak telif haklarına en üst seviyede önem vermekteyiz. Vikipedide kullanılabilecek bir lisans ve kaynak bilgisine sahip olmayan ya da bu bilgileri yanlış girilmiş olan resimler silinmektedir. Yüklemiş olduğunuz resmin ya da resimlerin lisans ve kaynak bilgileri vikipedi telif hakları kurallarına uygun ise lütfen bu bilgileri ekleyiniz ya da değiştiriniz. Aksi taktirde yüklediğiniz resim(ler) silinecektir.   Daha detaylı bilgi için aşağıdaki bağlantılardan bilgi edinebilir ya da bu konuda deneyimli bir kullanıcıya veya medya inceleme timi üyelerine danışabilirsiniz:   Resim yükleme yardım sayfası, Resim Kullanım Politikası - Resim Telif Etiketleri - Telif Hakları (genel) - Telif hakları (SSS) - GNU Özgür Belgeleme Lisansı Manco Capac ",0,0.0006040270673111081,0,tr
" Vikipedi nin Türkiye de engellenmesinin nedeni Turhan ın yaptığı değişiklikte falan değil, sansürcü zihniyette gizli. Yapılan eklemelerin, içerikleri ne olursa olsun, tartışma sayfalarında erişim engeliyle ilişkilendirilmesi, iyi niyetle bile yapılsa otosansüre kapıyı aralayan ve son derece endişe verici bir durum. Bunu Turhan ın değişikliğinden daha yanlış bulduğumu belirtmeliyim. Daha önce de otosansür iddiasının gelişigüzel kullanımını eleştirdiğimi hatırlarsak, burada beni endişelendiren nokta daha net anlaşılabilir. İçerik konusundaysa yapılan eleştiri haklı, söylenmesi gerekenler söylenmiş. Konuyla ilgili mi, değil mi, kararını maddeyle daha yakından ilgilenenler verir, sadece kaynak konusunda konuşacağım. Denildiği gibi, olağanüstü iddialar olağanüstü kaynaklar gerektirir, soL Haber böyle bir kaynak değil. Ansiklopedi olarak dikkat vermemiz gereken bir bilgiyse bu zaten uluslararası kaynaklarca haberleştirilecektir, aceleye gerek yok. Bkz. en:WP:FRINGE. Seksen iki yüz kırk beş / GGT (mesaj) 23.01, 10 Mart 2018 (UTC)",0,0.00047944916877895594,0,tr
evet ölünce göreceksiniz.Muhammed mi Hz Muhammed mi !!! yok efendim burası ansiklopediymiş de yok tarafsız da bıdı bıdı sizi gidi kolpalar sizi!!!,1,0.9277825355529785,1,tr
Bu maddeye biraz daha tanım eklemeniz mümkün müdür? Katkılarınıza minnettarız ancak bu haliyle silinebilir. Emeğinizin boşa gitmemesi için lütfen biraz daha geliştirin. İyi çalışmalar. ♪♫     A  takan      0652   |   mesaj    ,0,0.0036373913753777742,0,tr
"Selamlar. Şuradaki kullanıcıya adil kullanım politikasını okuması gerektiğini, nelerin AK kapsamında değerlendirilebileceğini falan anlatabilir misin? Ben politikayı okuması gerektiğini söyledim kendisine, ancak okumadan tartışma yapmaya çalışıyor ve değişikliklerimi geri alarak farkında olmadan belki buraya zarar veriyor. Bir de sen uyar istersen hizmetli olarak.RapsarEfendim?  Etrafa şikayet etmenize gerek yok. Şuradaki diye saygısızca hitabınızı da size iade ediyorum. EA Copyright ta açık bir şekilde izin alınması gerektiği belirtiliyor. İlgili tartışma sayfasında durumu belirttim. reob  Selam Rapsar zaten politikayı anlatmaya çalışmışsın. Eldarion da ayrıntılı bir şekilde anlatmış. Bana söyleyecek söz kalmadı. Uğurkentmesaj ",0,0.0008304473012685776,0,tr
"Hayır Vikipedi de böyle bir zorunluluk yok. Diğer kullanıcıların sayfalarına, reklam, vandalizm, vb. içerik taşımadığı sürece müdahalede bulunmak da doğru değil zaten, hoş karşılanmaz ve geri alınır. M. M. ",0,0.0006374861113727093,0,tr
" Güzel, peki Ethnologue Zazacaya  makro dil  derken kimi hangi dlbilimciyi esas aldığını Vikipedi:Doğrulanabilirlik politikasına göre doğrulayabiliyor muyuz? Mesela ben o kadar araştırdım, Zazaca üzerine eser vermiş olan (Hadank ve Paul dahil) birçok dilbilimcinin eserleri elimde olduğu halde hiçbirnde böyle bir sınıflandırmaya rastlamadım. Sence sınıflandırma konusunda güvenilir kabul edilebilir mi? Ayrıca benim bir yere başvurmama gerek yok, burada tartışabiliriz. İngilizce wiki burayı bağlamaz. Eğer Türkçe wikide o sistem yoksa, o sistem gelince konuşuruz. Neribij (mesaj) ",0,0.0005162552697584033,0,tr
"Post modern bir anayasadır. Öz olarak 1982 anayasasından farkı olmadığı halde, halkın gözünü boyamak için biçimsel değişiklikler yapılmıştır. Bir nevi modifiye anayasadır, özgün değil.78.168.142.194 ",0,0.0011566674802452326,0,tr
"mehmet yıldırım 1978 muş malazgirt doğumludur, 7 yaşında iken gaziantep merkez e taşındı, şu an istanbulda ikamet etmektedir. mekselina@live.nl İlerde eklemel yapılacaktır.",0,0.0009289804147556424,0,tr
"Merhaba Omeromurlu, Oluşturmuş olduğunuz Dosya:OmerOmurlu.jpg adlı sayfa, Vikipedi nin hızlı silme kriterlerinden D8 uyarınca silinmeye aday gösterilmiştir. Sayfanın silinmeye neden aday gösterildiği ile ilgili daha fazla bilgi almak için, ilgili kriterde verilen açıklamaları okumanız önerilir. Bu uyarıyı gördüğünüzde sayfa silinmiş olabilir. Eğer sayfanızı bulamıyorsanız silme kayıtlarını kontrol edebilir ve sayfayı silen hizmetli ile irtibata geçebilirsiniz. Utku Tanrıveremesaj ",0,0.00033415909274481237,0,tr
" 45x45px|left Madde ile doğrudan ilgisi olmayan, ansiklopedik değer taşımayan dış bağlantılar    reklam    olarak algılanabilir. Lütfen Vikipedi maddelerine    ticarî amaca yönelik    bağlantılar eklemeyin. Vikipedi ayrıca, sahibi veya üyesi olduğunuz    blog, forum veya hayran sitelerini    tanıtabileceğiniz bir platform da değildir. Bu tür eklemeler yapmanız Vikipedi kurallarına aykırıdır. Detaylı bilgi için lütfen  Vikipedi ne değildir?  sayfalarına bakınız. Israrla bu tür dış bağlantılar eklemeniz halinde bu davranışınız    vandalizm    olarak algılanabilir ve    engellenebilirsiniz   . Teşekkürler, iyi çalışmalar.   Veritas      ileti    ",0,0.0003022809396497905,0,tr
"   Yeni İş Birliği Projesini Keşfedin!    2011 in 12. hafta projesi   Yeni madde açma yarışı  . Şimdi rekabete ortak olun. Çünkü, iş birliği takımı ile daha rahat, kolay ve hızlı katkıda bulunabilirsiniz. Ayrıca özel önerilerinizle yeni iş birliği konuları aday gösterin ya da mevcut adaylıkları sonuca bağlayın. Teşekkürler! Duke  Bundan sonraki haftalar için bilgi mesajı almak istemiyorsanız lütfen bu sayfaya imzanızı bırakın.",0,0.0004888686817139387,0,tr
" 50px 75px|right|Gülücük Herkesin katkıda bulunabildiği    özgür ansiklopedi Vikipedi    ye hoşgeldiniz !    Merhaba   . Yerleşim yeri maddesine katkınız için    teşekkürler   . Yerleşim yerlerine ait maddelere sıklıkla o yöreli kullanıcılar tarafından katkı yapılmaktadır. Ancak    çoğu zaman    düzenin devamını ve ansiklopedik özelliklerin korunmasını sağlayan    bazı kurallar gözardı edilmektedir   . Katkı yapmaya devam edecekseniz lütfen    genel biçem kurallarına ve aşağıdaki önerilere uyunuz.    Bilgi için    Yardım    sayfasına bakabilirsiniz. Örnek almak isterseniz    Ayvalık    ve    Kumçelteği    maddeleri size yol gösterecektir. Ansiklopedik dil kullanınız. Örneğin,    köyüm   ,    köyümüz   ,    beldem   ,    beldemiz    veya    ilçemiz    yerine    köy   ,    belde    veya    ilçe    demelisiniz. Altyapı ile ilgili    şikayetlerinizi burada dile getirmeyiniz   . Ancak    mevcut durumu ifade ediniz   . Yerel yöneticileri    öven    veya    yeren    ifadeler kullanmayınız. Kişilerin isim ve soyisimlerinin    sadece ilk harfini    büyük harfle yazınız. Mevcut alt başlıkları ve geçmiş katkıları    bozmamaya    özen gösteriniz.    Katkılarınızı büyük harfle yapmayınız   . Büyük harfleri sadece Türkçe kuralları dahilinde kullanınız. Maddeye başka kaynaklardan    kopyalanan bilgileri yapıştırmayınız   . Katkıları kendi cümlelerinizle yapınız. Bu konuda VP:Telif sayfasına bakabilirsiniz.    Kendi isminizi    veya yörede tanınmış olan ancak    ansiklopedik olmayan kişilerin isimlerini maddeye eklemeyiniz   . -    Levent    ileti katkılar            Lütfen eğer gerekmiyorsa bu iletiye yanıt yazmak yerine fazladan bir vandalla uğraşın ya da bir düzeltme yapın, teşekkürler. ",0,0.0004784634802490473,0,tr
"    Sinerji Ödülü    Çalışmadaki devamlılık, her güçlüğü yener. Sinerjiniz için çok teşekkür ederim. Güç verdiniz... “Fikirler dünyasında her şeyin temeli çoşkudur. Gerçek dünyada ise her şey azim üstünde yükselir.” Goethe “Kararlılık ve süreklilik, insanın en saygı değer tarafıdır.” Goethe Oznurkazanci (mesaj) ",0,0.0009287148714065552,0,tr
Böyle siyonist kökenli lanet bir kurumun İslâm efendisini karalama çabasına şaşırmadım ama nefretle kınıyorum! Yine de belki aklınızı başınıza devşirirsiniz diye  ergenlikten önce 0 yaşında sayılıyor  zırvalarından sonra size ciddi ve bilimsel kanıtlara dayanarak kaleme alınmış uzunca bir derlemeyi sunayım: http://www.sorularlaislamiyet.com/article/2392/hz-ayse-ra-validemiz-peygamberimiz-asv-ile-evlendiginde-kac-yasindaydi.html Bu linkteki yazıyı başından sonuna iyice inceleyin. Sonra da şu saçmalığa bir son verin! İnançsızsınız diye saygısızlık yapmak haddiniz değil!!! 212.175.150.119 Kadir,1,0.9873101711273193,1,tr
" 160px   VikiProje Siyaset Ayın İşbirliği    İyi günler, iyi Vikiler. VikiProje Siyaset bünyesinde Aralık 2016 iş birliği projesi     siyaset kategorisinde yer alan kaynaksız veya kaynağı zayıf maddelere kaynak ekleme ve kaynakları düzenleme     olarak belirlenmiştir. Katılımlarınızı bekliyoruz.   Daha fazla bilgi ve katılım için      TIKLAYIN.    MediaWiki message delivery (mesaj) ",0,0.0002773463202174753,0,tr
40px|left Lütfen sadece ansiklopedik bilgiler eklemeye özen gösteriniz. Aksi durumda katkılarınız silinecektir. İsrarcı davranışlar sonucunda    engellenebilirsiniz    bilginize. Teşekkürler 20px    bora006      ileti    ,0,0.0004225759475957602,0,tr
"Hoşgeldin mesajlarını, yeni kullanıcıların kullanıcı sayfalarına değil de mesaj sayfalarına atmanız gerek. Lütfen düzeltir misiniz? Teşekkürler. Metal Militia ",0,0.0006607801769860089,0,tr
Selamün aleyküm. Gerçek Kürşad ın maddesinin adı ne olacak?   Gökçє Yörük     Maalesef yaygın kullanımını bilmiyorum. Sadece şad olmadığını biliyorum. Takabeg ,0,0.0005865131970494986,0,tr
" 150pik      Ramazan Bayramınız Kutlu Olsun!        Sevgili vikipedist arkadaşım,     Ramazan Bayramını kutlarım. İyi vikilemeler, sevgiler... ~~      Cano        58   ileti  Allah korusun. Doktorumun tavsiyelerini dinleyeceğim. Güneşten benim gibi uzakdur. İftarda bol bol su iç D~~      Cano        58   ileti ",0,0.000878319435287267,0,tr
"ırkçı kürt düşmanlığı ne lan. kürtler aslında üstün ırktan, pers aryan ırktanlar. türkler Moğol ırkından. türkün ırkçısı nazi değil olsa olsa nazinin taklitçisi olabilir. )88.226.72.24 ",1,0.9465312957763672,1,tr
"Selam Rapsar, görüşmeyeli nasılsın? Bir şey rica edeceğim, burada ki en son revizede fotograf güncellemesini onaylayabilir miyiz? Eklenmesi gereken veriler varsa ekleyebilirim ayrıca. Teşekkürler Badursun (mesaj)  Selam. Daha önce yayınlanmış olan ve telif hakkı saklı olan resimleri kullanamıyoruz maalesef. Telif hakkı ihlali oluyor. Bu durumda resmin üreticisi kimse (kişi veya kurum) ondan OTRS izni almak gerekiyor. Yahut kendi çektiğiniz bir resmi de yükleyebilirsiniz.RapsarEfendim? ",0,0.0003536254807841033,0,tr
Hande Erçel adlı sayfa dağınık ve düzensiz olduğu için Vikipedi nin Hızlı silme politikasının 8.maddesi gereğince silinebilir. Lütfen sayfayı uygun şekilde düzenleyiniz. (  bkz.   Sayfa nasıl yazılır?)      Turgut46      ✉ ,0,0.0007760045700706542,0,tr
Ayrıca maddedeki bölümlerin orantılı olması açısından da Yayınlar bölümü çok büyük. Vikipedi de bilgileri belli bir bağlam içinde sunmaya çalışıyoruz. Bu bakımdan bence yayınlar listesi için maddenin sonunda bir ITO sitesindeki ilgili sayfaya bir dış bağlantı verilmesi genel Vikipedi standartlarımızla daha uyumlu olacaktır. Yayınlar kısmında ise ITO yayınlarının özellikleri gibi daha genel bilgilerin verilmesi yararlı olacaktır. Ben bu yönde birşeyler ekleyeceğim. İnfoCan ▀ ,0,0.00026512460317462683,0,tr
"Edessa, I. Germanos, I. Sergios, Mesleme bin Abdülmelik ve Basileios maddelerini geri getirebilir mi birisi? Cobija (mesaj) ",0,0.000539106666110456,0,tr
"Anlayışınız için teşekkür ederim. Önümüzdeki hafta bu konuyu netleştirir, ona göre son şeklini veririz. SevgilerGemalmaz ",0,0.0006468422943726182,0,tr
"Selam.  Minsk Voblastı  terimi nette de az bulunuyor. Bu Voblast terimi Oblast kadar yaygın değil (Türkçede). (Oblast da çok yaygın olduğu söylenemez ama...) Beyaz Rusya nın illeri nin adları nasıl olmalı sizce ? Takabeg  İngilizce Vikide Voblast ama Beyaz Rusça yani Belarus dilinde вобласьць Vobrasitsi gibi bir şey ... Minsk eyaleti, Minsk ili v.s. diyen kaynakları bulmaya çalışsak mı ? Takabeg  Noyder i tanıyor musunuz ? Beyaz Rusça ve Ukraynaca nın adlandırmaları için belli bir kuralın gerektiğini düşünmeye başladım. Kaynakların azlığından dolayı Viki icada gitme tehlikesi yüksektir, bence. Mesela şu an transliterasyon ile idare ediyoruz fakat Ukrayna nın resmî romanizasyon sistemi var. Bundan istifade etsek mi ? Takabeg  Noyder bugüne kadar yazdığım mesajlara hiç cevap vermedi. Adlandırma kuralı yapsak ama nasıl? İnternette bilgi çok az. Çoğunluğu da bizden alıntı zaten. Ne yapsak?   Gökçє Yörük     Anladım. ISO9 o kadar yaygın değil. Kendi ülkelerinde resmi olarak kabul edilen transliterasyonlarına bakıp inceleyelim. Takabeg  İnceledim ama neden olduğuyla ilgili bir şey anlamadım. Diğer arkadaşlara da bi sor istersen.            ",0,0.0004249734920449555,0,tr
Siz kardeş kardeş dünyadan silineceksiniz zaten türk azeri aynı pisliklersiniz hepiniz!Yaşasın Kürt Ermeni kardeşliği!Hep birlikte sizi dünyadan sileceğiz ve tarihinizide topraklarınızı da ortadan kaldıracağız!78.189.21.181 ,1,0.9943095445632935,1,tr
"Başvurmak için davetiye mi bekliyorsun? Uğraşamam diyorsan bile en azından kendi değişikliklerin otomatik onaylanır, iş yükü azalır. Utku TanrıvereMesaj  aslında aklımda vardı ama biraz daha tecrübe kazanmayı bekliyordum -)",0,0.0023612799122929573,0,tr
Merhaba. Ben    çok az    Türkçe biliyorum. Affedersiniz benim    kötü    Türkçe. L< İyi geceler. Dünya vatandaşı ,0,0.0286346934735775,0,tr
Vikipedi Köy çeşmesi-ilginize bölümünün en son başlığını okur musunuz? Sİzi de ilgilendiren bir tartışma var. Görüş belirtirseniz sevinirim. İyi çalışmalar.,0,0.0009205566020682454,0,tr
Kaynak yazmıyorsa bir çaıklamaya gerek yok. Ama örneğin kaynak olarak en wiki gösterilmiş ve fakat en wikiden silinmiş ise buna dair  kaynağından silinmiş  gibi bir not veya kaynak yerine direk resme giden bir bağlantı değilde sadece internet adresi yani www.abc.com gibi yazıldıysa gene  kaynağına ulaşılamıyor  gibi bir not uygun olacaktır.   Mach   iavelli msj ,0,0.0004333858087193221,0,tr
"Selam sana bir ust baslikta br soru sormustum hatirlatayim dedim. Bir de dun benim aktif calisma sayfamda degisiklik yapmissin. Senden rica ediyorum benim aktifcalisma yaptigim kendi kullanıcı sayfamda bir degisiklik yapmadan bana dansir misin lutfen? Her nekadar yaptigin degisiklik iyi niyetli olsa da benim aktif calismam ve uzerinde ben calisiyorum dolayisiyla bir danismayi hakediyorum sanirim. Kolay gelsin.Erkan  Selam Erkan. Dediğin gibi kategorilendirmede bir sorun çıkıyor. İlk şablonun kalkmaması lazım yenisi konulurken. Tek şablonlar bu olayı halletmek mümkün değil. Köyler ve beldeler tamamen yaratılınca, projenin etkilerini genel olarak bir inceleyip, gerekli düzeltmeleri topluca yapmayı planlıyorum.    d   enisutku *:!?  Ayrıca kişisel çalışma alanındaki maddede sana danışmadan değişiklik yaptığım için de özür dilerim. İstenen kategorileri temizlerken kaptırmışım. Kolay gelsin.    d   enisutku *:!? 17:01, 17 Mart 2007 Bir ara yöneticilik sorunsalından ötürü küsüp galmeyeceğini sandım. Geldiğine sevindim. Burada ciddi işler yapan kişiler ile daha iyi tanışmak istiyorum ve sen onlardan birisin. Şu köy meselesi bitince ben de ilçelerin kategorileri konusunda yardım edebilirim. Bir haber vermeniz yeterli. Benim çalışmamla ilgili ise sorun değil, iyi niyet herşeyi çözer. Erkan ",0,0.005820737686008215,0,tr
Öncelikle şunu belirtmek isterim Kültür ve Turizm Bakanlığı sitesinde bulunan yüzölçümü bilgisi kaynağı İller Bankası ndan alınmış olup erişim tarihi ise 13 Mayıs 2014 tür. Bunu siteye girdiğinizde görebilirsiniz.> http://www.kurturportali.gov.tr/turkiye/hatay/genelbilgiler < Diğer bir hususda Harita Genel Komutanlığı nın yüzölçümü hesaplamaları ben HGK ile iletişime geçtim bu konudaki durumu açıkladım. Onlar yüzölçümü hesaplamaları kontrol ederek gerekli düzenlemeleri yapacak. Gönderdiğim mesaj kendi taraflarınca kayıt altına alınalarak işleme konuldu. Ben şuan çıkacak sonucu bekliyorum. Anlatmak istediğim Harita Genel Komutanlığı nın verileri resmi nitelik taşımamakta ve hatalı olabilir. Bunları nedenmi size anlatıyorum. Yaptığım katkılar onca emek boşuna gidiyor. Değişikleri geri almak kolaydır. Ama düzenlemek zordur. Bunu unutmayın siz olsanız emeğiniz boşuna gitmesine üzelmezmiydiniz. Allahtan korkuyorsanız bu tutumdan vazgeçin. Müslüman olan en önemlisi allahtan korkar bunu hiç bir zaman unutmayın. Arsuz (mesaj) ,0,0.001593268127180636,0,tr
"Fikrim hala değişmedi Ahmet Turhan, şablon eklenmemeli çünkü eklenecek bir durum yok. İki taraf dediniz, ABD diyor ki Suriye ordusu kimyasal gaz kullandı. Rusya diyor ki muhaliflere ait gaz deposu vuruldu. Yani kimyasal kesin. Neresi taraflı anlayabilmiş değilim. Şablon kaldırma ve şablon çıkarma etiketleri kadar şablon ekleme etiketleri de olmalı. Kesinlik olan bir şey için şablon eklemek çok garip olsa gerek fakat sizin görüşlerinizi dikkate alarak yaptığım değişikliği geri aldım. Umarım bir an önce karara bağlanır değişiklik özetinde söylediğim gibi çünkü düzeni bozuyor. Yeni bir olay olduğu için, çok merak edilen bir olay olduğu için Vikipedi de ziyaret edilecektir. İnsanların bilgi yerine şablonu okuması güzel olmayacaktır. Şablonlar burada gözlemlediğim kadarıyla aylarca duruyor. Bu madde için aynısını söyleyemeyeceğiz, haberiniz olsun. Bir an önce karara bağlanır/bağlarız umarım. İyi çalışmalar dilerim. Tuğkan (mesaj)  Bu ifadelerinizi maddenin tartışma sayfasında belirtmeniz daha uygun. Orada gerekli durumu ve itirazımı belirttim. Sorun saldırının kimyasal olması atıfında. Ahmet Turhan (mesaj) ",0,0.00033860234543681145,0,tr
":Dosya:Angel1x1.jpg için adil kullanım gerekçesi    32px|left|⚠      Angel1x1.jpg    adlı dosyayı yüklediğiniz için teşekkürler. Yüklediğiniz dosya adil kullanım politikasına uymak zorundadır, ancak bu politikaya nasıl uyduğunu gösteren bir açıklama veya gerekçe bulunmamaktadır. Dosya tanım sayfasına, kullanıldığı her madde için ayrı ayrı olacak şekilde bir    adil kullanım gerekçesi    yazmalısınız. Yüklediğiniz diğer dosyaları kontrol etmek için bu bağlantıyı tıklayınız.    Gerekçesi eksik olan adil kullanım dosyaları hızlı silme kriterleri gereğince bir hafta sonra silinirler.    Sorularınız için Vikipedi:Medya telif soruları sayfasını kullanabilirsiniz. Teşekkürler. Muratsahin ",0,0.0002567387418821454,0,tr
   Bu ayki işbirliğine katılın!    Ağustos 2009 ayının işbirliği;    Diskografiler    kategorisindeki maddelerin içeriklerinin güncellenmesi seçilmiştir. Proje başlangıç:    10 Ağustos 2009    Proje bitiş:    31 Ağustos 2009       Kemal K.   ileti ,0,0.00040493946289643645,0,tr
"selam Metal, Cam Kemik Hastalığı maddesinin adı Osteogenesis İmperfecta olmalı. Cam kemik hastalığı diye yönlendirme yapılabilir. Düzeltebilirsen sevinirim.. iyi çalışmalar.Boyalikus  İsim değişikliği gerçekleşti. İyi çalışmalar, kolay gelsin. Metal Militia ",0,0.0005387897253967822,0,tr
"Bu dosyayı, arkadaş telefondan çekmiş. Haritayı telefondan çektiğinden pek net değil galiba. Bu durumda dosya kalmalı mı yoksa silinmeli mi? Uğurkentmesaj  Uygunsuz lisans etiketine sahip dosya silindi. Bildirim için teşekkürler. Superyetkin       ",0,0.0004623972636181861,0,tr
"Merhaba, Ben Koç 10 başlığıyla bir sayfa açmıştım, onu silmişsiniz. O bzm mezuniyet sayfamızdı ve sonuçta kayda değer olmayan bir grup sayılamaz çünkü koç Özel ilköğretim okuluna bağlı, acaba en azından bi süreliğine tkrr açabilir msnz? Mezuniyet için bir sayfaydı o? bu yazdıklarımı lütfen değerlendirip kararınızı tkrr gözden geçirebilir msnz? Saygılarımla, Kullanıcı:Emirarditi",0,0.000724672747310251,0,tr
silinmesi bence aptalca birşey olur. bir bölge var hayata geçirilmiş tarihi eserler devletler var. bunlar kürtlerin yaşadığı bölgelerde yani kürtlerce yapılmış şeylerdir bunun aksini söylemek ahmakça olur. neden diyeceksiniz.? diyelimki bir bölgede yaşayan bir halk var. ve orada bir devlet kuruldu. diyebilirmisiniz ki o devleti aslında çinliler kurdu. çok komik olur sanırım. tabiiki orda yaşayan insanlar kurdu. ordaki yapıları kültürü meydana getirdi. çinliler geldi de şurda bire medeniye kurayımda gideyim veya ruslar geldi şurda bir devlet kurayımda gideyim saçççççççççmalık kardeşşşşşşşşşşşşş eğer biraz kafan basıyorsa......,1,0.6209155321121216,1,tr
"70px|uyarı Merhabalar;Bildiğiniz gibi Vikipedi nin amacı kullanıcıları sayesinde tarafsız bir ansiklopedi oluşturmaktır. Bu sebeple kullanıcı sayfalarımızda ve kullanıcı mesaj sayfalarımızda ideolojik, siyasi, kişisel (özgeçmiş, vs. gibi), reklam içeren, telifli veya herhangi başka bir Vikipedi politikası na aykırı hiçbir içeriği bulundurmamamız gerekiyor. Aslına bakarsanız Vikipedi kullanıcı sayfalarında Vikipedi de yaptıklarımız, Vikipedi deki projelerimiz gibi konuları Vikipedi:Babil yoluyla bildiğimiz dilleri koyuyoruz. Kullanıcı mesaj sayfalarında ise yaptığımız değişiklikleri diğer Vikipedistlerle tartışıyoruz. Vikipedi:Kullanıcı sayfası maddemizi inceleyip, kullanıcı sayfanızı ve/veya kullanıcı mesaj sayfanızı burada yazılanlara uygun şekilde düzenlerseniz çok seviniriz. Saygılar.    Levent    ileti katkılar            Lütfen eğer gerekmiyorsa bu iletiye yanıt yazmak yerine fazladan bir vandalla uğraşın ya da bir düzeltme yapın, teşekkürler. ",0,0.00040549549157731235,0,tr
" Selamlar. Amatör kulüpleri silmiyoruz, şimdiye kadar hep amatör olan kulüpleri siliyoruz. Zamanında ikinci-üçüncü ligde oynamış, şimdilerde ise amatör olan kulüpler kalıyor yani )Rapsar ",0,0.004011242184787989,0,tr
"Ok, göstereceğim. Yalnız değişiklik yapma lütfen vikide (görevim gereği seni engellemem gerekiyor çünkü şu an). E-posta at bir şey yazmak istediğinde. Attığın ilk e-postayı aldım zaten; ulaşmıyor diye düşünme. Bir de Elmacenderesi ne bir e-posta gönder mutlaka.    Vito Genovese    ",0,0.003664011135697365,0,tr
"Sonuçta resimler çıkartıldı, yorumlarımı çizme işini kim maddeyi gerektiği gibi düzenlediyse onun çizmesi daha uygun olacaktır diye düşünüyorum    Durkin     iletişim   ",0,0.0019456318113952875,0,tr
"Selamlar, Kategori:Snooker Şampiyonaları kategorisi gözüme çarptı da, snooker organizasyonları mı yapalım snooker turnuvaları mı? Futbol için ikisi de varmış. Aslında Kategori:Futbol turnuvaları kategorisi Kategori:Futbol organizasyonları kategorisiyle birleştirilebilir de. Ne dersiniz?   Merube 89        msj       Slm. Her futbol organizasyonu turnuva anlamına gelir mi? Ya da şöyle sorayım, ligler de birer futbol turnuvası mıdır? Organizasyon kelimesi tamamını kapsarken turnuva kelimesi ligleri kapsamıyor gibi bir anlam taşıyor  bence . Snooker için de aynı şekilde org. adlandırması daha uygun olur sanırım. Sonraki mesajınıza şimdi cevap veremeyeceğim maalesef, çıkmam lazım, kusura bakmayın. Artık yarına ) İyi geceler...Rapsar  Haklısınız, her turnuva sonuçta bir organizasyon anlamına gelir diye öyle demiştim ancak tabi ayrı da olabilirler. Çok farketmez. Snooker için organizasyon yapalım o halde. Bilahare yaparız artık, ben de birazdan çıkacağım. Sevgiler, iyi geceler    Merube 89        msj       Yok yok ben ayrı kategoriler olsun demedim. Sadece bir tane olsun, onun adı da  ... organizasyonları  olsun demek istemiştim ) Size uygunsa taşımalara başlayalım.Rapsar  Bu arada bir şey dikkatimi çekti. Şu ve şu kategoriler hemen hemen tüm Vikilerde ayrı yapılmış. Demek ki bu terimler arasında fark var )Rapsar ",0,0.0009275255142711103,0,tr
"Olabilir tabi ki ve bence güzel olur. Giriş sayfasını; kullanıcı:serhantr ile yaptığımız Vikipedi:VikiProje Sanat ve vaktiyle Kullanıcı:İnfoCan ın yaptığı Vikipedi:Vikiproje Moleküler ve Hücresel Biyoloji anasayfalarındaki gibi bir düzene de koyabilir, rengini de bakır rengi yaparız. Ne dersiniz?   Merube 89        msj      ",0,0.0019659437239170074,0,tr
"Günümüz Suriye topraklarına Anadolu nun fethiyle başlayan Türk göçleri osmanlı devleti dönemindede sürmüştür.Osmanlı devleti kutsal hac yolunu korumak için yoğun bir türk nüfus yerleştirmiştir.Suriyede yaşayan türkleri manevi ve dini yönden Osmanlı döneminde çok önemli bir rol üstlenmişlerdir.Rakka şehrinde bulunan osmanlı devletinin kurucusu osman gazinin dedesi süleyman şahın mezarı Türk toprağı kabul edilmiş Türk bayrağı ve askeri bulunmaktadır. Günümüzde halep,lazkiye,hama,humus,şam,tekele,idlip ve türkiye sınır boylarında yoğun bir türk nüfus yaşamaktadır.Türkler dini bayram münasebetleriyle türkiye deki hatay,kilis,gaziantep,şanlıurfa gibi şehirlerdeki türk akrabalarıyla yakın bir bağ oluşmuştur.suriyede kaynaklarda yazıldığı üzere 265 türk köyü bulunmaktadır.Nüfusları 1.5 milyon ile 2.5 milyon arasında olduğu bilinmektedir.1936 yılında uygulamaya konulan türkçe konuşma yasağı türkçe öğrenim dil yasağı,türkçe yayın yasağı günümüzdede devam etmektedir.1939 yılında hatay ilinin türkiyeye katılmasıyla Türkiye-suriye ilişkileri iyice bozulmuş hafız esad döneminde yoğun bir araplaştırma ve milliyetçi politikalar uygulanmış.pkk terörünün yarattığı olumsuz hava ve suriye devletinin dönem dönem desteklemesi türkiye ile suriyeyi savaşma durumuna kadar getirmiştir.son dönemlerde Irak işgaliyle birlikte amerika ve israilin suriye üzerine baskılarıyla bölgesel güç olan Türkiye nin bölgede etkin olması suriyeyle ilişkilerinin düzeltilmesi ile Türkiye-suriye ilişkileri düzelmiştir.",0,0.0003571472771000117,0,tr
"Tabikide zevk duyarım el birliği ile güzel birşeyler çıkarabiliriz kontakta olalım gerekli araştırmalara başlayalım siz nereye kadar geldiniz?Lucky Lucianom  Erhfb, yapılması gerekenler şimdilik Lenin şablonunda ve Lenin bibliyografyasında bulunan eksik eserler. Yapılan madde şablonlarını kopyalayıp içeriğim iilgili maddeye göre düzenlemek gerekmekte. Ayrıca ikinci olarak Marksizm-Leninizm maddesine epey emek vererek kaliteli bir hale getirdim ve bu maddenin Kaliteli maddeler statüsüne kavuşabilmesi için aday gösterdim. Maddeye katkılarınızı ve kaliteli olabilmesi için görüşlerinizi beklemekteyim.Ahmet Turhan (mesaj)  Erhfb en son dönmediniz, katkılarınızı beklemekteyim. Ahmet Turhan (mesaj)  İlgilenme fırsatı bulamadım kusura bakmayın son 2 gündür araştırmalarıma başlayabildim bu hafta içerisinde dönüş yapacağım ayrıca Marksizm leninizm maddesini inceledim emeklerinize sağlık oyum olumlu yönde olacak.vesselamLucky Lucianom  Erhfb, ayrıca Juche Kulesi maddesi de aynı şekilde kaliteli madde statüsü için    aday   . Aynı şekilde desteklerinizi, katkılarınızı ve aday sayfasındaki görüşlerinizi bekliyorum.Ahmet Turhan (mesaj) ",0,0.00047111083404161036,0,tr
"Merhaba, Kategori:Betimsel istatistik in altındaki Kategori:İstatistiksel yayılma ve sapma ile bu kategori aynı mı acaba? Öyleyse birleştirir misiniz? 14.55, 23 Eylül 2019 (UTC)",0,0.001045790733769536,0,tr
"Neden sindildi? Onun ogullari ama sinilmez, ne tuhaf siz türkler. Şehzade Mehmed Selahaddin Efendi hakkında yasak mi? peki neden onun oglu osman fuad ve ahmed vasib var? sen istersen hepsi sinil...hayde ...deli türkler",1,0.6589144468307495,1,tr
"Sevgili Vikipedistler Yöneticimiz, Bürokratımız, Elçimiz ve Steward Kullanıcı Dbl2010 un    kişisel tesbitim Erdemsenol un ihtiyaç duyduğunda kukla kullanmaktan çekinmeyeceğidir   ve    Erdemsenol siyasi görüşü doğrultusunda Vikipedi de yapmak istedikleri şeyler, Vikipedi nin tarafsız bakış açısı, doğrulanabilirlik ilkeleri ile pek uyuşmuyor   cümleleri ile devam etmek istiyorum burada çektiğim tüm mesajları ve burada da tüm madde editlerimi görebilirsiniz. Bunların içerisinden siyasal görüşümü buraya aktardığımı kanıtlayan    bir tane    örnek bulursanız    Vikipediyi kendi isteğimle terk edeceğim!!!    Bürokratlık mertebesine getirilmiş birisinin    ilkelerin savunulması    ile    politikalara uyulmaması    arasındaki ince çizgiyi ayırt edememesi Vikipediye geçmişte, şimdi katkı sağlayan ve de    gelecekte    katkı sağlamaya devam edecek olan beni gerçekten üzdü. Açıklamasınındaki söylemi    Ad hominem   dir;   Bir argümana cevap verirken argümanı eleştirmekten ziyade argümanı yapan kişiye saldırmak olarak tanımlanır   ",0,0.0014284782810136676,0,tr
"Selam, başlatmış olduğun    Yunanistan daki Türk azınlık    sayfasını    Batı Trakya Türkleri    sayfasına yönlendirdim. Eşzamanlı olarak İngilizcesini de geliştirmek istiyorum (geliştirelim). İngilizce wikideki Yunan lobisinin gözü bu madde (Turks of Western Thrace) üzerinde olacak:) (orada Türkler/Türkiye ile ilgili maddeleri geliştirmek herzaman zor oluyor) Şimdiye kadarki katkılarını şimdilik buradaki Türkçe maddenin tartışma sayfasına koydum. Aşamalı olarak yararlanmak istiyorum. Ortak çalışmak dileğiyle. ",0,0.0002430357999401167,0,tr
"Anladım teşekkürler uyarı iiçin tam anlamak biraz zaman alcak galiba, başka arkadaşlarda uyarmıştı:) kendine iyi bak. Somebody else s knowledge ",0,0.0020549341570585966,0,tr
" 45x45px|left Lütfen uyarıları dikkate alınız. Vikipedi işleyişini aksatmanıza yönelik davranışlarınız için size yapılan uyarıları önemsememeniz, vandalizm olarak değerlendirilebilir ve    engellenebilirsiniz   . İyivikiler... —    [ho?       ni!]    ",0,0.012103886343538761,0,tr
Tekrar çok teşekkür ederim. Sizi rahatsız ettim. Baktım online değildiniz ben de Eldairon a yazayım demiştim. Çok saolun. Size de kolay gelsin.Mehmet Baran ,0,0.002435030648484826,0,tr
"  Simpsonlar   maddesi, Aralık ayında 20. yılına girdi ve taze bir SM. eğer uygun görülürse gelecek haftanın (Aralık ayının son günleri hiç olmazsa) seçkin maddesi olarak ana sayfaya çıkartılsın derim. Hedda Gabler  Güzel olur bence de...  bence de güzel olur DLT (Son Kahraman) Türkçe Vikipedi  Maddeyi bu haftanın SM si olarak ana sayfaya taşıdım. Telifli resimleri kullanamıyoruz ana sayfada, o yüzden Hollywood daki yıldızlarının resmini koydum. Ana sayfadaki yazısının kısalığı-uzunluğu nasıl olmuş?  Uzunluğu gayet iyi. Bence ana sayfanın en çarpıcı kısmı HSM olmalı ve bu kısım çok kısa tutulmamalı. yabancım ",0,0.0005822723032906651,0,tr
"Ghuzz un demek istediği şey, Kıbrıs Türkçesi ayrı bir dildir, o şekilde yazılmalıdır. Ancak ayrı bir dil değil bilindiği gibi. Kullanılan dil Türkçe. Bölge farklı olduğundan farklı bir ağız kullanılıyor -ki bu da parantez içinde belirtildi. Şu an maddeye göre Kıbrıs Türkleri Türkçe konuşuyor yani )RapsarEfendim? ",0,0.00207157782278955,0,tr
"Bugüne kadar 10 bilgisayar eskittim. Fan sorununa hiçbir çare yok. Eğer bilgisayar modeliniz de eski ise çok daha zor olur. Gereksiz olan ve alttan çalışan programları kapatırsanız belki biraz daha rahatlarsınız. Ama kesin tamir gerektiriyor anlaşılan, umarım en kısa zamanda çözülür. Boyalikus (mesaj)  Daha ilk bilgisayarım bu ve 4 yıl oldu. Kmoksy (mesaj) ",0,0.000758237496484071,0,tr
"Sayın Rapsar.Reform (tarih) maddesinin adı maddenin içeriğiyle tam uyuşmuyor.Madde için Reform hareketleri başlığı daha uygun olmaz mı? TalebeAhmetwhat dedin?  Tartışma sayfasında konuşmak lazım bunu. İki kişinin değil, daha fazla kişinin fikir belirtmesi, kaynaklardaki kullanımların incelenmesi lazım.RapsarEfendim? ",0,0.0005510805058293045,0,tr
mahmutu mehmeti bilmem ama bildiğim tek şey yazdığım görüüşümü amadondoni niye silip deyiştirirsen. görüşe saygılı olmasını öğren hiç yokdan..........................y am don doni niye yazdığımı deyiştirirsen . sonu kötü olacak bak sene diyirem amdandondoni.............birde ön taraf garışmış senin parmağın var gibime geldi..ortalığı garıştırma amdandondoni. hAKİKİ AMADONİ SEN NİYE LAFTAN ANNAMİRSAN.SENİ MÜETTİŞLERE ŞİKYET EDECEM DEYİŞTİRME BAK BU SON OLSUN TAMAMMİ........,1,0.7670758366584778,1,tr
Yalnızca belli bir tarikat üyelerinin ciddiye aldığı öznel bir konunun genelliştirilmeye çalışılıp islama maş edimesi ayrıca tartışmalı... Bu ansiklopedik olup olmadığı kayda değerlik açısından tartışılacak türden bilgiler içermektedir. Sizde bende bir kitap yazıp silsile dayanağı yapabiliriz sonrasında da vikipedi için. Bu madde bir tür özgün araştırma ihlali durumunu ayrıca barındırıyor.85.101.99.77 ,0,0.0026464853435754776,0,tr
"Selamlar. Bu kategoride Ermeni tarihi anlatan maddeler değil Osmanlı da ermeni isyanları anlatan maddeler yer alıyor. Gerçek anlamla Ermeni tarihi anlatan maddeleri buraya bağlandırmamız lazım. Dolayısıyla Osmanlı, Türkiye de Ermeniler kategorisinin alt kategori olamaz. İyi çalışmalar.",0,0.0003642214578576386,0,tr
" 50px|left    Lütfen maddelerin içeriklerine yorum eklemeyiniz.    Vikipedi nin blog, forum vb. bir site değil, bir ansiklopedi olduğunu unutmadan ve özellikle tarafsız bir yaklaşımla, ansiklopedik içerikli değişiklikler yapabilirsiniz. Teşekkürler, iyi çalışmalar. -    Cnk  ALTDS    ",0,0.00040420741424895823,0,tr
"8 Mayıs da cinsel ayrımcılık maddesinden çıkardığım çift madde şablonunu koymam gerektiğini şimdi hatırladım ve geri döndüm ama siz unutmayıp koymuşsunuz, teşekkür ederim. İyi çalışmalar.  O vakadan sonra Anasayfaya da bakıyorum:) İyi çalışmalar. Takabeg ",0,0.000839469488710165,0,tr
"25px|alt=Bilgilendirme simgesi Merhaba, ben . Yaptığın son değişiklik (:Satranç adlı sayfadaki) deneme gibi görünüyordu ve silindi. Eğer deneme yaparak kendini geliştirmek istiyorsan Deneme tahtasını kullanabilirsin. Eğer hatalı olduğumu düşünüyorsan veya sormak istediğin bir soru varsa aracılığıyla benimle iletişime geçebilirsin. Teşekkürler! Kapıyıaç (mesaj)    Eğer bu paylaşılan bir IP adresi ise ve değişikliği siz yapmadıysanız ileride değişikliklerinizle alakasız bildirimler almamak için size ait bir hesap açabilirsiniz.",0,0.0005639598821289837,0,tr
"ÖRMECİ KÖYÜ    TARİH    Örmeci Köyü Kavalı Divanı Zamanında İsmine kavuşmuş bir köydür.Köyün isminin geliş şekli hakkında çeşitli rivayetler vardır,Ancak bunların içerisindeki endogru olanı köyün dokumacılık la ugraştıgı ve ismininde (dokumacı-örmeci) şeklinde buradan geldiğidir.Örmeci Köyü Cografi konum itibariyle Birçok eski medeniyete evsahipligi yapmıştır.Bunlar içerisinde Roma ve Firigyalı lar büyük önem tasımaktadır.Örmeci köyünde Halen tirigler olarak bilinen bir mahalle mevcuttur, tabiki bu isim zaman içerisindeki uzun yokculukta bazı degişikliklere ugramıştır örnek:Firigler-Tirigler olarak degişmiştir.    GELENEK VE GÖRENEKLER:    Köy gelenek ve görenek bakımından öz kimligini hala koruyan ender köylerden biridir. DÜĞÜNLER Köyde düğünler 3 gün sürer ilk gün kına yemegi kız evinde verilir aynı günün akşamında kına gecesi yapılır. İkinci gün damat ve kız tarafında ayrı ayrı yemek verilir,gelin alma faslı akşam saatlerinde yapılır gelin damat evine getirildiğinde gelin önü denilen karşılama ve eglence yapılır.Üçüncü gün duvak tabir edilen olay eglenceli bir şekilde damat evinde yapılır,yemekler yenilir ve düğün biter. BAYRAMLAR (DİNİ):Köyde eşine ender raslanır cömertlikte bir bayram gelenegi vardır.Bayramlar Her mahallede bayramın hergününe eşit yayılacak şekilde sırayla yapılır.Bayram yapılan Mahallede kurban kesmiş evlerde her isteyen yemek yiye bilir. CENAZELER: Cenazeler islama uydun olarak defin edilir ve cenaze evine komşular 3 gün yemek veririr.",0,0.0009535335120745003,0,tr
 Türkçüler kuşumaydın teşekürler.... hehheh he ok is ok is     Osuruk Kibele    bir daha rastgele olur olmazın yanında osurma emi hah hah hah dekoltesiz kefen yani donsuz kefen seni gambazladı hehehehehe rapstar rapstar bacaklarını görmüş herkese anlattı çok çok kalın dedi akkuşungürgenleri daha ince dedi hah hah hah hehehehehe osuruk kibele 5.47.247.50 ,0,0.7794474363327026,1,tr
"Bana kişisel problemleriniz için boşuna uyarı yollamayınız. Neyin ne olduğunu iyi biliyorum. Burada sizin şahsınıza değil, vikipedia üzerindeki yönetim eksikliğinden bahsediyorum. Bilgiye engel olan, öönyargılı insanlarla çalıştığı için vikipedia adına gerçekten üzü,lüyorum. Atınızı istediğiniz gibi koşturun Levent Bey!",0,0.2109062224626541,0,tr
"Artık kolum yorulmuştu o IP nin değişikliklerini geri almaktan. Teşekkürler.Reality006  Rica ederim, kolay gelsin ) M.M.  Bide 85.98.215.57 şuna el atsanız?Reality006  atıldı... M.M.  Neden kaldırdığınızı anlayamadım...   Gökçє Yörük     Ben de neden Köy Çeşmesi ne eklediğinizi... M.M.  Yani işaretlediğim cümlelerin birinde  sonuncusun  diğerinde de  sonuncu olmayacaksın  yazılı. Bir hata değil mi? Komiklik babında koymuştum. Hem de düzeltilir diye.   Gökçє Yörük     Merhaba Metal Militia. 78.178.221.61 IPli kullanıcı Yunanistan maddesinde vandalizm yapmıştır. İlgilenirseniz sevinirim... Böcürt  Bir küfürcü: Kullanıcı:78.172.164.49 78.186.208.22 ",0,0.014789762906730175,0,tr
"Ama şöyle bir şey var bu ülke hala aynı dağılan veya yerine kurulan başka bir ülke değil ki? bu yüzden isimlerin taşınması görüşündeyim teşekkürler bilgilendirmen için On 15 (mesaj) 05.47, 4 Mart 2019 (UTC)",0,0.00047676669782958925,0,tr
"{| style= border:solid 4px #4169E1; background-color:#ADD8E6;  width=96% |rowspan= 2  valign= top  width= 100px | 155px |rowspan= 2  | |style= font-size: x-large; padding: 0; vertical-align: bottom; height: 1.1em;  |   VikiProje Sinema da Ayın İşbirliği ne Davetlisin!    |- |style= vertical-align: top; border-top: 1px solid blue;  | Merhaba ! VikiProje Sinema bünyesinde Nisan 2017 nin 15 günlük ilk iş birliği projesi,    Sergey Yutkeviç filmleri    ndeki maddelerin oluşturulması olarak seçilmiştir. Bu kapsamda, proje başlangıcı itibarıyla maddesi oluşturulmamış Sergey Yutkeviç filmlerinin 18 inin maddesinin oluşturulması hedeflenmektedir. Bir çok işbirliği projesinde olduğu gibi bu işbirliği projesinin sonunda da pek çok ödül seni beklemekte.   Daha ayrıntılı bilgi ve katılım için      TIKLAYIN.         *VikiProje Sinema mesajlarını almak istemiyorsanız buradaki listeden kullanıcı adınızı kaldırabilirsiniz.      MediaWiki message delivery (mesaj) ",0,0.0007257965044118464,0,tr
Tabiki siz bilirsiniz ancak son bir kaç haftadır yapmış olduğunuz gibi köy/mahalle değişikliklerini proje kısmına eklemeniz yeterliydi. İyi günler dilerim yine de ara sıra gözünüz orda olsun belki size göre bir proje olur.Teacher0691 (mesaj) ,0,0.00034248619340360165,0,tr
"Ben bu sorunun çözüleceğini sanmıyorum, önceki tartışmaları okudum da şimdi. Kimse burayı kendi görüşünün propagandasını yapmak için kullandığını kabul etmemiş. Edeceklerini de sanmıyorum. Tarihi gerçek diyor, nasıl bir gerçekse artık.Çatalyürek (mesaj) ",0,0.000635292031802237,0,tr
"{{#ifeq:100pik|yok | | {{#if:100pik | 100pik }} }}    Haftanın İş Birliği Projesinde 1. oldunuz!    Merhaba Superyetkin, Bu haftanın iş birliği projesine katılımınız için çok teşekkürler! Düzenlenmeyi bekleyen maddelerin düzenlenmesi konulu projedeki başarılı performansınız ile bu haftaki projede    1.    oldunuz. Katılımızın devamını umuyorum. Sevgiler...    Mukaddime   ileti ",0,0.0003628071863204241,0,tr
Commons a bir tane harita yükleyip deneme sayfama koydum. Bu nasıl -D? Oh BambiI cried so hard when those hunters shot your mommy ,1,0.7596322298049927,1,tr
" 24 saat engelledim şimdilik, kayıt düştüm mesaj sayfasına. çok dikkatlisin, farketmek zor bu tarz vandalizmleri Mskyrider   ileti   ",0,0.0158684141933918,0,tr
"Yazdığım yöntemle Flickr veya spinxpress te aratırsanız telif açısından bir sorun olacağını sanmıyorum. En azından şöyle söyleyebilirim, ben şimdiye kadar aynı şekilde aratıpta telif konusunda Vikipediye yüklenemeyecek bir resimle karşılaşmadım.   Mach   iavelli msj ",0,0.00048579188296571374,0,tr
"Uyarınız için teşekkürler ancak Güngören ismi madde başlığında bence uygun değil sonuçta burası milli ansiklopedi değil bu yüzden İstanbul demek daha doğru.İkincisi 2008 yılının ilk saldırısı bu eğer başka saldırılar olursa o zaman madde isiminin başına 27 Temmuz koyarız.İyi geceler, Kadir ",0,0.000522916205227375,0,tr
"   Bu makalenin içeriği boş veya hatalı başlık açılmış...   50px|left    Bu başlığı siz doldurabilirsiniz. Tek yapmanız gereken sayfanın üstünde yeralan [ “değiştir”] sekmesine tıklayıp makaleye başlamak. Böylece Vikipedi Özgür Ansiklopedisine siz de katkıda bulunmuş olursunuz. Makaleyi değiştirdikten sonra       ’i kaldırmayı unutmayınız.   Not:   Uzun süre içeriği boş kaldığı takdirde ve gerekli görüldüğünde, bu makale yöneticiler tarafından tamamen silinebilir!    Kategori:İçeriği Boş Olan Başlıklar",0,0.00039151855162344873,0,tr
"Kullanıcı:4nn1l2 interwikileri düzeltiyor. Türkçe yi anlamadığını söylemiş ama Beyoğlu, Türkoğlu ve Beyoğlu arasındaki farkı tespit edebilmiş, bence gayet başarılı. anerka ya söyleyin ",0,0.004340584389865398,0,tr
"Merhaba efendim, Ağ_tarayıcılarının_pazar_payları ile ilgili makalede yaptığım son değişikliği onaylar mısınız. Teşekkür ederim.Camoka4 (mesaj)  Merhaba, değişikliğiniz halihazırda onaylanmış görünüyor. Başka yardımcı olabileceğimiz bir husus olursa yazınız. Kolay gelsin...Vikiçizer (mesaj) ",0,0.0015128158265724778,0,tr
"Bazı eklemeler yaptım, ayrıca ve daha özet olan buralardan da kültür başlığı altındaki portallara göre de eklemeler yaparız. Gözümüzden kaçan şeyler olmamasını sağlar en azından. Tekrar iyi vikiler, görüşmek üzere hoşçakalın   Merube 89        msj      ",0,0.0011199377477169037,0,tr
"Bazen de filmin Türkiye de gösterildiği adı, özgün adından çok farklı bir anlam taşımaktadır. Bu durumda özgün adının anlamını da ayrıca belirtiyorum.Örnek Aşıklar (film) Belki bu durumda parantez içinde (Türkçesi: Şudur) diye yazılabilir.",0,0.00040111399721354246,0,tr
"Merhaba Murathan. Bu mesajı, bana yazdığın e-postaya yanıt olarak yazıyorum. Vikipediyi tanımak için yukarıdaki mesajda gördüğün bağlantıları tıklayıp okuman iyi bir başlangıç olur aslında. Ama bir kaç noktayı vurgulamam gerekebilir belki. Biliyorsun, burası özgür bir ansiklopedi. Katkıda bulunmaya başlamadan, yaptığın değişikliklerin gerektiğinde geri alınabileceğini ve katkılarının kaynak belirtilmek şartıyla başka sitelerde alıntılanıp kullanılabileceğini (yaptığının katkıları GÖBL lisansıyla lisanslamış olacağını) bilmelisin. Katkıda bulunurken, telif hakkı ihlalinde bulunmamaya özen göstermelisin. Maddelere yaptığın katkıların sonuna imza atmamalısın. İmza, yalnızca, madde metinleri dışında kalan tartışma ve mesaj sayfaları için gereklidir. Dileyen kullanıcı, bir maddenin geçmiş sekmesine tıklayarak, katkıda bulunanları görebilir. Sana tavsiyem, ilgi duyduğun konularla ilgili maddelere katkıda bulunarak işe başla. Zamanla tecrübe edinir ve eksik gördüğün konularda yeni maddeler açarak katkıda bulunmayı sürdürebilirsin. Bu süreçte,  Son Değişiklikler de aktif gördüğün yardım gönüllülerine (bana ya da bir başkasına) rahatlıkla tekrar danışabilirsin. Ama öncelikle yukarıdaki mesajda gördüğün yönlendirici bağlantılara tıklar ve oradaki kuralları öğrenirsen, bu daha kolay bir süreç olur. Haydi kolay gelsin ) Yabancı ",0,0.00042162855970673263,0,tr
Ben Denizli(merkez) maddesinde bir çalışma başlattım.Hiç kimse yardım etmiyor.Kime söylediysem ya vaktim yok ya da Denizli hakkında bilgim yok gibi bahaneler geldi.Çok üzüldüm.Ama olsun tek başıma o maddeyi seçkin madde yapacağım.Yardım etmek isteyen olursa da çok sevinirim.Sana bir şey sorcam maddelerde dipnot nasıl geçiliyor.Bilgi verir misin?♪♫   Yusuf 1907   ileti ,0,0.0014894385822117329,0,tr
"Merhaba, baktım ama çok zaman isteyen bir çalışma bu. Yardımcı olamıyorum üzgünüm. Ancak Gökhan a yönlendirebilirim. Eğer uygunsa o yapabilir sanıyorum. ",0,0.0005815274198539555,0,tr
Yukarıdaki paragraflar aşağıya tekrar kopyalanmış. Benim iznim olmadığı için değiştiremedim. Birisi gereksiz olan kısmı silebilir mi? Bir de son paragraf biraz sıkıntılı gibi. Son cümleden önceki noktanın sol tarafına da boşluk koyulmuş. Bir de son cümledeki  Nesli tükenme altında olduğu...  kısmı  Nesli tükenme tehlikesi altında olduğu...  olarak değiştirilse daha iyi olur bence. 88.226.107.84 ,0,0.0006134675350040197,0,tr
"Msky engelleme, süzgeç deniyorum vandal üzerinde )    Vito Genovese     Yok, ben değilim, gerçek vandal. Yapay zekayla çalışma fırsatı gibi aldığım önlemlere verdiği tepkileri falan ölçüyorum. Yaratıcı oluyor iki taraf için de )    Vito Genovese     ) Atalarımız ne demiş?  Demirden korksak trene binmezdik  ) Ben asıl 26 hafta sonunda bu görevi alacak, gözü korkmayacak kullanıcıyı nasıl bulacağımın derdindeyim, çok fena üzerime kalır bu iş, ben sana söyliyim )    Vito Genovese     Ömrümü çürüttün, ömrümü! )    Vito Genovese     Ben bu 6 ayın sonunu göremem zaten muhtemelen, anı defterimi falan açar, çelenk koyarsınız maddeme )    Vito Genovese    ",0,0.11061825603246689,0,tr
"25px|alt=Bilgilendirme simgesi Merhaba, ben . Bir maddeden değişiklik özeti olmaksızın içerik sildiğini gördüm. Değişiklik özeti yazmak gelecekte kullanıcıların değişikliği anlamasına yardımcı olacaktır. Eğer yanlışlıkla yaptıysan sorun değil, hatayı geri aldım. Deneme yapmak istiyorsan Deneme tahtasını kullanabilirsin. Eğer hatalı olduğumu düşünüyorsan veya sormak istediğin bir soru varsa aracılığıyla benimle iletişime geçebilirsin. Teşekkürler! chansey Mesaj ",0,0.0003822937433142215,0,tr
Şurada silinmek üzere işaretlediğiniz maddeler var; VP:N gereği çıkarmıyor kimse. Ama böylekalması da iyi değil.. Bİr bakmanız mümkün mü? ,0,0.0017028975998982787,0,tr
| işlem2 = KMİ | işlem2tarih = 20 Feb 2018 | işlem2bağ = Vikipedi:Kaliteli madde incelemesi/SMS Yorck | işlem2sonuç = başarılı | işlem2eskisürüm = 19514400,0,0.0005764886736869812,0,tr
"Açıkçası bahsettiklerinizin pek çoğuna katılmıyor ve zaten böyle bir yorumun yerinin burası olmadığını düşünüyorum; çünkü burada TDK yi, DD yi ya da Türkçeyi tartışmıyoruz. Tartıştığımız konu, maddeye konu olan yapıtın adı تقويم التواريخ in nasıl yazılacağıdır. Bu konuda kurallar açık ve nettir. Kuralların uygulanmaması, uygulanmaması gerektiğini göstermez. Örneğin; yasaları meclis çıkartır, sigara içme yasağına mecliste uyulmaması, bu yasaya diğer ortamlarda da uygulanmaması gerektiğini göstermez.    Ds      Murat      ileti    ",0,0.000552083074580878,0,tr
"Selamlar Rapsar, Malum Passolig başladı ve bende bununla ilgili bir madde açtım. Maddede heryerde kullanılan şu resmi kullanmamız mümkünmü? Telif durumunun açık olduğunu düşünüyorum çünkü herkes kullanıyor. Bi bakıp bana haber verebilirmisin? İyi günler, Fenerli1978Buyrun beniiiim?  Merhaba. Arkadaki futbol topu falan olmasaydı, yani sadece yazılardan ve kamu malı durumdaki TFF logosundan ibaret olsaydı yüklenirdi; ancak onlar yüzünden yüklenmesi mümkün değil.RapsarEfendim? ",0,0.0007809730595909059,0,tr
"Evet bence de bu maddede biraz düzenleme yapılmalı,ayrıca katliam sözcüğü pek tarafsız gibi görünmüyor, bence bu işe bir hizmetli elini atmalı, kolay gelsin, iyi çalışmalar.",0,0.0014274372952058911,0,tr
"merhaba, NC leri kullanamıyorum vikide oylemi? bu cok kotu oldu. nerdeyse hic bişi kullanamıyorum maalesef. bir sorum olucak. hazırladıgımız sayfayı viki standartlarına uyduramadık bir turlu ( eksigimiz/hatamız nerede bu konuda yardımcı olabilirmisiniz? Epiphis",0,0.01726713217794895,0,tr
"Karahüseyinoğlu nun kendine ait bir web sayfası bulunmamaktadır , kendisi tarafından yazılmış olan C.V. si kameraarkası. org adlı sitede bulunmakatdır. Kendisi ile bu cv yi eski bulduğumuz için yeniden yazdık. Yani Cv ler aynı değil. Ayrıca kendisine ait mail adresinden permissions-tr@wikimedia.org adresine mail de attı... Eğer kamera arkası.org adlı sitedeki C.V.sine Creative Commons lisansıyla özgürce alıntı yapılabileceğine dair ifade eklersem sorun çözülür mü? Yazdığımız maile herhangi bir olumlu ya da olumsuz cevap gelmedi... Dolayısıyla sorunun biçimsel mi içeriksel mi olduğunu bir türlü anlayamıyorum...",0,0.00032747938530519605,0,tr
"Amanin, hakikaten ben belki bir iki yeridir diye linke baktım, ancak tamamı telifliymiş. O derece olduğunu düşünmemiştim inan. Hakikaten iyi fark etmişsin ellerine sağlık. Oluyor bazen, benden çok daha yoğun editöre kolay gelsin diyorum ). i.e. msj ",0,0.004061609040945768,0,tr
"Merhaba. Oneri 6 ile Oneri 7 arasindaki farki ozetlerini yazarken yeterince vurgulamamisim. Oneri 6 bir SIS kendi adayligina oy versin mi vermesin mi sorusunu oyluyor. Oneri 7 ise bir SIS genel olarak oy verebilsin mi diye soruyor.Ornek vermek gerekirse Oneri 6’ya karsi ve Oneri 7’ye destek oyu verilirse bir SIS, kendisi aday gostersin veya gostermesin, tum oylamalarda oy hakkina sahip olacak. Ancak Oneri 6’ya ve Oneri 7’ye ayni anda destek verilirse bir SIS sadece aday gostermedigi maddelerde oy hakkina sahip olacak. Bu hususta duzeltmeleri yaptim. Oy verdigin icin hemen haber vermek de istedim. Kolay gelsin. Mimar77 (mesaj)  Bir kez daha teşekkürler haber verdiğin için, bir yorum yazdım ) - Seyit mesaj ",0,0.0003769065660890192,0,tr
badıllılar aslen oguz han dönemimden gelmektedir ve aslı begdilli dir aslen türkmendir ve göcebe hayatı sürüerek her tarafa gadılmışlardır badıllı aşireti oguzhan devletinin 24 koyundan gelmektedir,0,0.021022135391831398,0,tr
"Eğer uygunsa bilgi kutusu ve projeleri yayınlamak istiyorum. Limak Holding Sayfasını silmediğinize göre onun şablonunda yapabilirim galiba? Bu arada şirket adına vekaletnamem var.(Özelden gönderebilirim). İçerik telif hakkı saklı bir metin içermediği müddetçe yaratmanızda elbette bir sakınca yok. Yalnızca dikkat etmeniz gereken şey, eklemeye çalıştığınız oluşumun kayda değerlik (şirket) kriterlerine sahip olduğundan emin olmanız. İlgili politika kriterlerini sağlamayan içeriğe sahip maddeler de kısa süre içerisinde silinirler.. Garbino ileti ",0,0.0008621824672445655,0,tr
"75px|center|   Aday gösterdiğiniz resim, seçkin resim statüsü aldı.       :Dosya:Saturn s Rings in Ultraviolet Light.png   , Vikipedi:Seçkin resim adayları sayfasında aday gösterildi, yeterli desteği topladı ve seçkin resim seçildi. Başka bir resmi aday göstermek isterseniz, Vikipedi:Seçkin resim adayları sayfasındaki yönergeleri takip edebilirsiniz. Sİbot ",0,0.0005408138385973871,0,tr
seksüel seçmenin insanda sürdüğünü düşünen ateistlerden farkları olmayan kişiler.:) benim ateist görüşüme göre erkek karıda tip aradığı gibi karıda erkekte tip arar. Eşeyler arasında ihtilaf yoktur. Yani parası için felan hiç bir karı tipsiz yaşlı erkekle evlenmez. Evlenen ya da birlikte olan varsa salaktır:)88.232.143.81 ,1,0.8703533411026001,1,tr
"İyi Akşamlar, Voleybol federasyonu sponsorluk olarak değil basketbol da olduğu gibi ligi bayanlar 1 ligini sultanlar ligi erkekler 1. ligini de efeler ligi yaptı. İnternette bu iki ligin yeni tanıtım logosu yer alıyor ancak ben beceremiyorum çok oluyorsun demeni istemiyorum ama bu iki ligin iki güzel logosunu internetten alıp sayfalara eklermisin iyi vikiler(Pipapo7 (mesaj) )",0,0.02001284435391426,0,tr
İki isim kullanıyor olmalı. Seksenler dememin nedeni Burası ve TRT kanalında alt yazıda Seksenler şeklinde geçiyor.   Nico      Mesaj    ,0,0.1235257238149643,0,tr
"{{#ifeq:100pik|yok | | {{#if:100pik | 100pik }} }}    Haftanın İş Birliği Projesinde 1. oldunuz!    Merhaba 34MERVE96, Bu haftanın iş birliği projesine katılımınız için çok teşekkürler! Yeni Madde Açma konulu projedeki başarılı performansınız ile bu haftaki projede    1.    oldunuz. Katılımızın devamını umuyorum. Sevgiler... Sargon (mesaj) ",0,0.00048558146227151155,0,tr
"Kibele, zararlı haşerat. İnsanlarla gereksiz uğraşmanın bedelini ödüyorsun. Daha çok sikileceksin amına godum oruspusu. A be senin arkadaşların Mach, Levent ibnesi Metal yarak da sikilecek. Merak etme.",1,0.9963473677635193,1,tr
" 50x50px|left Bilgilenmeyle doğrudan ilgisi olmayan, ansiklopedik değer taşımayan içerikler    reklam    olarak algılanabilir. Kendinize veya gruplarınıza ait blog ve/veya forum sitelerine yönlendirici bağlantılar eklemeyin, Vikipedi; şirket, kurum ve kuruluşlarınızı ya da web sitenizi tanıtma yeri değil,    bir ansiklopedidir.    Vikipedi’de reklam yapmak yasaktır. Ticari olsun ya da olmasın, bu tip maddeler/içerik eklemeye devam etmenize izin verilemez ve bu davranışınız    vandalizm    olarak algılanabilir. Lütfen bu tür içerik eklemeyiniz. - Muratsahin ",0,0.0005140716675668955,0,tr
"Selam Elma, haklisin    Mifepristone    dogru isim, sen onu aç, ben de digerini alirim (Misoprostol), madem bir hata yaptik ). Bu aralar internet baglantimda problem var, o yuzden gelemiyorum. Kolay gelsin, Citrat ",0,0.03962771221995354,0,tr
"slmlar, almanya soykirim idaalarini kesinlikle kabul etmemisdir, ermeni siteler öyle söylemesine ragmen. almanya bir yasa cikardi, o yasada ermeniler katledigini kabul ediyor, be  bir cok tarihci bunu soykirim diye kabul diyor  diye bir cümle var. ama bunda baska bikere bile yazilmiyor soykirim kelimesi bu yasada.",0,0.017008883878588676,0,tr
"Merhabalar rahatsız ettiysem özür dilerim. Bir istirhamda bulunucaktım. Seçkin madde adaylığına gösterdiğim şu maddeye göz atıp oy kullanıp yada yorum yapmak istermisiniz ? İyi vikiler.    Gençfenerbahçeli98    00,17, 11 Ekim 2014 (UTC)",0,0.010458515025675297,0,tr
baba ne haber ben kartallı sarp sen kimin yazdığnı siliyrsun senin o internetional sitedeki yetkilerin ne beni tanıdıkça kim olduğunu öğreniceksin amacın ne sen kimsin,1,0.8338538408279419,1,tr
" Tekrar merhaba. Kasımpaşa maddesine yaptığınız girişlere baktım. Epey emek harcamışsınız, elinize sağlık. Daha çok katkı yapmaya ağırlık vermişsiniz. Diğer katılımcıların neler yaptıklarına bakarsanız amacımızı daha iyi anlayacağınızı tahmin ediyorum. Lütfen öncelikli olarak Vikipedi:Biçem el kitabı nı okuyun. Özellikle kaynakların nasıl gösterileceği ile ilgili kısımlar. Teşekkürler.    Mukaddime   ileti ",0,0.0003268381115049124,0,tr
Aslında bu konuda tereddütte kaldım. Sonunda kendimce şöyle bir yol tuttum: Türkçede yayınlanmış/oynanmış eserlerin isimlerini o yayınlanışındaki/oynanışındaki isimleriyle maddeleştirdim. Eğer bir eser çevrilmemiş/oynanmamışsa ilk yazıldıkları dildeki isimlerini kullandım.   Acte sans paroles   demek benim de çok hoşuma gitmiyor. Bunun çevirisi açık ama bazı eserlerin isimlerinin bir gün çevrilirlerse ne olacaklarını kestirmek zor. Yeknesaklık açısından şimdilik bu yolu seçtim. Ama değiştirebiliriz tabii. Bunu Samuel Beckett ın tartışmasında gündeme getirebiliriz. İlginize teşekkürler. İyivikiler...    homonihilis    15px    ileti    ,0,0.0011799234198406339,0,tr
":Resim:Dsmartpromo.png için adil kullanım gerekçesi          :Resim:Dsmartpromo.png    resmini yüklediğiniz için teşekkürler. Yüklediğiniz resim adil kullanım politikasına uymak zorundadır ancak bu politikaya nasıl uyduğunu gösteren bir açıklama veya gerekçe bulunmamaktadır. Resim tanım sayfasına, kullanıldığı her madde için ayrı ayrı olacak şekilde bir    adil kullanım gerekçesi    yazmalısınız. Yüklediğiniz diğer resimleri kontrol etmek için bu bağlantıyı tıklayınız.    Gerekçesi eksik olan adil kullanım resimleri hızlı silme kriterleri gereğince bir hafta sonra silinirler.    Sorularınız için Vikipedi:Medya telif soruları sayfasını kullanabilirsiniz. Teşekkürler. C. Jones ",0,0.00025725283194333315,0,tr
Selam. Kusura bakmayın. Siteye girmediğim için mesajınıza yanıtlayamadım. Sağ olsun Burak Kara yanıtlamış. Görüşürüz. Takabeg ,0,0.0011398927308619022,0,tr
"günmerkezli ne demek? günün ortası mı? (saat 12 mi? ) helio güneş anlamındadır, lütfen kelimeleri etimolojisine sadık kalarak değiştirelim 139.179.155.144 ",0,0.001780450576916337,0,tr
"Devriye olması gerekmiyor muydu? Engeli bittiğinde başkalarının değişikliklerini kontrol edemeyecek. Bir de, 200 den fazla editör vardı. Fakat şu anda 185 devriye var. Aradaki yaklaşık 15 kişilik fark neden? Supermæn (mesaj) ",0,0.0009932710090652108,0,tr
iyi geceler bu saatte rahatsız ediyorum ama bir sorum olacaktı B36 Torshavn maddesinden iki tane açılmış biri B36 Torshavn diğeride B36 Tórshavn. Aralarındaki tek fark ikincisinin o harfinde şapkası var.Sizce bu iki maddenin durumu ne olmalı... Kullanıcı:Myrat Selam. Bunlar birleştirilmelidir. Şablonu ekleyeceğim. İlginiz için teşekkür ederim. Takabeg ,0,0.001527613028883934,0,tr
bir arkadaş burası porno dergi değil demiş. pornografi cinsel dürtülerin kullanılmasıdır. bundan bir cinsel dürtü alacak insan zor bulunur herhalde. Saygılarımla.. 88.252.3.26 ,1,0.3065955340862274,0,tr
Şimdiden teşekkürler. sayfa adam gibi bi hale gelirse ayrıca teşekkür gelecek ) Yanıtımı yarın yazabilirim; uyku zorluyor biraz. Levent Abi 18px ,0,0.001026269281283021,0,tr
 Gerçekten kalmanızdan ötürü mennum oldum Selim hocam. Umarım hep birlikte Türkçe Vikipedi yi büyütmeye devam edeceğiz. Katkılarınızda kolay gelsin ve iyi çalışmalar.Muratsahin ,0,0.0006859148270450532,0,tr
"Öncelikle bu sayfalarda sürecin nasıl işlediğini bilmiyorum ama bu sayfada kendini bilmezin biri Ermeni toplumunun (Ulusunum) bireylerinden  tane  olarak söz etmiş.Bu terbiyesizliğin bir an önce düzeltilmesini rica ederim.Böyle bir davranış Ermeni toplumuna değil yalnızca Türkiye halkına, Türklere zarar verir, küçültür.",0,0.004490285646170378,0,tr
"Şimdi değişikliğinizi gördüm de ben sadece doğduğu ülke yazılacak, diğerlerinin yerine diye düşünmüştüm. İkisi birden yazılırsa doğduğu yer parantez içinde kalsın bence, ancak işte diğer ülke için kaynaklandırmayı nasıl yapabiliriz diye düşünüyorum şu anda. Sadece doğduğu yerleri yazarsak kaynak hazır, ama bu sefer de yukarıda bahsettiğim gibi garip bir ülke sıralaması elde ediyoruz. Ne yapsak?   Merube 89        msj      ",0,0.0012701723026111722,0,tr
"Rica ederim, ne demek... Küçük yeşil domuzcuk için yaptım biraz da ... (Okumadım ama izledim. Oyun olarak, bu sezonun iyilerinden biriydi.) İyivikiler...    ho?       ni!    ",0,0.10372073948383331,0,tr
"Gündelik polemikler bir ansiklopedi sayfasında bulunmaması gereken şeylerdir. Onur Öymen in 10 Kasım 2009 da Meclis te yaptığı konuşmada örnek verdiği Dersim İsyanının çarpıtılarak kendisine karşı kullanılması durumu ansiklopedik bilgi değildir, taraflıdır ve kötü niyetlidir. AKP ve Atatürk düşmanları konuyu istismar ediyor.",1,0.011367131024599075,0,tr
Merhaba; Benim son yaptığım değişikliği kontrol etmenizi rica ediyorum. Zira çok ciddi bir husus mevcut siz de inceleyince göreceksiniz. Yardımlarınızı rica ediyorum. Saygılar.,0,0.0003878884017467499,0,tr
"sevgili merube ile 89 u, nabıonuz? [böyle bir samimiyet, böyle bir internet dili filan] aslında bir zamanlar aşıkı olduğum mozilla yı artık kullanmıyor yerine chrome kullanıyorum ve vakt-i zemanında (ta develerin tellal, pirelerin berber olduğu ve ben babamın beşiği tıngır mıngır sallarkenki masalsı dönemde) izleme listemin rss ini yer imlerinin kenarına köşesine kaydetmiştim ve bunu geçen mozilla yı özlemle andığım bir akşam gördüm. bugün yine girince senin mesaj attığını gördüm de hani sen gittiydin, hani ben çok üzüldüydüm [gerçi o dönem ben d katkı yapmıyordum ama tartışıyordum hâlen, peşimi dış güçler bırakmıyordu ) ], hani herkes arkadaş heni oyunlar sürerken filan... neyse ben konuyu dağıtmadan doğruyu söylemem gerekirse vikipedi den kopmanın bu kadar kolay olacağını sanmıyordum ve hiç aramıyorum. gözümün önünde  değiştir  tuşu filan da geçmiyor [ağrı kesicilerden midir nedir eheh] burada tanıdığıma memnun olduğum birkaç iyi adam [cinsiyet manasında değildir] var ve onlardan biri de sensin. ben mesajıma önizlemelerle son verirken küçüklerin gözlerinden büyüklerin ellerinden... kendine iyi bak-özellikle 89 a-. öpüldün. hedda ile gabler [bunlar da kişilik bölünmesi yaşıyor yavu] 85.106.224.108 ",0,0.26428356766700745,0,tr
"Evet, haklısın. Eksik şablonu maddenin bazı konuları içermediğini gösterir ama bir taslak madde zaten çok kısa olduğu için hemen her yeri zaten  eksiktir . Dolayısıyla altında taslak şablonu olan bir madde için ikinci kere eksik olduğunu belirtmeye gerek yoktur. Madde zaten o kadar eksiktir ki o yüzden taslaktır )) Her taslak madde zaten eksiktir (bu yüzden taslak+eksik gereksiz) ama her eksik taslak değildir. İşte taslak olmayan eksik maddelerde neyin eksik olduğunu da belirtmek lazım. Mesela bu maddede kişinin Liverpool kariyeri eksiktir, lütfen tamamlayın falan yazması lazım.Alperen  Aslında SM olan veya olma kapasitesi olan, yani gelişebileceği yere kadar gelişmiş her madde eksiktir ) Eksiklik kavramı burada sorun oluyor. Bu şablonun  yarım  maddelerde kullanılması gerek. Taslak zaten kavram hakkında kabaca, temel bilgi verdiği için bir eksiklik (yarımlık) söz konusu değil Bu bağlamda eksik şablonunun kullanıldığı maddelerin gözden geçirilmesi, hatta mevcut kategori adının (yetersiz) değiştirilmesi gerek.RapsarEfendim? ",0,0.000758491805754602,0,tr
Türkçenin içinde de farsça kelimeler vardır türkler niye persin bir kolu olmuyor kürtler hiçkimsenin bir kolu değildir kendi başına bir ırktır Mahsun.k (mesaj) ,0,0.1180298775434494,0,tr
Selam. Kategori:Sivas doğumlular ve benzerlerinde   sorun   vardır. Mesela İngilizce Vikipedide hem en:Category:People from Sivas Province mevcuttur hem de en:Category:People from Sivas mevcuttur. Sanırım çok kişi bu durumdan haberdardır. Sivas ili doğumlular kategorisini oluşturarak mı halledeceğiz ? Yoksa Sivas merkez ilçesi doğumullar kategorisini oluşturarak mı ? Takabeg ,0,0.0003932691761292517,0,tr
"Merhaba Dolaysiztumlec, Oluşturmuş olduğunuz Silisyum dioksit adlı sayfa, Vikipedi nin hızlı silme kriterlerinden g2 uyarınca silinmeye aday gösterilmiştir. Sayfanın silinmeye neden aday gösterildiği ile ilgili daha fazla bilgi almak için, ilgili kriterde verilen açıklamaları okumanız önerilir. Bu uyarıyı gördüğünüzde sayfa silinmiş olabilir. Eğer sayfanızı bulamıyorsanız silme kayıtlarını kontrol edebilir ve sayfayı silen hizmetli ile irtibata geçebilirsiniz. Σuphemia ",0,0.0005308263935148716,0,tr
"İşin kötüsü e posta adresini vermemiş ama editörün var. Ben de işe 3. bir şahsı karıştırmak istemem doğrusu. Ama kendisine bir mail atmak isterdim aslında. Neyseki yazı ve gezi notları çok güzel, büyük ihtimalle yazının tamamında kaynak olarak (aynen olmasa da) Vikipedi kullanılmış. Ama giriş birebir aynı. Bu da çok güzel bir şey bizim adımıza. Neyse diğer yanaktan da makas:-)) ",0,0.0024120365269482136,0,tr
"Selamlar Yetkin, nasılsınız? Stultiwikia‎ farketmiş sağolsun, yoksa ben monobook arayüzü kullandığımdan hiç farketmezdim. Vector arayüzü kullanıldığında Kullanıcı sayfası, Oku, Değiştir gibi sekmelerin hepsi büyük harfle başlıyor ama sadace mesaj sekmesi küçük harfle başlıyor. Bunu da monobooktaki gibi hepsi küçük veya en azından diğerlerine uyum sağlaması adına Mesaj sekmesini büyük harfle başlatabilir miyiz? Hangi mediawiki sayfasında acep diye arandım ama buladım, size zahmet ilgilenebilir misiniz? Sevgiler   Merube 89        msj      ",0,0.00270444224588573,0,tr
"tipi ve güzelliği olmadığından kendisini sosyal meşgalelere vakfetmiş barbar ırklardan bir başkası ) eziyoruz netekim, ezilin bakayım )88.231.234.206 ",1,0.16113653779029846,0,tr
"Merhaba sevgili düşünenadam ) öncelikle adınızı hoşlanarak izlediğimi belirtmek isterim. Severek önem verdiğim, açtığım Çocuk hakları maddesi,   hayatın içinde, çünkü geleceğimizi yakından ve önemle ilgilendiriyor  , bu nedenle üstüne önemle eğilme gereği duydum. Duyuruyu ilettiğim, hatta iletemediğim arkadaşlardan gördüğüm destek beni sevindirdi. Her geçen gün büyümesi, hiç durmadan ilgi görmesiyse apayrı bir sevinç kaynağı oluyor. İnanın aldığım  hediyeler  bile bu kadar kanımın akışını hızlandırmamıştı. Bir sevgili arkadaşımızın deyimiyle  vikiabiniz  olarak; hergün siteye giren yüzlerce kişiden üç-beşinin ilgisini çeksek, bunlardan da sadece birini etkilesek, üstelik bundan da haberimiz olmasa bile.. güzel şey, üstelik bir anlamda   mutluluğun resmini çizmek   bu, değil mi? Maddeyer bir göz atıp;  bu madde de şu satırlar da yer almalıydı  deyip, katkıda ya da öneride bulunmanız, en azından yanıt vermeniz bile çok önemli. Konuya/maddeye yanıt veren tüm arkadaşlara olduğu gibi aşağıdaki teşekkürümü  gözlerinizden öperek ö sunuyorum. Saygı ve sevgilerimle. Levent Abi ",0,0.0007840684265829623,0,tr
"Merhaba, şu sayfadaki şikayet şahsi yorumumca cidden uzadı. Bir hizmetli şikayetinde sanıyorum ki bürokratlar konuyu kapatıyor. Tam olarak bilmemekte olup öyle dünüşüyorum. Belki haberdarsınızdır, belki değil. Bir göz atarsanız eğer. Teşekkürler. İyi çalışmalar.   Cnk  ALTDS    ",0,0.0013072111178189516,0,tr
"Şu maddeye baktım da şu yaşta ilk cinsel ilişkisine girmiş, o zaman kızlığını kaybetmiş, prezervatif kullanmamışlar. Oldu olacak porno içerikli hikaye yazsaydık, üstüne bir de porno video koysaydık buraya. Biraz ciddi olalım arkadaşlar. ille de bu maddeye bir şey yazacaksanız hayat hikayesini, porno oyunculuğuna nasıl başladığı, oyunculuk kariyerini yazın.",1,0.695244312286377,1,tr
"Şablon daha önceden silinmeye aday gösterilmişti ama bir sonuç çıkmadı. Oradaki gerekçelerin aynısını buraya uzun uzun yazmayacağım. Sadece gereksizliğini göstermek için şablonun kullanımıyla ilgili birkaç örnek vermek istiyorum. Şablon Ekmek maddesinde kullanılmış. Ekmek konusunda kimin uzman olup da buraya katkı yapmasını bekliyoruz? Fırıncıların mı? Başka bir örnek de Linux maddesi. Katkı yapacak kişi tabii ki de Linux u bilip de katkı yapacak. Bunun için o şablonu oraya koymanın bir anlamı var mıdır? O zamana Linux, windows, macos, ios, android, java, html, css vb her maddeye koymamız gerekir bu şablonu. Ayrıca Demirci,_Sivrihisar maddesine de mahallenin sakinlerini beklemiyoruz heralde.    Zaitsév    ",0,0.0005864492268301547,0,tr
Selam Sadrettin! Nacizane hizmetlilik başvurusunda bulundum. Zaman ayırıp görüşlerinizi bildirirseniz çok sevinirim. İyi vikilemeler )Pinkmlover (mesaj) ,0,0.0005328569677658379,0,tr
Kemalizm olarak gösterilen siyasi görüşle hiç bir şekilde arzulanan siayasi fikir bir değildir. kemalizm hiç bir şekilde komünizm ve devrimleri ile birleşemez.,0,0.0008768087718635798,0,tr
 Güneydoğu anadolu Türkmenleri Fırat üniversitesi Şanlıurfa Türkmen tarihi Şanlıurfa Karakeçilileri Şanlıurfa Karacadağ Türkmen derneği Gaziantep kilis Barak Türkmenleri Gaziantep Türkmenleri Gaziantep Yörük-Türkmen şenliği Gaziantep gezi Türkmenler Şanlıurfa Türkmen-alevi Kısas beldesi Urfa Tv Karakeçili Aşireti belgeseli Adıyaman üniversitesi Adıyaman Türkmen dili kültürü,0,0.00035201566061004996,0,tr
"Merhabalar, İyi fikir aslında; belki kullanıcıları resim çekmeye motive etmemiz açısından yararlı olabilir... bence siz başlatın sayfayı ^_^ Teşekkürler, iyi çalışmalar... - -    nou   menon    Θ    mesaj ",0,0.0004259239649400115,0,tr
Merhaba 82-145. 2004 Doğubeyazıt depremi hususiyetle jeoloji ya da jeofizik bilgisi veren bir madde değil. Deprem maddesi KM olsaydı elbette yeri jeoloji-jeofizik olurdu fakat 2004 diye de bir tarihi var maddenin. Maddenin içeriğinde kısa bir bölümdeki yer bilim analizinden başka madde tamamen gelişen olaylara odaklanmış durumda. Tekrar değerlendirmeni temenni ediyorum.   ahzaryamed     ileti   ,0,0.0003633885644376278,0,tr
" 45x45px|left Lütfen uyarıları dikkate alınız. Vikipedi işleyişini aksatmanıza yönelik davranışlarınız için size yapılan uyarıları önemsememeniz, vandalizm olarak değerlendirilebilir ve    engellenebilirsiniz   .    Coolland    ",0,0.0008701729238964617,0,tr
" 50px|left    Lütfen çok kısa içerikli maddeler oluşturmayınız   , bu tür sayfalar taslak kriterlerini sağlamadığı için silinir ya da silinmek üzere işaretlenir. Yarattığınız maddelerin silinmesini önlemek için biraz daha kapsamlı bilgi yazmanız uygun olacaktır. Taslaklar hakkında daha fazla bilgiye Vikipedi:Taslak sayfasından ulaşabilirsiniz. Teşekkürler, iyi çalışmalar. Manco Capac ",0,0.00033865755540318787,0,tr
